ISO-10303-21;
HEADER;
FILE_DESCRIPTION((''),'2;1');
FILE_NAME('ZEZ0201A_ASM','2016-10-04T',('a0412025'),(''),
'CREO PARAMETRIC BY PTC INC, 2016050','CREO PARAMETRIC BY PTC INC, 2016050','');
FILE_SCHEMA(('AUTOMOTIVE_DESIGN { 1 0 10303 214 1 1 1 1 }'));
ENDSEC;
DATA;
#28=DIRECTION('',(0.E0,0.E0,1.E0));
#29=VECTOR('',#28,1.3E1);
#30=CARTESIAN_POINT('',(-6.5E0,0.E0,-6.5E0));
#31=LINE('',#30,#29);
#32=DRAUGHTING_PRE_DEFINED_CURVE_FONT('continuous');
#33=CURVE_STYLE('',#32,POSITIVE_LENGTH_MEASURE(2.E-2),#6);
#34=PRESENTATION_STYLE_ASSIGNMENT((#33));
#35=STYLED_ITEM('',(#34),#31);
#36=DIRECTION('',(1.E0,0.E0,0.E0));
#37=VECTOR('',#36,1.3E1);
#38=CARTESIAN_POINT('',(-6.5E0,0.E0,6.5E0));
#39=LINE('',#38,#37);
#40=CURVE_STYLE('',#32,POSITIVE_LENGTH_MEASURE(2.E-2),#6);
#41=PRESENTATION_STYLE_ASSIGNMENT((#40));
#42=STYLED_ITEM('',(#41),#39);
#43=DIRECTION('',(0.E0,0.E0,-1.E0));
#44=VECTOR('',#43,1.3E1);
#45=CARTESIAN_POINT('',(6.5E0,0.E0,6.5E0));
#46=LINE('',#45,#44);
#47=CURVE_STYLE('',#32,POSITIVE_LENGTH_MEASURE(2.E-2),#6);
#48=PRESENTATION_STYLE_ASSIGNMENT((#47));
#49=STYLED_ITEM('',(#48),#46);
#50=DIRECTION('',(-1.E0,0.E0,0.E0));
#51=VECTOR('',#50,1.3E1);
#52=CARTESIAN_POINT('',(6.5E0,0.E0,-6.5E0));
#53=LINE('',#52,#51);
#54=CURVE_STYLE('',#32,POSITIVE_LENGTH_MEASURE(2.E-2),#6);
#55=PRESENTATION_STYLE_ASSIGNMENT((#54));
#56=STYLED_ITEM('',(#55),#53);
#57=DIRECTION('',(0.E0,1.E0,0.E0));
#58=VECTOR('',#57,7.E-1);
#59=CARTESIAN_POINT('',(-6.5E0,0.E0,-6.5E0));
#60=LINE('',#59,#58);
#61=CURVE_STYLE('',#32,POSITIVE_LENGTH_MEASURE(2.E-2),#6);
#62=PRESENTATION_STYLE_ASSIGNMENT((#61));
#63=STYLED_ITEM('',(#62),#60);
#64=DIRECTION('',(0.E0,1.E0,0.E0));
#65=VECTOR('',#64,7.E-1);
#66=CARTESIAN_POINT('',(6.5E0,0.E0,-6.5E0));
#67=LINE('',#66,#65);
#68=CURVE_STYLE('',#32,POSITIVE_LENGTH_MEASURE(2.E-2),#6);
#69=PRESENTATION_STYLE_ASSIGNMENT((#68));
#70=STYLED_ITEM('',(#69),#67);
#71=DIRECTION('',(0.E0,1.E0,0.E0));
#72=VECTOR('',#71,7.E-1);
#73=CARTESIAN_POINT('',(6.5E0,0.E0,6.5E0));
#74=LINE('',#73,#72);
#75=CURVE_STYLE('',#32,POSITIVE_LENGTH_MEASURE(2.E-2),#6);
#76=PRESENTATION_STYLE_ASSIGNMENT((#75));
#77=STYLED_ITEM('',(#76),#74);
#78=DIRECTION('',(0.E0,1.E0,0.E0));
#79=VECTOR('',#78,7.E-1);
#80=CARTESIAN_POINT('',(-6.5E0,0.E0,6.5E0));
#81=LINE('',#80,#79);
#82=CURVE_STYLE('',#32,POSITIVE_LENGTH_MEASURE(2.E-2),#6);
#83=PRESENTATION_STYLE_ASSIGNMENT((#82));
#84=STYLED_ITEM('',(#83),#81);
#85=DIRECTION('',(0.E0,0.E0,1.E0));
#86=VECTOR('',#85,1.3E1);
#87=CARTESIAN_POINT('',(-6.5E0,7.E-1,-6.5E0));
#88=LINE('',#87,#86);
#89=CURVE_STYLE('',#32,POSITIVE_LENGTH_MEASURE(2.E-2),#6);
#90=PRESENTATION_STYLE_ASSIGNMENT((#89));
#91=STYLED_ITEM('',(#90),#88);
#92=DIRECTION('',(-1.E0,0.E0,0.E0));
#93=VECTOR('',#92,1.3E1);
#94=CARTESIAN_POINT('',(6.5E0,7.E-1,-6.5E0));
#95=LINE('',#94,#93);
#96=CURVE_STYLE('',#32,POSITIVE_LENGTH_MEASURE(2.E-2),#6);
#97=PRESENTATION_STYLE_ASSIGNMENT((#96));
#98=STYLED_ITEM('',(#97),#95);
#99=DIRECTION('',(0.E0,0.E0,-1.E0));
#100=VECTOR('',#99,1.3E1);
#101=CARTESIAN_POINT('',(6.5E0,7.E-1,6.5E0));
#102=LINE('',#101,#100);
#103=CURVE_STYLE('',#32,POSITIVE_LENGTH_MEASURE(2.E-2),#6);
#104=PRESENTATION_STYLE_ASSIGNMENT((#103));
#105=STYLED_ITEM('',(#104),#102);
#106=DIRECTION('',(1.E0,0.E0,0.E0));
#107=VECTOR('',#106,1.3E1);
#108=CARTESIAN_POINT('',(-6.5E0,7.E-1,6.5E0));
#109=LINE('',#108,#107);
#110=CURVE_STYLE('',#32,POSITIVE_LENGTH_MEASURE(2.E-2),#6);
#111=PRESENTATION_STYLE_ASSIGNMENT((#110));
#112=STYLED_ITEM('',(#111),#109);
#113=CARTESIAN_POINT('',(-6.5E0,0.E0,-6.5E0));
#114=CARTESIAN_POINT('',(-6.5E0,0.E0,6.5E0));
#115=VERTEX_POINT('',#113);
#116=VERTEX_POINT('',#114);
#117=CARTESIAN_POINT('',(6.5E0,0.E0,6.5E0));
#118=VERTEX_POINT('',#117);
#119=CARTESIAN_POINT('',(6.5E0,0.E0,-6.5E0));
#120=VERTEX_POINT('',#119);
#121=CARTESIAN_POINT('',(-6.5E0,7.E-1,-6.5E0));
#122=CARTESIAN_POINT('',(-6.5E0,7.E-1,6.5E0));
#123=VERTEX_POINT('',#121);
#124=VERTEX_POINT('',#122);
#125=CARTESIAN_POINT('',(6.5E0,7.E-1,6.5E0));
#126=VERTEX_POINT('',#125);
#127=CARTESIAN_POINT('',(6.5E0,7.E-1,-6.5E0));
#128=VERTEX_POINT('',#127);
#129=CARTESIAN_POINT('',(0.E0,0.E0,0.E0));
#130=DIRECTION('',(0.E0,1.E0,0.E0));
#131=DIRECTION('',(1.E0,0.E0,0.E0));
#132=AXIS2_PLACEMENT_3D('',#129,#130,#131);
#133=PLANE('',#132);
#135=ORIENTED_EDGE('',*,*,#134,.T.);
#137=ORIENTED_EDGE('',*,*,#136,.T.);
#139=ORIENTED_EDGE('',*,*,#138,.T.);
#141=ORIENTED_EDGE('',*,*,#140,.T.);
#142=EDGE_LOOP('',(#135,#137,#139,#141));
#143=FACE_OUTER_BOUND('',#142,.F.);
#145=CARTESIAN_POINT('',(-6.5E0,0.E0,-6.5E0));
#146=DIRECTION('',(-1.E0,0.E0,0.E0));
#147=DIRECTION('',(0.E0,0.E0,1.E0));
#148=AXIS2_PLACEMENT_3D('',#145,#146,#147);
#149=PLANE('',#148);
#150=ORIENTED_EDGE('',*,*,#134,.F.);
#152=ORIENTED_EDGE('',*,*,#151,.T.);
#154=ORIENTED_EDGE('',*,*,#153,.T.);
#156=ORIENTED_EDGE('',*,*,#155,.F.);
#157=EDGE_LOOP('',(#150,#152,#154,#156));
#158=FACE_OUTER_BOUND('',#157,.F.);
#160=CARTESIAN_POINT('',(6.5E0,0.E0,-6.5E0));
#161=DIRECTION('',(0.E0,0.E0,-1.E0));
#162=DIRECTION('',(-1.E0,0.E0,0.E0));
#163=AXIS2_PLACEMENT_3D('',#160,#161,#162);
#164=PLANE('',#163);
#165=ORIENTED_EDGE('',*,*,#140,.F.);
#167=ORIENTED_EDGE('',*,*,#166,.T.);
#169=ORIENTED_EDGE('',*,*,#168,.T.);
#170=ORIENTED_EDGE('',*,*,#151,.F.);
#171=EDGE_LOOP('',(#165,#167,#169,#170));
#172=FACE_OUTER_BOUND('',#171,.F.);
#174=CARTESIAN_POINT('',(6.5E0,0.E0,6.5E0));
#175=DIRECTION('',(1.E0,0.E0,0.E0));
#176=DIRECTION('',(0.E0,0.E0,-1.E0));
#177=AXIS2_PLACEMENT_3D('',#174,#175,#176);
#178=PLANE('',#177);
#179=ORIENTED_EDGE('',*,*,#138,.F.);
#181=ORIENTED_EDGE('',*,*,#180,.T.);
#183=ORIENTED_EDGE('',*,*,#182,.T.);
#184=ORIENTED_EDGE('',*,*,#166,.F.);
#185=EDGE_LOOP('',(#179,#181,#183,#184));
#186=FACE_OUTER_BOUND('',#185,.F.);
#188=CARTESIAN_POINT('',(-6.5E0,0.E0,6.5E0));
#189=DIRECTION('',(0.E0,0.E0,1.E0));
#190=DIRECTION('',(1.E0,0.E0,0.E0));
#191=AXIS2_PLACEMENT_3D('',#188,#189,#190);
#192=PLANE('',#191);
#193=ORIENTED_EDGE('',*,*,#136,.F.);
#194=ORIENTED_EDGE('',*,*,#155,.T.);
#196=ORIENTED_EDGE('',*,*,#195,.T.);
#197=ORIENTED_EDGE('',*,*,#180,.F.);
#198=EDGE_LOOP('',(#193,#194,#196,#197));
#199=FACE_OUTER_BOUND('',#198,.F.);
#201=CARTESIAN_POINT('',(0.E0,7.E-1,0.E0));
#202=DIRECTION('',(0.E0,1.E0,0.E0));
#203=DIRECTION('',(1.E0,0.E0,0.E0));
#204=AXIS2_PLACEMENT_3D('',#201,#202,#203);
#205=PLANE('',#204);
#206=ORIENTED_EDGE('',*,*,#153,.F.);
#207=ORIENTED_EDGE('',*,*,#168,.F.);
#208=ORIENTED_EDGE('',*,*,#182,.F.);
#209=ORIENTED_EDGE('',*,*,#195,.F.);
#210=EDGE_LOOP('',(#206,#207,#208,#209));
#211=FACE_OUTER_BOUND('',#210,.F.);
#213=CLOSED_SHELL('',(#144,#159,#173,#187,#200,#212));
#214=MANIFOLD_SOLID_BREP('',#213);
#215=FILL_AREA_STYLE_COLOUR('',#6);
#216=FILL_AREA_STYLE('',(#215));
#217=SURFACE_STYLE_FILL_AREA(#216);
#218=SURFACE_SIDE_STYLE('',(#217));
#219=SURFACE_STYLE_USAGE(.BOTH.,#218);
#220=PRESENTATION_STYLE_ASSIGNMENT((#219));
#27=STYLED_ITEM('',(#220),#214);
#223=PLANE_ANGLE_MEASURE_WITH_UNIT(PLANE_ANGLE_MEASURE(1.745329251994E-2),#222);
#224=(CONVERSION_BASED_UNIT('DEGREE',#223)NAMED_UNIT(*)PLANE_ANGLE_UNIT());
#226=UNCERTAINTY_MEASURE_WITH_UNIT(LENGTH_MEASURE(2.022244501178E-3),#221,
'distance_accuracy_value',
'Maximum model space distance between geometric entities at asserted connectivities');
#228=CARTESIAN_POINT('',(0.E0,0.E0,0.E0));
#229=DIRECTION('',(0.E0,0.E0,1.E0));
#230=DIRECTION('',(1.E0,0.E0,0.E0));
#233=APPLICATION_CONTEXT('automotive_design');
#234=APPLICATION_PROTOCOL_DEFINITION('international standard',
'automotive_design',2001,#233);
#235=PRODUCT_DEFINITION_CONTEXT('part definition',#233,'design');
#236=PRODUCT_CONTEXT('',#233,'mechanical');
#237=PRODUCT('BODY','BODY','NOT SPECIFIED',(#236));
#238=PRODUCT_DEFINITION_FORMATION('53','LAST_VERSION',#237);
#246=DERIVED_UNIT_ELEMENT(#245,2.E0);
#247=DERIVED_UNIT((#246));
#248=MEASURE_REPRESENTATION_ITEM('surface area measure',AREA_MEASURE(3.744E2),
#247);
#253=DERIVED_UNIT_ELEMENT(#252,3.E0);
#254=DERIVED_UNIT((#253));
#255=MEASURE_REPRESENTATION_ITEM('volume measure',VOLUME_MEASURE(1.183E2),#254);
#259=CARTESIAN_POINT('centre point',(0.E0,3.5E-1,0.E0));
#264=DERIVED_UNIT_ELEMENT(#263,2.E0);
#265=DERIVED_UNIT((#264));
#266=MEASURE_REPRESENTATION_ITEM('surface area measure',AREA_MEASURE(3.744E2),
#265);
#271=DERIVED_UNIT_ELEMENT(#270,3.E0);
#272=DERIVED_UNIT((#271));
#273=MEASURE_REPRESENTATION_ITEM('volume measure',VOLUME_MEASURE(1.183E2),#272);
#277=CARTESIAN_POINT('centre point',(0.E0,3.5E-1,0.E0));
#283=GENERAL_PROPERTY('','DESCRIPTION','user defined attribute');
#284=GENERAL_PROPERTY_ASSOCIATION('user defined attribute','',#283,#282);
#285=DESCRIPTIVE_REPRESENTATION_ITEM('DESCRIPTION','');
#289=GENERAL_PROPERTY('','MODELED_BY','user defined attribute');
#290=GENERAL_PROPERTY_ASSOCIATION('user defined attribute','',#289,#288);
#291=DESCRIPTIVE_REPRESENTATION_ITEM('MODELED_BY','');
#295=GENERAL_PROPERTY('','LENGTH','user defined attribute');
#296=GENERAL_PROPERTY_ASSOCIATION('user defined attribute','',#295,#294);
#297=VALUE_REPRESENTATION_ITEM('LENGTH',NUMERIC_MEASURE(2.48E0));
#300=DESCRIPTIVE_REPRESENTATION_ITEM('attribute description','Real Number');
#305=GENERAL_PROPERTY('','WIDTH','user defined attribute');
#306=GENERAL_PROPERTY_ASSOCIATION('user defined attribute','',#305,#304);
#307=VALUE_REPRESENTATION_ITEM('WIDTH',NUMERIC_MEASURE(2.48E0));
#310=DESCRIPTIVE_REPRESENTATION_ITEM('attribute description','Real Number');
#319=CARTESIAN_POINT('centre point',(0.E0,0.E0,8.5E-1));
#323=CARTESIAN_POINT('',(0.E0,0.E0,5.E-1));
#324=DIRECTION('',(0.E0,-1.E0,0.E0));
#325=DIRECTION('',(1.E0,0.E0,0.E0));
#326=AXIS2_PLACEMENT_3D('',#323,#324,#325);
#327=ITEM_DEFINED_TRANSFORMATION('','',#231,#326);
#328=(REPRESENTATION_RELATIONSHIP('','',#232,#316)REPRESENTATION_RELATIONSHIP_WITH_TRANSFORMATION(#327)SHAPE_REPRESENTATION_RELATIONSHIP());
#329=CONTEXT_DEPENDENT_SHAPE_REPRESENTATION(#328,#318);
#331=DIRECTION('',(0.E0,0.E0,1.E0));
#332=VECTOR('',#331,1.3E1);
#333=CARTESIAN_POINT('',(-6.5E0,0.E0,-6.5E0));
#334=LINE('',#333,#332);
#335=CURVE_STYLE('',#32,POSITIVE_LENGTH_MEASURE(2.E-2),#4);
#336=PRESENTATION_STYLE_ASSIGNMENT((#335));
#337=STYLED_ITEM('',(#336),#334);
#338=DIRECTION('',(1.E0,0.E0,0.E0));
#339=VECTOR('',#338,1.3E1);
#340=CARTESIAN_POINT('',(-6.5E0,0.E0,6.5E0));
#341=LINE('',#340,#339);
#342=CURVE_STYLE('',#32,POSITIVE_LENGTH_MEASURE(2.E-2),#4);
#343=PRESENTATION_STYLE_ASSIGNMENT((#342));
#344=STYLED_ITEM('',(#343),#341);
#345=DIRECTION('',(0.E0,0.E0,-1.E0));
#346=VECTOR('',#345,1.3E1);
#347=CARTESIAN_POINT('',(6.5E0,0.E0,6.5E0));
#348=LINE('',#347,#346);
#349=CURVE_STYLE('',#32,POSITIVE_LENGTH_MEASURE(2.E-2),#4);
#350=PRESENTATION_STYLE_ASSIGNMENT((#349));
#351=STYLED_ITEM('',(#350),#348);
#352=DIRECTION('',(-1.E0,0.E0,0.E0));
#353=VECTOR('',#352,1.3E1);
#354=CARTESIAN_POINT('',(6.5E0,0.E0,-6.5E0));
#355=LINE('',#354,#353);
#356=CURVE_STYLE('',#32,POSITIVE_LENGTH_MEASURE(2.E-2),#4);
#357=PRESENTATION_STYLE_ASSIGNMENT((#356));
#358=STYLED_ITEM('',(#357),#355);
#359=DIRECTION('',(0.E0,1.E0,0.E0));
#360=VECTOR('',#359,2.4E-1);
#361=CARTESIAN_POINT('',(-6.5E0,0.E0,-6.5E0));
#362=LINE('',#361,#360);
#363=CURVE_STYLE('',#32,POSITIVE_LENGTH_MEASURE(2.E-2),#4);
#364=PRESENTATION_STYLE_ASSIGNMENT((#363));
#365=STYLED_ITEM('',(#364),#362);
#366=DIRECTION('',(0.E0,1.E0,0.E0));
#367=VECTOR('',#366,2.4E-1);
#368=CARTESIAN_POINT('',(6.5E0,0.E0,-6.5E0));
#369=LINE('',#368,#367);
#370=CURVE_STYLE('',#32,POSITIVE_LENGTH_MEASURE(2.E-2),#4);
#371=PRESENTATION_STYLE_ASSIGNMENT((#370));
#372=STYLED_ITEM('',(#371),#369);
#373=DIRECTION('',(0.E0,1.E0,0.E0));
#374=VECTOR('',#373,2.4E-1);
#375=CARTESIAN_POINT('',(6.5E0,0.E0,6.5E0));
#376=LINE('',#375,#374);
#377=CURVE_STYLE('',#32,POSITIVE_LENGTH_MEASURE(2.E-2),#4);
#378=PRESENTATION_STYLE_ASSIGNMENT((#377));
#379=STYLED_ITEM('',(#378),#376);
#380=DIRECTION('',(0.E0,1.E0,0.E0));
#381=VECTOR('',#380,2.4E-1);
#382=CARTESIAN_POINT('',(-6.5E0,0.E0,6.5E0));
#383=LINE('',#382,#381);
#384=CURVE_STYLE('',#32,POSITIVE_LENGTH_MEASURE(2.E-2),#4);
#385=PRESENTATION_STYLE_ASSIGNMENT((#384));
#386=STYLED_ITEM('',(#385),#383);
#387=DIRECTION('',(0.E0,0.E0,1.E0));
#388=VECTOR('',#387,1.3E1);
#389=CARTESIAN_POINT('',(-6.5E0,2.4E-1,-6.5E0));
#390=LINE('',#389,#388);
#391=CURVE_STYLE('',#32,POSITIVE_LENGTH_MEASURE(2.E-2),#4);
#392=PRESENTATION_STYLE_ASSIGNMENT((#391));
#393=STYLED_ITEM('',(#392),#390);
#394=DIRECTION('',(-1.E0,0.E0,0.E0));
#395=VECTOR('',#394,1.3E1);
#396=CARTESIAN_POINT('',(6.5E0,2.4E-1,-6.5E0));
#397=LINE('',#396,#395);
#398=CURVE_STYLE('',#32,POSITIVE_LENGTH_MEASURE(2.E-2),#4);
#399=PRESENTATION_STYLE_ASSIGNMENT((#398));
#400=STYLED_ITEM('',(#399),#397);
#401=DIRECTION('',(0.E0,0.E0,-1.E0));
#402=VECTOR('',#401,1.3E1);
#403=CARTESIAN_POINT('',(6.5E0,2.4E-1,6.5E0));
#404=LINE('',#403,#402);
#405=CURVE_STYLE('',#32,POSITIVE_LENGTH_MEASURE(2.E-2),#4);
#406=PRESENTATION_STYLE_ASSIGNMENT((#405));
#407=STYLED_ITEM('',(#406),#404);
#408=DIRECTION('',(1.E0,0.E0,0.E0));
#409=VECTOR('',#408,1.3E1);
#410=CARTESIAN_POINT('',(-6.5E0,2.4E-1,6.5E0));
#411=LINE('',#410,#409);
#412=CURVE_STYLE('',#32,POSITIVE_LENGTH_MEASURE(2.E-2),#4);
#413=PRESENTATION_STYLE_ASSIGNMENT((#412));
#414=STYLED_ITEM('',(#413),#411);
#415=CARTESIAN_POINT('',(-6.5E0,0.E0,-6.5E0));
#416=CARTESIAN_POINT('',(-6.5E0,0.E0,6.5E0));
#417=VERTEX_POINT('',#415);
#418=VERTEX_POINT('',#416);
#419=CARTESIAN_POINT('',(6.5E0,0.E0,6.5E0));
#420=VERTEX_POINT('',#419);
#421=CARTESIAN_POINT('',(6.5E0,0.E0,-6.5E0));
#422=VERTEX_POINT('',#421);
#423=CARTESIAN_POINT('',(-6.5E0,2.4E-1,-6.5E0));
#424=CARTESIAN_POINT('',(-6.5E0,2.4E-1,6.5E0));
#425=VERTEX_POINT('',#423);
#426=VERTEX_POINT('',#424);
#427=CARTESIAN_POINT('',(6.5E0,2.4E-1,6.5E0));
#428=VERTEX_POINT('',#427);
#429=CARTESIAN_POINT('',(6.5E0,2.4E-1,-6.5E0));
#430=VERTEX_POINT('',#429);
#431=CARTESIAN_POINT('',(0.E0,0.E0,0.E0));
#432=DIRECTION('',(0.E0,1.E0,0.E0));
#433=DIRECTION('',(1.E0,0.E0,0.E0));
#434=AXIS2_PLACEMENT_3D('',#431,#432,#433);
#435=PLANE('',#434);
#437=ORIENTED_EDGE('',*,*,#436,.T.);
#439=ORIENTED_EDGE('',*,*,#438,.T.);
#441=ORIENTED_EDGE('',*,*,#440,.T.);
#443=ORIENTED_EDGE('',*,*,#442,.T.);
#444=EDGE_LOOP('',(#437,#439,#441,#443));
#445=FACE_OUTER_BOUND('',#444,.F.);
#447=FILL_AREA_STYLE_COLOUR('',#25);
#448=FILL_AREA_STYLE('',(#447));
#449=SURFACE_STYLE_FILL_AREA(#448);
#450=SURFACE_SIDE_STYLE('',(#449));
#451=SURFACE_STYLE_USAGE(.POSITIVE.,#450);
#452=FILL_AREA_STYLE_COLOUR('',#4);
#453=FILL_AREA_STYLE('',(#452));
#454=SURFACE_STYLE_FILL_AREA(#453);
#455=SURFACE_SIDE_STYLE('',(#454));
#456=SURFACE_STYLE_USAGE(.NEGATIVE.,#455);
#457=PRESENTATION_STYLE_ASSIGNMENT((#451,#456));
#458=OVER_RIDING_STYLED_ITEM('',(#457),#446,#330);
#459=CARTESIAN_POINT('',(-6.5E0,0.E0,-6.5E0));
#460=DIRECTION('',(-1.E0,0.E0,0.E0));
#461=DIRECTION('',(0.E0,0.E0,1.E0));
#462=AXIS2_PLACEMENT_3D('',#459,#460,#461);
#463=PLANE('',#462);
#464=ORIENTED_EDGE('',*,*,#436,.F.);
#466=ORIENTED_EDGE('',*,*,#465,.T.);
#468=ORIENTED_EDGE('',*,*,#467,.T.);
#470=ORIENTED_EDGE('',*,*,#469,.F.);
#471=EDGE_LOOP('',(#464,#466,#468,#470));
#472=FACE_OUTER_BOUND('',#471,.F.);
#474=CARTESIAN_POINT('',(6.5E0,0.E0,-6.5E0));
#475=DIRECTION('',(0.E0,0.E0,-1.E0));
#476=DIRECTION('',(-1.E0,0.E0,0.E0));
#477=AXIS2_PLACEMENT_3D('',#474,#475,#476);
#478=PLANE('',#477);
#479=ORIENTED_EDGE('',*,*,#442,.F.);
#481=ORIENTED_EDGE('',*,*,#480,.T.);
#483=ORIENTED_EDGE('',*,*,#482,.T.);
#484=ORIENTED_EDGE('',*,*,#465,.F.);
#485=EDGE_LOOP('',(#479,#481,#483,#484));
#486=FACE_OUTER_BOUND('',#485,.F.);
#488=CARTESIAN_POINT('',(6.5E0,0.E0,6.5E0));
#489=DIRECTION('',(1.E0,0.E0,0.E0));
#490=DIRECTION('',(0.E0,0.E0,-1.E0));
#491=AXIS2_PLACEMENT_3D('',#488,#489,#490);
#492=PLANE('',#491);
#493=ORIENTED_EDGE('',*,*,#440,.F.);
#495=ORIENTED_EDGE('',*,*,#494,.T.);
#497=ORIENTED_EDGE('',*,*,#496,.T.);
#498=ORIENTED_EDGE('',*,*,#480,.F.);
#499=EDGE_LOOP('',(#493,#495,#497,#498));
#500=FACE_OUTER_BOUND('',#499,.F.);
#502=CARTESIAN_POINT('',(-6.5E0,0.E0,6.5E0));
#503=DIRECTION('',(0.E0,0.E0,1.E0));
#504=DIRECTION('',(1.E0,0.E0,0.E0));
#505=AXIS2_PLACEMENT_3D('',#502,#503,#504);
#506=PLANE('',#505);
#507=ORIENTED_EDGE('',*,*,#438,.F.);
#508=ORIENTED_EDGE('',*,*,#469,.T.);
#510=ORIENTED_EDGE('',*,*,#509,.T.);
#511=ORIENTED_EDGE('',*,*,#494,.F.);
#512=EDGE_LOOP('',(#507,#508,#510,#511));
#513=FACE_OUTER_BOUND('',#512,.F.);
#515=CARTESIAN_POINT('',(0.E0,2.4E-1,0.E0));
#516=DIRECTION('',(0.E0,1.E0,0.E0));
#517=DIRECTION('',(1.E0,0.E0,0.E0));
#518=AXIS2_PLACEMENT_3D('',#515,#516,#517);
#519=PLANE('',#518);
#520=ORIENTED_EDGE('',*,*,#467,.F.);
#521=ORIENTED_EDGE('',*,*,#482,.F.);
#522=ORIENTED_EDGE('',*,*,#496,.F.);
#523=ORIENTED_EDGE('',*,*,#509,.F.);
#524=EDGE_LOOP('',(#520,#521,#522,#523));
#525=FACE_OUTER_BOUND('',#524,.F.);
#527=CLOSED_SHELL('',(#446,#473,#487,#501,#514,#526));
#528=MANIFOLD_SOLID_BREP('',#527);
#529=FILL_AREA_STYLE_COLOUR('',#4);
#530=FILL_AREA_STYLE('',(#529));
#531=SURFACE_STYLE_FILL_AREA(#530);
#532=SURFACE_SIDE_STYLE('',(#531));
#533=SURFACE_STYLE_USAGE(.BOTH.,#532);
#534=PRESENTATION_STYLE_ASSIGNMENT((#533));
#330=STYLED_ITEM('',(#534),#528);
#537=PLANE_ANGLE_MEASURE_WITH_UNIT(PLANE_ANGLE_MEASURE(1.745329251994E-2),#536);
#538=(CONVERSION_BASED_UNIT('DEGREE',#537)NAMED_UNIT(*)PLANE_ANGLE_UNIT());
#540=UNCERTAINTY_MEASURE_WITH_UNIT(LENGTH_MEASURE(2.022244501178E-3),#535,
'distance_accuracy_value',
'Maximum model space distance between geometric entities at asserted connectivities');
#542=CARTESIAN_POINT('',(0.E0,0.E0,0.E0));
#543=DIRECTION('',(0.E0,0.E0,1.E0));
#544=DIRECTION('',(1.E0,0.E0,0.E0));
#547=PRODUCT_CONTEXT('',#233,'mechanical');
#548=PRODUCT('SUBSTRATE_FBGA_AF0','SUBSTRATE_FBGA_AF0','NOT SPECIFIED',(#547));
#549=PRODUCT_DEFINITION_FORMATION('21','LAST_VERSION',#548);
#557=DERIVED_UNIT_ELEMENT(#556,2.E0);
#558=DERIVED_UNIT((#557));
#559=MEASURE_REPRESENTATION_ITEM('surface area measure',AREA_MEASURE(3.5048E2),
#558);
#564=DERIVED_UNIT_ELEMENT(#563,3.E0);
#565=DERIVED_UNIT((#564));
#566=MEASURE_REPRESENTATION_ITEM('volume measure',VOLUME_MEASURE(4.056E1),#565);
#570=CARTESIAN_POINT('centre point',(0.E0,1.2E-1,0.E0));
#575=DERIVED_UNIT_ELEMENT(#574,2.E0);
#576=DERIVED_UNIT((#575));
#577=MEASURE_REPRESENTATION_ITEM('surface area measure',AREA_MEASURE(3.5048E2),
#576);
#582=DERIVED_UNIT_ELEMENT(#581,3.E0);
#583=DERIVED_UNIT((#582));
#584=MEASURE_REPRESENTATION_ITEM('volume measure',VOLUME_MEASURE(4.056E1),#583);
#588=CARTESIAN_POINT('centre point',(0.E0,1.2E-1,0.E0));
#594=GENERAL_PROPERTY('','DESCRIPTION','user defined attribute');
#595=GENERAL_PROPERTY_ASSOCIATION('user defined attribute','',#594,#593);
#596=DESCRIPTIVE_REPRESENTATION_ITEM('DESCRIPTION','');
#600=GENERAL_PROPERTY('','MODELED_BY','user defined attribute');
#601=GENERAL_PROPERTY_ASSOCIATION('user defined attribute','',#600,#599);
#602=DESCRIPTIVE_REPRESENTATION_ITEM('MODELED_BY','');
#606=GENERAL_PROPERTY('','LENGTH','user defined attribute');
#607=GENERAL_PROPERTY_ASSOCIATION('user defined attribute','',#606,#605);
#608=VALUE_REPRESENTATION_ITEM('LENGTH',NUMERIC_MEASURE(2.48E0));
#611=DESCRIPTIVE_REPRESENTATION_ITEM('attribute description','Real Number');
#616=GENERAL_PROPERTY('','WIDTH','user defined attribute');
#617=GENERAL_PROPERTY_ASSOCIATION('user defined attribute','',#616,#615);
#618=VALUE_REPRESENTATION_ITEM('WIDTH',NUMERIC_MEASURE(2.48E0));
#621=DESCRIPTIVE_REPRESENTATION_ITEM('attribute description','Real Number');
#627=CARTESIAN_POINT('centre point',(0.E0,0.E0,3.8E-1));
#631=CARTESIAN_POINT('',(0.E0,0.E0,2.6E-1));
#632=DIRECTION('',(0.E0,-1.E0,0.E0));
#633=DIRECTION('',(1.E0,0.E0,0.E0));
#634=AXIS2_PLACEMENT_3D('',#631,#632,#633);
#635=ITEM_DEFINED_TRANSFORMATION('','',#545,#634);
#636=(REPRESENTATION_RELATIONSHIP('','',#546,#316)REPRESENTATION_RELATIONSHIP_WITH_TRANSFORMATION(#635)SHAPE_REPRESENTATION_RELATIONSHIP());
#637=CONTEXT_DEPENDENT_SHAPE_REPRESENTATION(#636,#626);
#639=DIRECTION('',(0.E0,0.E0,-1.E0));
#640=VECTOR('',#639,1.3E1);
#641=CARTESIAN_POINT('',(6.5E0,0.E0,6.5E0));
#642=LINE('',#641,#640);
#643=CURVE_STYLE('',#32,POSITIVE_LENGTH_MEASURE(2.E-2),#5);
#644=PRESENTATION_STYLE_ASSIGNMENT((#643));
#645=STYLED_ITEM('',(#644),#642);
#646=DIRECTION('',(-1.E0,0.E0,0.E0));
#647=VECTOR('',#646,1.3E1);
#648=CARTESIAN_POINT('',(6.5E0,0.E0,-6.5E0));
#649=LINE('',#648,#647);
#650=CURVE_STYLE('',#32,POSITIVE_LENGTH_MEASURE(2.E-2),#5);
#651=PRESENTATION_STYLE_ASSIGNMENT((#650));
#652=STYLED_ITEM('',(#651),#649);
#653=DIRECTION('',(0.E0,0.E0,1.E0));
#654=VECTOR('',#653,1.3E1);
#655=CARTESIAN_POINT('',(-6.5E0,0.E0,-6.5E0));
#656=LINE('',#655,#654);
#657=CURVE_STYLE('',#32,POSITIVE_LENGTH_MEASURE(2.E-2),#5);
#658=PRESENTATION_STYLE_ASSIGNMENT((#657));
#659=STYLED_ITEM('',(#658),#656);
#660=DIRECTION('',(1.E0,0.E0,0.E0));
#661=VECTOR('',#660,1.3E1);
#662=CARTESIAN_POINT('',(-6.5E0,0.E0,6.5E0));
#663=LINE('',#662,#661);
#664=CURVE_STYLE('',#32,POSITIVE_LENGTH_MEASURE(2.E-2),#5);
#665=PRESENTATION_STYLE_ASSIGNMENT((#664));
#666=STYLED_ITEM('',(#665),#663);
#667=DIRECTION('',(0.E0,0.E0,1.E0));
#668=VECTOR('',#667,2.5E-1);
#669=CARTESIAN_POINT('',(-6.4E0,0.E0,-6.4E0));
#670=LINE('',#669,#668);
#671=CURVE_STYLE('',#32,POSITIVE_LENGTH_MEASURE(2.E-2),#5);
#672=PRESENTATION_STYLE_ASSIGNMENT((#671));
#673=STYLED_ITEM('',(#672),#670);
#674=DIRECTION('',(-1.E0,0.E0,0.E0));
#675=VECTOR('',#674,2.5E-1);
#676=CARTESIAN_POINT('',(-6.15E0,0.E0,-6.4E0));
#677=LINE('',#676,#675);
#678=CURVE_STYLE('',#32,POSITIVE_LENGTH_MEASURE(2.E-2),#5);
#679=PRESENTATION_STYLE_ASSIGNMENT((#678));
#680=STYLED_ITEM('',(#679),#677);
#681=DIRECTION('',(7.071067811865E-1,0.E0,-7.071067811865E-1));
#682=VECTOR('',#681,3.535533905933E-1);
#683=CARTESIAN_POINT('',(-6.4E0,0.E0,-6.15E0));
#684=LINE('',#683,#682);
#685=CURVE_STYLE('',#32,POSITIVE_LENGTH_MEASURE(2.E-2),#5);
#686=PRESENTATION_STYLE_ASSIGNMENT((#685));
#687=STYLED_ITEM('',(#686),#684);
#688=DIRECTION('',(0.E0,1.E0,0.E0));
#689=VECTOR('',#688,2.E-3);
#690=CARTESIAN_POINT('',(6.5E0,0.E0,6.5E0));
#691=LINE('',#690,#689);
#692=CURVE_STYLE('',#32,POSITIVE_LENGTH_MEASURE(2.E-2),#5);
#693=PRESENTATION_STYLE_ASSIGNMENT((#692));
#694=STYLED_ITEM('',(#693),#691);
#695=DIRECTION('',(0.E0,1.E0,0.E0));
#696=VECTOR('',#695,2.E-3);
#697=CARTESIAN_POINT('',(-6.5E0,0.E0,6.5E0));
#698=LINE('',#697,#696);
#699=CURVE_STYLE('',#32,POSITIVE_LENGTH_MEASURE(2.E-2),#5);
#700=PRESENTATION_STYLE_ASSIGNMENT((#699));
#701=STYLED_ITEM('',(#700),#698);
#702=DIRECTION('',(0.E0,1.E0,0.E0));
#703=VECTOR('',#702,2.E-3);
#704=CARTESIAN_POINT('',(-6.5E0,0.E0,-6.5E0));
#705=LINE('',#704,#703);
#706=CURVE_STYLE('',#32,POSITIVE_LENGTH_MEASURE(2.E-2),#5);
#707=PRESENTATION_STYLE_ASSIGNMENT((#706));
#708=STYLED_ITEM('',(#707),#705);
#709=DIRECTION('',(0.E0,1.E0,0.E0));
#710=VECTOR('',#709,2.E-3);
#711=CARTESIAN_POINT('',(6.5E0,0.E0,-6.5E0));
#712=LINE('',#711,#710);
#713=CURVE_STYLE('',#32,POSITIVE_LENGTH_MEASURE(2.E-2),#5);
#714=PRESENTATION_STYLE_ASSIGNMENT((#713));
#715=STYLED_ITEM('',(#714),#712);
#716=DIRECTION('',(0.E0,0.E0,-1.E0));
#717=VECTOR('',#716,1.3E1);
#718=CARTESIAN_POINT('',(6.5E0,2.E-3,6.5E0));
#719=LINE('',#718,#717);
#720=CURVE_STYLE('',#32,POSITIVE_LENGTH_MEASURE(2.E-2),#5);
#721=PRESENTATION_STYLE_ASSIGNMENT((#720));
#722=STYLED_ITEM('',(#721),#719);
#723=DIRECTION('',(1.E0,0.E0,0.E0));
#724=VECTOR('',#723,1.3E1);
#725=CARTESIAN_POINT('',(-6.5E0,2.E-3,6.5E0));
#726=LINE('',#725,#724);
#727=CURVE_STYLE('',#32,POSITIVE_LENGTH_MEASURE(2.E-2),#5);
#728=PRESENTATION_STYLE_ASSIGNMENT((#727));
#729=STYLED_ITEM('',(#728),#726);
#730=DIRECTION('',(0.E0,0.E0,1.E0));
#731=VECTOR('',#730,1.3E1);
#732=CARTESIAN_POINT('',(-6.5E0,2.E-3,-6.5E0));
#733=LINE('',#732,#731);
#734=CURVE_STYLE('',#32,POSITIVE_LENGTH_MEASURE(2.E-2),#5);
#735=PRESENTATION_STYLE_ASSIGNMENT((#734));
#736=STYLED_ITEM('',(#735),#733);
#737=DIRECTION('',(-1.E0,0.E0,0.E0));
#738=VECTOR('',#737,1.3E1);
#739=CARTESIAN_POINT('',(6.5E0,2.E-3,-6.5E0));
#740=LINE('',#739,#738);
#741=CURVE_STYLE('',#32,POSITIVE_LENGTH_MEASURE(2.E-2),#5);
#742=PRESENTATION_STYLE_ASSIGNMENT((#741));
#743=STYLED_ITEM('',(#742),#740);
#744=DIRECTION('',(0.E0,0.E0,1.E0));
#745=VECTOR('',#744,2.5E-1);
#746=CARTESIAN_POINT('',(-6.4E0,2.E-3,-6.4E0));
#747=LINE('',#746,#745);
#748=CURVE_STYLE('',#32,POSITIVE_LENGTH_MEASURE(2.E-2),#5);
#749=PRESENTATION_STYLE_ASSIGNMENT((#748));
#750=STYLED_ITEM('',(#749),#747);
#751=DIRECTION('',(7.071067811865E-1,0.E0,-7.071067811865E-1));
#752=VECTOR('',#751,3.535533905933E-1);
#753=CARTESIAN_POINT('',(-6.4E0,2.E-3,-6.15E0));
#754=LINE('',#753,#752);
#755=CURVE_STYLE('',#32,POSITIVE_LENGTH_MEASURE(2.E-2),#5);
#756=PRESENTATION_STYLE_ASSIGNMENT((#755));
#757=STYLED_ITEM('',(#756),#754);
#758=DIRECTION('',(-1.E0,0.E0,0.E0));
#759=VECTOR('',#758,2.5E-1);
#760=CARTESIAN_POINT('',(-6.15E0,2.E-3,-6.4E0));
#761=LINE('',#760,#759);
#762=CURVE_STYLE('',#32,POSITIVE_LENGTH_MEASURE(2.E-2),#5);
#763=PRESENTATION_STYLE_ASSIGNMENT((#762));
#764=STYLED_ITEM('',(#763),#761);
#765=DIRECTION('',(0.E0,1.E0,0.E0));
#766=VECTOR('',#765,2.E-3);
#767=CARTESIAN_POINT('',(-6.4E0,0.E0,-6.4E0));
#768=LINE('',#767,#766);
#769=CURVE_STYLE('',#32,POSITIVE_LENGTH_MEASURE(2.E-2),#5);
#770=PRESENTATION_STYLE_ASSIGNMENT((#769));
#771=STYLED_ITEM('',(#770),#768);
#772=DIRECTION('',(0.E0,1.E0,0.E0));
#773=VECTOR('',#772,2.E-3);
#774=CARTESIAN_POINT('',(-6.4E0,0.E0,-6.15E0));
#775=LINE('',#774,#773);
#776=CURVE_STYLE('',#32,POSITIVE_LENGTH_MEASURE(2.E-2),#5);
#777=PRESENTATION_STYLE_ASSIGNMENT((#776));
#778=STYLED_ITEM('',(#777),#775);
#779=DIRECTION('',(0.E0,1.E0,0.E0));
#780=VECTOR('',#779,2.E-3);
#781=CARTESIAN_POINT('',(-6.15E0,0.E0,-6.4E0));
#782=LINE('',#781,#780);
#783=CURVE_STYLE('',#32,POSITIVE_LENGTH_MEASURE(2.E-2),#5);
#784=PRESENTATION_STYLE_ASSIGNMENT((#783));
#785=STYLED_ITEM('',(#784),#782);
#786=CARTESIAN_POINT('',(6.5E0,0.E0,6.5E0));
#787=CARTESIAN_POINT('',(6.5E0,0.E0,-6.5E0));
#788=VERTEX_POINT('',#786);
#789=VERTEX_POINT('',#787);
#790=CARTESIAN_POINT('',(-6.5E0,0.E0,-6.5E0));
#791=VERTEX_POINT('',#790);
#792=CARTESIAN_POINT('',(-6.5E0,0.E0,6.5E0));
#793=VERTEX_POINT('',#792);
#794=CARTESIAN_POINT('',(6.5E0,2.E-3,6.5E0));
#795=CARTESIAN_POINT('',(6.5E0,2.E-3,-6.5E0));
#796=VERTEX_POINT('',#794);
#797=VERTEX_POINT('',#795);
#798=CARTESIAN_POINT('',(-6.5E0,2.E-3,-6.5E0));
#799=VERTEX_POINT('',#798);
#800=CARTESIAN_POINT('',(-6.5E0,2.E-3,6.5E0));
#801=VERTEX_POINT('',#800);
#802=CARTESIAN_POINT('',(-6.4E0,0.E0,-6.4E0));
#803=CARTESIAN_POINT('',(-6.4E0,0.E0,-6.15E0));
#804=VERTEX_POINT('',#802);
#805=VERTEX_POINT('',#803);
#806=CARTESIAN_POINT('',(-6.15E0,0.E0,-6.4E0));
#807=VERTEX_POINT('',#806);
#808=CARTESIAN_POINT('',(-6.4E0,2.E-3,-6.4E0));
#809=CARTESIAN_POINT('',(-6.4E0,2.E-3,-6.15E0));
#810=VERTEX_POINT('',#808);
#811=VERTEX_POINT('',#809);
#812=CARTESIAN_POINT('',(-6.15E0,2.E-3,-6.4E0));
#813=VERTEX_POINT('',#812);
#814=CARTESIAN_POINT('',(0.E0,0.E0,0.E0));
#815=DIRECTION('',(0.E0,1.E0,0.E0));
#816=DIRECTION('',(1.E0,0.E0,0.E0));
#817=AXIS2_PLACEMENT_3D('',#814,#815,#816);
#818=PLANE('',#817);
#820=ORIENTED_EDGE('',*,*,#819,.T.);
#822=ORIENTED_EDGE('',*,*,#821,.T.);
#824=ORIENTED_EDGE('',*,*,#823,.T.);
#826=ORIENTED_EDGE('',*,*,#825,.T.);
#827=EDGE_LOOP('',(#820,#822,#824,#826));
#828=FACE_OUTER_BOUND('',#827,.F.);
#830=ORIENTED_EDGE('',*,*,#829,.F.);
#832=ORIENTED_EDGE('',*,*,#831,.F.);
#834=ORIENTED_EDGE('',*,*,#833,.F.);
#835=EDGE_LOOP('',(#830,#832,#834));
#836=FACE_BOUND('',#835,.F.);
#838=CARTESIAN_POINT('',(6.5E0,0.E0,6.5E0));
#839=DIRECTION('',(1.E0,0.E0,0.E0));
#840=DIRECTION('',(0.E0,0.E0,-1.E0));
#841=AXIS2_PLACEMENT_3D('',#838,#839,#840);
#842=PLANE('',#841);
#843=ORIENTED_EDGE('',*,*,#819,.F.);
#845=ORIENTED_EDGE('',*,*,#844,.T.);
#847=ORIENTED_EDGE('',*,*,#846,.T.);
#849=ORIENTED_EDGE('',*,*,#848,.F.);
#850=EDGE_LOOP('',(#843,#845,#847,#849));
#851=FACE_OUTER_BOUND('',#850,.F.);
#853=CARTESIAN_POINT('',(-6.5E0,0.E0,6.5E0));
#854=DIRECTION('',(0.E0,0.E0,1.E0));
#855=DIRECTION('',(1.E0,0.E0,0.E0));
#856=AXIS2_PLACEMENT_3D('',#853,#854,#855);
#857=PLANE('',#856);
#858=ORIENTED_EDGE('',*,*,#825,.F.);
#860=ORIENTED_EDGE('',*,*,#859,.T.);
#862=ORIENTED_EDGE('',*,*,#861,.T.);
#863=ORIENTED_EDGE('',*,*,#844,.F.);
#864=EDGE_LOOP('',(#858,#860,#862,#863));
#865=FACE_OUTER_BOUND('',#864,.F.);
#867=CARTESIAN_POINT('',(-6.5E0,0.E0,-6.5E0));
#868=DIRECTION('',(-1.E0,0.E0,0.E0));
#869=DIRECTION('',(0.E0,0.E0,1.E0));
#870=AXIS2_PLACEMENT_3D('',#867,#868,#869);
#871=PLANE('',#870);
#872=ORIENTED_EDGE('',*,*,#823,.F.);
#874=ORIENTED_EDGE('',*,*,#873,.T.);
#876=ORIENTED_EDGE('',*,*,#875,.T.);
#877=ORIENTED_EDGE('',*,*,#859,.F.);
#878=EDGE_LOOP('',(#872,#874,#876,#877));
#879=FACE_OUTER_BOUND('',#878,.F.);
#881=CARTESIAN_POINT('',(6.5E0,0.E0,-6.5E0));
#882=DIRECTION('',(0.E0,0.E0,-1.E0));
#883=DIRECTION('',(-1.E0,0.E0,0.E0));
#884=AXIS2_PLACEMENT_3D('',#881,#882,#883);
#885=PLANE('',#884);
#886=ORIENTED_EDGE('',*,*,#821,.F.);
#887=ORIENTED_EDGE('',*,*,#848,.T.);
#889=ORIENTED_EDGE('',*,*,#888,.T.);
#890=ORIENTED_EDGE('',*,*,#873,.F.);
#891=EDGE_LOOP('',(#886,#887,#889,#890));
#892=FACE_OUTER_BOUND('',#891,.F.);
#894=CARTESIAN_POINT('',(0.E0,2.E-3,0.E0));
#895=DIRECTION('',(0.E0,1.E0,0.E0));
#896=DIRECTION('',(1.E0,0.E0,0.E0));
#897=AXIS2_PLACEMENT_3D('',#894,#895,#896);
#898=PLANE('',#897);
#899=ORIENTED_EDGE('',*,*,#846,.F.);
#900=ORIENTED_EDGE('',*,*,#861,.F.);
#901=ORIENTED_EDGE('',*,*,#875,.F.);
#902=ORIENTED_EDGE('',*,*,#888,.F.);
#903=EDGE_LOOP('',(#899,#900,#901,#902));
#904=FACE_OUTER_BOUND('',#903,.F.);
#906=ORIENTED_EDGE('',*,*,#905,.T.);
#908=ORIENTED_EDGE('',*,*,#907,.T.);
#910=ORIENTED_EDGE('',*,*,#909,.T.);
#911=EDGE_LOOP('',(#906,#908,#910));
#912=FACE_BOUND('',#911,.F.);
#914=CARTESIAN_POINT('',(-6.4E0,0.E0,-6.4E0));
#915=DIRECTION('',(-1.E0,0.E0,0.E0));
#916=DIRECTION('',(0.E0,0.E0,1.E0));
#917=AXIS2_PLACEMENT_3D('',#914,#915,#916);
#918=PLANE('',#917);
#919=ORIENTED_EDGE('',*,*,#829,.T.);
#921=ORIENTED_EDGE('',*,*,#920,.T.);
#922=ORIENTED_EDGE('',*,*,#905,.F.);
#924=ORIENTED_EDGE('',*,*,#923,.F.);
#925=EDGE_LOOP('',(#919,#921,#922,#924));
#926=FACE_OUTER_BOUND('',#925,.F.);
#928=CARTESIAN_POINT('',(-6.4E0,0.E0,-6.15E0));
#929=DIRECTION('',(7.071067811865E-1,0.E0,7.071067811865E-1));
#930=DIRECTION('',(7.071067811865E-1,0.E0,-7.071067811865E-1));
#931=AXIS2_PLACEMENT_3D('',#928,#929,#930);
#932=PLANE('',#931);
#933=ORIENTED_EDGE('',*,*,#833,.T.);
#935=ORIENTED_EDGE('',*,*,#934,.T.);
#936=ORIENTED_EDGE('',*,*,#907,.F.);
#937=ORIENTED_EDGE('',*,*,#920,.F.);
#938=EDGE_LOOP('',(#933,#935,#936,#937));
#939=FACE_OUTER_BOUND('',#938,.F.);
#941=CARTESIAN_POINT('',(-6.15E0,0.E0,-6.4E0));
#942=DIRECTION('',(0.E0,0.E0,-1.E0));
#943=DIRECTION('',(-1.E0,0.E0,0.E0));
#944=AXIS2_PLACEMENT_3D('',#941,#942,#943);
#945=PLANE('',#944);
#946=ORIENTED_EDGE('',*,*,#831,.T.);
#947=ORIENTED_EDGE('',*,*,#923,.T.);
#948=ORIENTED_EDGE('',*,*,#909,.F.);
#949=ORIENTED_EDGE('',*,*,#934,.F.);
#950=EDGE_LOOP('',(#946,#947,#948,#949));
#951=FACE_OUTER_BOUND('',#950,.F.);
#953=CLOSED_SHELL('',(#837,#852,#866,#880,#893,#913,#927,#940,#952));
#954=MANIFOLD_SOLID_BREP('',#953);
#955=FILL_AREA_STYLE_COLOUR('',#5);
#956=FILL_AREA_STYLE('',(#955));
#957=SURFACE_STYLE_FILL_AREA(#956);
#958=SURFACE_SIDE_STYLE('',(#957));
#959=SURFACE_STYLE_USAGE(.BOTH.,#958);
#960=PRESENTATION_STYLE_ASSIGNMENT((#959));
#638=STYLED_ITEM('',(#960),#954);
#963=PLANE_ANGLE_MEASURE_WITH_UNIT(PLANE_ANGLE_MEASURE(1.745329251994E-2),#962);
#964=(CONVERSION_BASED_UNIT('DEGREE',#963)NAMED_UNIT(*)PLANE_ANGLE_UNIT());
#966=UNCERTAINTY_MEASURE_WITH_UNIT(LENGTH_MEASURE(1.532003419048E-4),#961,
'distance_accuracy_value',
'Maximum model space distance between geometric entities at asserted connectivities');
#968=CARTESIAN_POINT('',(0.E0,0.E0,0.E0));
#969=DIRECTION('',(0.E0,0.E0,1.E0));
#970=DIRECTION('',(1.E0,0.E0,0.E0));
#973=PRODUCT_DEFINITION_CONTEXT('part definition',#233,'design');
#974=PRODUCT_CONTEXT('',#233,'mechanical');
#975=PRODUCT('SMASK_BTM_FBGA_AF0','SMASK_BTM_FBGA_AF0','NOT SPECIFIED',(#974));
#976=PRODUCT_DEFINITION_FORMATION('20','LAST_VERSION',#975);
#984=DERIVED_UNIT_ELEMENT(#983,2.E0);
#985=DERIVED_UNIT((#984));
#986=MEASURE_REPRESENTATION_ITEM('surface area measure',AREA_MEASURE(
3.380432071068E2),#985);
#991=DERIVED_UNIT_ELEMENT(#990,3.E0);
#992=DERIVED_UNIT((#991));
#993=MEASURE_REPRESENTATION_ITEM('volume measure',VOLUME_MEASURE(3.379375E-1),
#992);
#997=CARTESIAN_POINT('centre point',(1.168238702916E-3,1.E-3,
1.168238702916E-3));
#1002=DERIVED_UNIT_ELEMENT(#1001,2.E0);
#1003=DERIVED_UNIT((#1002));
#1004=MEASURE_REPRESENTATION_ITEM('surface area measure',AREA_MEASURE(
3.380432071068E2),#1003);
#1009=DERIVED_UNIT_ELEMENT(#1008,3.E0);
#1010=DERIVED_UNIT((#1009));
#1011=MEASURE_REPRESENTATION_ITEM('volume measure',VOLUME_MEASURE(3.379375E-1),
#1010);
#1015=CARTESIAN_POINT('centre point',(1.168238702916E-3,1.E-3,
1.168238702916E-3));
#1021=GENERAL_PROPERTY('','DRAWN_BY','user defined attribute');
#1022=GENERAL_PROPERTY_ASSOCIATION('user defined attribute','',#1021,#1020);
#1023=DESCRIPTIVE_REPRESENTATION_ITEM('DRAWN_BY','MARTA SUCHY');
#1028=CARTESIAN_POINT('centre point',(1.168238702916E-3,-1.168238702916E-3,
2.59E-1));
#1032=CARTESIAN_POINT('',(0.E0,0.E0,2.58E-1));
#1033=DIRECTION('',(0.E0,-1.E0,0.E0));
#1034=DIRECTION('',(1.E0,0.E0,0.E0));
#1035=AXIS2_PLACEMENT_3D('',#1032,#1033,#1034);
#1036=ITEM_DEFINED_TRANSFORMATION('','',#971,#1035);
#1037=(REPRESENTATION_RELATIONSHIP('','',#972,#316)REPRESENTATION_RELATIONSHIP_WITH_TRANSFORMATION(#1036)SHAPE_REPRESENTATION_RELATIONSHIP());
#1038=CONTEXT_DEPENDENT_SHAPE_REPRESENTATION(#1037,#1027);
#1040=CARTESIAN_POINT('',(0.E0,0.E0,0.E0));
#1041=DIRECTION('',(0.E0,-1.E0,0.E0));
#1042=DIRECTION('',(1.E0,0.E0,0.E0));
#1043=AXIS2_PLACEMENT_3D('',#1040,#1041,#1042);
#1045=CURVE_STYLE('',#32,POSITIVE_LENGTH_MEASURE(2.E-2),#26);
#1046=PRESENTATION_STYLE_ASSIGNMENT((#1045));
#1047=STYLED_ITEM('',(#1046),#1044);
#1048=CARTESIAN_POINT('',(0.E0,8.5E-2,0.E0));
#1049=DIRECTION('',(0.E0,0.E0,1.E0));
#1050=DIRECTION('',(8.741176309016E-1,-4.857142857143E-1,0.E0));
#1051=AXIS2_PLACEMENT_3D('',#1048,#1049,#1050);
#1053=CURVE_STYLE('',#32,POSITIVE_LENGTH_MEASURE(2.E-2),#26);
#1054=PRESENTATION_STYLE_ASSIGNMENT((#1053));
#1055=STYLED_ITEM('',(#1054),#1052);
#1056=CARTESIAN_POINT('',(0.E0,8.5E-2,0.E0));
#1057=DIRECTION('',(0.E0,0.E0,-1.E0));
#1058=DIRECTION('',(-8.741176309016E-1,-4.857142857143E-1,0.E0));
#1059=AXIS2_PLACEMENT_3D('',#1056,#1057,#1058);
#1061=CURVE_STYLE('',#32,POSITIVE_LENGTH_MEASURE(2.E-2),#26);
#1062=PRESENTATION_STYLE_ASSIGNMENT((#1061));
#1063=STYLED_ITEM('',(#1062),#1060);
#1064=CARTESIAN_POINT('',(0.E0,0.E0,0.E0));
#1065=DIRECTION('',(0.E0,1.E0,0.E0));
#1066=DIRECTION('',(1.E0,0.E0,0.E0));
#1067=AXIS2_PLACEMENT_3D('',#1064,#1065,#1066);
#1069=CURVE_STYLE('',#32,POSITIVE_LENGTH_MEASURE(2.E-2),#26);
#1070=PRESENTATION_STYLE_ASSIGNMENT((#1069));
#1071=STYLED_ITEM('',(#1070),#1068);
#1072=CARTESIAN_POINT('',(1.529705854078E-1,0.E0,0.E0));
#1073=CARTESIAN_POINT('',(0.E0,2.6E-1,0.E0));
#1074=VERTEX_POINT('',#1072);
#1075=VERTEX_POINT('',#1073);
#1076=CARTESIAN_POINT('',(-1.529705854078E-1,0.E0,0.E0));
#1077=VERTEX_POINT('',#1076);
#1078=CARTESIAN_POINT('',(0.E0,8.5E-2,0.E0));
#1079=DIRECTION('',(0.E0,-1.E0,0.E0));
#1080=DIRECTION('',(-1.E0,0.E0,0.E0));
#1081=AXIS2_PLACEMENT_3D('',#1078,#1079,#1080);
#1082=SPHERICAL_SURFACE('',#1081,1.75E-1);
#1084=ORIENTED_EDGE('',*,*,#1083,.F.);
#1086=ORIENTED_EDGE('',*,*,#1085,.T.);
#1088=ORIENTED_EDGE('',*,*,#1087,.T.);
#1089=EDGE_LOOP('',(#1084,#1086,#1088));
#1090=FACE_OUTER_BOUND('',#1089,.F.);
#1092=CARTESIAN_POINT('',(0.E0,8.5E-2,0.E0));
#1093=DIRECTION('',(0.E0,-1.E0,0.E0));
#1094=DIRECTION('',(-1.E0,0.E0,0.E0));
#1095=AXIS2_PLACEMENT_3D('',#1092,#1093,#1094);
#1096=SPHERICAL_SURFACE('',#1095,1.75E-1);
#1097=ORIENTED_EDGE('',*,*,#1083,.T.);
#1098=ORIENTED_EDGE('',*,*,#1087,.F.);
#1100=ORIENTED_EDGE('',*,*,#1099,.F.);
#1101=EDGE_LOOP('',(#1097,#1098,#1100));
#1102=FACE_OUTER_BOUND('',#1101,.F.);
#1104=CARTESIAN_POINT('',(0.E0,0.E0,0.E0));
#1105=DIRECTION('',(0.E0,-1.E0,0.E0));
#1106=DIRECTION('',(-1.E0,0.E0,0.E0));
#1107=AXIS2_PLACEMENT_3D('',#1104,#1105,#1106);
#1108=PLANE('',#1107);
#1109=ORIENTED_EDGE('',*,*,#1099,.T.);
#1110=ORIENTED_EDGE('',*,*,#1085,.F.);
#1111=EDGE_LOOP('',(#1109,#1110));
#1112=FACE_OUTER_BOUND('',#1111,.F.);
#1114=CLOSED_SHELL('',(#1091,#1103,#1113));
#1115=MANIFOLD_SOLID_BREP('',#1114);
#1116=FILL_AREA_STYLE_COLOUR('',#26);
#1117=FILL_AREA_STYLE('',(#1116));
#1118=SURFACE_STYLE_FILL_AREA(#1117);
#1119=SURFACE_SIDE_STYLE('',(#1118));
#1120=SURFACE_STYLE_USAGE(.BOTH.,#1119);
#1121=PRESENTATION_STYLE_ASSIGNMENT((#1120));
#1039=STYLED_ITEM('',(#1121),#1115);
#1124=PLANE_ANGLE_MEASURE_WITH_UNIT(PLANE_ANGLE_MEASURE(1.745329251994E-2),
#1123);
#1125=(CONVERSION_BASED_UNIT('DEGREE',#1124)NAMED_UNIT(*)PLANE_ANGLE_UNIT());
#1127=UNCERTAINTY_MEASURE_WITH_UNIT(LENGTH_MEASURE(5.590840656826E-5),#1122,
'distance_accuracy_value',
'Maximum model space distance between geometric entities at asserted connectivities');
#1129=CARTESIAN_POINT('',(0.E0,0.E0,0.E0));
#1130=DIRECTION('',(0.E0,0.E0,1.E0));
#1131=DIRECTION('',(1.E0,0.E0,0.E0));
#1134=PRODUCT_CONTEXT('',#233,'mechanical');
#1135=PRODUCT('SOLDER_BALL','SOLDER_BALL','NOT SPECIFIED',(#1134));
#1136=PRODUCT_DEFINITION_FORMATION('14','LAST_VERSION',#1135);
#1144=DERIVED_UNIT_ELEMENT(#1143,2.E0);
#1145=DERIVED_UNIT((#1144));
#1146=MEASURE_REPRESENTATION_ITEM('surface area measure',AREA_MEASURE(
3.593981995702E-1),#1145);
#1151=DERIVED_UNIT_ELEMENT(#1150,3.E0);
#1152=DERIVED_UNIT((#1151));
#1153=MEASURE_REPRESENTATION_ITEM('volume measure',VOLUME_MEASURE(
1.875949693223E-2),#1152);
#1157=CARTESIAN_POINT('centre point',(0.E0,1.079245282985E-1,0.E0));
#1162=DERIVED_UNIT_ELEMENT(#1161,2.E0);
#1163=DERIVED_UNIT((#1162));
#1164=MEASURE_REPRESENTATION_ITEM('surface area measure',AREA_MEASURE(
3.593981995702E-1),#1163);
#1169=DERIVED_UNIT_ELEMENT(#1168,3.E0);
#1170=DERIVED_UNIT((#1169));
#1171=MEASURE_REPRESENTATION_ITEM('volume measure',VOLUME_MEASURE(
1.875949693223E-2),#1170);
#1175=CARTESIAN_POINT('centre point',(0.E0,1.079245282985E-1,0.E0));
#1181=GENERAL_PROPERTY('','DESCRIPTION','user defined attribute');
#1182=GENERAL_PROPERTY_ASSOCIATION('user defined attribute','',#1181,#1180);
#1183=DESCRIPTIVE_REPRESENTATION_ITEM('DESCRIPTION','');
#1187=GENERAL_PROPERTY('','MODELED_BY','user defined attribute');
#1188=GENERAL_PROPERTY_ASSOCIATION('user defined attribute','',#1187,#1186);
#1189=DESCRIPTIVE_REPRESENTATION_ITEM('MODELED_BY','');
#1193=GENERAL_PROPERTY('','BALL_HEIGTH','user defined attribute');
#1194=GENERAL_PROPERTY_ASSOCIATION('user defined attribute','',#1193,#1192);
#1195=VALUE_REPRESENTATION_ITEM('BALL_HEIGTH',NUMERIC_MEASURE(1.75E-1));
#1198=DESCRIPTIVE_REPRESENTATION_ITEM('attribute description','Real Number');
#1204=CARTESIAN_POINT('centre point',(-5.6E0,5.6E0,1.500754717015E-1));
#1208=CARTESIAN_POINT('',(-5.6E0,5.6E0,2.58E-1));
#1209=DIRECTION('',(0.E0,1.E0,0.E0));
#1210=DIRECTION('',(1.E0,0.E0,0.E0));
#1211=AXIS2_PLACEMENT_3D('',#1208,#1209,#1210);
#1212=ITEM_DEFINED_TRANSFORMATION('','',#1132,#1211);
#1213=(REPRESENTATION_RELATIONSHIP('','',#1133,#316)REPRESENTATION_RELATIONSHIP_WITH_TRANSFORMATION(#1212)SHAPE_REPRESENTATION_RELATIONSHIP());
#1214=CONTEXT_DEPENDENT_SHAPE_REPRESENTATION(#1213,#1203);
#1217=CARTESIAN_POINT('centre point',(-4.8E0,5.6E0,1.500754717015E-1));
#1221=CARTESIAN_POINT('',(-4.8E0,5.6E0,2.58E-1));
#1222=DIRECTION('',(0.E0,1.E0,0.E0));
#1223=DIRECTION('',(1.E0,0.E0,0.E0));
#1224=AXIS2_PLACEMENT_3D('',#1221,#1222,#1223);
#1225=ITEM_DEFINED_TRANSFORMATION('','',#1132,#1224);
#1226=(REPRESENTATION_RELATIONSHIP('','',#1133,#316)REPRESENTATION_RELATIONSHIP_WITH_TRANSFORMATION(#1225)SHAPE_REPRESENTATION_RELATIONSHIP());
#1227=CONTEXT_DEPENDENT_SHAPE_REPRESENTATION(#1226,#1216);
#1230=CARTESIAN_POINT('centre point',(-4.E0,5.6E0,1.500754717015E-1));
#1234=CARTESIAN_POINT('',(-4.E0,5.6E0,2.58E-1));
#1235=DIRECTION('',(0.E0,1.E0,0.E0));
#1236=DIRECTION('',(1.E0,0.E0,0.E0));
#1237=AXIS2_PLACEMENT_3D('',#1234,#1235,#1236);
#1238=ITEM_DEFINED_TRANSFORMATION('','',#1132,#1237);
#1239=(REPRESENTATION_RELATIONSHIP('','',#1133,#316)REPRESENTATION_RELATIONSHIP_WITH_TRANSFORMATION(#1238)SHAPE_REPRESENTATION_RELATIONSHIP());
#1240=CONTEXT_DEPENDENT_SHAPE_REPRESENTATION(#1239,#1229);
#1243=CARTESIAN_POINT('centre point',(-3.2E0,5.6E0,1.500754717015E-1));
#1247=CARTESIAN_POINT('',(-3.2E0,5.6E0,2.58E-1));
#1248=DIRECTION('',(0.E0,1.E0,0.E0));
#1249=DIRECTION('',(1.E0,0.E0,0.E0));
#1250=AXIS2_PLACEMENT_3D('',#1247,#1248,#1249);
#1251=ITEM_DEFINED_TRANSFORMATION('','',#1132,#1250);
#1252=(REPRESENTATION_RELATIONSHIP('','',#1133,#316)REPRESENTATION_RELATIONSHIP_WITH_TRANSFORMATION(#1251)SHAPE_REPRESENTATION_RELATIONSHIP());
#1253=CONTEXT_DEPENDENT_SHAPE_REPRESENTATION(#1252,#1242);
#1256=CARTESIAN_POINT('centre point',(-2.4E0,5.6E0,1.500754717015E-1));
#1260=CARTESIAN_POINT('',(-2.4E0,5.6E0,2.58E-1));
#1261=DIRECTION('',(0.E0,1.E0,0.E0));
#1262=DIRECTION('',(1.E0,0.E0,0.E0));
#1263=AXIS2_PLACEMENT_3D('',#1260,#1261,#1262);
#1264=ITEM_DEFINED_TRANSFORMATION('','',#1132,#1263);
#1265=(REPRESENTATION_RELATIONSHIP('','',#1133,#316)REPRESENTATION_RELATIONSHIP_WITH_TRANSFORMATION(#1264)SHAPE_REPRESENTATION_RELATIONSHIP());
#1266=CONTEXT_DEPENDENT_SHAPE_REPRESENTATION(#1265,#1255);
#1269=CARTESIAN_POINT('centre point',(-1.6E0,5.6E0,1.500754717015E-1));
#1273=CARTESIAN_POINT('',(-1.6E0,5.6E0,2.58E-1));
#1274=DIRECTION('',(0.E0,1.E0,0.E0));
#1275=DIRECTION('',(1.E0,0.E0,0.E0));
#1276=AXIS2_PLACEMENT_3D('',#1273,#1274,#1275);
#1277=ITEM_DEFINED_TRANSFORMATION('','',#1132,#1276);
#1278=(REPRESENTATION_RELATIONSHIP('','',#1133,#316)REPRESENTATION_RELATIONSHIP_WITH_TRANSFORMATION(#1277)SHAPE_REPRESENTATION_RELATIONSHIP());
#1279=CONTEXT_DEPENDENT_SHAPE_REPRESENTATION(#1278,#1268);
#1282=CARTESIAN_POINT('centre point',(-8.E-1,5.6E0,1.500754717015E-1));
#1286=CARTESIAN_POINT('',(-8.E-1,5.6E0,2.58E-1));
#1287=DIRECTION('',(0.E0,1.E0,0.E0));
#1288=DIRECTION('',(1.E0,0.E0,0.E0));
#1289=AXIS2_PLACEMENT_3D('',#1286,#1287,#1288);
#1290=ITEM_DEFINED_TRANSFORMATION('','',#1132,#1289);
#1291=(REPRESENTATION_RELATIONSHIP('','',#1133,#316)REPRESENTATION_RELATIONSHIP_WITH_TRANSFORMATION(#1290)SHAPE_REPRESENTATION_RELATIONSHIP());
#1292=CONTEXT_DEPENDENT_SHAPE_REPRESENTATION(#1291,#1281);
#1295=CARTESIAN_POINT('centre point',(0.E0,5.6E0,1.500754717015E-1));
#1299=CARTESIAN_POINT('',(0.E0,5.6E0,2.58E-1));
#1300=DIRECTION('',(0.E0,1.E0,0.E0));
#1301=DIRECTION('',(1.E0,0.E0,0.E0));
#1302=AXIS2_PLACEMENT_3D('',#1299,#1300,#1301);
#1303=ITEM_DEFINED_TRANSFORMATION('','',#1132,#1302);
#1304=(REPRESENTATION_RELATIONSHIP('','',#1133,#316)REPRESENTATION_RELATIONSHIP_WITH_TRANSFORMATION(#1303)SHAPE_REPRESENTATION_RELATIONSHIP());
#1305=CONTEXT_DEPENDENT_SHAPE_REPRESENTATION(#1304,#1294);
#1308=CARTESIAN_POINT('centre point',(8.E-1,5.6E0,1.500754717015E-1));
#1312=CARTESIAN_POINT('',(8.E-1,5.6E0,2.58E-1));
#1313=DIRECTION('',(0.E0,1.E0,0.E0));
#1314=DIRECTION('',(1.E0,0.E0,0.E0));
#1315=AXIS2_PLACEMENT_3D('',#1312,#1313,#1314);
#1316=ITEM_DEFINED_TRANSFORMATION('','',#1132,#1315);
#1317=(REPRESENTATION_RELATIONSHIP('','',#1133,#316)REPRESENTATION_RELATIONSHIP_WITH_TRANSFORMATION(#1316)SHAPE_REPRESENTATION_RELATIONSHIP());
#1318=CONTEXT_DEPENDENT_SHAPE_REPRESENTATION(#1317,#1307);
#1321=CARTESIAN_POINT('centre point',(1.6E0,5.6E0,1.500754717015E-1));
#1325=CARTESIAN_POINT('',(1.6E0,5.6E0,2.58E-1));
#1326=DIRECTION('',(0.E0,1.E0,0.E0));
#1327=DIRECTION('',(1.E0,0.E0,0.E0));
#1328=AXIS2_PLACEMENT_3D('',#1325,#1326,#1327);
#1329=ITEM_DEFINED_TRANSFORMATION('','',#1132,#1328);
#1330=(REPRESENTATION_RELATIONSHIP('','',#1133,#316)REPRESENTATION_RELATIONSHIP_WITH_TRANSFORMATION(#1329)SHAPE_REPRESENTATION_RELATIONSHIP());
#1331=CONTEXT_DEPENDENT_SHAPE_REPRESENTATION(#1330,#1320);
#1334=CARTESIAN_POINT('centre point',(2.4E0,5.6E0,1.500754717015E-1));
#1338=CARTESIAN_POINT('',(2.4E0,5.6E0,2.58E-1));
#1339=DIRECTION('',(0.E0,1.E0,0.E0));
#1340=DIRECTION('',(1.E0,0.E0,0.E0));
#1341=AXIS2_PLACEMENT_3D('',#1338,#1339,#1340);
#1342=ITEM_DEFINED_TRANSFORMATION('','',#1132,#1341);
#1343=(REPRESENTATION_RELATIONSHIP('','',#1133,#316)REPRESENTATION_RELATIONSHIP_WITH_TRANSFORMATION(#1342)SHAPE_REPRESENTATION_RELATIONSHIP());
#1344=CONTEXT_DEPENDENT_SHAPE_REPRESENTATION(#1343,#1333);
#1347=CARTESIAN_POINT('centre point',(3.2E0,5.6E0,1.500754717015E-1));
#1351=CARTESIAN_POINT('',(3.2E0,5.6E0,2.58E-1));
#1352=DIRECTION('',(0.E0,1.E0,0.E0));
#1353=DIRECTION('',(1.E0,0.E0,0.E0));
#1354=AXIS2_PLACEMENT_3D('',#1351,#1352,#1353);
#1355=ITEM_DEFINED_TRANSFORMATION('','',#1132,#1354);
#1356=(REPRESENTATION_RELATIONSHIP('','',#1133,#316)REPRESENTATION_RELATIONSHIP_WITH_TRANSFORMATION(#1355)SHAPE_REPRESENTATION_RELATIONSHIP());
#1357=CONTEXT_DEPENDENT_SHAPE_REPRESENTATION(#1356,#1346);
#1360=CARTESIAN_POINT('centre point',(4.E0,5.6E0,1.500754717015E-1));
#1364=CARTESIAN_POINT('',(4.E0,5.6E0,2.58E-1));
#1365=DIRECTION('',(0.E0,1.E0,0.E0));
#1366=DIRECTION('',(1.E0,0.E0,0.E0));
#1367=AXIS2_PLACEMENT_3D('',#1364,#1365,#1366);
#1368=ITEM_DEFINED_TRANSFORMATION('','',#1132,#1367);
#1369=(REPRESENTATION_RELATIONSHIP('','',#1133,#316)REPRESENTATION_RELATIONSHIP_WITH_TRANSFORMATION(#1368)SHAPE_REPRESENTATION_RELATIONSHIP());
#1370=CONTEXT_DEPENDENT_SHAPE_REPRESENTATION(#1369,#1359);
#1373=CARTESIAN_POINT('centre point',(4.8E0,5.6E0,1.500754717015E-1));
#1377=CARTESIAN_POINT('',(4.8E0,5.6E0,2.58E-1));
#1378=DIRECTION('',(0.E0,1.E0,0.E0));
#1379=DIRECTION('',(1.E0,0.E0,0.E0));
#1380=AXIS2_PLACEMENT_3D('',#1377,#1378,#1379);
#1381=ITEM_DEFINED_TRANSFORMATION('','',#1132,#1380);
#1382=(REPRESENTATION_RELATIONSHIP('','',#1133,#316)REPRESENTATION_RELATIONSHIP_WITH_TRANSFORMATION(#1381)SHAPE_REPRESENTATION_RELATIONSHIP());
#1383=CONTEXT_DEPENDENT_SHAPE_REPRESENTATION(#1382,#1372);
#1386=CARTESIAN_POINT('centre point',(5.6E0,5.6E0,1.500754717015E-1));
#1390=CARTESIAN_POINT('',(5.6E0,5.6E0,2.58E-1));
#1391=DIRECTION('',(0.E0,1.E0,0.E0));
#1392=DIRECTION('',(1.E0,0.E0,0.E0));
#1393=AXIS2_PLACEMENT_3D('',#1390,#1391,#1392);
#1394=ITEM_DEFINED_TRANSFORMATION('','',#1132,#1393);
#1395=(REPRESENTATION_RELATIONSHIP('','',#1133,#316)REPRESENTATION_RELATIONSHIP_WITH_TRANSFORMATION(#1394)SHAPE_REPRESENTATION_RELATIONSHIP());
#1396=CONTEXT_DEPENDENT_SHAPE_REPRESENTATION(#1395,#1385);
#1399=CARTESIAN_POINT('centre point',(-5.6E0,4.8E0,1.500754717015E-1));
#1403=CARTESIAN_POINT('',(-5.6E0,4.8E0,2.58E-1));
#1404=DIRECTION('',(0.E0,1.E0,0.E0));
#1405=DIRECTION('',(1.E0,0.E0,0.E0));
#1406=AXIS2_PLACEMENT_3D('',#1403,#1404,#1405);
#1407=ITEM_DEFINED_TRANSFORMATION('','',#1132,#1406);
#1408=(REPRESENTATION_RELATIONSHIP('','',#1133,#316)REPRESENTATION_RELATIONSHIP_WITH_TRANSFORMATION(#1407)SHAPE_REPRESENTATION_RELATIONSHIP());
#1409=CONTEXT_DEPENDENT_SHAPE_REPRESENTATION(#1408,#1398);
#1412=CARTESIAN_POINT('centre point',(-4.8E0,4.8E0,1.500754717015E-1));
#1416=CARTESIAN_POINT('',(-4.8E0,4.8E0,2.58E-1));
#1417=DIRECTION('',(0.E0,1.E0,0.E0));
#1418=DIRECTION('',(1.E0,0.E0,0.E0));
#1419=AXIS2_PLACEMENT_3D('',#1416,#1417,#1418);
#1420=ITEM_DEFINED_TRANSFORMATION('','',#1132,#1419);
#1421=(REPRESENTATION_RELATIONSHIP('','',#1133,#316)REPRESENTATION_RELATIONSHIP_WITH_TRANSFORMATION(#1420)SHAPE_REPRESENTATION_RELATIONSHIP());
#1422=CONTEXT_DEPENDENT_SHAPE_REPRESENTATION(#1421,#1411);
#1425=CARTESIAN_POINT('centre point',(-4.E0,4.8E0,1.500754717015E-1));
#1429=CARTESIAN_POINT('',(-4.E0,4.8E0,2.58E-1));
#1430=DIRECTION('',(0.E0,1.E0,0.E0));
#1431=DIRECTION('',(1.E0,0.E0,0.E0));
#1432=AXIS2_PLACEMENT_3D('',#1429,#1430,#1431);
#1433=ITEM_DEFINED_TRANSFORMATION('','',#1132,#1432);
#1434=(REPRESENTATION_RELATIONSHIP('','',#1133,#316)REPRESENTATION_RELATIONSHIP_WITH_TRANSFORMATION(#1433)SHAPE_REPRESENTATION_RELATIONSHIP());
#1435=CONTEXT_DEPENDENT_SHAPE_REPRESENTATION(#1434,#1424);
#1438=CARTESIAN_POINT('centre point',(-3.2E0,4.8E0,1.500754717015E-1));
#1442=CARTESIAN_POINT('',(-3.2E0,4.8E0,2.58E-1));
#1443=DIRECTION('',(0.E0,1.E0,0.E0));
#1444=DIRECTION('',(1.E0,0.E0,0.E0));
#1445=AXIS2_PLACEMENT_3D('',#1442,#1443,#1444);
#1446=ITEM_DEFINED_TRANSFORMATION('','',#1132,#1445);
#1447=(REPRESENTATION_RELATIONSHIP('','',#1133,#316)REPRESENTATION_RELATIONSHIP_WITH_TRANSFORMATION(#1446)SHAPE_REPRESENTATION_RELATIONSHIP());
#1448=CONTEXT_DEPENDENT_SHAPE_REPRESENTATION(#1447,#1437);
#1451=CARTESIAN_POINT('centre point',(-2.4E0,4.8E0,1.500754717015E-1));
#1455=CARTESIAN_POINT('',(-2.4E0,4.8E0,2.58E-1));
#1456=DIRECTION('',(0.E0,1.E0,0.E0));
#1457=DIRECTION('',(1.E0,0.E0,0.E0));
#1458=AXIS2_PLACEMENT_3D('',#1455,#1456,#1457);
#1459=ITEM_DEFINED_TRANSFORMATION('','',#1132,#1458);
#1460=(REPRESENTATION_RELATIONSHIP('','',#1133,#316)REPRESENTATION_RELATIONSHIP_WITH_TRANSFORMATION(#1459)SHAPE_REPRESENTATION_RELATIONSHIP());
#1461=CONTEXT_DEPENDENT_SHAPE_REPRESENTATION(#1460,#1450);
#1464=CARTESIAN_POINT('centre point',(-1.6E0,4.8E0,1.500754717015E-1));
#1468=CARTESIAN_POINT('',(-1.6E0,4.8E0,2.58E-1));
#1469=DIRECTION('',(0.E0,1.E0,0.E0));
#1470=DIRECTION('',(1.E0,0.E0,0.E0));
#1471=AXIS2_PLACEMENT_3D('',#1468,#1469,#1470);
#1472=ITEM_DEFINED_TRANSFORMATION('','',#1132,#1471);
#1473=(REPRESENTATION_RELATIONSHIP('','',#1133,#316)REPRESENTATION_RELATIONSHIP_WITH_TRANSFORMATION(#1472)SHAPE_REPRESENTATION_RELATIONSHIP());
#1474=CONTEXT_DEPENDENT_SHAPE_REPRESENTATION(#1473,#1463);
#1477=CARTESIAN_POINT('centre point',(-8.E-1,4.8E0,1.500754717015E-1));
#1481=CARTESIAN_POINT('',(-8.E-1,4.8E0,2.58E-1));
#1482=DIRECTION('',(0.E0,1.E0,0.E0));
#1483=DIRECTION('',(1.E0,0.E0,0.E0));
#1484=AXIS2_PLACEMENT_3D('',#1481,#1482,#1483);
#1485=ITEM_DEFINED_TRANSFORMATION('','',#1132,#1484);
#1486=(REPRESENTATION_RELATIONSHIP('','',#1133,#316)REPRESENTATION_RELATIONSHIP_WITH_TRANSFORMATION(#1485)SHAPE_REPRESENTATION_RELATIONSHIP());
#1487=CONTEXT_DEPENDENT_SHAPE_REPRESENTATION(#1486,#1476);
#1490=CARTESIAN_POINT('centre point',(0.E0,4.8E0,1.500754717015E-1));
#1494=CARTESIAN_POINT('',(0.E0,4.8E0,2.58E-1));
#1495=DIRECTION('',(0.E0,1.E0,0.E0));
#1496=DIRECTION('',(1.E0,0.E0,0.E0));
#1497=AXIS2_PLACEMENT_3D('',#1494,#1495,#1496);
#1498=ITEM_DEFINED_TRANSFORMATION('','',#1132,#1497);
#1499=(REPRESENTATION_RELATIONSHIP('','',#1133,#316)REPRESENTATION_RELATIONSHIP_WITH_TRANSFORMATION(#1498)SHAPE_REPRESENTATION_RELATIONSHIP());
#1500=CONTEXT_DEPENDENT_SHAPE_REPRESENTATION(#1499,#1489);
#1503=CARTESIAN_POINT('centre point',(8.E-1,4.8E0,1.500754717015E-1));
#1507=CARTESIAN_POINT('',(8.E-1,4.8E0,2.58E-1));
#1508=DIRECTION('',(0.E0,1.E0,0.E0));
#1509=DIRECTION('',(1.E0,0.E0,0.E0));
#1510=AXIS2_PLACEMENT_3D('',#1507,#1508,#1509);
#1511=ITEM_DEFINED_TRANSFORMATION('','',#1132,#1510);
#1512=(REPRESENTATION_RELATIONSHIP('','',#1133,#316)REPRESENTATION_RELATIONSHIP_WITH_TRANSFORMATION(#1511)SHAPE_REPRESENTATION_RELATIONSHIP());
#1513=CONTEXT_DEPENDENT_SHAPE_REPRESENTATION(#1512,#1502);
#1516=CARTESIAN_POINT('centre point',(1.6E0,4.8E0,1.500754717015E-1));
#1520=CARTESIAN_POINT('',(1.6E0,4.8E0,2.58E-1));
#1521=DIRECTION('',(0.E0,1.E0,0.E0));
#1522=DIRECTION('',(1.E0,0.E0,0.E0));
#1523=AXIS2_PLACEMENT_3D('',#1520,#1521,#1522);
#1524=ITEM_DEFINED_TRANSFORMATION('','',#1132,#1523);
#1525=(REPRESENTATION_RELATIONSHIP('','',#1133,#316)REPRESENTATION_RELATIONSHIP_WITH_TRANSFORMATION(#1524)SHAPE_REPRESENTATION_RELATIONSHIP());
#1526=CONTEXT_DEPENDENT_SHAPE_REPRESENTATION(#1525,#1515);
#1529=CARTESIAN_POINT('centre point',(2.4E0,4.8E0,1.500754717015E-1));
#1533=CARTESIAN_POINT('',(2.4E0,4.8E0,2.58E-1));
#1534=DIRECTION('',(0.E0,1.E0,0.E0));
#1535=DIRECTION('',(1.E0,0.E0,0.E0));
#1536=AXIS2_PLACEMENT_3D('',#1533,#1534,#1535);
#1537=ITEM_DEFINED_TRANSFORMATION('','',#1132,#1536);
#1538=(REPRESENTATION_RELATIONSHIP('','',#1133,#316)REPRESENTATION_RELATIONSHIP_WITH_TRANSFORMATION(#1537)SHAPE_REPRESENTATION_RELATIONSHIP());
#1539=CONTEXT_DEPENDENT_SHAPE_REPRESENTATION(#1538,#1528);
#1542=CARTESIAN_POINT('centre point',(3.2E0,4.8E0,1.500754717015E-1));
#1546=CARTESIAN_POINT('',(3.2E0,4.8E0,2.58E-1));
#1547=DIRECTION('',(0.E0,1.E0,0.E0));
#1548=DIRECTION('',(1.E0,0.E0,0.E0));
#1549=AXIS2_PLACEMENT_3D('',#1546,#1547,#1548);
#1550=ITEM_DEFINED_TRANSFORMATION('','',#1132,#1549);
#1551=(REPRESENTATION_RELATIONSHIP('','',#1133,#316)REPRESENTATION_RELATIONSHIP_WITH_TRANSFORMATION(#1550)SHAPE_REPRESENTATION_RELATIONSHIP());
#1552=CONTEXT_DEPENDENT_SHAPE_REPRESENTATION(#1551,#1541);
#1555=CARTESIAN_POINT('centre point',(4.E0,4.8E0,1.500754717015E-1));
#1559=CARTESIAN_POINT('',(4.E0,4.8E0,2.58E-1));
#1560=DIRECTION('',(0.E0,1.E0,0.E0));
#1561=DIRECTION('',(1.E0,0.E0,0.E0));
#1562=AXIS2_PLACEMENT_3D('',#1559,#1560,#1561);
#1563=ITEM_DEFINED_TRANSFORMATION('','',#1132,#1562);
#1564=(REPRESENTATION_RELATIONSHIP('','',#1133,#316)REPRESENTATION_RELATIONSHIP_WITH_TRANSFORMATION(#1563)SHAPE_REPRESENTATION_RELATIONSHIP());
#1565=CONTEXT_DEPENDENT_SHAPE_REPRESENTATION(#1564,#1554);
#1568=CARTESIAN_POINT('centre point',(4.8E0,4.8E0,1.500754717015E-1));
#1572=CARTESIAN_POINT('',(4.8E0,4.8E0,2.58E-1));
#1573=DIRECTION('',(0.E0,1.E0,0.E0));
#1574=DIRECTION('',(1.E0,0.E0,0.E0));
#1575=AXIS2_PLACEMENT_3D('',#1572,#1573,#1574);
#1576=ITEM_DEFINED_TRANSFORMATION('','',#1132,#1575);
#1577=(REPRESENTATION_RELATIONSHIP('','',#1133,#316)REPRESENTATION_RELATIONSHIP_WITH_TRANSFORMATION(#1576)SHAPE_REPRESENTATION_RELATIONSHIP());
#1578=CONTEXT_DEPENDENT_SHAPE_REPRESENTATION(#1577,#1567);
#1581=CARTESIAN_POINT('centre point',(5.6E0,4.8E0,1.500754717015E-1));
#1585=CARTESIAN_POINT('',(5.6E0,4.8E0,2.58E-1));
#1586=DIRECTION('',(0.E0,1.E0,0.E0));
#1587=DIRECTION('',(1.E0,0.E0,0.E0));
#1588=AXIS2_PLACEMENT_3D('',#1585,#1586,#1587);
#1589=ITEM_DEFINED_TRANSFORMATION('','',#1132,#1588);
#1590=(REPRESENTATION_RELATIONSHIP('','',#1133,#316)REPRESENTATION_RELATIONSHIP_WITH_TRANSFORMATION(#1589)SHAPE_REPRESENTATION_RELATIONSHIP());
#1591=CONTEXT_DEPENDENT_SHAPE_REPRESENTATION(#1590,#1580);
#1594=CARTESIAN_POINT('centre point',(-5.6E0,4.E0,1.500754717015E-1));
#1598=CARTESIAN_POINT('',(-5.6E0,4.E0,2.58E-1));
#1599=DIRECTION('',(0.E0,1.E0,0.E0));
#1600=DIRECTION('',(1.E0,0.E0,0.E0));
#1601=AXIS2_PLACEMENT_3D('',#1598,#1599,#1600);
#1602=ITEM_DEFINED_TRANSFORMATION('','',#1132,#1601);
#1603=(REPRESENTATION_RELATIONSHIP('','',#1133,#316)REPRESENTATION_RELATIONSHIP_WITH_TRANSFORMATION(#1602)SHAPE_REPRESENTATION_RELATIONSHIP());
#1604=CONTEXT_DEPENDENT_SHAPE_REPRESENTATION(#1603,#1593);
#1607=CARTESIAN_POINT('centre point',(-4.8E0,4.E0,1.500754717015E-1));
#1611=CARTESIAN_POINT('',(-4.8E0,4.E0,2.58E-1));
#1612=DIRECTION('',(0.E0,1.E0,0.E0));
#1613=DIRECTION('',(1.E0,0.E0,0.E0));
#1614=AXIS2_PLACEMENT_3D('',#1611,#1612,#1613);
#1615=ITEM_DEFINED_TRANSFORMATION('','',#1132,#1614);
#1616=(REPRESENTATION_RELATIONSHIP('','',#1133,#316)REPRESENTATION_RELATIONSHIP_WITH_TRANSFORMATION(#1615)SHAPE_REPRESENTATION_RELATIONSHIP());
#1617=CONTEXT_DEPENDENT_SHAPE_REPRESENTATION(#1616,#1606);
#1620=CARTESIAN_POINT('centre point',(-4.E0,4.E0,1.500754717015E-1));
#1624=CARTESIAN_POINT('',(-4.E0,4.E0,2.58E-1));
#1625=DIRECTION('',(0.E0,1.E0,0.E0));
#1626=DIRECTION('',(1.E0,0.E0,0.E0));
#1627=AXIS2_PLACEMENT_3D('',#1624,#1625,#1626);
#1628=ITEM_DEFINED_TRANSFORMATION('','',#1132,#1627);
#1629=(REPRESENTATION_RELATIONSHIP('','',#1133,#316)REPRESENTATION_RELATIONSHIP_WITH_TRANSFORMATION(#1628)SHAPE_REPRESENTATION_RELATIONSHIP());
#1630=CONTEXT_DEPENDENT_SHAPE_REPRESENTATION(#1629,#1619);
#1633=CARTESIAN_POINT('centre point',(-3.2E0,4.E0,1.500754717015E-1));
#1637=CARTESIAN_POINT('',(-3.2E0,4.E0,2.58E-1));
#1638=DIRECTION('',(0.E0,1.E0,0.E0));
#1639=DIRECTION('',(1.E0,0.E0,0.E0));
#1640=AXIS2_PLACEMENT_3D('',#1637,#1638,#1639);
#1641=ITEM_DEFINED_TRANSFORMATION('','',#1132,#1640);
#1642=(REPRESENTATION_RELATIONSHIP('','',#1133,#316)REPRESENTATION_RELATIONSHIP_WITH_TRANSFORMATION(#1641)SHAPE_REPRESENTATION_RELATIONSHIP());
#1643=CONTEXT_DEPENDENT_SHAPE_REPRESENTATION(#1642,#1632);
#1646=CARTESIAN_POINT('centre point',(-2.4E0,4.E0,1.500754717015E-1));
#1650=CARTESIAN_POINT('',(-2.4E0,4.E0,2.58E-1));
#1651=DIRECTION('',(0.E0,1.E0,0.E0));
#1652=DIRECTION('',(1.E0,0.E0,0.E0));
#1653=AXIS2_PLACEMENT_3D('',#1650,#1651,#1652);
#1654=ITEM_DEFINED_TRANSFORMATION('','',#1132,#1653);
#1655=(REPRESENTATION_RELATIONSHIP('','',#1133,#316)REPRESENTATION_RELATIONSHIP_WITH_TRANSFORMATION(#1654)SHAPE_REPRESENTATION_RELATIONSHIP());
#1656=CONTEXT_DEPENDENT_SHAPE_REPRESENTATION(#1655,#1645);
#1659=CARTESIAN_POINT('centre point',(-1.6E0,4.E0,1.500754717015E-1));
#1663=CARTESIAN_POINT('',(-1.6E0,4.E0,2.58E-1));
#1664=DIRECTION('',(0.E0,1.E0,0.E0));
#1665=DIRECTION('',(1.E0,0.E0,0.E0));
#1666=AXIS2_PLACEMENT_3D('',#1663,#1664,#1665);
#1667=ITEM_DEFINED_TRANSFORMATION('','',#1132,#1666);
#1668=(REPRESENTATION_RELATIONSHIP('','',#1133,#316)REPRESENTATION_RELATIONSHIP_WITH_TRANSFORMATION(#1667)SHAPE_REPRESENTATION_RELATIONSHIP());
#1669=CONTEXT_DEPENDENT_SHAPE_REPRESENTATION(#1668,#1658);
#1672=CARTESIAN_POINT('centre point',(-8.E-1,4.E0,1.500754717015E-1));
#1676=CARTESIAN_POINT('',(-8.E-1,4.E0,2.58E-1));
#1677=DIRECTION('',(0.E0,1.E0,0.E0));
#1678=DIRECTION('',(1.E0,0.E0,0.E0));
#1679=AXIS2_PLACEMENT_3D('',#1676,#1677,#1678);
#1680=ITEM_DEFINED_TRANSFORMATION('','',#1132,#1679);
#1681=(REPRESENTATION_RELATIONSHIP('','',#1133,#316)REPRESENTATION_RELATIONSHIP_WITH_TRANSFORMATION(#1680)SHAPE_REPRESENTATION_RELATIONSHIP());
#1682=CONTEXT_DEPENDENT_SHAPE_REPRESENTATION(#1681,#1671);
#1685=CARTESIAN_POINT('centre point',(0.E0,4.E0,1.500754717015E-1));
#1689=CARTESIAN_POINT('',(0.E0,4.E0,2.58E-1));
#1690=DIRECTION('',(0.E0,1.E0,0.E0));
#1691=DIRECTION('',(1.E0,0.E0,0.E0));
#1692=AXIS2_PLACEMENT_3D('',#1689,#1690,#1691);
#1693=ITEM_DEFINED_TRANSFORMATION('','',#1132,#1692);
#1694=(REPRESENTATION_RELATIONSHIP('','',#1133,#316)REPRESENTATION_RELATIONSHIP_WITH_TRANSFORMATION(#1693)SHAPE_REPRESENTATION_RELATIONSHIP());
#1695=CONTEXT_DEPENDENT_SHAPE_REPRESENTATION(#1694,#1684);
#1698=CARTESIAN_POINT('centre point',(8.E-1,4.E0,1.500754717015E-1));
#1702=CARTESIAN_POINT('',(8.E-1,4.E0,2.58E-1));
#1703=DIRECTION('',(0.E0,1.E0,0.E0));
#1704=DIRECTION('',(1.E0,0.E0,0.E0));
#1705=AXIS2_PLACEMENT_3D('',#1702,#1703,#1704);
#1706=ITEM_DEFINED_TRANSFORMATION('','',#1132,#1705);
#1707=(REPRESENTATION_RELATIONSHIP('','',#1133,#316)REPRESENTATION_RELATIONSHIP_WITH_TRANSFORMATION(#1706)SHAPE_REPRESENTATION_RELATIONSHIP());
#1708=CONTEXT_DEPENDENT_SHAPE_REPRESENTATION(#1707,#1697);
#1711=CARTESIAN_POINT('centre point',(1.6E0,4.E0,1.500754717015E-1));
#1715=CARTESIAN_POINT('',(1.6E0,4.E0,2.58E-1));
#1716=DIRECTION('',(0.E0,1.E0,0.E0));
#1717=DIRECTION('',(1.E0,0.E0,0.E0));
#1718=AXIS2_PLACEMENT_3D('',#1715,#1716,#1717);
#1719=ITEM_DEFINED_TRANSFORMATION('','',#1132,#1718);
#1720=(REPRESENTATION_RELATIONSHIP('','',#1133,#316)REPRESENTATION_RELATIONSHIP_WITH_TRANSFORMATION(#1719)SHAPE_REPRESENTATION_RELATIONSHIP());
#1721=CONTEXT_DEPENDENT_SHAPE_REPRESENTATION(#1720,#1710);
#1724=CARTESIAN_POINT('centre point',(2.4E0,4.E0,1.500754717015E-1));
#1728=CARTESIAN_POINT('',(2.4E0,4.E0,2.58E-1));
#1729=DIRECTION('',(0.E0,1.E0,0.E0));
#1730=DIRECTION('',(1.E0,0.E0,0.E0));
#1731=AXIS2_PLACEMENT_3D('',#1728,#1729,#1730);
#1732=ITEM_DEFINED_TRANSFORMATION('','',#1132,#1731);
#1733=(REPRESENTATION_RELATIONSHIP('','',#1133,#316)REPRESENTATION_RELATIONSHIP_WITH_TRANSFORMATION(#1732)SHAPE_REPRESENTATION_RELATIONSHIP());
#1734=CONTEXT_DEPENDENT_SHAPE_REPRESENTATION(#1733,#1723);
#1737=CARTESIAN_POINT('centre point',(3.2E0,4.E0,1.500754717015E-1));
#1741=CARTESIAN_POINT('',(3.2E0,4.E0,2.58E-1));
#1742=DIRECTION('',(0.E0,1.E0,0.E0));
#1743=DIRECTION('',(1.E0,0.E0,0.E0));
#1744=AXIS2_PLACEMENT_3D('',#1741,#1742,#1743);
#1745=ITEM_DEFINED_TRANSFORMATION('','',#1132,#1744);
#1746=(REPRESENTATION_RELATIONSHIP('','',#1133,#316)REPRESENTATION_RELATIONSHIP_WITH_TRANSFORMATION(#1745)SHAPE_REPRESENTATION_RELATIONSHIP());
#1747=CONTEXT_DEPENDENT_SHAPE_REPRESENTATION(#1746,#1736);
#1750=CARTESIAN_POINT('centre point',(4.E0,4.E0,1.500754717015E-1));
#1754=CARTESIAN_POINT('',(4.E0,4.E0,2.58E-1));
#1755=DIRECTION('',(0.E0,1.E0,0.E0));
#1756=DIRECTION('',(1.E0,0.E0,0.E0));
#1757=AXIS2_PLACEMENT_3D('',#1754,#1755,#1756);
#1758=ITEM_DEFINED_TRANSFORMATION('','',#1132,#1757);
#1759=(REPRESENTATION_RELATIONSHIP('','',#1133,#316)REPRESENTATION_RELATIONSHIP_WITH_TRANSFORMATION(#1758)SHAPE_REPRESENTATION_RELATIONSHIP());
#1760=CONTEXT_DEPENDENT_SHAPE_REPRESENTATION(#1759,#1749);
#1763=CARTESIAN_POINT('centre point',(4.8E0,4.E0,1.500754717015E-1));
#1767=CARTESIAN_POINT('',(4.8E0,4.E0,2.58E-1));
#1768=DIRECTION('',(0.E0,1.E0,0.E0));
#1769=DIRECTION('',(1.E0,0.E0,0.E0));
#1770=AXIS2_PLACEMENT_3D('',#1767,#1768,#1769);
#1771=ITEM_DEFINED_TRANSFORMATION('','',#1132,#1770);
#1772=(REPRESENTATION_RELATIONSHIP('','',#1133,#316)REPRESENTATION_RELATIONSHIP_WITH_TRANSFORMATION(#1771)SHAPE_REPRESENTATION_RELATIONSHIP());
#1773=CONTEXT_DEPENDENT_SHAPE_REPRESENTATION(#1772,#1762);
#1776=CARTESIAN_POINT('centre point',(5.6E0,4.E0,1.500754717015E-1));
#1780=CARTESIAN_POINT('',(5.6E0,4.E0,2.58E-1));
#1781=DIRECTION('',(0.E0,1.E0,0.E0));
#1782=DIRECTION('',(1.E0,0.E0,0.E0));
#1783=AXIS2_PLACEMENT_3D('',#1780,#1781,#1782);
#1784=ITEM_DEFINED_TRANSFORMATION('','',#1132,#1783);
#1785=(REPRESENTATION_RELATIONSHIP('','',#1133,#316)REPRESENTATION_RELATIONSHIP_WITH_TRANSFORMATION(#1784)SHAPE_REPRESENTATION_RELATIONSHIP());
#1786=CONTEXT_DEPENDENT_SHAPE_REPRESENTATION(#1785,#1775);
#1789=CARTESIAN_POINT('centre point',(-5.6E0,3.2E0,1.500754717015E-1));
#1793=CARTESIAN_POINT('',(-5.6E0,3.2E0,2.58E-1));
#1794=DIRECTION('',(0.E0,1.E0,0.E0));
#1795=DIRECTION('',(1.E0,0.E0,0.E0));
#1796=AXIS2_PLACEMENT_3D('',#1793,#1794,#1795);
#1797=ITEM_DEFINED_TRANSFORMATION('','',#1132,#1796);
#1798=(REPRESENTATION_RELATIONSHIP('','',#1133,#316)REPRESENTATION_RELATIONSHIP_WITH_TRANSFORMATION(#1797)SHAPE_REPRESENTATION_RELATIONSHIP());
#1799=CONTEXT_DEPENDENT_SHAPE_REPRESENTATION(#1798,#1788);
#1802=CARTESIAN_POINT('centre point',(-4.8E0,3.2E0,1.500754717015E-1));
#1806=CARTESIAN_POINT('',(-4.8E0,3.2E0,2.58E-1));
#1807=DIRECTION('',(0.E0,1.E0,0.E0));
#1808=DIRECTION('',(1.E0,0.E0,0.E0));
#1809=AXIS2_PLACEMENT_3D('',#1806,#1807,#1808);
#1810=ITEM_DEFINED_TRANSFORMATION('','',#1132,#1809);
#1811=(REPRESENTATION_RELATIONSHIP('','',#1133,#316)REPRESENTATION_RELATIONSHIP_WITH_TRANSFORMATION(#1810)SHAPE_REPRESENTATION_RELATIONSHIP());
#1812=CONTEXT_DEPENDENT_SHAPE_REPRESENTATION(#1811,#1801);
#1815=CARTESIAN_POINT('centre point',(-4.E0,3.2E0,1.500754717015E-1));
#1819=CARTESIAN_POINT('',(-4.E0,3.2E0,2.58E-1));
#1820=DIRECTION('',(0.E0,1.E0,0.E0));
#1821=DIRECTION('',(1.E0,0.E0,0.E0));
#1822=AXIS2_PLACEMENT_3D('',#1819,#1820,#1821);
#1823=ITEM_DEFINED_TRANSFORMATION('','',#1132,#1822);
#1824=(REPRESENTATION_RELATIONSHIP('','',#1133,#316)REPRESENTATION_RELATIONSHIP_WITH_TRANSFORMATION(#1823)SHAPE_REPRESENTATION_RELATIONSHIP());
#1825=CONTEXT_DEPENDENT_SHAPE_REPRESENTATION(#1824,#1814);
#1828=CARTESIAN_POINT('centre point',(-3.2E0,3.2E0,1.500754717015E-1));
#1832=CARTESIAN_POINT('',(-3.2E0,3.2E0,2.58E-1));
#1833=DIRECTION('',(0.E0,1.E0,0.E0));
#1834=DIRECTION('',(1.E0,0.E0,0.E0));
#1835=AXIS2_PLACEMENT_3D('',#1832,#1833,#1834);
#1836=ITEM_DEFINED_TRANSFORMATION('','',#1132,#1835);
#1837=(REPRESENTATION_RELATIONSHIP('','',#1133,#316)REPRESENTATION_RELATIONSHIP_WITH_TRANSFORMATION(#1836)SHAPE_REPRESENTATION_RELATIONSHIP());
#1838=CONTEXT_DEPENDENT_SHAPE_REPRESENTATION(#1837,#1827);
#1841=CARTESIAN_POINT('centre point',(-2.4E0,3.2E0,1.500754717015E-1));
#1845=CARTESIAN_POINT('',(-2.4E0,3.2E0,2.58E-1));
#1846=DIRECTION('',(0.E0,1.E0,0.E0));
#1847=DIRECTION('',(1.E0,0.E0,0.E0));
#1848=AXIS2_PLACEMENT_3D('',#1845,#1846,#1847);
#1849=ITEM_DEFINED_TRANSFORMATION('','',#1132,#1848);
#1850=(REPRESENTATION_RELATIONSHIP('','',#1133,#316)REPRESENTATION_RELATIONSHIP_WITH_TRANSFORMATION(#1849)SHAPE_REPRESENTATION_RELATIONSHIP());
#1851=CONTEXT_DEPENDENT_SHAPE_REPRESENTATION(#1850,#1840);
#1854=CARTESIAN_POINT('centre point',(-1.6E0,3.2E0,1.500754717015E-1));
#1858=CARTESIAN_POINT('',(-1.6E0,3.2E0,2.58E-1));
#1859=DIRECTION('',(0.E0,1.E0,0.E0));
#1860=DIRECTION('',(1.E0,0.E0,0.E0));
#1861=AXIS2_PLACEMENT_3D('',#1858,#1859,#1860);
#1862=ITEM_DEFINED_TRANSFORMATION('','',#1132,#1861);
#1863=(REPRESENTATION_RELATIONSHIP('','',#1133,#316)REPRESENTATION_RELATIONSHIP_WITH_TRANSFORMATION(#1862)SHAPE_REPRESENTATION_RELATIONSHIP());
#1864=CONTEXT_DEPENDENT_SHAPE_REPRESENTATION(#1863,#1853);
#1867=CARTESIAN_POINT('centre point',(-8.E-1,3.2E0,1.500754717015E-1));
#1871=CARTESIAN_POINT('',(-8.E-1,3.2E0,2.58E-1));
#1872=DIRECTION('',(0.E0,1.E0,0.E0));
#1873=DIRECTION('',(1.E0,0.E0,0.E0));
#1874=AXIS2_PLACEMENT_3D('',#1871,#1872,#1873);
#1875=ITEM_DEFINED_TRANSFORMATION('','',#1132,#1874);
#1876=(REPRESENTATION_RELATIONSHIP('','',#1133,#316)REPRESENTATION_RELATIONSHIP_WITH_TRANSFORMATION(#1875)SHAPE_REPRESENTATION_RELATIONSHIP());
#1877=CONTEXT_DEPENDENT_SHAPE_REPRESENTATION(#1876,#1866);
#1880=CARTESIAN_POINT('centre point',(0.E0,3.2E0,1.500754717015E-1));
#1884=CARTESIAN_POINT('',(0.E0,3.2E0,2.58E-1));
#1885=DIRECTION('',(0.E0,1.E0,0.E0));
#1886=DIRECTION('',(1.E0,0.E0,0.E0));
#1887=AXIS2_PLACEMENT_3D('',#1884,#1885,#1886);
#1888=ITEM_DEFINED_TRANSFORMATION('','',#1132,#1887);
#1889=(REPRESENTATION_RELATIONSHIP('','',#1133,#316)REPRESENTATION_RELATIONSHIP_WITH_TRANSFORMATION(#1888)SHAPE_REPRESENTATION_RELATIONSHIP());
#1890=CONTEXT_DEPENDENT_SHAPE_REPRESENTATION(#1889,#1879);
#1893=CARTESIAN_POINT('centre point',(8.E-1,3.2E0,1.500754717015E-1));
#1897=CARTESIAN_POINT('',(8.E-1,3.2E0,2.58E-1));
#1898=DIRECTION('',(0.E0,1.E0,0.E0));
#1899=DIRECTION('',(1.E0,0.E0,0.E0));
#1900=AXIS2_PLACEMENT_3D('',#1897,#1898,#1899);
#1901=ITEM_DEFINED_TRANSFORMATION('','',#1132,#1900);
#1902=(REPRESENTATION_RELATIONSHIP('','',#1133,#316)REPRESENTATION_RELATIONSHIP_WITH_TRANSFORMATION(#1901)SHAPE_REPRESENTATION_RELATIONSHIP());
#1903=CONTEXT_DEPENDENT_SHAPE_REPRESENTATION(#1902,#1892);
#1906=CARTESIAN_POINT('centre point',(1.6E0,3.2E0,1.500754717015E-1));
#1910=CARTESIAN_POINT('',(1.6E0,3.2E0,2.58E-1));
#1911=DIRECTION('',(0.E0,1.E0,0.E0));
#1912=DIRECTION('',(1.E0,0.E0,0.E0));
#1913=AXIS2_PLACEMENT_3D('',#1910,#1911,#1912);
#1914=ITEM_DEFINED_TRANSFORMATION('','',#1132,#1913);
#1915=(REPRESENTATION_RELATIONSHIP('','',#1133,#316)REPRESENTATION_RELATIONSHIP_WITH_TRANSFORMATION(#1914)SHAPE_REPRESENTATION_RELATIONSHIP());
#1916=CONTEXT_DEPENDENT_SHAPE_REPRESENTATION(#1915,#1905);
#1919=CARTESIAN_POINT('centre point',(2.4E0,3.2E0,1.500754717015E-1));
#1923=CARTESIAN_POINT('',(2.4E0,3.2E0,2.58E-1));
#1924=DIRECTION('',(0.E0,1.E0,0.E0));
#1925=DIRECTION('',(1.E0,0.E0,0.E0));
#1926=AXIS2_PLACEMENT_3D('',#1923,#1924,#1925);
#1927=ITEM_DEFINED_TRANSFORMATION('','',#1132,#1926);
#1928=(REPRESENTATION_RELATIONSHIP('','',#1133,#316)REPRESENTATION_RELATIONSHIP_WITH_TRANSFORMATION(#1927)SHAPE_REPRESENTATION_RELATIONSHIP());
#1929=CONTEXT_DEPENDENT_SHAPE_REPRESENTATION(#1928,#1918);
#1932=CARTESIAN_POINT('centre point',(3.2E0,3.2E0,1.500754717015E-1));
#1936=CARTESIAN_POINT('',(3.2E0,3.2E0,2.58E-1));
#1937=DIRECTION('',(0.E0,1.E0,0.E0));
#1938=DIRECTION('',(1.E0,0.E0,0.E0));
#1939=AXIS2_PLACEMENT_3D('',#1936,#1937,#1938);
#1940=ITEM_DEFINED_TRANSFORMATION('','',#1132,#1939);
#1941=(REPRESENTATION_RELATIONSHIP('','',#1133,#316)REPRESENTATION_RELATIONSHIP_WITH_TRANSFORMATION(#1940)SHAPE_REPRESENTATION_RELATIONSHIP());
#1942=CONTEXT_DEPENDENT_SHAPE_REPRESENTATION(#1941,#1931);
#1945=CARTESIAN_POINT('centre point',(4.E0,3.2E0,1.500754717015E-1));
#1949=CARTESIAN_POINT('',(4.E0,3.2E0,2.58E-1));
#1950=DIRECTION('',(0.E0,1.E0,0.E0));
#1951=DIRECTION('',(1.E0,0.E0,0.E0));
#1952=AXIS2_PLACEMENT_3D('',#1949,#1950,#1951);
#1953=ITEM_DEFINED_TRANSFORMATION('','',#1132,#1952);
#1954=(REPRESENTATION_RELATIONSHIP('','',#1133,#316)REPRESENTATION_RELATIONSHIP_WITH_TRANSFORMATION(#1953)SHAPE_REPRESENTATION_RELATIONSHIP());
#1955=CONTEXT_DEPENDENT_SHAPE_REPRESENTATION(#1954,#1944);
#1958=CARTESIAN_POINT('centre point',(4.8E0,3.2E0,1.500754717015E-1));
#1962=CARTESIAN_POINT('',(4.8E0,3.2E0,2.58E-1));
#1963=DIRECTION('',(0.E0,1.E0,0.E0));
#1964=DIRECTION('',(1.E0,0.E0,0.E0));
#1965=AXIS2_PLACEMENT_3D('',#1962,#1963,#1964);
#1966=ITEM_DEFINED_TRANSFORMATION('','',#1132,#1965);
#1967=(REPRESENTATION_RELATIONSHIP('','',#1133,#316)REPRESENTATION_RELATIONSHIP_WITH_TRANSFORMATION(#1966)SHAPE_REPRESENTATION_RELATIONSHIP());
#1968=CONTEXT_DEPENDENT_SHAPE_REPRESENTATION(#1967,#1957);
#1971=CARTESIAN_POINT('centre point',(5.6E0,3.2E0,1.500754717015E-1));
#1975=CARTESIAN_POINT('',(5.6E0,3.2E0,2.58E-1));
#1976=DIRECTION('',(0.E0,1.E0,0.E0));
#1977=DIRECTION('',(1.E0,0.E0,0.E0));
#1978=AXIS2_PLACEMENT_3D('',#1975,#1976,#1977);
#1979=ITEM_DEFINED_TRANSFORMATION('','',#1132,#1978);
#1980=(REPRESENTATION_RELATIONSHIP('','',#1133,#316)REPRESENTATION_RELATIONSHIP_WITH_TRANSFORMATION(#1979)SHAPE_REPRESENTATION_RELATIONSHIP());
#1981=CONTEXT_DEPENDENT_SHAPE_REPRESENTATION(#1980,#1970);
#1984=CARTESIAN_POINT('centre point',(-5.6E0,2.4E0,1.500754717015E-1));
#1988=CARTESIAN_POINT('',(-5.6E0,2.4E0,2.58E-1));
#1989=DIRECTION('',(0.E0,1.E0,0.E0));
#1990=DIRECTION('',(1.E0,0.E0,0.E0));
#1991=AXIS2_PLACEMENT_3D('',#1988,#1989,#1990);
#1992=ITEM_DEFINED_TRANSFORMATION('','',#1132,#1991);
#1993=(REPRESENTATION_RELATIONSHIP('','',#1133,#316)REPRESENTATION_RELATIONSHIP_WITH_TRANSFORMATION(#1992)SHAPE_REPRESENTATION_RELATIONSHIP());
#1994=CONTEXT_DEPENDENT_SHAPE_REPRESENTATION(#1993,#1983);
#1997=CARTESIAN_POINT('centre point',(-4.8E0,2.4E0,1.500754717015E-1));
#2001=CARTESIAN_POINT('',(-4.8E0,2.4E0,2.58E-1));
#2002=DIRECTION('',(0.E0,1.E0,0.E0));
#2003=DIRECTION('',(1.E0,0.E0,0.E0));
#2004=AXIS2_PLACEMENT_3D('',#2001,#2002,#2003);
#2005=ITEM_DEFINED_TRANSFORMATION('','',#1132,#2004);
#2006=(REPRESENTATION_RELATIONSHIP('','',#1133,#316)REPRESENTATION_RELATIONSHIP_WITH_TRANSFORMATION(#2005)SHAPE_REPRESENTATION_RELATIONSHIP());
#2007=CONTEXT_DEPENDENT_SHAPE_REPRESENTATION(#2006,#1996);
#2010=CARTESIAN_POINT('centre point',(-4.E0,2.4E0,1.500754717015E-1));
#2014=CARTESIAN_POINT('',(-4.E0,2.4E0,2.58E-1));
#2015=DIRECTION('',(0.E0,1.E0,0.E0));
#2016=DIRECTION('',(1.E0,0.E0,0.E0));
#2017=AXIS2_PLACEMENT_3D('',#2014,#2015,#2016);
#2018=ITEM_DEFINED_TRANSFORMATION('','',#1132,#2017);
#2019=(REPRESENTATION_RELATIONSHIP('','',#1133,#316)REPRESENTATION_RELATIONSHIP_WITH_TRANSFORMATION(#2018)SHAPE_REPRESENTATION_RELATIONSHIP());
#2020=CONTEXT_DEPENDENT_SHAPE_REPRESENTATION(#2019,#2009);
#2023=CARTESIAN_POINT('centre point',(-3.2E0,2.4E0,1.500754717015E-1));
#2027=CARTESIAN_POINT('',(-3.2E0,2.4E0,2.58E-1));
#2028=DIRECTION('',(0.E0,1.E0,0.E0));
#2029=DIRECTION('',(1.E0,0.E0,0.E0));
#2030=AXIS2_PLACEMENT_3D('',#2027,#2028,#2029);
#2031=ITEM_DEFINED_TRANSFORMATION('','',#1132,#2030);
#2032=(REPRESENTATION_RELATIONSHIP('','',#1133,#316)REPRESENTATION_RELATIONSHIP_WITH_TRANSFORMATION(#2031)SHAPE_REPRESENTATION_RELATIONSHIP());
#2033=CONTEXT_DEPENDENT_SHAPE_REPRESENTATION(#2032,#2022);
#2036=PLANE_ANGLE_MEASURE_WITH_UNIT(PLANE_ANGLE_MEASURE(1.745329251994E-2),
#2035);
#2037=(CONVERSION_BASED_UNIT('DEGREE',#2036)NAMED_UNIT(*)PLANE_ANGLE_UNIT());
#2039=UNCERTAINTY_MEASURE_WITH_UNIT(LENGTH_MEASURE(5.590840656826E-5),#2034,
'distance_accuracy_value',
'Maximum model space distance between geometric entities at asserted connectivities');
#2041=CARTESIAN_POINT('',(0.E0,0.E0,0.E0));
#2042=DIRECTION('',(0.E0,0.E0,1.E0));
#2043=DIRECTION('',(1.E0,0.E0,0.E0));
#2046=PRODUCT_DEFINITION_CONTEXT('part definition',#233,'design');
#2047=PRODUCT_CONTEXT('',#233,'mechanical');
#2048=PRODUCT('SOLDER_BALL_AF0','SOLDER_BALL_AF0','NOT SPECIFIED',(#2047));
#2049=PRODUCT_DEFINITION_FORMATION('14','LAST_VERSION',#2048);
#2054=GENERAL_PROPERTY('','DESCRIPTION','user defined attribute');
#2055=GENERAL_PROPERTY_ASSOCIATION('user defined attribute','',#2054,#2053);
#2056=DESCRIPTIVE_REPRESENTATION_ITEM('DESCRIPTION','');
#2060=GENERAL_PROPERTY('','MODELED_BY','user defined attribute');
#2061=GENERAL_PROPERTY_ASSOCIATION('user defined attribute','',#2060,#2059);
#2062=DESCRIPTIVE_REPRESENTATION_ITEM('MODELED_BY','');
#2066=GENERAL_PROPERTY('','BALL_HEIGTH','user defined attribute');
#2067=GENERAL_PROPERTY_ASSOCIATION('user defined attribute','',#2066,#2065);
#2068=VALUE_REPRESENTATION_ITEM('BALL_HEIGTH',NUMERIC_MEASURE(1.75E-1));
#2071=DESCRIPTIVE_REPRESENTATION_ITEM('attribute description','Real Number');
#2077=CARTESIAN_POINT('',(-2.4E0,2.4E0,2.58E-1));
#2078=DIRECTION('',(0.E0,1.E0,0.E0));
#2079=DIRECTION('',(1.E0,0.E0,0.E0));
#2080=AXIS2_PLACEMENT_3D('',#2077,#2078,#2079);
#2081=ITEM_DEFINED_TRANSFORMATION('','',#2044,#2080);
#2082=(REPRESENTATION_RELATIONSHIP('','',#2045,#316)REPRESENTATION_RELATIONSHIP_WITH_TRANSFORMATION(#2081)SHAPE_REPRESENTATION_RELATIONSHIP());
#2083=CONTEXT_DEPENDENT_SHAPE_REPRESENTATION(#2082,#2076);
#2086=PLANE_ANGLE_MEASURE_WITH_UNIT(PLANE_ANGLE_MEASURE(1.745329251994E-2),
#2085);
#2087=(CONVERSION_BASED_UNIT('DEGREE',#2086)NAMED_UNIT(*)PLANE_ANGLE_UNIT());
#2089=UNCERTAINTY_MEASURE_WITH_UNIT(LENGTH_MEASURE(5.590840656826E-5),#2084,
'distance_accuracy_value',
'Maximum model space distance between geometric entities at asserted connectivities');
#2091=CARTESIAN_POINT('',(0.E0,0.E0,0.E0));
#2092=DIRECTION('',(0.E0,0.E0,1.E0));
#2093=DIRECTION('',(1.E0,0.E0,0.E0));
#2096=PRODUCT_CONTEXT('',#233,'mechanical');
#2097=PRODUCT('SOLDER_BALL_AF1','SOLDER_BALL_AF1','NOT SPECIFIED',(#2096));
#2098=PRODUCT_DEFINITION_FORMATION('14','LAST_VERSION',#2097);
#2103=GENERAL_PROPERTY('','DESCRIPTION','user defined attribute');
#2104=GENERAL_PROPERTY_ASSOCIATION('user defined attribute','',#2103,#2102);
#2105=DESCRIPTIVE_REPRESENTATION_ITEM('DESCRIPTION','');
#2109=GENERAL_PROPERTY('','MODELED_BY','user defined attribute');
#2110=GENERAL_PROPERTY_ASSOCIATION('user defined attribute','',#2109,#2108);
#2111=DESCRIPTIVE_REPRESENTATION_ITEM('MODELED_BY','');
#2115=GENERAL_PROPERTY('','BALL_HEIGTH','user defined attribute');
#2116=GENERAL_PROPERTY_ASSOCIATION('user defined attribute','',#2115,#2114);
#2117=VALUE_REPRESENTATION_ITEM('BALL_HEIGTH',NUMERIC_MEASURE(1.75E-1));
#2120=DESCRIPTIVE_REPRESENTATION_ITEM('attribute description','Real Number');
#2126=CARTESIAN_POINT('',(-1.6E0,2.4E0,2.58E-1));
#2127=DIRECTION('',(0.E0,1.E0,0.E0));
#2128=DIRECTION('',(1.E0,0.E0,0.E0));
#2129=AXIS2_PLACEMENT_3D('',#2126,#2127,#2128);
#2130=ITEM_DEFINED_TRANSFORMATION('','',#2094,#2129);
#2131=(REPRESENTATION_RELATIONSHIP('','',#2095,#316)REPRESENTATION_RELATIONSHIP_WITH_TRANSFORMATION(#2130)SHAPE_REPRESENTATION_RELATIONSHIP());
#2132=CONTEXT_DEPENDENT_SHAPE_REPRESENTATION(#2131,#2125);
#2135=PLANE_ANGLE_MEASURE_WITH_UNIT(PLANE_ANGLE_MEASURE(1.745329251994E-2),
#2134);
#2136=(CONVERSION_BASED_UNIT('DEGREE',#2135)NAMED_UNIT(*)PLANE_ANGLE_UNIT());
#2138=UNCERTAINTY_MEASURE_WITH_UNIT(LENGTH_MEASURE(5.590840656826E-5),#2133,
'distance_accuracy_value',
'Maximum model space distance between geometric entities at asserted connectivities');
#2140=CARTESIAN_POINT('',(0.E0,0.E0,0.E0));
#2141=DIRECTION('',(0.E0,0.E0,1.E0));
#2142=DIRECTION('',(1.E0,0.E0,0.E0));
#2145=PRODUCT_DEFINITION_CONTEXT('part definition',#233,'design');
#2146=PRODUCT_CONTEXT('',#233,'mechanical');
#2147=PRODUCT('SOLDER_BALL_AF2','SOLDER_BALL_AF2','NOT SPECIFIED',(#2146));
#2148=PRODUCT_DEFINITION_FORMATION('14','LAST_VERSION',#2147);
#2153=GENERAL_PROPERTY('','DESCRIPTION','user defined attribute');
#2154=GENERAL_PROPERTY_ASSOCIATION('user defined attribute','',#2153,#2152);
#2155=DESCRIPTIVE_REPRESENTATION_ITEM('DESCRIPTION','');
#2159=GENERAL_PROPERTY('','MODELED_BY','user defined attribute');
#2160=GENERAL_PROPERTY_ASSOCIATION('user defined attribute','',#2159,#2158);
#2161=DESCRIPTIVE_REPRESENTATION_ITEM('MODELED_BY','');
#2165=GENERAL_PROPERTY('','BALL_HEIGTH','user defined attribute');
#2166=GENERAL_PROPERTY_ASSOCIATION('user defined attribute','',#2165,#2164);
#2167=VALUE_REPRESENTATION_ITEM('BALL_HEIGTH',NUMERIC_MEASURE(1.75E-1));
#2170=DESCRIPTIVE_REPRESENTATION_ITEM('attribute description','Real Number');
#2176=CARTESIAN_POINT('',(-8.E-1,2.4E0,2.58E-1));
#2177=DIRECTION('',(0.E0,1.E0,0.E0));
#2178=DIRECTION('',(1.E0,0.E0,0.E0));
#2179=AXIS2_PLACEMENT_3D('',#2176,#2177,#2178);
#2180=ITEM_DEFINED_TRANSFORMATION('','',#2143,#2179);
#2181=(REPRESENTATION_RELATIONSHIP('','',#2144,#316)REPRESENTATION_RELATIONSHIP_WITH_TRANSFORMATION(#2180)SHAPE_REPRESENTATION_RELATIONSHIP());
#2182=CONTEXT_DEPENDENT_SHAPE_REPRESENTATION(#2181,#2175);
#2185=PLANE_ANGLE_MEASURE_WITH_UNIT(PLANE_ANGLE_MEASURE(1.745329251994E-2),
#2184);
#2186=(CONVERSION_BASED_UNIT('DEGREE',#2185)NAMED_UNIT(*)PLANE_ANGLE_UNIT());
#2188=UNCERTAINTY_MEASURE_WITH_UNIT(LENGTH_MEASURE(5.590840656826E-5),#2183,
'distance_accuracy_value',
'Maximum model space distance between geometric entities at asserted connectivities');
#2190=CARTESIAN_POINT('',(0.E0,0.E0,0.E0));
#2191=DIRECTION('',(0.E0,0.E0,1.E0));
#2192=DIRECTION('',(1.E0,0.E0,0.E0));
#2195=PRODUCT_CONTEXT('',#233,'mechanical');
#2196=PRODUCT('SOLDER_BALL_AF3','SOLDER_BALL_AF3','NOT SPECIFIED',(#2195));
#2197=PRODUCT_DEFINITION_FORMATION('14','LAST_VERSION',#2196);
#2202=GENERAL_PROPERTY('','DESCRIPTION','user defined attribute');
#2203=GENERAL_PROPERTY_ASSOCIATION('user defined attribute','',#2202,#2201);
#2204=DESCRIPTIVE_REPRESENTATION_ITEM('DESCRIPTION','');
#2208=GENERAL_PROPERTY('','MODELED_BY','user defined attribute');
#2209=GENERAL_PROPERTY_ASSOCIATION('user defined attribute','',#2208,#2207);
#2210=DESCRIPTIVE_REPRESENTATION_ITEM('MODELED_BY','');
#2214=GENERAL_PROPERTY('','BALL_HEIGTH','user defined attribute');
#2215=GENERAL_PROPERTY_ASSOCIATION('user defined attribute','',#2214,#2213);
#2216=VALUE_REPRESENTATION_ITEM('BALL_HEIGTH',NUMERIC_MEASURE(1.75E-1));
#2219=DESCRIPTIVE_REPRESENTATION_ITEM('attribute description','Real Number');
#2225=CARTESIAN_POINT('',(0.E0,2.4E0,2.58E-1));
#2226=DIRECTION('',(0.E0,1.E0,0.E0));
#2227=DIRECTION('',(1.E0,0.E0,0.E0));
#2228=AXIS2_PLACEMENT_3D('',#2225,#2226,#2227);
#2229=ITEM_DEFINED_TRANSFORMATION('','',#2193,#2228);
#2230=(REPRESENTATION_RELATIONSHIP('','',#2194,#316)REPRESENTATION_RELATIONSHIP_WITH_TRANSFORMATION(#2229)SHAPE_REPRESENTATION_RELATIONSHIP());
#2231=CONTEXT_DEPENDENT_SHAPE_REPRESENTATION(#2230,#2224);
#2234=PLANE_ANGLE_MEASURE_WITH_UNIT(PLANE_ANGLE_MEASURE(1.745329251994E-2),
#2233);
#2235=(CONVERSION_BASED_UNIT('DEGREE',#2234)NAMED_UNIT(*)PLANE_ANGLE_UNIT());
#2237=UNCERTAINTY_MEASURE_WITH_UNIT(LENGTH_MEASURE(5.590840656826E-5),#2232,
'distance_accuracy_value',
'Maximum model space distance between geometric entities at asserted connectivities');
#2239=CARTESIAN_POINT('',(0.E0,0.E0,0.E0));
#2240=DIRECTION('',(0.E0,0.E0,1.E0));
#2241=DIRECTION('',(1.E0,0.E0,0.E0));
#2244=PRODUCT_DEFINITION_CONTEXT('part definition',#233,'design');
#2245=PRODUCT_CONTEXT('',#233,'mechanical');
#2246=PRODUCT('SOLDER_BALL_AF4','SOLDER_BALL_AF4','NOT SPECIFIED',(#2245));
#2247=PRODUCT_DEFINITION_FORMATION('14','LAST_VERSION',#2246);
#2252=GENERAL_PROPERTY('','DESCRIPTION','user defined attribute');
#2253=GENERAL_PROPERTY_ASSOCIATION('user defined attribute','',#2252,#2251);
#2254=DESCRIPTIVE_REPRESENTATION_ITEM('DESCRIPTION','');
#2258=GENERAL_PROPERTY('','MODELED_BY','user defined attribute');
#2259=GENERAL_PROPERTY_ASSOCIATION('user defined attribute','',#2258,#2257);
#2260=DESCRIPTIVE_REPRESENTATION_ITEM('MODELED_BY','');
#2264=GENERAL_PROPERTY('','BALL_HEIGTH','user defined attribute');
#2265=GENERAL_PROPERTY_ASSOCIATION('user defined attribute','',#2264,#2263);
#2266=VALUE_REPRESENTATION_ITEM('BALL_HEIGTH',NUMERIC_MEASURE(1.75E-1));
#2269=DESCRIPTIVE_REPRESENTATION_ITEM('attribute description','Real Number');
#2275=CARTESIAN_POINT('',(8.E-1,2.4E0,2.58E-1));
#2276=DIRECTION('',(0.E0,1.E0,0.E0));
#2277=DIRECTION('',(1.E0,0.E0,0.E0));
#2278=AXIS2_PLACEMENT_3D('',#2275,#2276,#2277);
#2279=ITEM_DEFINED_TRANSFORMATION('','',#2242,#2278);
#2280=(REPRESENTATION_RELATIONSHIP('','',#2243,#316)REPRESENTATION_RELATIONSHIP_WITH_TRANSFORMATION(#2279)SHAPE_REPRESENTATION_RELATIONSHIP());
#2281=CONTEXT_DEPENDENT_SHAPE_REPRESENTATION(#2280,#2274);
#2284=PLANE_ANGLE_MEASURE_WITH_UNIT(PLANE_ANGLE_MEASURE(1.745329251994E-2),
#2283);
#2285=(CONVERSION_BASED_UNIT('DEGREE',#2284)NAMED_UNIT(*)PLANE_ANGLE_UNIT());
#2287=UNCERTAINTY_MEASURE_WITH_UNIT(LENGTH_MEASURE(5.590840656826E-5),#2282,
'distance_accuracy_value',
'Maximum model space distance between geometric entities at asserted connectivities');
#2289=CARTESIAN_POINT('',(0.E0,0.E0,0.E0));
#2290=DIRECTION('',(0.E0,0.E0,1.E0));
#2291=DIRECTION('',(1.E0,0.E0,0.E0));
#2294=PRODUCT_CONTEXT('',#233,'mechanical');
#2295=PRODUCT('SOLDER_BALL_AF5','SOLDER_BALL_AF5','NOT SPECIFIED',(#2294));
#2296=PRODUCT_DEFINITION_FORMATION('14','LAST_VERSION',#2295);
#2301=GENERAL_PROPERTY('','DESCRIPTION','user defined attribute');
#2302=GENERAL_PROPERTY_ASSOCIATION('user defined attribute','',#2301,#2300);
#2303=DESCRIPTIVE_REPRESENTATION_ITEM('DESCRIPTION','');
#2307=GENERAL_PROPERTY('','MODELED_BY','user defined attribute');
#2308=GENERAL_PROPERTY_ASSOCIATION('user defined attribute','',#2307,#2306);
#2309=DESCRIPTIVE_REPRESENTATION_ITEM('MODELED_BY','');
#2313=GENERAL_PROPERTY('','BALL_HEIGTH','user defined attribute');
#2314=GENERAL_PROPERTY_ASSOCIATION('user defined attribute','',#2313,#2312);
#2315=VALUE_REPRESENTATION_ITEM('BALL_HEIGTH',NUMERIC_MEASURE(1.75E-1));
#2318=DESCRIPTIVE_REPRESENTATION_ITEM('attribute description','Real Number');
#2324=CARTESIAN_POINT('',(1.6E0,2.4E0,2.58E-1));
#2325=DIRECTION('',(0.E0,1.E0,0.E0));
#2326=DIRECTION('',(1.E0,0.E0,0.E0));
#2327=AXIS2_PLACEMENT_3D('',#2324,#2325,#2326);
#2328=ITEM_DEFINED_TRANSFORMATION('','',#2292,#2327);
#2329=(REPRESENTATION_RELATIONSHIP('','',#2293,#316)REPRESENTATION_RELATIONSHIP_WITH_TRANSFORMATION(#2328)SHAPE_REPRESENTATION_RELATIONSHIP());
#2330=CONTEXT_DEPENDENT_SHAPE_REPRESENTATION(#2329,#2323);
#2333=PLANE_ANGLE_MEASURE_WITH_UNIT(PLANE_ANGLE_MEASURE(1.745329251994E-2),
#2332);
#2334=(CONVERSION_BASED_UNIT('DEGREE',#2333)NAMED_UNIT(*)PLANE_ANGLE_UNIT());
#2336=UNCERTAINTY_MEASURE_WITH_UNIT(LENGTH_MEASURE(5.590840656826E-5),#2331,
'distance_accuracy_value',
'Maximum model space distance between geometric entities at asserted connectivities');
#2338=CARTESIAN_POINT('',(0.E0,0.E0,0.E0));
#2339=DIRECTION('',(0.E0,0.E0,1.E0));
#2340=DIRECTION('',(1.E0,0.E0,0.E0));
#2343=PRODUCT_DEFINITION_CONTEXT('part definition',#233,'design');
#2344=PRODUCT_CONTEXT('',#233,'mechanical');
#2345=PRODUCT('SOLDER_BALL_AF6','SOLDER_BALL_AF6','NOT SPECIFIED',(#2344));
#2346=PRODUCT_DEFINITION_FORMATION('14','LAST_VERSION',#2345);
#2351=GENERAL_PROPERTY('','DESCRIPTION','user defined attribute');
#2352=GENERAL_PROPERTY_ASSOCIATION('user defined attribute','',#2351,#2350);
#2353=DESCRIPTIVE_REPRESENTATION_ITEM('DESCRIPTION','');
#2357=GENERAL_PROPERTY('','MODELED_BY','user defined attribute');
#2358=GENERAL_PROPERTY_ASSOCIATION('user defined attribute','',#2357,#2356);
#2359=DESCRIPTIVE_REPRESENTATION_ITEM('MODELED_BY','');
#2363=GENERAL_PROPERTY('','BALL_HEIGTH','user defined attribute');
#2364=GENERAL_PROPERTY_ASSOCIATION('user defined attribute','',#2363,#2362);
#2365=VALUE_REPRESENTATION_ITEM('BALL_HEIGTH',NUMERIC_MEASURE(1.75E-1));
#2368=DESCRIPTIVE_REPRESENTATION_ITEM('attribute description','Real Number');
#2374=CARTESIAN_POINT('',(2.4E0,2.4E0,2.58E-1));
#2375=DIRECTION('',(0.E0,1.E0,0.E0));
#2376=DIRECTION('',(1.E0,0.E0,0.E0));
#2377=AXIS2_PLACEMENT_3D('',#2374,#2375,#2376);
#2378=ITEM_DEFINED_TRANSFORMATION('','',#2341,#2377);
#2379=(REPRESENTATION_RELATIONSHIP('','',#2342,#316)REPRESENTATION_RELATIONSHIP_WITH_TRANSFORMATION(#2378)SHAPE_REPRESENTATION_RELATIONSHIP());
#2380=CONTEXT_DEPENDENT_SHAPE_REPRESENTATION(#2379,#2373);
#2383=CARTESIAN_POINT('centre point',(3.2E0,2.4E0,1.500754717015E-1));
#2387=CARTESIAN_POINT('',(3.2E0,2.4E0,2.58E-1));
#2388=DIRECTION('',(0.E0,1.E0,0.E0));
#2389=DIRECTION('',(1.E0,0.E0,0.E0));
#2390=AXIS2_PLACEMENT_3D('',#2387,#2388,#2389);
#2391=ITEM_DEFINED_TRANSFORMATION('','',#1132,#2390);
#2392=(REPRESENTATION_RELATIONSHIP('','',#1133,#316)REPRESENTATION_RELATIONSHIP_WITH_TRANSFORMATION(#2391)SHAPE_REPRESENTATION_RELATIONSHIP());
#2393=CONTEXT_DEPENDENT_SHAPE_REPRESENTATION(#2392,#2382);
#2396=CARTESIAN_POINT('centre point',(4.E0,2.4E0,1.500754717015E-1));
#2400=CARTESIAN_POINT('',(4.E0,2.4E0,2.58E-1));
#2401=DIRECTION('',(0.E0,1.E0,0.E0));
#2402=DIRECTION('',(1.E0,0.E0,0.E0));
#2403=AXIS2_PLACEMENT_3D('',#2400,#2401,#2402);
#2404=ITEM_DEFINED_TRANSFORMATION('','',#1132,#2403);
#2405=(REPRESENTATION_RELATIONSHIP('','',#1133,#316)REPRESENTATION_RELATIONSHIP_WITH_TRANSFORMATION(#2404)SHAPE_REPRESENTATION_RELATIONSHIP());
#2406=CONTEXT_DEPENDENT_SHAPE_REPRESENTATION(#2405,#2395);
#2409=CARTESIAN_POINT('centre point',(4.8E0,2.4E0,1.500754717015E-1));
#2413=CARTESIAN_POINT('',(4.8E0,2.4E0,2.58E-1));
#2414=DIRECTION('',(0.E0,1.E0,0.E0));
#2415=DIRECTION('',(1.E0,0.E0,0.E0));
#2416=AXIS2_PLACEMENT_3D('',#2413,#2414,#2415);
#2417=ITEM_DEFINED_TRANSFORMATION('','',#1132,#2416);
#2418=(REPRESENTATION_RELATIONSHIP('','',#1133,#316)REPRESENTATION_RELATIONSHIP_WITH_TRANSFORMATION(#2417)SHAPE_REPRESENTATION_RELATIONSHIP());
#2419=CONTEXT_DEPENDENT_SHAPE_REPRESENTATION(#2418,#2408);
#2422=CARTESIAN_POINT('centre point',(5.6E0,2.4E0,1.500754717015E-1));
#2426=CARTESIAN_POINT('',(5.6E0,2.4E0,2.58E-1));
#2427=DIRECTION('',(0.E0,1.E0,0.E0));
#2428=DIRECTION('',(1.E0,0.E0,0.E0));
#2429=AXIS2_PLACEMENT_3D('',#2426,#2427,#2428);
#2430=ITEM_DEFINED_TRANSFORMATION('','',#1132,#2429);
#2431=(REPRESENTATION_RELATIONSHIP('','',#1133,#316)REPRESENTATION_RELATIONSHIP_WITH_TRANSFORMATION(#2430)SHAPE_REPRESENTATION_RELATIONSHIP());
#2432=CONTEXT_DEPENDENT_SHAPE_REPRESENTATION(#2431,#2421);
#2435=CARTESIAN_POINT('centre point',(-5.6E0,1.6E0,1.500754717015E-1));
#2439=CARTESIAN_POINT('',(-5.6E0,1.6E0,2.58E-1));
#2440=DIRECTION('',(0.E0,1.E0,0.E0));
#2441=DIRECTION('',(1.E0,0.E0,0.E0));
#2442=AXIS2_PLACEMENT_3D('',#2439,#2440,#2441);
#2443=ITEM_DEFINED_TRANSFORMATION('','',#1132,#2442);
#2444=(REPRESENTATION_RELATIONSHIP('','',#1133,#316)REPRESENTATION_RELATIONSHIP_WITH_TRANSFORMATION(#2443)SHAPE_REPRESENTATION_RELATIONSHIP());
#2445=CONTEXT_DEPENDENT_SHAPE_REPRESENTATION(#2444,#2434);
#2448=CARTESIAN_POINT('centre point',(-4.8E0,1.6E0,1.500754717015E-1));
#2452=CARTESIAN_POINT('',(-4.8E0,1.6E0,2.58E-1));
#2453=DIRECTION('',(0.E0,1.E0,0.E0));
#2454=DIRECTION('',(1.E0,0.E0,0.E0));
#2455=AXIS2_PLACEMENT_3D('',#2452,#2453,#2454);
#2456=ITEM_DEFINED_TRANSFORMATION('','',#1132,#2455);
#2457=(REPRESENTATION_RELATIONSHIP('','',#1133,#316)REPRESENTATION_RELATIONSHIP_WITH_TRANSFORMATION(#2456)SHAPE_REPRESENTATION_RELATIONSHIP());
#2458=CONTEXT_DEPENDENT_SHAPE_REPRESENTATION(#2457,#2447);
#2461=CARTESIAN_POINT('centre point',(-4.E0,1.6E0,1.500754717015E-1));
#2465=CARTESIAN_POINT('',(-4.E0,1.6E0,2.58E-1));
#2466=DIRECTION('',(0.E0,1.E0,0.E0));
#2467=DIRECTION('',(1.E0,0.E0,0.E0));
#2468=AXIS2_PLACEMENT_3D('',#2465,#2466,#2467);
#2469=ITEM_DEFINED_TRANSFORMATION('','',#1132,#2468);
#2470=(REPRESENTATION_RELATIONSHIP('','',#1133,#316)REPRESENTATION_RELATIONSHIP_WITH_TRANSFORMATION(#2469)SHAPE_REPRESENTATION_RELATIONSHIP());
#2471=CONTEXT_DEPENDENT_SHAPE_REPRESENTATION(#2470,#2460);
#2474=CARTESIAN_POINT('centre point',(-3.2E0,1.6E0,1.500754717015E-1));
#2478=CARTESIAN_POINT('',(-3.2E0,1.6E0,2.58E-1));
#2479=DIRECTION('',(0.E0,1.E0,0.E0));
#2480=DIRECTION('',(1.E0,0.E0,0.E0));
#2481=AXIS2_PLACEMENT_3D('',#2478,#2479,#2480);
#2482=ITEM_DEFINED_TRANSFORMATION('','',#1132,#2481);
#2483=(REPRESENTATION_RELATIONSHIP('','',#1133,#316)REPRESENTATION_RELATIONSHIP_WITH_TRANSFORMATION(#2482)SHAPE_REPRESENTATION_RELATIONSHIP());
#2484=CONTEXT_DEPENDENT_SHAPE_REPRESENTATION(#2483,#2473);
#2487=PLANE_ANGLE_MEASURE_WITH_UNIT(PLANE_ANGLE_MEASURE(1.745329251994E-2),
#2486);
#2488=(CONVERSION_BASED_UNIT('DEGREE',#2487)NAMED_UNIT(*)PLANE_ANGLE_UNIT());
#2490=UNCERTAINTY_MEASURE_WITH_UNIT(LENGTH_MEASURE(5.590840656826E-5),#2485,
'distance_accuracy_value',
'Maximum model space distance between geometric entities at asserted connectivities');
#2492=CARTESIAN_POINT('',(0.E0,0.E0,0.E0));
#2493=DIRECTION('',(0.E0,0.E0,1.E0));
#2494=DIRECTION('',(1.E0,0.E0,0.E0));
#2497=PRODUCT_CONTEXT('',#233,'mechanical');
#2498=PRODUCT('SOLDER_BALL_AF7','SOLDER_BALL_AF7','NOT SPECIFIED',(#2497));
#2499=PRODUCT_DEFINITION_FORMATION('14','LAST_VERSION',#2498);
#2504=GENERAL_PROPERTY('','DESCRIPTION','user defined attribute');
#2505=GENERAL_PROPERTY_ASSOCIATION('user defined attribute','',#2504,#2503);
#2506=DESCRIPTIVE_REPRESENTATION_ITEM('DESCRIPTION','');
#2510=GENERAL_PROPERTY('','MODELED_BY','user defined attribute');
#2511=GENERAL_PROPERTY_ASSOCIATION('user defined attribute','',#2510,#2509);
#2512=DESCRIPTIVE_REPRESENTATION_ITEM('MODELED_BY','');
#2516=GENERAL_PROPERTY('','BALL_HEIGTH','user defined attribute');
#2517=GENERAL_PROPERTY_ASSOCIATION('user defined attribute','',#2516,#2515);
#2518=VALUE_REPRESENTATION_ITEM('BALL_HEIGTH',NUMERIC_MEASURE(1.75E-1));
#2521=DESCRIPTIVE_REPRESENTATION_ITEM('attribute description','Real Number');
#2527=CARTESIAN_POINT('',(-2.4E0,1.6E0,2.58E-1));
#2528=DIRECTION('',(0.E0,1.E0,0.E0));
#2529=DIRECTION('',(1.E0,0.E0,0.E0));
#2530=AXIS2_PLACEMENT_3D('',#2527,#2528,#2529);
#2531=ITEM_DEFINED_TRANSFORMATION('','',#2495,#2530);
#2532=(REPRESENTATION_RELATIONSHIP('','',#2496,#316)REPRESENTATION_RELATIONSHIP_WITH_TRANSFORMATION(#2531)SHAPE_REPRESENTATION_RELATIONSHIP());
#2533=CONTEXT_DEPENDENT_SHAPE_REPRESENTATION(#2532,#2526);
#2535=CARTESIAN_POINT('',(0.E0,0.E0,0.E0));
#2536=DIRECTION('',(0.E0,-1.E0,0.E0));
#2537=DIRECTION('',(1.E0,0.E0,0.E0));
#2538=AXIS2_PLACEMENT_3D('',#2535,#2536,#2537);
#2540=CURVE_STYLE('',#32,POSITIVE_LENGTH_MEASURE(2.E-2),#26);
#2541=PRESENTATION_STYLE_ASSIGNMENT((#2540));
#2542=STYLED_ITEM('',(#2541),#2539);
#2543=CARTESIAN_POINT('',(0.E0,8.5E-2,0.E0));
#2544=DIRECTION('',(0.E0,0.E0,1.E0));
#2545=DIRECTION('',(8.741176309016E-1,-4.857142857143E-1,0.E0));
#2546=AXIS2_PLACEMENT_3D('',#2543,#2544,#2545);
#2548=CURVE_STYLE('',#32,POSITIVE_LENGTH_MEASURE(2.E-2),#26);
#2549=PRESENTATION_STYLE_ASSIGNMENT((#2548));
#2550=STYLED_ITEM('',(#2549),#2547);
#2551=CARTESIAN_POINT('',(0.E0,8.5E-2,0.E0));
#2552=DIRECTION('',(0.E0,0.E0,-1.E0));
#2553=DIRECTION('',(-8.741176309016E-1,-4.857142857143E-1,0.E0));
#2554=AXIS2_PLACEMENT_3D('',#2551,#2552,#2553);
#2556=CURVE_STYLE('',#32,POSITIVE_LENGTH_MEASURE(2.E-2),#26);
#2557=PRESENTATION_STYLE_ASSIGNMENT((#2556));
#2558=STYLED_ITEM('',(#2557),#2555);
#2559=CARTESIAN_POINT('',(0.E0,0.E0,0.E0));
#2560=DIRECTION('',(0.E0,1.E0,0.E0));
#2561=DIRECTION('',(1.E0,0.E0,0.E0));
#2562=AXIS2_PLACEMENT_3D('',#2559,#2560,#2561);
#2564=CURVE_STYLE('',#32,POSITIVE_LENGTH_MEASURE(2.E-2),#26);
#2565=PRESENTATION_STYLE_ASSIGNMENT((#2564));
#2566=STYLED_ITEM('',(#2565),#2563);
#2567=CARTESIAN_POINT('',(1.529705854078E-1,0.E0,0.E0));
#2568=CARTESIAN_POINT('',(0.E0,2.6E-1,0.E0));
#2569=VERTEX_POINT('',#2567);
#2570=VERTEX_POINT('',#2568);
#2571=CARTESIAN_POINT('',(-1.529705854078E-1,0.E0,0.E0));
#2572=VERTEX_POINT('',#2571);
#2573=CARTESIAN_POINT('',(0.E0,8.5E-2,0.E0));
#2574=DIRECTION('',(0.E0,-1.E0,0.E0));
#2575=DIRECTION('',(-1.E0,0.E0,0.E0));
#2576=AXIS2_PLACEMENT_3D('',#2573,#2574,#2575);
#2577=SPHERICAL_SURFACE('',#2576,1.75E-1);
#2579=ORIENTED_EDGE('',*,*,#2578,.F.);
#2581=ORIENTED_EDGE('',*,*,#2580,.T.);
#2583=ORIENTED_EDGE('',*,*,#2582,.T.);
#2584=EDGE_LOOP('',(#2579,#2581,#2583));
#2585=FACE_OUTER_BOUND('',#2584,.F.);
#2587=CARTESIAN_POINT('',(0.E0,8.5E-2,0.E0));
#2588=DIRECTION('',(0.E0,-1.E0,0.E0));
#2589=DIRECTION('',(-1.E0,0.E0,0.E0));
#2590=AXIS2_PLACEMENT_3D('',#2587,#2588,#2589);
#2591=SPHERICAL_SURFACE('',#2590,1.75E-1);
#2592=ORIENTED_EDGE('',*,*,#2578,.T.);
#2593=ORIENTED_EDGE('',*,*,#2582,.F.);
#2595=ORIENTED_EDGE('',*,*,#2594,.F.);
#2596=EDGE_LOOP('',(#2592,#2593,#2595));
#2597=FACE_OUTER_BOUND('',#2596,.F.);
#2599=CARTESIAN_POINT('',(0.E0,0.E0,0.E0));
#2600=DIRECTION('',(0.E0,-1.E0,0.E0));
#2601=DIRECTION('',(-1.E0,0.E0,0.E0));
#2602=AXIS2_PLACEMENT_3D('',#2599,#2600,#2601);
#2603=PLANE('',#2602);
#2604=ORIENTED_EDGE('',*,*,#2594,.T.);
#2605=ORIENTED_EDGE('',*,*,#2580,.F.);
#2606=EDGE_LOOP('',(#2604,#2605));
#2607=FACE_OUTER_BOUND('',#2606,.F.);
#2609=CLOSED_SHELL('',(#2586,#2598,#2608));
#2610=MANIFOLD_SOLID_BREP('',#2609);
#2611=FILL_AREA_STYLE_COLOUR('',#26);
#2612=FILL_AREA_STYLE('',(#2611));
#2613=SURFACE_STYLE_FILL_AREA(#2612);
#2614=SURFACE_SIDE_STYLE('',(#2613));
#2615=SURFACE_STYLE_USAGE(.BOTH.,#2614);
#2616=PRESENTATION_STYLE_ASSIGNMENT((#2615));
#2534=STYLED_ITEM('',(#2616),#2610);
#2619=PLANE_ANGLE_MEASURE_WITH_UNIT(PLANE_ANGLE_MEASURE(1.745329251994E-2),
#2618);
#2620=(CONVERSION_BASED_UNIT('DEGREE',#2619)NAMED_UNIT(*)PLANE_ANGLE_UNIT());
#2622=UNCERTAINTY_MEASURE_WITH_UNIT(LENGTH_MEASURE(5.590840656826E-5),#2617,
'distance_accuracy_value',
'Maximum model space distance between geometric entities at asserted connectivities');
#2624=CARTESIAN_POINT('',(0.E0,0.E0,0.E0));
#2625=DIRECTION('',(0.E0,0.E0,1.E0));
#2626=DIRECTION('',(1.E0,0.E0,0.E0));
#2629=PRODUCT_DEFINITION_CONTEXT('part definition',#233,'design');
#2630=PRODUCT_CONTEXT('',#233,'mechanical');
#2631=PRODUCT('SOLDER_BALL_AF8','SOLDER_BALL_AF8','NOT SPECIFIED',(#2630));
#2632=PRODUCT_DEFINITION_FORMATION('14','LAST_VERSION',#2631);
#2640=DERIVED_UNIT_ELEMENT(#2639,2.E0);
#2641=DERIVED_UNIT((#2640));
#2642=MEASURE_REPRESENTATION_ITEM('surface area measure',AREA_MEASURE(
3.593981995702E-1),#2641);
#2647=DERIVED_UNIT_ELEMENT(#2646,3.E0);
#2648=DERIVED_UNIT((#2647));
#2649=MEASURE_REPRESENTATION_ITEM('volume measure',VOLUME_MEASURE(
1.875949693223E-2),#2648);
#2653=CARTESIAN_POINT('centre point',(0.E0,1.079245282985E-1,0.E0));
#2658=DERIVED_UNIT_ELEMENT(#2657,2.E0);
#2659=DERIVED_UNIT((#2658));
#2660=MEASURE_REPRESENTATION_ITEM('surface area measure',AREA_MEASURE(
3.593981995702E-1),#2659);
#2665=DERIVED_UNIT_ELEMENT(#2664,3.E0);
#2666=DERIVED_UNIT((#2665));
#2667=MEASURE_REPRESENTATION_ITEM('volume measure',VOLUME_MEASURE(
1.875949693223E-2),#2666);
#2671=CARTESIAN_POINT('centre point',(0.E0,1.079245282985E-1,0.E0));
#2677=GENERAL_PROPERTY('','DESCRIPTION','user defined attribute');
#2678=GENERAL_PROPERTY_ASSOCIATION('user defined attribute','',#2677,#2676);
#2679=DESCRIPTIVE_REPRESENTATION_ITEM('DESCRIPTION','');
#2683=GENERAL_PROPERTY('','MODELED_BY','user defined attribute');
#2684=GENERAL_PROPERTY_ASSOCIATION('user defined attribute','',#2683,#2682);
#2685=DESCRIPTIVE_REPRESENTATION_ITEM('MODELED_BY','');
#2689=GENERAL_PROPERTY('','BALL_HEIGTH','user defined attribute');
#2690=GENERAL_PROPERTY_ASSOCIATION('user defined attribute','',#2689,#2688);
#2691=VALUE_REPRESENTATION_ITEM('BALL_HEIGTH',NUMERIC_MEASURE(1.75E-1));
#2694=DESCRIPTIVE_REPRESENTATION_ITEM('attribute description','Real Number');
#2700=CARTESIAN_POINT('centre point',(-1.6E0,1.6E0,1.500754717015E-1));
#2704=CARTESIAN_POINT('',(-1.6E0,1.6E0,2.58E-1));
#2705=DIRECTION('',(0.E0,1.E0,0.E0));
#2706=DIRECTION('',(1.E0,0.E0,0.E0));
#2707=AXIS2_PLACEMENT_3D('',#2704,#2705,#2706);
#2708=ITEM_DEFINED_TRANSFORMATION('','',#2627,#2707);
#2709=(REPRESENTATION_RELATIONSHIP('','',#2628,#316)REPRESENTATION_RELATIONSHIP_WITH_TRANSFORMATION(#2708)SHAPE_REPRESENTATION_RELATIONSHIP());
#2710=CONTEXT_DEPENDENT_SHAPE_REPRESENTATION(#2709,#2699);
#2712=CARTESIAN_POINT('',(0.E0,0.E0,0.E0));
#2713=DIRECTION('',(0.E0,-1.E0,0.E0));
#2714=DIRECTION('',(1.E0,0.E0,0.E0));
#2715=AXIS2_PLACEMENT_3D('',#2712,#2713,#2714);
#2717=CURVE_STYLE('',#32,POSITIVE_LENGTH_MEASURE(2.E-2),#26);
#2718=PRESENTATION_STYLE_ASSIGNMENT((#2717));
#2719=STYLED_ITEM('',(#2718),#2716);
#2720=CARTESIAN_POINT('',(0.E0,8.5E-2,0.E0));
#2721=DIRECTION('',(0.E0,0.E0,1.E0));
#2722=DIRECTION('',(8.741176309016E-1,-4.857142857143E-1,0.E0));
#2723=AXIS2_PLACEMENT_3D('',#2720,#2721,#2722);
#2725=CURVE_STYLE('',#32,POSITIVE_LENGTH_MEASURE(2.E-2),#26);
#2726=PRESENTATION_STYLE_ASSIGNMENT((#2725));
#2727=STYLED_ITEM('',(#2726),#2724);
#2728=CARTESIAN_POINT('',(0.E0,8.5E-2,0.E0));
#2729=DIRECTION('',(0.E0,0.E0,-1.E0));
#2730=DIRECTION('',(-8.741176309016E-1,-4.857142857143E-1,0.E0));
#2731=AXIS2_PLACEMENT_3D('',#2728,#2729,#2730);
#2733=CURVE_STYLE('',#32,POSITIVE_LENGTH_MEASURE(2.E-2),#26);
#2734=PRESENTATION_STYLE_ASSIGNMENT((#2733));
#2735=STYLED_ITEM('',(#2734),#2732);
#2736=CARTESIAN_POINT('',(0.E0,0.E0,0.E0));
#2737=DIRECTION('',(0.E0,1.E0,0.E0));
#2738=DIRECTION('',(1.E0,0.E0,0.E0));
#2739=AXIS2_PLACEMENT_3D('',#2736,#2737,#2738);
#2741=CURVE_STYLE('',#32,POSITIVE_LENGTH_MEASURE(2.E-2),#26);
#2742=PRESENTATION_STYLE_ASSIGNMENT((#2741));
#2743=STYLED_ITEM('',(#2742),#2740);
#2744=CARTESIAN_POINT('',(1.529705854078E-1,0.E0,0.E0));
#2745=CARTESIAN_POINT('',(0.E0,2.6E-1,0.E0));
#2746=VERTEX_POINT('',#2744);
#2747=VERTEX_POINT('',#2745);
#2748=CARTESIAN_POINT('',(-1.529705854078E-1,0.E0,0.E0));
#2749=VERTEX_POINT('',#2748);
#2750=CARTESIAN_POINT('',(0.E0,8.5E-2,0.E0));
#2751=DIRECTION('',(0.E0,-1.E0,0.E0));
#2752=DIRECTION('',(-1.E0,0.E0,0.E0));
#2753=AXIS2_PLACEMENT_3D('',#2750,#2751,#2752);
#2754=SPHERICAL_SURFACE('',#2753,1.75E-1);
#2756=ORIENTED_EDGE('',*,*,#2755,.F.);
#2758=ORIENTED_EDGE('',*,*,#2757,.T.);
#2760=ORIENTED_EDGE('',*,*,#2759,.T.);
#2761=EDGE_LOOP('',(#2756,#2758,#2760));
#2762=FACE_OUTER_BOUND('',#2761,.F.);
#2764=CARTESIAN_POINT('',(0.E0,8.5E-2,0.E0));
#2765=DIRECTION('',(0.E0,-1.E0,0.E0));
#2766=DIRECTION('',(-1.E0,0.E0,0.E0));
#2767=AXIS2_PLACEMENT_3D('',#2764,#2765,#2766);
#2768=SPHERICAL_SURFACE('',#2767,1.75E-1);
#2769=ORIENTED_EDGE('',*,*,#2755,.T.);
#2770=ORIENTED_EDGE('',*,*,#2759,.F.);
#2772=ORIENTED_EDGE('',*,*,#2771,.F.);
#2773=EDGE_LOOP('',(#2769,#2770,#2772));
#2774=FACE_OUTER_BOUND('',#2773,.F.);
#2776=CARTESIAN_POINT('',(0.E0,0.E0,0.E0));
#2777=DIRECTION('',(0.E0,-1.E0,0.E0));
#2778=DIRECTION('',(-1.E0,0.E0,0.E0));
#2779=AXIS2_PLACEMENT_3D('',#2776,#2777,#2778);
#2780=PLANE('',#2779);
#2781=ORIENTED_EDGE('',*,*,#2771,.T.);
#2782=ORIENTED_EDGE('',*,*,#2757,.F.);
#2783=EDGE_LOOP('',(#2781,#2782));
#2784=FACE_OUTER_BOUND('',#2783,.F.);
#2786=CLOSED_SHELL('',(#2763,#2775,#2785));
#2787=MANIFOLD_SOLID_BREP('',#2786);
#2788=FILL_AREA_STYLE_COLOUR('',#26);
#2789=FILL_AREA_STYLE('',(#2788));
#2790=SURFACE_STYLE_FILL_AREA(#2789);
#2791=SURFACE_SIDE_STYLE('',(#2790));
#2792=SURFACE_STYLE_USAGE(.BOTH.,#2791);
#2793=PRESENTATION_STYLE_ASSIGNMENT((#2792));
#2711=STYLED_ITEM('',(#2793),#2787);
#2796=PLANE_ANGLE_MEASURE_WITH_UNIT(PLANE_ANGLE_MEASURE(1.745329251994E-2),
#2795);
#2797=(CONVERSION_BASED_UNIT('DEGREE',#2796)NAMED_UNIT(*)PLANE_ANGLE_UNIT());
#2799=UNCERTAINTY_MEASURE_WITH_UNIT(LENGTH_MEASURE(5.590840656826E-5),#2794,
'distance_accuracy_value',
'Maximum model space distance between geometric entities at asserted connectivities');
#2801=CARTESIAN_POINT('',(0.E0,0.E0,0.E0));
#2802=DIRECTION('',(0.E0,0.E0,1.E0));
#2803=DIRECTION('',(1.E0,0.E0,0.E0));
#2806=PRODUCT_CONTEXT('',#233,'mechanical');
#2807=PRODUCT('SOLDER_BALL_AF9','SOLDER_BALL_AF9','NOT SPECIFIED',(#2806));
#2808=PRODUCT_DEFINITION_FORMATION('14','LAST_VERSION',#2807);
#2816=DERIVED_UNIT_ELEMENT(#2815,2.E0);
#2817=DERIVED_UNIT((#2816));
#2818=MEASURE_REPRESENTATION_ITEM('surface area measure',AREA_MEASURE(
3.593981995702E-1),#2817);
#2823=DERIVED_UNIT_ELEMENT(#2822,3.E0);
#2824=DERIVED_UNIT((#2823));
#2825=MEASURE_REPRESENTATION_ITEM('volume measure',VOLUME_MEASURE(
1.875949693223E-2),#2824);
#2829=CARTESIAN_POINT('centre point',(0.E0,1.079245282985E-1,0.E0));
#2834=DERIVED_UNIT_ELEMENT(#2833,2.E0);
#2835=DERIVED_UNIT((#2834));
#2836=MEASURE_REPRESENTATION_ITEM('surface area measure',AREA_MEASURE(
3.593981995702E-1),#2835);
#2841=DERIVED_UNIT_ELEMENT(#2840,3.E0);
#2842=DERIVED_UNIT((#2841));
#2843=MEASURE_REPRESENTATION_ITEM('volume measure',VOLUME_MEASURE(
1.875949693223E-2),#2842);
#2847=CARTESIAN_POINT('centre point',(0.E0,1.079245282985E-1,0.E0));
#2853=GENERAL_PROPERTY('','DESCRIPTION','user defined attribute');
#2854=GENERAL_PROPERTY_ASSOCIATION('user defined attribute','',#2853,#2852);
#2855=DESCRIPTIVE_REPRESENTATION_ITEM('DESCRIPTION','');
#2859=GENERAL_PROPERTY('','MODELED_BY','user defined attribute');
#2860=GENERAL_PROPERTY_ASSOCIATION('user defined attribute','',#2859,#2858);
#2861=DESCRIPTIVE_REPRESENTATION_ITEM('MODELED_BY','');
#2865=GENERAL_PROPERTY('','BALL_HEIGTH','user defined attribute');
#2866=GENERAL_PROPERTY_ASSOCIATION('user defined attribute','',#2865,#2864);
#2867=VALUE_REPRESENTATION_ITEM('BALL_HEIGTH',NUMERIC_MEASURE(1.75E-1));
#2870=DESCRIPTIVE_REPRESENTATION_ITEM('attribute description','Real Number');
#2876=CARTESIAN_POINT('centre point',(-8.E-1,1.6E0,1.500754717015E-1));
#2880=CARTESIAN_POINT('',(-8.E-1,1.6E0,2.58E-1));
#2881=DIRECTION('',(0.E0,1.E0,0.E0));
#2882=DIRECTION('',(1.E0,0.E0,0.E0));
#2883=AXIS2_PLACEMENT_3D('',#2880,#2881,#2882);
#2884=ITEM_DEFINED_TRANSFORMATION('','',#2804,#2883);
#2885=(REPRESENTATION_RELATIONSHIP('','',#2805,#316)REPRESENTATION_RELATIONSHIP_WITH_TRANSFORMATION(#2884)SHAPE_REPRESENTATION_RELATIONSHIP());
#2886=CONTEXT_DEPENDENT_SHAPE_REPRESENTATION(#2885,#2875);
#2888=CARTESIAN_POINT('',(0.E0,0.E0,0.E0));
#2889=DIRECTION('',(0.E0,-1.E0,0.E0));
#2890=DIRECTION('',(1.E0,0.E0,0.E0));
#2891=AXIS2_PLACEMENT_3D('',#2888,#2889,#2890);
#2893=CURVE_STYLE('',#32,POSITIVE_LENGTH_MEASURE(2.E-2),#26);
#2894=PRESENTATION_STYLE_ASSIGNMENT((#2893));
#2895=STYLED_ITEM('',(#2894),#2892);
#2896=CARTESIAN_POINT('',(0.E0,8.5E-2,0.E0));
#2897=DIRECTION('',(0.E0,0.E0,1.E0));
#2898=DIRECTION('',(8.741176309016E-1,-4.857142857143E-1,0.E0));
#2899=AXIS2_PLACEMENT_3D('',#2896,#2897,#2898);
#2901=CURVE_STYLE('',#32,POSITIVE_LENGTH_MEASURE(2.E-2),#26);
#2902=PRESENTATION_STYLE_ASSIGNMENT((#2901));
#2903=STYLED_ITEM('',(#2902),#2900);
#2904=CARTESIAN_POINT('',(0.E0,8.5E-2,0.E0));
#2905=DIRECTION('',(0.E0,0.E0,-1.E0));
#2906=DIRECTION('',(-8.741176309016E-1,-4.857142857143E-1,0.E0));
#2907=AXIS2_PLACEMENT_3D('',#2904,#2905,#2906);
#2909=CURVE_STYLE('',#32,POSITIVE_LENGTH_MEASURE(2.E-2),#26);
#2910=PRESENTATION_STYLE_ASSIGNMENT((#2909));
#2911=STYLED_ITEM('',(#2910),#2908);
#2912=CARTESIAN_POINT('',(0.E0,0.E0,0.E0));
#2913=DIRECTION('',(0.E0,1.E0,0.E0));
#2914=DIRECTION('',(1.E0,0.E0,0.E0));
#2915=AXIS2_PLACEMENT_3D('',#2912,#2913,#2914);
#2917=CURVE_STYLE('',#32,POSITIVE_LENGTH_MEASURE(2.E-2),#26);
#2918=PRESENTATION_STYLE_ASSIGNMENT((#2917));
#2919=STYLED_ITEM('',(#2918),#2916);
#2920=CARTESIAN_POINT('',(1.529705854078E-1,0.E0,0.E0));
#2921=CARTESIAN_POINT('',(0.E0,2.6E-1,0.E0));
#2922=VERTEX_POINT('',#2920);
#2923=VERTEX_POINT('',#2921);
#2924=CARTESIAN_POINT('',(-1.529705854078E-1,0.E0,0.E0));
#2925=VERTEX_POINT('',#2924);
#2926=CARTESIAN_POINT('',(0.E0,8.5E-2,0.E0));
#2927=DIRECTION('',(0.E0,-1.E0,0.E0));
#2928=DIRECTION('',(-1.E0,0.E0,0.E0));
#2929=AXIS2_PLACEMENT_3D('',#2926,#2927,#2928);
#2930=SPHERICAL_SURFACE('',#2929,1.75E-1);
#2932=ORIENTED_EDGE('',*,*,#2931,.F.);
#2934=ORIENTED_EDGE('',*,*,#2933,.T.);
#2936=ORIENTED_EDGE('',*,*,#2935,.T.);
#2937=EDGE_LOOP('',(#2932,#2934,#2936));
#2938=FACE_OUTER_BOUND('',#2937,.F.);
#2940=CARTESIAN_POINT('',(0.E0,8.5E-2,0.E0));
#2941=DIRECTION('',(0.E0,-1.E0,0.E0));
#2942=DIRECTION('',(-1.E0,0.E0,0.E0));
#2943=AXIS2_PLACEMENT_3D('',#2940,#2941,#2942);
#2944=SPHERICAL_SURFACE('',#2943,1.75E-1);
#2945=ORIENTED_EDGE('',*,*,#2931,.T.);
#2946=ORIENTED_EDGE('',*,*,#2935,.F.);
#2948=ORIENTED_EDGE('',*,*,#2947,.F.);
#2949=EDGE_LOOP('',(#2945,#2946,#2948));
#2950=FACE_OUTER_BOUND('',#2949,.F.);
#2952=CARTESIAN_POINT('',(0.E0,0.E0,0.E0));
#2953=DIRECTION('',(0.E0,-1.E0,0.E0));
#2954=DIRECTION('',(-1.E0,0.E0,0.E0));
#2955=AXIS2_PLACEMENT_3D('',#2952,#2953,#2954);
#2956=PLANE('',#2955);
#2957=ORIENTED_EDGE('',*,*,#2947,.T.);
#2958=ORIENTED_EDGE('',*,*,#2933,.F.);
#2959=EDGE_LOOP('',(#2957,#2958));
#2960=FACE_OUTER_BOUND('',#2959,.F.);
#2962=CLOSED_SHELL('',(#2939,#2951,#2961));
#2963=MANIFOLD_SOLID_BREP('',#2962);
#2964=FILL_AREA_STYLE_COLOUR('',#26);
#2965=FILL_AREA_STYLE('',(#2964));
#2966=SURFACE_STYLE_FILL_AREA(#2965);
#2967=SURFACE_SIDE_STYLE('',(#2966));
#2968=SURFACE_STYLE_USAGE(.BOTH.,#2967);
#2969=PRESENTATION_STYLE_ASSIGNMENT((#2968));
#2887=STYLED_ITEM('',(#2969),#2963);
#2972=PLANE_ANGLE_MEASURE_WITH_UNIT(PLANE_ANGLE_MEASURE(1.745329251994E-2),
#2971);
#2973=(CONVERSION_BASED_UNIT('DEGREE',#2972)NAMED_UNIT(*)PLANE_ANGLE_UNIT());
#2975=UNCERTAINTY_MEASURE_WITH_UNIT(LENGTH_MEASURE(5.590840656826E-5),#2970,
'distance_accuracy_value',
'Maximum model space distance between geometric entities at asserted connectivities');
#2977=CARTESIAN_POINT('',(0.E0,0.E0,0.E0));
#2978=DIRECTION('',(0.E0,0.E0,1.E0));
#2979=DIRECTION('',(1.E0,0.E0,0.E0));
#2982=PRODUCT_DEFINITION_CONTEXT('part definition',#233,'design');
#2983=PRODUCT_CONTEXT('',#233,'mechanical');
#2984=PRODUCT('SOLDER_BALL_AF10','SOLDER_BALL_AF10','NOT SPECIFIED',(#2983));
#2985=PRODUCT_DEFINITION_FORMATION('14','LAST_VERSION',#2984);
#2993=DERIVED_UNIT_ELEMENT(#2992,2.E0);
#2994=DERIVED_UNIT((#2993));
#2995=MEASURE_REPRESENTATION_ITEM('surface area measure',AREA_MEASURE(
3.593981995702E-1),#2994);
#3000=DERIVED_UNIT_ELEMENT(#2999,3.E0);
#3001=DERIVED_UNIT((#3000));
#3002=MEASURE_REPRESENTATION_ITEM('volume measure',VOLUME_MEASURE(
1.875949693223E-2),#3001);
#3006=CARTESIAN_POINT('centre point',(0.E0,1.079245282985E-1,0.E0));
#3011=DERIVED_UNIT_ELEMENT(#3010,2.E0);
#3012=DERIVED_UNIT((#3011));
#3013=MEASURE_REPRESENTATION_ITEM('surface area measure',AREA_MEASURE(
3.593981995702E-1),#3012);
#3018=DERIVED_UNIT_ELEMENT(#3017,3.E0);
#3019=DERIVED_UNIT((#3018));
#3020=MEASURE_REPRESENTATION_ITEM('volume measure',VOLUME_MEASURE(
1.875949693223E-2),#3019);
#3024=CARTESIAN_POINT('centre point',(0.E0,1.079245282985E-1,0.E0));
#3030=GENERAL_PROPERTY('','DESCRIPTION','user defined attribute');
#3031=GENERAL_PROPERTY_ASSOCIATION('user defined attribute','',#3030,#3029);
#3032=DESCRIPTIVE_REPRESENTATION_ITEM('DESCRIPTION','');
#3036=GENERAL_PROPERTY('','MODELED_BY','user defined attribute');
#3037=GENERAL_PROPERTY_ASSOCIATION('user defined attribute','',#3036,#3035);
#3038=DESCRIPTIVE_REPRESENTATION_ITEM('MODELED_BY','');
#3042=GENERAL_PROPERTY('','BALL_HEIGTH','user defined attribute');
#3043=GENERAL_PROPERTY_ASSOCIATION('user defined attribute','',#3042,#3041);
#3044=VALUE_REPRESENTATION_ITEM('BALL_HEIGTH',NUMERIC_MEASURE(1.75E-1));
#3047=DESCRIPTIVE_REPRESENTATION_ITEM('attribute description','Real Number');
#3053=CARTESIAN_POINT('centre point',(0.E0,1.6E0,1.500754717015E-1));
#3057=CARTESIAN_POINT('',(0.E0,1.6E0,2.58E-1));
#3058=DIRECTION('',(0.E0,1.E0,0.E0));
#3059=DIRECTION('',(1.E0,0.E0,0.E0));
#3060=AXIS2_PLACEMENT_3D('',#3057,#3058,#3059);
#3061=ITEM_DEFINED_TRANSFORMATION('','',#2980,#3060);
#3062=(REPRESENTATION_RELATIONSHIP('','',#2981,#316)REPRESENTATION_RELATIONSHIP_WITH_TRANSFORMATION(#3061)SHAPE_REPRESENTATION_RELATIONSHIP());
#3063=CONTEXT_DEPENDENT_SHAPE_REPRESENTATION(#3062,#3052);
#3065=CARTESIAN_POINT('',(0.E0,0.E0,0.E0));
#3066=DIRECTION('',(0.E0,-1.E0,0.E0));
#3067=DIRECTION('',(1.E0,0.E0,0.E0));
#3068=AXIS2_PLACEMENT_3D('',#3065,#3066,#3067);
#3070=CURVE_STYLE('',#32,POSITIVE_LENGTH_MEASURE(2.E-2),#26);
#3071=PRESENTATION_STYLE_ASSIGNMENT((#3070));
#3072=STYLED_ITEM('',(#3071),#3069);
#3073=CARTESIAN_POINT('',(0.E0,8.5E-2,0.E0));
#3074=DIRECTION('',(0.E0,0.E0,1.E0));
#3075=DIRECTION('',(8.741176309016E-1,-4.857142857143E-1,0.E0));
#3076=AXIS2_PLACEMENT_3D('',#3073,#3074,#3075);
#3078=CURVE_STYLE('',#32,POSITIVE_LENGTH_MEASURE(2.E-2),#26);
#3079=PRESENTATION_STYLE_ASSIGNMENT((#3078));
#3080=STYLED_ITEM('',(#3079),#3077);
#3081=CARTESIAN_POINT('',(0.E0,8.5E-2,0.E0));
#3082=DIRECTION('',(0.E0,0.E0,-1.E0));
#3083=DIRECTION('',(-8.741176309016E-1,-4.857142857143E-1,0.E0));
#3084=AXIS2_PLACEMENT_3D('',#3081,#3082,#3083);
#3086=CURVE_STYLE('',#32,POSITIVE_LENGTH_MEASURE(2.E-2),#26);
#3087=PRESENTATION_STYLE_ASSIGNMENT((#3086));
#3088=STYLED_ITEM('',(#3087),#3085);
#3089=CARTESIAN_POINT('',(0.E0,0.E0,0.E0));
#3090=DIRECTION('',(0.E0,1.E0,0.E0));
#3091=DIRECTION('',(1.E0,0.E0,0.E0));
#3092=AXIS2_PLACEMENT_3D('',#3089,#3090,#3091);
#3094=CURVE_STYLE('',#32,POSITIVE_LENGTH_MEASURE(2.E-2),#26);
#3095=PRESENTATION_STYLE_ASSIGNMENT((#3094));
#3096=STYLED_ITEM('',(#3095),#3093);
#3097=CARTESIAN_POINT('',(1.529705854078E-1,0.E0,0.E0));
#3098=CARTESIAN_POINT('',(0.E0,2.6E-1,0.E0));
#3099=VERTEX_POINT('',#3097);
#3100=VERTEX_POINT('',#3098);
#3101=CARTESIAN_POINT('',(-1.529705854078E-1,0.E0,0.E0));
#3102=VERTEX_POINT('',#3101);
#3103=CARTESIAN_POINT('',(0.E0,8.5E-2,0.E0));
#3104=DIRECTION('',(0.E0,-1.E0,0.E0));
#3105=DIRECTION('',(-1.E0,0.E0,0.E0));
#3106=AXIS2_PLACEMENT_3D('',#3103,#3104,#3105);
#3107=SPHERICAL_SURFACE('',#3106,1.75E-1);
#3109=ORIENTED_EDGE('',*,*,#3108,.F.);
#3111=ORIENTED_EDGE('',*,*,#3110,.T.);
#3113=ORIENTED_EDGE('',*,*,#3112,.T.);
#3114=EDGE_LOOP('',(#3109,#3111,#3113));
#3115=FACE_OUTER_BOUND('',#3114,.F.);
#3117=CARTESIAN_POINT('',(0.E0,8.5E-2,0.E0));
#3118=DIRECTION('',(0.E0,-1.E0,0.E0));
#3119=DIRECTION('',(-1.E0,0.E0,0.E0));
#3120=AXIS2_PLACEMENT_3D('',#3117,#3118,#3119);
#3121=SPHERICAL_SURFACE('',#3120,1.75E-1);
#3122=ORIENTED_EDGE('',*,*,#3108,.T.);
#3123=ORIENTED_EDGE('',*,*,#3112,.F.);
#3125=ORIENTED_EDGE('',*,*,#3124,.F.);
#3126=EDGE_LOOP('',(#3122,#3123,#3125));
#3127=FACE_OUTER_BOUND('',#3126,.F.);
#3129=CARTESIAN_POINT('',(0.E0,0.E0,0.E0));
#3130=DIRECTION('',(0.E0,-1.E0,0.E0));
#3131=DIRECTION('',(-1.E0,0.E0,0.E0));
#3132=AXIS2_PLACEMENT_3D('',#3129,#3130,#3131);
#3133=PLANE('',#3132);
#3134=ORIENTED_EDGE('',*,*,#3124,.T.);
#3135=ORIENTED_EDGE('',*,*,#3110,.F.);
#3136=EDGE_LOOP('',(#3134,#3135));
#3137=FACE_OUTER_BOUND('',#3136,.F.);
#3139=CLOSED_SHELL('',(#3116,#3128,#3138));
#3140=MANIFOLD_SOLID_BREP('',#3139);
#3141=FILL_AREA_STYLE_COLOUR('',#26);
#3142=FILL_AREA_STYLE('',(#3141));
#3143=SURFACE_STYLE_FILL_AREA(#3142);
#3144=SURFACE_SIDE_STYLE('',(#3143));
#3145=SURFACE_STYLE_USAGE(.BOTH.,#3144);
#3146=PRESENTATION_STYLE_ASSIGNMENT((#3145));
#3064=STYLED_ITEM('',(#3146),#3140);
#3149=PLANE_ANGLE_MEASURE_WITH_UNIT(PLANE_ANGLE_MEASURE(1.745329251994E-2),
#3148);
#3150=(CONVERSION_BASED_UNIT('DEGREE',#3149)NAMED_UNIT(*)PLANE_ANGLE_UNIT());
#3152=UNCERTAINTY_MEASURE_WITH_UNIT(LENGTH_MEASURE(5.590840656826E-5),#3147,
'distance_accuracy_value',
'Maximum model space distance between geometric entities at asserted connectivities');
#3154=CARTESIAN_POINT('',(0.E0,0.E0,0.E0));
#3155=DIRECTION('',(0.E0,0.E0,1.E0));
#3156=DIRECTION('',(1.E0,0.E0,0.E0));
#3159=PRODUCT_CONTEXT('',#233,'mechanical');
#3160=PRODUCT('SOLDER_BALL_AF11','SOLDER_BALL_AF11','NOT SPECIFIED',(#3159));
#3161=PRODUCT_DEFINITION_FORMATION('14','LAST_VERSION',#3160);
#3169=DERIVED_UNIT_ELEMENT(#3168,2.E0);
#3170=DERIVED_UNIT((#3169));
#3171=MEASURE_REPRESENTATION_ITEM('surface area measure',AREA_MEASURE(
3.593981995702E-1),#3170);
#3176=DERIVED_UNIT_ELEMENT(#3175,3.E0);
#3177=DERIVED_UNIT((#3176));
#3178=MEASURE_REPRESENTATION_ITEM('volume measure',VOLUME_MEASURE(
1.875949693223E-2),#3177);
#3182=CARTESIAN_POINT('centre point',(0.E0,1.079245282985E-1,0.E0));
#3187=DERIVED_UNIT_ELEMENT(#3186,2.E0);
#3188=DERIVED_UNIT((#3187));
#3189=MEASURE_REPRESENTATION_ITEM('surface area measure',AREA_MEASURE(
3.593981995702E-1),#3188);
#3194=DERIVED_UNIT_ELEMENT(#3193,3.E0);
#3195=DERIVED_UNIT((#3194));
#3196=MEASURE_REPRESENTATION_ITEM('volume measure',VOLUME_MEASURE(
1.875949693223E-2),#3195);
#3200=CARTESIAN_POINT('centre point',(0.E0,1.079245282985E-1,0.E0));
#3206=GENERAL_PROPERTY('','DESCRIPTION','user defined attribute');
#3207=GENERAL_PROPERTY_ASSOCIATION('user defined attribute','',#3206,#3205);
#3208=DESCRIPTIVE_REPRESENTATION_ITEM('DESCRIPTION','');
#3212=GENERAL_PROPERTY('','MODELED_BY','user defined attribute');
#3213=GENERAL_PROPERTY_ASSOCIATION('user defined attribute','',#3212,#3211);
#3214=DESCRIPTIVE_REPRESENTATION_ITEM('MODELED_BY','');
#3218=GENERAL_PROPERTY('','BALL_HEIGTH','user defined attribute');
#3219=GENERAL_PROPERTY_ASSOCIATION('user defined attribute','',#3218,#3217);
#3220=VALUE_REPRESENTATION_ITEM('BALL_HEIGTH',NUMERIC_MEASURE(1.75E-1));
#3223=DESCRIPTIVE_REPRESENTATION_ITEM('attribute description','Real Number');
#3229=CARTESIAN_POINT('centre point',(8.E-1,1.6E0,1.500754717015E-1));
#3233=CARTESIAN_POINT('',(8.E-1,1.6E0,2.58E-1));
#3234=DIRECTION('',(0.E0,1.E0,0.E0));
#3235=DIRECTION('',(1.E0,0.E0,0.E0));
#3236=AXIS2_PLACEMENT_3D('',#3233,#3234,#3235);
#3237=ITEM_DEFINED_TRANSFORMATION('','',#3157,#3236);
#3238=(REPRESENTATION_RELATIONSHIP('','',#3158,#316)REPRESENTATION_RELATIONSHIP_WITH_TRANSFORMATION(#3237)SHAPE_REPRESENTATION_RELATIONSHIP());
#3239=CONTEXT_DEPENDENT_SHAPE_REPRESENTATION(#3238,#3228);
#3241=CARTESIAN_POINT('',(0.E0,0.E0,0.E0));
#3242=DIRECTION('',(0.E0,-1.E0,0.E0));
#3243=DIRECTION('',(1.E0,0.E0,0.E0));
#3244=AXIS2_PLACEMENT_3D('',#3241,#3242,#3243);
#3246=CURVE_STYLE('',#32,POSITIVE_LENGTH_MEASURE(2.E-2),#26);
#3247=PRESENTATION_STYLE_ASSIGNMENT((#3246));
#3248=STYLED_ITEM('',(#3247),#3245);
#3249=CARTESIAN_POINT('',(0.E0,8.5E-2,0.E0));
#3250=DIRECTION('',(0.E0,0.E0,1.E0));
#3251=DIRECTION('',(8.741176309016E-1,-4.857142857143E-1,0.E0));
#3252=AXIS2_PLACEMENT_3D('',#3249,#3250,#3251);
#3254=CURVE_STYLE('',#32,POSITIVE_LENGTH_MEASURE(2.E-2),#26);
#3255=PRESENTATION_STYLE_ASSIGNMENT((#3254));
#3256=STYLED_ITEM('',(#3255),#3253);
#3257=CARTESIAN_POINT('',(0.E0,8.5E-2,0.E0));
#3258=DIRECTION('',(0.E0,0.E0,-1.E0));
#3259=DIRECTION('',(-8.741176309016E-1,-4.857142857143E-1,0.E0));
#3260=AXIS2_PLACEMENT_3D('',#3257,#3258,#3259);
#3262=CURVE_STYLE('',#32,POSITIVE_LENGTH_MEASURE(2.E-2),#26);
#3263=PRESENTATION_STYLE_ASSIGNMENT((#3262));
#3264=STYLED_ITEM('',(#3263),#3261);
#3265=CARTESIAN_POINT('',(0.E0,0.E0,0.E0));
#3266=DIRECTION('',(0.E0,1.E0,0.E0));
#3267=DIRECTION('',(1.E0,0.E0,0.E0));
#3268=AXIS2_PLACEMENT_3D('',#3265,#3266,#3267);
#3270=CURVE_STYLE('',#32,POSITIVE_LENGTH_MEASURE(2.E-2),#26);
#3271=PRESENTATION_STYLE_ASSIGNMENT((#3270));
#3272=STYLED_ITEM('',(#3271),#3269);
#3273=CARTESIAN_POINT('',(1.529705854078E-1,0.E0,0.E0));
#3274=CARTESIAN_POINT('',(0.E0,2.6E-1,0.E0));
#3275=VERTEX_POINT('',#3273);
#3276=VERTEX_POINT('',#3274);
#3277=CARTESIAN_POINT('',(-1.529705854078E-1,0.E0,0.E0));
#3278=VERTEX_POINT('',#3277);
#3279=CARTESIAN_POINT('',(0.E0,8.5E-2,0.E0));
#3280=DIRECTION('',(0.E0,-1.E0,0.E0));
#3281=DIRECTION('',(-1.E0,0.E0,0.E0));
#3282=AXIS2_PLACEMENT_3D('',#3279,#3280,#3281);
#3283=SPHERICAL_SURFACE('',#3282,1.75E-1);
#3285=ORIENTED_EDGE('',*,*,#3284,.F.);
#3287=ORIENTED_EDGE('',*,*,#3286,.T.);
#3289=ORIENTED_EDGE('',*,*,#3288,.T.);
#3290=EDGE_LOOP('',(#3285,#3287,#3289));
#3291=FACE_OUTER_BOUND('',#3290,.F.);
#3293=CARTESIAN_POINT('',(0.E0,8.5E-2,0.E0));
#3294=DIRECTION('',(0.E0,-1.E0,0.E0));
#3295=DIRECTION('',(-1.E0,0.E0,0.E0));
#3296=AXIS2_PLACEMENT_3D('',#3293,#3294,#3295);
#3297=SPHERICAL_SURFACE('',#3296,1.75E-1);
#3298=ORIENTED_EDGE('',*,*,#3284,.T.);
#3299=ORIENTED_EDGE('',*,*,#3288,.F.);
#3301=ORIENTED_EDGE('',*,*,#3300,.F.);
#3302=EDGE_LOOP('',(#3298,#3299,#3301));
#3303=FACE_OUTER_BOUND('',#3302,.F.);
#3305=CARTESIAN_POINT('',(0.E0,0.E0,0.E0));
#3306=DIRECTION('',(0.E0,-1.E0,0.E0));
#3307=DIRECTION('',(-1.E0,0.E0,0.E0));
#3308=AXIS2_PLACEMENT_3D('',#3305,#3306,#3307);
#3309=PLANE('',#3308);
#3310=ORIENTED_EDGE('',*,*,#3300,.T.);
#3311=ORIENTED_EDGE('',*,*,#3286,.F.);
#3312=EDGE_LOOP('',(#3310,#3311));
#3313=FACE_OUTER_BOUND('',#3312,.F.);
#3315=CLOSED_SHELL('',(#3292,#3304,#3314));
#3316=MANIFOLD_SOLID_BREP('',#3315);
#3317=FILL_AREA_STYLE_COLOUR('',#26);
#3318=FILL_AREA_STYLE('',(#3317));
#3319=SURFACE_STYLE_FILL_AREA(#3318);
#3320=SURFACE_SIDE_STYLE('',(#3319));
#3321=SURFACE_STYLE_USAGE(.BOTH.,#3320);
#3322=PRESENTATION_STYLE_ASSIGNMENT((#3321));
#3240=STYLED_ITEM('',(#3322),#3316);
#3325=PLANE_ANGLE_MEASURE_WITH_UNIT(PLANE_ANGLE_MEASURE(1.745329251994E-2),
#3324);
#3326=(CONVERSION_BASED_UNIT('DEGREE',#3325)NAMED_UNIT(*)PLANE_ANGLE_UNIT());
#3328=UNCERTAINTY_MEASURE_WITH_UNIT(LENGTH_MEASURE(5.590840656826E-5),#3323,
'distance_accuracy_value',
'Maximum model space distance between geometric entities at asserted connectivities');
#3330=CARTESIAN_POINT('',(0.E0,0.E0,0.E0));
#3331=DIRECTION('',(0.E0,0.E0,1.E0));
#3332=DIRECTION('',(1.E0,0.E0,0.E0));
#3335=PRODUCT_DEFINITION_CONTEXT('part definition',#233,'design');
#3336=PRODUCT_CONTEXT('',#233,'mechanical');
#3337=PRODUCT('SOLDER_BALL_AF12','SOLDER_BALL_AF12','NOT SPECIFIED',(#3336));
#3338=PRODUCT_DEFINITION_FORMATION('14','LAST_VERSION',#3337);
#3346=DERIVED_UNIT_ELEMENT(#3345,2.E0);
#3347=DERIVED_UNIT((#3346));
#3348=MEASURE_REPRESENTATION_ITEM('surface area measure',AREA_MEASURE(
3.593981995702E-1),#3347);
#3353=DERIVED_UNIT_ELEMENT(#3352,3.E0);
#3354=DERIVED_UNIT((#3353));
#3355=MEASURE_REPRESENTATION_ITEM('volume measure',VOLUME_MEASURE(
1.875949693223E-2),#3354);
#3359=CARTESIAN_POINT('centre point',(0.E0,1.079245282985E-1,0.E0));
#3364=DERIVED_UNIT_ELEMENT(#3363,2.E0);
#3365=DERIVED_UNIT((#3364));
#3366=MEASURE_REPRESENTATION_ITEM('surface area measure',AREA_MEASURE(
3.593981995702E-1),#3365);
#3371=DERIVED_UNIT_ELEMENT(#3370,3.E0);
#3372=DERIVED_UNIT((#3371));
#3373=MEASURE_REPRESENTATION_ITEM('volume measure',VOLUME_MEASURE(
1.875949693223E-2),#3372);
#3377=CARTESIAN_POINT('centre point',(0.E0,1.079245282985E-1,0.E0));
#3383=GENERAL_PROPERTY('','DESCRIPTION','user defined attribute');
#3384=GENERAL_PROPERTY_ASSOCIATION('user defined attribute','',#3383,#3382);
#3385=DESCRIPTIVE_REPRESENTATION_ITEM('DESCRIPTION','');
#3389=GENERAL_PROPERTY('','MODELED_BY','user defined attribute');
#3390=GENERAL_PROPERTY_ASSOCIATION('user defined attribute','',#3389,#3388);
#3391=DESCRIPTIVE_REPRESENTATION_ITEM('MODELED_BY','');
#3395=GENERAL_PROPERTY('','BALL_HEIGTH','user defined attribute');
#3396=GENERAL_PROPERTY_ASSOCIATION('user defined attribute','',#3395,#3394);
#3397=VALUE_REPRESENTATION_ITEM('BALL_HEIGTH',NUMERIC_MEASURE(1.75E-1));
#3400=DESCRIPTIVE_REPRESENTATION_ITEM('attribute description','Real Number');
#3406=CARTESIAN_POINT('centre point',(1.6E0,1.6E0,1.500754717015E-1));
#3410=CARTESIAN_POINT('',(1.6E0,1.6E0,2.58E-1));
#3411=DIRECTION('',(0.E0,1.E0,0.E0));
#3412=DIRECTION('',(1.E0,0.E0,0.E0));
#3413=AXIS2_PLACEMENT_3D('',#3410,#3411,#3412);
#3414=ITEM_DEFINED_TRANSFORMATION('','',#3333,#3413);
#3415=(REPRESENTATION_RELATIONSHIP('','',#3334,#316)REPRESENTATION_RELATIONSHIP_WITH_TRANSFORMATION(#3414)SHAPE_REPRESENTATION_RELATIONSHIP());
#3416=CONTEXT_DEPENDENT_SHAPE_REPRESENTATION(#3415,#3405);
#3419=PLANE_ANGLE_MEASURE_WITH_UNIT(PLANE_ANGLE_MEASURE(1.745329251994E-2),
#3418);
#3420=(CONVERSION_BASED_UNIT('DEGREE',#3419)NAMED_UNIT(*)PLANE_ANGLE_UNIT());
#3422=UNCERTAINTY_MEASURE_WITH_UNIT(LENGTH_MEASURE(5.590840656826E-5),#3417,
'distance_accuracy_value',
'Maximum model space distance between geometric entities at asserted connectivities');
#3424=CARTESIAN_POINT('',(0.E0,0.E0,0.E0));
#3425=DIRECTION('',(0.E0,0.E0,1.E0));
#3426=DIRECTION('',(1.E0,0.E0,0.E0));
#3429=PRODUCT_CONTEXT('',#233,'mechanical');
#3430=PRODUCT('SOLDER_BALL_AF13','SOLDER_BALL_AF13','NOT SPECIFIED',(#3429));
#3431=PRODUCT_DEFINITION_FORMATION('14','LAST_VERSION',#3430);
#3436=GENERAL_PROPERTY('','DESCRIPTION','user defined attribute');
#3437=GENERAL_PROPERTY_ASSOCIATION('user defined attribute','',#3436,#3435);
#3438=DESCRIPTIVE_REPRESENTATION_ITEM('DESCRIPTION','');
#3442=GENERAL_PROPERTY('','MODELED_BY','user defined attribute');
#3443=GENERAL_PROPERTY_ASSOCIATION('user defined attribute','',#3442,#3441);
#3444=DESCRIPTIVE_REPRESENTATION_ITEM('MODELED_BY','');
#3448=GENERAL_PROPERTY('','BALL_HEIGTH','user defined attribute');
#3449=GENERAL_PROPERTY_ASSOCIATION('user defined attribute','',#3448,#3447);
#3450=VALUE_REPRESENTATION_ITEM('BALL_HEIGTH',NUMERIC_MEASURE(1.75E-1));
#3453=DESCRIPTIVE_REPRESENTATION_ITEM('attribute description','Real Number');
#3459=CARTESIAN_POINT('',(2.4E0,1.6E0,2.58E-1));
#3460=DIRECTION('',(0.E0,1.E0,0.E0));
#3461=DIRECTION('',(1.E0,0.E0,0.E0));
#3462=AXIS2_PLACEMENT_3D('',#3459,#3460,#3461);
#3463=ITEM_DEFINED_TRANSFORMATION('','',#3427,#3462);
#3464=(REPRESENTATION_RELATIONSHIP('','',#3428,#316)REPRESENTATION_RELATIONSHIP_WITH_TRANSFORMATION(#3463)SHAPE_REPRESENTATION_RELATIONSHIP());
#3465=CONTEXT_DEPENDENT_SHAPE_REPRESENTATION(#3464,#3458);
#3468=CARTESIAN_POINT('centre point',(3.2E0,1.6E0,1.500754717015E-1));
#3472=CARTESIAN_POINT('',(3.2E0,1.6E0,2.58E-1));
#3473=DIRECTION('',(0.E0,1.E0,0.E0));
#3474=DIRECTION('',(1.E0,0.E0,0.E0));
#3475=AXIS2_PLACEMENT_3D('',#3472,#3473,#3474);
#3476=ITEM_DEFINED_TRANSFORMATION('','',#1132,#3475);
#3477=(REPRESENTATION_RELATIONSHIP('','',#1133,#316)REPRESENTATION_RELATIONSHIP_WITH_TRANSFORMATION(#3476)SHAPE_REPRESENTATION_RELATIONSHIP());
#3478=CONTEXT_DEPENDENT_SHAPE_REPRESENTATION(#3477,#3467);
#3481=CARTESIAN_POINT('centre point',(4.E0,1.6E0,1.500754717015E-1));
#3485=CARTESIAN_POINT('',(4.E0,1.6E0,2.58E-1));
#3486=DIRECTION('',(0.E0,1.E0,0.E0));
#3487=DIRECTION('',(1.E0,0.E0,0.E0));
#3488=AXIS2_PLACEMENT_3D('',#3485,#3486,#3487);
#3489=ITEM_DEFINED_TRANSFORMATION('','',#1132,#3488);
#3490=(REPRESENTATION_RELATIONSHIP('','',#1133,#316)REPRESENTATION_RELATIONSHIP_WITH_TRANSFORMATION(#3489)SHAPE_REPRESENTATION_RELATIONSHIP());
#3491=CONTEXT_DEPENDENT_SHAPE_REPRESENTATION(#3490,#3480);
#3494=CARTESIAN_POINT('centre point',(4.8E0,1.6E0,1.500754717015E-1));
#3498=CARTESIAN_POINT('',(4.8E0,1.6E0,2.58E-1));
#3499=DIRECTION('',(0.E0,1.E0,0.E0));
#3500=DIRECTION('',(1.E0,0.E0,0.E0));
#3501=AXIS2_PLACEMENT_3D('',#3498,#3499,#3500);
#3502=ITEM_DEFINED_TRANSFORMATION('','',#1132,#3501);
#3503=(REPRESENTATION_RELATIONSHIP('','',#1133,#316)REPRESENTATION_RELATIONSHIP_WITH_TRANSFORMATION(#3502)SHAPE_REPRESENTATION_RELATIONSHIP());
#3504=CONTEXT_DEPENDENT_SHAPE_REPRESENTATION(#3503,#3493);
#3507=CARTESIAN_POINT('centre point',(5.6E0,1.6E0,1.500754717015E-1));
#3511=CARTESIAN_POINT('',(5.6E0,1.6E0,2.58E-1));
#3512=DIRECTION('',(0.E0,1.E0,0.E0));
#3513=DIRECTION('',(1.E0,0.E0,0.E0));
#3514=AXIS2_PLACEMENT_3D('',#3511,#3512,#3513);
#3515=ITEM_DEFINED_TRANSFORMATION('','',#1132,#3514);
#3516=(REPRESENTATION_RELATIONSHIP('','',#1133,#316)REPRESENTATION_RELATIONSHIP_WITH_TRANSFORMATION(#3515)SHAPE_REPRESENTATION_RELATIONSHIP());
#3517=CONTEXT_DEPENDENT_SHAPE_REPRESENTATION(#3516,#3506);
#3520=CARTESIAN_POINT('centre point',(-5.6E0,8.E-1,1.500754717015E-1));
#3524=CARTESIAN_POINT('',(-5.6E0,8.E-1,2.58E-1));
#3525=DIRECTION('',(0.E0,1.E0,0.E0));
#3526=DIRECTION('',(1.E0,0.E0,0.E0));
#3527=AXIS2_PLACEMENT_3D('',#3524,#3525,#3526);
#3528=ITEM_DEFINED_TRANSFORMATION('','',#1132,#3527);
#3529=(REPRESENTATION_RELATIONSHIP('','',#1133,#316)REPRESENTATION_RELATIONSHIP_WITH_TRANSFORMATION(#3528)SHAPE_REPRESENTATION_RELATIONSHIP());
#3530=CONTEXT_DEPENDENT_SHAPE_REPRESENTATION(#3529,#3519);
#3533=CARTESIAN_POINT('centre point',(-4.8E0,8.E-1,1.500754717015E-1));
#3537=CARTESIAN_POINT('',(-4.8E0,8.E-1,2.58E-1));
#3538=DIRECTION('',(0.E0,1.E0,0.E0));
#3539=DIRECTION('',(1.E0,0.E0,0.E0));
#3540=AXIS2_PLACEMENT_3D('',#3537,#3538,#3539);
#3541=ITEM_DEFINED_TRANSFORMATION('','',#1132,#3540);
#3542=(REPRESENTATION_RELATIONSHIP('','',#1133,#316)REPRESENTATION_RELATIONSHIP_WITH_TRANSFORMATION(#3541)SHAPE_REPRESENTATION_RELATIONSHIP());
#3543=CONTEXT_DEPENDENT_SHAPE_REPRESENTATION(#3542,#3532);
#3546=CARTESIAN_POINT('centre point',(-4.E0,8.E-1,1.500754717015E-1));
#3550=CARTESIAN_POINT('',(-4.E0,8.E-1,2.58E-1));
#3551=DIRECTION('',(0.E0,1.E0,0.E0));
#3552=DIRECTION('',(1.E0,0.E0,0.E0));
#3553=AXIS2_PLACEMENT_3D('',#3550,#3551,#3552);
#3554=ITEM_DEFINED_TRANSFORMATION('','',#1132,#3553);
#3555=(REPRESENTATION_RELATIONSHIP('','',#1133,#316)REPRESENTATION_RELATIONSHIP_WITH_TRANSFORMATION(#3554)SHAPE_REPRESENTATION_RELATIONSHIP());
#3556=CONTEXT_DEPENDENT_SHAPE_REPRESENTATION(#3555,#3545);
#3559=CARTESIAN_POINT('centre point',(-3.2E0,8.E-1,1.500754717015E-1));
#3563=CARTESIAN_POINT('',(-3.2E0,8.E-1,2.58E-1));
#3564=DIRECTION('',(0.E0,1.E0,0.E0));
#3565=DIRECTION('',(1.E0,0.E0,0.E0));
#3566=AXIS2_PLACEMENT_3D('',#3563,#3564,#3565);
#3567=ITEM_DEFINED_TRANSFORMATION('','',#1132,#3566);
#3568=(REPRESENTATION_RELATIONSHIP('','',#1133,#316)REPRESENTATION_RELATIONSHIP_WITH_TRANSFORMATION(#3567)SHAPE_REPRESENTATION_RELATIONSHIP());
#3569=CONTEXT_DEPENDENT_SHAPE_REPRESENTATION(#3568,#3558);
#3572=PLANE_ANGLE_MEASURE_WITH_UNIT(PLANE_ANGLE_MEASURE(1.745329251994E-2),
#3571);
#3573=(CONVERSION_BASED_UNIT('DEGREE',#3572)NAMED_UNIT(*)PLANE_ANGLE_UNIT());
#3575=UNCERTAINTY_MEASURE_WITH_UNIT(LENGTH_MEASURE(5.590840656826E-5),#3570,
'distance_accuracy_value',
'Maximum model space distance between geometric entities at asserted connectivities');
#3577=CARTESIAN_POINT('',(0.E0,0.E0,0.E0));
#3578=DIRECTION('',(0.E0,0.E0,1.E0));
#3579=DIRECTION('',(1.E0,0.E0,0.E0));
#3582=PRODUCT_DEFINITION_CONTEXT('part definition',#233,'design');
#3583=PRODUCT_CONTEXT('',#233,'mechanical');
#3584=PRODUCT('SOLDER_BALL_AF14','SOLDER_BALL_AF14','NOT SPECIFIED',(#3583));
#3585=PRODUCT_DEFINITION_FORMATION('14','LAST_VERSION',#3584);
#3590=GENERAL_PROPERTY('','DESCRIPTION','user defined attribute');
#3591=GENERAL_PROPERTY_ASSOCIATION('user defined attribute','',#3590,#3589);
#3592=DESCRIPTIVE_REPRESENTATION_ITEM('DESCRIPTION','');
#3596=GENERAL_PROPERTY('','MODELED_BY','user defined attribute');
#3597=GENERAL_PROPERTY_ASSOCIATION('user defined attribute','',#3596,#3595);
#3598=DESCRIPTIVE_REPRESENTATION_ITEM('MODELED_BY','');
#3602=GENERAL_PROPERTY('','BALL_HEIGTH','user defined attribute');
#3603=GENERAL_PROPERTY_ASSOCIATION('user defined attribute','',#3602,#3601);
#3604=VALUE_REPRESENTATION_ITEM('BALL_HEIGTH',NUMERIC_MEASURE(1.75E-1));
#3607=DESCRIPTIVE_REPRESENTATION_ITEM('attribute description','Real Number');
#3613=CARTESIAN_POINT('',(-2.4E0,8.E-1,2.58E-1));
#3614=DIRECTION('',(0.E0,1.E0,0.E0));
#3615=DIRECTION('',(1.E0,0.E0,0.E0));
#3616=AXIS2_PLACEMENT_3D('',#3613,#3614,#3615);
#3617=ITEM_DEFINED_TRANSFORMATION('','',#3580,#3616);
#3618=(REPRESENTATION_RELATIONSHIP('','',#3581,#316)REPRESENTATION_RELATIONSHIP_WITH_TRANSFORMATION(#3617)SHAPE_REPRESENTATION_RELATIONSHIP());
#3619=CONTEXT_DEPENDENT_SHAPE_REPRESENTATION(#3618,#3612);
#3621=CARTESIAN_POINT('',(0.E0,0.E0,0.E0));
#3622=DIRECTION('',(0.E0,-1.E0,0.E0));
#3623=DIRECTION('',(1.E0,0.E0,0.E0));
#3624=AXIS2_PLACEMENT_3D('',#3621,#3622,#3623);
#3626=CURVE_STYLE('',#32,POSITIVE_LENGTH_MEASURE(2.E-2),#26);
#3627=PRESENTATION_STYLE_ASSIGNMENT((#3626));
#3628=STYLED_ITEM('',(#3627),#3625);
#3629=CARTESIAN_POINT('',(0.E0,8.5E-2,0.E0));
#3630=DIRECTION('',(0.E0,0.E0,1.E0));
#3631=DIRECTION('',(8.741176309016E-1,-4.857142857143E-1,0.E0));
#3632=AXIS2_PLACEMENT_3D('',#3629,#3630,#3631);
#3634=CURVE_STYLE('',#32,POSITIVE_LENGTH_MEASURE(2.E-2),#26);
#3635=PRESENTATION_STYLE_ASSIGNMENT((#3634));
#3636=STYLED_ITEM('',(#3635),#3633);
#3637=CARTESIAN_POINT('',(0.E0,8.5E-2,0.E0));
#3638=DIRECTION('',(0.E0,0.E0,-1.E0));
#3639=DIRECTION('',(-8.741176309016E-1,-4.857142857143E-1,0.E0));
#3640=AXIS2_PLACEMENT_3D('',#3637,#3638,#3639);
#3642=CURVE_STYLE('',#32,POSITIVE_LENGTH_MEASURE(2.E-2),#26);
#3643=PRESENTATION_STYLE_ASSIGNMENT((#3642));
#3644=STYLED_ITEM('',(#3643),#3641);
#3645=CARTESIAN_POINT('',(0.E0,0.E0,0.E0));
#3646=DIRECTION('',(0.E0,1.E0,0.E0));
#3647=DIRECTION('',(1.E0,0.E0,0.E0));
#3648=AXIS2_PLACEMENT_3D('',#3645,#3646,#3647);
#3650=CURVE_STYLE('',#32,POSITIVE_LENGTH_MEASURE(2.E-2),#26);
#3651=PRESENTATION_STYLE_ASSIGNMENT((#3650));
#3652=STYLED_ITEM('',(#3651),#3649);
#3653=CARTESIAN_POINT('',(1.529705854078E-1,0.E0,0.E0));
#3654=CARTESIAN_POINT('',(0.E0,2.6E-1,0.E0));
#3655=VERTEX_POINT('',#3653);
#3656=VERTEX_POINT('',#3654);
#3657=CARTESIAN_POINT('',(-1.529705854078E-1,0.E0,0.E0));
#3658=VERTEX_POINT('',#3657);
#3659=CARTESIAN_POINT('',(0.E0,8.5E-2,0.E0));
#3660=DIRECTION('',(0.E0,-1.E0,0.E0));
#3661=DIRECTION('',(-1.E0,0.E0,0.E0));
#3662=AXIS2_PLACEMENT_3D('',#3659,#3660,#3661);
#3663=SPHERICAL_SURFACE('',#3662,1.75E-1);
#3665=ORIENTED_EDGE('',*,*,#3664,.F.);
#3667=ORIENTED_EDGE('',*,*,#3666,.T.);
#3669=ORIENTED_EDGE('',*,*,#3668,.T.);
#3670=EDGE_LOOP('',(#3665,#3667,#3669));
#3671=FACE_OUTER_BOUND('',#3670,.F.);
#3673=CARTESIAN_POINT('',(0.E0,8.5E-2,0.E0));
#3674=DIRECTION('',(0.E0,-1.E0,0.E0));
#3675=DIRECTION('',(-1.E0,0.E0,0.E0));
#3676=AXIS2_PLACEMENT_3D('',#3673,#3674,#3675);
#3677=SPHERICAL_SURFACE('',#3676,1.75E-1);
#3678=ORIENTED_EDGE('',*,*,#3664,.T.);
#3679=ORIENTED_EDGE('',*,*,#3668,.F.);
#3681=ORIENTED_EDGE('',*,*,#3680,.F.);
#3682=EDGE_LOOP('',(#3678,#3679,#3681));
#3683=FACE_OUTER_BOUND('',#3682,.F.);
#3685=CARTESIAN_POINT('',(0.E0,0.E0,0.E0));
#3686=DIRECTION('',(0.E0,-1.E0,0.E0));
#3687=DIRECTION('',(-1.E0,0.E0,0.E0));
#3688=AXIS2_PLACEMENT_3D('',#3685,#3686,#3687);
#3689=PLANE('',#3688);
#3690=ORIENTED_EDGE('',*,*,#3680,.T.);
#3691=ORIENTED_EDGE('',*,*,#3666,.F.);
#3692=EDGE_LOOP('',(#3690,#3691));
#3693=FACE_OUTER_BOUND('',#3692,.F.);
#3695=CLOSED_SHELL('',(#3672,#3684,#3694));
#3696=MANIFOLD_SOLID_BREP('',#3695);
#3697=FILL_AREA_STYLE_COLOUR('',#26);
#3698=FILL_AREA_STYLE('',(#3697));
#3699=SURFACE_STYLE_FILL_AREA(#3698);
#3700=SURFACE_SIDE_STYLE('',(#3699));
#3701=SURFACE_STYLE_USAGE(.BOTH.,#3700);
#3702=PRESENTATION_STYLE_ASSIGNMENT((#3701));
#3620=STYLED_ITEM('',(#3702),#3696);
#3705=PLANE_ANGLE_MEASURE_WITH_UNIT(PLANE_ANGLE_MEASURE(1.745329251994E-2),
#3704);
#3706=(CONVERSION_BASED_UNIT('DEGREE',#3705)NAMED_UNIT(*)PLANE_ANGLE_UNIT());
#3708=UNCERTAINTY_MEASURE_WITH_UNIT(LENGTH_MEASURE(5.590840656826E-5),#3703,
'distance_accuracy_value',
'Maximum model space distance between geometric entities at asserted connectivities');
#3710=CARTESIAN_POINT('',(0.E0,0.E0,0.E0));
#3711=DIRECTION('',(0.E0,0.E0,1.E0));
#3712=DIRECTION('',(1.E0,0.E0,0.E0));
#3715=PRODUCT_CONTEXT('',#233,'mechanical');
#3716=PRODUCT('SOLDER_BALL_AF15','SOLDER_BALL_AF15','NOT SPECIFIED',(#3715));
#3717=PRODUCT_DEFINITION_FORMATION('14','LAST_VERSION',#3716);
#3725=DERIVED_UNIT_ELEMENT(#3724,2.E0);
#3726=DERIVED_UNIT((#3725));
#3727=MEASURE_REPRESENTATION_ITEM('surface area measure',AREA_MEASURE(
3.593981995702E-1),#3726);
#3732=DERIVED_UNIT_ELEMENT(#3731,3.E0);
#3733=DERIVED_UNIT((#3732));
#3734=MEASURE_REPRESENTATION_ITEM('volume measure',VOLUME_MEASURE(
1.875949693223E-2),#3733);
#3738=CARTESIAN_POINT('centre point',(0.E0,1.079245282985E-1,0.E0));
#3743=DERIVED_UNIT_ELEMENT(#3742,2.E0);
#3744=DERIVED_UNIT((#3743));
#3745=MEASURE_REPRESENTATION_ITEM('surface area measure',AREA_MEASURE(
3.593981995702E-1),#3744);
#3750=DERIVED_UNIT_ELEMENT(#3749,3.E0);
#3751=DERIVED_UNIT((#3750));
#3752=MEASURE_REPRESENTATION_ITEM('volume measure',VOLUME_MEASURE(
1.875949693223E-2),#3751);
#3756=CARTESIAN_POINT('centre point',(0.E0,1.079245282985E-1,0.E0));
#3762=GENERAL_PROPERTY('','DESCRIPTION','user defined attribute');
#3763=GENERAL_PROPERTY_ASSOCIATION('user defined attribute','',#3762,#3761);
#3764=DESCRIPTIVE_REPRESENTATION_ITEM('DESCRIPTION','');
#3768=GENERAL_PROPERTY('','MODELED_BY','user defined attribute');
#3769=GENERAL_PROPERTY_ASSOCIATION('user defined attribute','',#3768,#3767);
#3770=DESCRIPTIVE_REPRESENTATION_ITEM('MODELED_BY','');
#3774=GENERAL_PROPERTY('','BALL_HEIGTH','user defined attribute');
#3775=GENERAL_PROPERTY_ASSOCIATION('user defined attribute','',#3774,#3773);
#3776=VALUE_REPRESENTATION_ITEM('BALL_HEIGTH',NUMERIC_MEASURE(1.75E-1));
#3779=DESCRIPTIVE_REPRESENTATION_ITEM('attribute description','Real Number');
#3785=CARTESIAN_POINT('centre point',(-1.6E0,8.E-1,1.500754717015E-1));
#3789=CARTESIAN_POINT('',(-1.6E0,8.E-1,2.58E-1));
#3790=DIRECTION('',(0.E0,1.E0,0.E0));
#3791=DIRECTION('',(1.E0,0.E0,0.E0));
#3792=AXIS2_PLACEMENT_3D('',#3789,#3790,#3791);
#3793=ITEM_DEFINED_TRANSFORMATION('','',#3713,#3792);
#3794=(REPRESENTATION_RELATIONSHIP('','',#3714,#316)REPRESENTATION_RELATIONSHIP_WITH_TRANSFORMATION(#3793)SHAPE_REPRESENTATION_RELATIONSHIP());
#3795=CONTEXT_DEPENDENT_SHAPE_REPRESENTATION(#3794,#3784);
#3797=CARTESIAN_POINT('',(0.E0,0.E0,0.E0));
#3798=DIRECTION('',(0.E0,-1.E0,0.E0));
#3799=DIRECTION('',(1.E0,0.E0,0.E0));
#3800=AXIS2_PLACEMENT_3D('',#3797,#3798,#3799);
#3802=CURVE_STYLE('',#32,POSITIVE_LENGTH_MEASURE(2.E-2),#26);
#3803=PRESENTATION_STYLE_ASSIGNMENT((#3802));
#3804=STYLED_ITEM('',(#3803),#3801);
#3805=CARTESIAN_POINT('',(0.E0,8.5E-2,0.E0));
#3806=DIRECTION('',(0.E0,0.E0,1.E0));
#3807=DIRECTION('',(8.741176309016E-1,-4.857142857143E-1,0.E0));
#3808=AXIS2_PLACEMENT_3D('',#3805,#3806,#3807);
#3810=CURVE_STYLE('',#32,POSITIVE_LENGTH_MEASURE(2.E-2),#26);
#3811=PRESENTATION_STYLE_ASSIGNMENT((#3810));
#3812=STYLED_ITEM('',(#3811),#3809);
#3813=CARTESIAN_POINT('',(0.E0,8.5E-2,0.E0));
#3814=DIRECTION('',(0.E0,0.E0,-1.E0));
#3815=DIRECTION('',(-8.741176309016E-1,-4.857142857143E-1,0.E0));
#3816=AXIS2_PLACEMENT_3D('',#3813,#3814,#3815);
#3818=CURVE_STYLE('',#32,POSITIVE_LENGTH_MEASURE(2.E-2),#26);
#3819=PRESENTATION_STYLE_ASSIGNMENT((#3818));
#3820=STYLED_ITEM('',(#3819),#3817);
#3821=CARTESIAN_POINT('',(0.E0,0.E0,0.E0));
#3822=DIRECTION('',(0.E0,1.E0,0.E0));
#3823=DIRECTION('',(1.E0,0.E0,0.E0));
#3824=AXIS2_PLACEMENT_3D('',#3821,#3822,#3823);
#3826=CURVE_STYLE('',#32,POSITIVE_LENGTH_MEASURE(2.E-2),#26);
#3827=PRESENTATION_STYLE_ASSIGNMENT((#3826));
#3828=STYLED_ITEM('',(#3827),#3825);
#3829=CARTESIAN_POINT('',(1.529705854078E-1,0.E0,0.E0));
#3830=CARTESIAN_POINT('',(0.E0,2.6E-1,0.E0));
#3831=VERTEX_POINT('',#3829);
#3832=VERTEX_POINT('',#3830);
#3833=CARTESIAN_POINT('',(-1.529705854078E-1,0.E0,0.E0));
#3834=VERTEX_POINT('',#3833);
#3835=CARTESIAN_POINT('',(0.E0,8.5E-2,0.E0));
#3836=DIRECTION('',(0.E0,-1.E0,0.E0));
#3837=DIRECTION('',(-1.E0,0.E0,0.E0));
#3838=AXIS2_PLACEMENT_3D('',#3835,#3836,#3837);
#3839=SPHERICAL_SURFACE('',#3838,1.75E-1);
#3841=ORIENTED_EDGE('',*,*,#3840,.F.);
#3843=ORIENTED_EDGE('',*,*,#3842,.T.);
#3845=ORIENTED_EDGE('',*,*,#3844,.T.);
#3846=EDGE_LOOP('',(#3841,#3843,#3845));
#3847=FACE_OUTER_BOUND('',#3846,.F.);
#3849=CARTESIAN_POINT('',(0.E0,8.5E-2,0.E0));
#3850=DIRECTION('',(0.E0,-1.E0,0.E0));
#3851=DIRECTION('',(-1.E0,0.E0,0.E0));
#3852=AXIS2_PLACEMENT_3D('',#3849,#3850,#3851);
#3853=SPHERICAL_SURFACE('',#3852,1.75E-1);
#3854=ORIENTED_EDGE('',*,*,#3840,.T.);
#3855=ORIENTED_EDGE('',*,*,#3844,.F.);
#3857=ORIENTED_EDGE('',*,*,#3856,.F.);
#3858=EDGE_LOOP('',(#3854,#3855,#3857));
#3859=FACE_OUTER_BOUND('',#3858,.F.);
#3861=CARTESIAN_POINT('',(0.E0,0.E0,0.E0));
#3862=DIRECTION('',(0.E0,-1.E0,0.E0));
#3863=DIRECTION('',(-1.E0,0.E0,0.E0));
#3864=AXIS2_PLACEMENT_3D('',#3861,#3862,#3863);
#3865=PLANE('',#3864);
#3866=ORIENTED_EDGE('',*,*,#3856,.T.);
#3867=ORIENTED_EDGE('',*,*,#3842,.F.);
#3868=EDGE_LOOP('',(#3866,#3867));
#3869=FACE_OUTER_BOUND('',#3868,.F.);
#3871=CLOSED_SHELL('',(#3848,#3860,#3870));
#3872=MANIFOLD_SOLID_BREP('',#3871);
#3873=FILL_AREA_STYLE_COLOUR('',#26);
#3874=FILL_AREA_STYLE('',(#3873));
#3875=SURFACE_STYLE_FILL_AREA(#3874);
#3876=SURFACE_SIDE_STYLE('',(#3875));
#3877=SURFACE_STYLE_USAGE(.BOTH.,#3876);
#3878=PRESENTATION_STYLE_ASSIGNMENT((#3877));
#3796=STYLED_ITEM('',(#3878),#3872);
#3881=PLANE_ANGLE_MEASURE_WITH_UNIT(PLANE_ANGLE_MEASURE(1.745329251994E-2),
#3880);
#3882=(CONVERSION_BASED_UNIT('DEGREE',#3881)NAMED_UNIT(*)PLANE_ANGLE_UNIT());
#3884=UNCERTAINTY_MEASURE_WITH_UNIT(LENGTH_MEASURE(5.590840656826E-5),#3879,
'distance_accuracy_value',
'Maximum model space distance between geometric entities at asserted connectivities');
#3886=CARTESIAN_POINT('',(0.E0,0.E0,0.E0));
#3887=DIRECTION('',(0.E0,0.E0,1.E0));
#3888=DIRECTION('',(1.E0,0.E0,0.E0));
#3891=PRODUCT_DEFINITION_CONTEXT('part definition',#233,'design');
#3892=PRODUCT_CONTEXT('',#233,'mechanical');
#3893=PRODUCT('SOLDER_BALL_AF16','SOLDER_BALL_AF16','NOT SPECIFIED',(#3892));
#3894=PRODUCT_DEFINITION_FORMATION('14','LAST_VERSION',#3893);
#3902=DERIVED_UNIT_ELEMENT(#3901,2.E0);
#3903=DERIVED_UNIT((#3902));
#3904=MEASURE_REPRESENTATION_ITEM('surface area measure',AREA_MEASURE(
3.593981995702E-1),#3903);
#3909=DERIVED_UNIT_ELEMENT(#3908,3.E0);
#3910=DERIVED_UNIT((#3909));
#3911=MEASURE_REPRESENTATION_ITEM('volume measure',VOLUME_MEASURE(
1.875949693223E-2),#3910);
#3915=CARTESIAN_POINT('centre point',(0.E0,1.079245282985E-1,0.E0));
#3920=DERIVED_UNIT_ELEMENT(#3919,2.E0);
#3921=DERIVED_UNIT((#3920));
#3922=MEASURE_REPRESENTATION_ITEM('surface area measure',AREA_MEASURE(
3.593981995702E-1),#3921);
#3927=DERIVED_UNIT_ELEMENT(#3926,3.E0);
#3928=DERIVED_UNIT((#3927));
#3929=MEASURE_REPRESENTATION_ITEM('volume measure',VOLUME_MEASURE(
1.875949693223E-2),#3928);
#3933=CARTESIAN_POINT('centre point',(0.E0,1.079245282985E-1,0.E0));
#3939=GENERAL_PROPERTY('','DESCRIPTION','user defined attribute');
#3940=GENERAL_PROPERTY_ASSOCIATION('user defined attribute','',#3939,#3938);
#3941=DESCRIPTIVE_REPRESENTATION_ITEM('DESCRIPTION','');
#3945=GENERAL_PROPERTY('','MODELED_BY','user defined attribute');
#3946=GENERAL_PROPERTY_ASSOCIATION('user defined attribute','',#3945,#3944);
#3947=DESCRIPTIVE_REPRESENTATION_ITEM('MODELED_BY','');
#3951=GENERAL_PROPERTY('','BALL_HEIGTH','user defined attribute');
#3952=GENERAL_PROPERTY_ASSOCIATION('user defined attribute','',#3951,#3950);
#3953=VALUE_REPRESENTATION_ITEM('BALL_HEIGTH',NUMERIC_MEASURE(1.75E-1));
#3956=DESCRIPTIVE_REPRESENTATION_ITEM('attribute description','Real Number');
#3962=CARTESIAN_POINT('centre point',(-8.E-1,8.E-1,1.500754717015E-1));
#3966=CARTESIAN_POINT('',(-8.E-1,8.E-1,2.58E-1));
#3967=DIRECTION('',(0.E0,1.E0,0.E0));
#3968=DIRECTION('',(1.E0,0.E0,0.E0));
#3969=AXIS2_PLACEMENT_3D('',#3966,#3967,#3968);
#3970=ITEM_DEFINED_TRANSFORMATION('','',#3889,#3969);
#3971=(REPRESENTATION_RELATIONSHIP('','',#3890,#316)REPRESENTATION_RELATIONSHIP_WITH_TRANSFORMATION(#3970)SHAPE_REPRESENTATION_RELATIONSHIP());
#3972=CONTEXT_DEPENDENT_SHAPE_REPRESENTATION(#3971,#3961);
#3974=CARTESIAN_POINT('',(0.E0,0.E0,0.E0));
#3975=DIRECTION('',(0.E0,-1.E0,0.E0));
#3976=DIRECTION('',(1.E0,0.E0,0.E0));
#3977=AXIS2_PLACEMENT_3D('',#3974,#3975,#3976);
#3979=CURVE_STYLE('',#32,POSITIVE_LENGTH_MEASURE(2.E-2),#26);
#3980=PRESENTATION_STYLE_ASSIGNMENT((#3979));
#3981=STYLED_ITEM('',(#3980),#3978);
#3982=CARTESIAN_POINT('',(0.E0,8.5E-2,0.E0));
#3983=DIRECTION('',(0.E0,0.E0,1.E0));
#3984=DIRECTION('',(8.741176309016E-1,-4.857142857143E-1,0.E0));
#3985=AXIS2_PLACEMENT_3D('',#3982,#3983,#3984);
#3987=CURVE_STYLE('',#32,POSITIVE_LENGTH_MEASURE(2.E-2),#26);
#3988=PRESENTATION_STYLE_ASSIGNMENT((#3987));
#3989=STYLED_ITEM('',(#3988),#3986);
#3990=CARTESIAN_POINT('',(0.E0,8.5E-2,0.E0));
#3991=DIRECTION('',(0.E0,0.E0,-1.E0));
#3992=DIRECTION('',(-8.741176309016E-1,-4.857142857143E-1,0.E0));
#3993=AXIS2_PLACEMENT_3D('',#3990,#3991,#3992);
#3995=CURVE_STYLE('',#32,POSITIVE_LENGTH_MEASURE(2.E-2),#26);
#3996=PRESENTATION_STYLE_ASSIGNMENT((#3995));
#3997=STYLED_ITEM('',(#3996),#3994);
#3998=CARTESIAN_POINT('',(0.E0,0.E0,0.E0));
#3999=DIRECTION('',(0.E0,1.E0,0.E0));
#4000=DIRECTION('',(1.E0,0.E0,0.E0));
#4001=AXIS2_PLACEMENT_3D('',#3998,#3999,#4000);
#4003=CURVE_STYLE('',#32,POSITIVE_LENGTH_MEASURE(2.E-2),#26);
#4004=PRESENTATION_STYLE_ASSIGNMENT((#4003));
#4005=STYLED_ITEM('',(#4004),#4002);
#4006=CARTESIAN_POINT('',(1.529705854078E-1,0.E0,0.E0));
#4007=CARTESIAN_POINT('',(0.E0,2.6E-1,0.E0));
#4008=VERTEX_POINT('',#4006);
#4009=VERTEX_POINT('',#4007);
#4010=CARTESIAN_POINT('',(-1.529705854078E-1,0.E0,0.E0));
#4011=VERTEX_POINT('',#4010);
#4012=CARTESIAN_POINT('',(0.E0,8.5E-2,0.E0));
#4013=DIRECTION('',(0.E0,-1.E0,0.E0));
#4014=DIRECTION('',(-1.E0,0.E0,0.E0));
#4015=AXIS2_PLACEMENT_3D('',#4012,#4013,#4014);
#4016=SPHERICAL_SURFACE('',#4015,1.75E-1);
#4018=ORIENTED_EDGE('',*,*,#4017,.F.);
#4020=ORIENTED_EDGE('',*,*,#4019,.T.);
#4022=ORIENTED_EDGE('',*,*,#4021,.T.);
#4023=EDGE_LOOP('',(#4018,#4020,#4022));
#4024=FACE_OUTER_BOUND('',#4023,.F.);
#4026=CARTESIAN_POINT('',(0.E0,8.5E-2,0.E0));
#4027=DIRECTION('',(0.E0,-1.E0,0.E0));
#4028=DIRECTION('',(-1.E0,0.E0,0.E0));
#4029=AXIS2_PLACEMENT_3D('',#4026,#4027,#4028);
#4030=SPHERICAL_SURFACE('',#4029,1.75E-1);
#4031=ORIENTED_EDGE('',*,*,#4017,.T.);
#4032=ORIENTED_EDGE('',*,*,#4021,.F.);
#4034=ORIENTED_EDGE('',*,*,#4033,.F.);
#4035=EDGE_LOOP('',(#4031,#4032,#4034));
#4036=FACE_OUTER_BOUND('',#4035,.F.);
#4038=CARTESIAN_POINT('',(0.E0,0.E0,0.E0));
#4039=DIRECTION('',(0.E0,-1.E0,0.E0));
#4040=DIRECTION('',(-1.E0,0.E0,0.E0));
#4041=AXIS2_PLACEMENT_3D('',#4038,#4039,#4040);
#4042=PLANE('',#4041);
#4043=ORIENTED_EDGE('',*,*,#4033,.T.);
#4044=ORIENTED_EDGE('',*,*,#4019,.F.);
#4045=EDGE_LOOP('',(#4043,#4044));
#4046=FACE_OUTER_BOUND('',#4045,.F.);
#4048=CLOSED_SHELL('',(#4025,#4037,#4047));
#4049=MANIFOLD_SOLID_BREP('',#4048);
#4050=FILL_AREA_STYLE_COLOUR('',#26);
#4051=FILL_AREA_STYLE('',(#4050));
#4052=SURFACE_STYLE_FILL_AREA(#4051);
#4053=SURFACE_SIDE_STYLE('',(#4052));
#4054=SURFACE_STYLE_USAGE(.BOTH.,#4053);
#4055=PRESENTATION_STYLE_ASSIGNMENT((#4054));
#3973=STYLED_ITEM('',(#4055),#4049);
#4058=PLANE_ANGLE_MEASURE_WITH_UNIT(PLANE_ANGLE_MEASURE(1.745329251994E-2),
#4057);
#4059=(CONVERSION_BASED_UNIT('DEGREE',#4058)NAMED_UNIT(*)PLANE_ANGLE_UNIT());
#4061=UNCERTAINTY_MEASURE_WITH_UNIT(LENGTH_MEASURE(5.590840656826E-5),#4056,
'distance_accuracy_value',
'Maximum model space distance between geometric entities at asserted connectivities');
#4063=CARTESIAN_POINT('',(0.E0,0.E0,0.E0));
#4064=DIRECTION('',(0.E0,0.E0,1.E0));
#4065=DIRECTION('',(1.E0,0.E0,0.E0));
#4068=PRODUCT_CONTEXT('',#233,'mechanical');
#4069=PRODUCT('SOLDER_BALL_AF17','SOLDER_BALL_AF17','NOT SPECIFIED',(#4068));
#4070=PRODUCT_DEFINITION_FORMATION('14','LAST_VERSION',#4069);
#4078=DERIVED_UNIT_ELEMENT(#4077,2.E0);
#4079=DERIVED_UNIT((#4078));
#4080=MEASURE_REPRESENTATION_ITEM('surface area measure',AREA_MEASURE(
3.593981995702E-1),#4079);
#4085=DERIVED_UNIT_ELEMENT(#4084,3.E0);
#4086=DERIVED_UNIT((#4085));
#4087=MEASURE_REPRESENTATION_ITEM('volume measure',VOLUME_MEASURE(
1.875949693223E-2),#4086);
#4091=CARTESIAN_POINT('centre point',(0.E0,1.079245282985E-1,0.E0));
#4096=DERIVED_UNIT_ELEMENT(#4095,2.E0);
#4097=DERIVED_UNIT((#4096));
#4098=MEASURE_REPRESENTATION_ITEM('surface area measure',AREA_MEASURE(
3.593981995702E-1),#4097);
#4103=DERIVED_UNIT_ELEMENT(#4102,3.E0);
#4104=DERIVED_UNIT((#4103));
#4105=MEASURE_REPRESENTATION_ITEM('volume measure',VOLUME_MEASURE(
1.875949693223E-2),#4104);
#4109=CARTESIAN_POINT('centre point',(0.E0,1.079245282985E-1,0.E0));
#4115=GENERAL_PROPERTY('','DESCRIPTION','user defined attribute');
#4116=GENERAL_PROPERTY_ASSOCIATION('user defined attribute','',#4115,#4114);
#4117=DESCRIPTIVE_REPRESENTATION_ITEM('DESCRIPTION','');
#4121=GENERAL_PROPERTY('','MODELED_BY','user defined attribute');
#4122=GENERAL_PROPERTY_ASSOCIATION('user defined attribute','',#4121,#4120);
#4123=DESCRIPTIVE_REPRESENTATION_ITEM('MODELED_BY','');
#4127=GENERAL_PROPERTY('','BALL_HEIGTH','user defined attribute');
#4128=GENERAL_PROPERTY_ASSOCIATION('user defined attribute','',#4127,#4126);
#4129=VALUE_REPRESENTATION_ITEM('BALL_HEIGTH',NUMERIC_MEASURE(1.75E-1));
#4132=DESCRIPTIVE_REPRESENTATION_ITEM('attribute description','Real Number');
#4138=CARTESIAN_POINT('centre point',(0.E0,8.E-1,1.500754717015E-1));
#4142=CARTESIAN_POINT('',(0.E0,8.E-1,2.58E-1));
#4143=DIRECTION('',(0.E0,1.E0,0.E0));
#4144=DIRECTION('',(1.E0,0.E0,0.E0));
#4145=AXIS2_PLACEMENT_3D('',#4142,#4143,#4144);
#4146=ITEM_DEFINED_TRANSFORMATION('','',#4066,#4145);
#4147=(REPRESENTATION_RELATIONSHIP('','',#4067,#316)REPRESENTATION_RELATIONSHIP_WITH_TRANSFORMATION(#4146)SHAPE_REPRESENTATION_RELATIONSHIP());
#4148=CONTEXT_DEPENDENT_SHAPE_REPRESENTATION(#4147,#4137);
#4150=CARTESIAN_POINT('',(0.E0,0.E0,0.E0));
#4151=DIRECTION('',(0.E0,-1.E0,0.E0));
#4152=DIRECTION('',(1.E0,0.E0,0.E0));
#4153=AXIS2_PLACEMENT_3D('',#4150,#4151,#4152);
#4155=CURVE_STYLE('',#32,POSITIVE_LENGTH_MEASURE(2.E-2),#26);
#4156=PRESENTATION_STYLE_ASSIGNMENT((#4155));
#4157=STYLED_ITEM('',(#4156),#4154);
#4158=CARTESIAN_POINT('',(0.E0,8.5E-2,0.E0));
#4159=DIRECTION('',(0.E0,0.E0,1.E0));
#4160=DIRECTION('',(8.741176309016E-1,-4.857142857143E-1,0.E0));
#4161=AXIS2_PLACEMENT_3D('',#4158,#4159,#4160);
#4163=CURVE_STYLE('',#32,POSITIVE_LENGTH_MEASURE(2.E-2),#26);
#4164=PRESENTATION_STYLE_ASSIGNMENT((#4163));
#4165=STYLED_ITEM('',(#4164),#4162);
#4166=CARTESIAN_POINT('',(0.E0,8.5E-2,0.E0));
#4167=DIRECTION('',(0.E0,0.E0,-1.E0));
#4168=DIRECTION('',(-8.741176309016E-1,-4.857142857143E-1,0.E0));
#4169=AXIS2_PLACEMENT_3D('',#4166,#4167,#4168);
#4171=CURVE_STYLE('',#32,POSITIVE_LENGTH_MEASURE(2.E-2),#26);
#4172=PRESENTATION_STYLE_ASSIGNMENT((#4171));
#4173=STYLED_ITEM('',(#4172),#4170);
#4174=CARTESIAN_POINT('',(0.E0,0.E0,0.E0));
#4175=DIRECTION('',(0.E0,1.E0,0.E0));
#4176=DIRECTION('',(1.E0,0.E0,0.E0));
#4177=AXIS2_PLACEMENT_3D('',#4174,#4175,#4176);
#4179=CURVE_STYLE('',#32,POSITIVE_LENGTH_MEASURE(2.E-2),#26);
#4180=PRESENTATION_STYLE_ASSIGNMENT((#4179));
#4181=STYLED_ITEM('',(#4180),#4178);
#4182=CARTESIAN_POINT('',(1.529705854078E-1,0.E0,0.E0));
#4183=CARTESIAN_POINT('',(0.E0,2.6E-1,0.E0));
#4184=VERTEX_POINT('',#4182);
#4185=VERTEX_POINT('',#4183);
#4186=CARTESIAN_POINT('',(-1.529705854078E-1,0.E0,0.E0));
#4187=VERTEX_POINT('',#4186);
#4188=CARTESIAN_POINT('',(0.E0,8.5E-2,0.E0));
#4189=DIRECTION('',(0.E0,-1.E0,0.E0));
#4190=DIRECTION('',(-1.E0,0.E0,0.E0));
#4191=AXIS2_PLACEMENT_3D('',#4188,#4189,#4190);
#4192=SPHERICAL_SURFACE('',#4191,1.75E-1);
#4194=ORIENTED_EDGE('',*,*,#4193,.F.);
#4196=ORIENTED_EDGE('',*,*,#4195,.T.);
#4198=ORIENTED_EDGE('',*,*,#4197,.T.);
#4199=EDGE_LOOP('',(#4194,#4196,#4198));
#4200=FACE_OUTER_BOUND('',#4199,.F.);
#4202=CARTESIAN_POINT('',(0.E0,8.5E-2,0.E0));
#4203=DIRECTION('',(0.E0,-1.E0,0.E0));
#4204=DIRECTION('',(-1.E0,0.E0,0.E0));
#4205=AXIS2_PLACEMENT_3D('',#4202,#4203,#4204);
#4206=SPHERICAL_SURFACE('',#4205,1.75E-1);
#4207=ORIENTED_EDGE('',*,*,#4193,.T.);
#4208=ORIENTED_EDGE('',*,*,#4197,.F.);
#4210=ORIENTED_EDGE('',*,*,#4209,.F.);
#4211=EDGE_LOOP('',(#4207,#4208,#4210));
#4212=FACE_OUTER_BOUND('',#4211,.F.);
#4214=CARTESIAN_POINT('',(0.E0,0.E0,0.E0));
#4215=DIRECTION('',(0.E0,-1.E0,0.E0));
#4216=DIRECTION('',(-1.E0,0.E0,0.E0));
#4217=AXIS2_PLACEMENT_3D('',#4214,#4215,#4216);
#4218=PLANE('',#4217);
#4219=ORIENTED_EDGE('',*,*,#4209,.T.);
#4220=ORIENTED_EDGE('',*,*,#4195,.F.);
#4221=EDGE_LOOP('',(#4219,#4220));
#4222=FACE_OUTER_BOUND('',#4221,.F.);
#4224=CLOSED_SHELL('',(#4201,#4213,#4223));
#4225=MANIFOLD_SOLID_BREP('',#4224);
#4226=FILL_AREA_STYLE_COLOUR('',#26);
#4227=FILL_AREA_STYLE('',(#4226));
#4228=SURFACE_STYLE_FILL_AREA(#4227);
#4229=SURFACE_SIDE_STYLE('',(#4228));
#4230=SURFACE_STYLE_USAGE(.BOTH.,#4229);
#4231=PRESENTATION_STYLE_ASSIGNMENT((#4230));
#4149=STYLED_ITEM('',(#4231),#4225);
#4234=PLANE_ANGLE_MEASURE_WITH_UNIT(PLANE_ANGLE_MEASURE(1.745329251994E-2),
#4233);
#4235=(CONVERSION_BASED_UNIT('DEGREE',#4234)NAMED_UNIT(*)PLANE_ANGLE_UNIT());
#4237=UNCERTAINTY_MEASURE_WITH_UNIT(LENGTH_MEASURE(5.590840656826E-5),#4232,
'distance_accuracy_value',
'Maximum model space distance between geometric entities at asserted connectivities');
#4239=CARTESIAN_POINT('',(0.E0,0.E0,0.E0));
#4240=DIRECTION('',(0.E0,0.E0,1.E0));
#4241=DIRECTION('',(1.E0,0.E0,0.E0));
#4244=PRODUCT_DEFINITION_CONTEXT('part definition',#233,'design');
#4245=PRODUCT_CONTEXT('',#233,'mechanical');
#4246=PRODUCT('SOLDER_BALL_AF18','SOLDER_BALL_AF18','NOT SPECIFIED',(#4245));
#4247=PRODUCT_DEFINITION_FORMATION('14','LAST_VERSION',#4246);
#4255=DERIVED_UNIT_ELEMENT(#4254,2.E0);
#4256=DERIVED_UNIT((#4255));
#4257=MEASURE_REPRESENTATION_ITEM('surface area measure',AREA_MEASURE(
3.593981995702E-1),#4256);
#4262=DERIVED_UNIT_ELEMENT(#4261,3.E0);
#4263=DERIVED_UNIT((#4262));
#4264=MEASURE_REPRESENTATION_ITEM('volume measure',VOLUME_MEASURE(
1.875949693223E-2),#4263);
#4268=CARTESIAN_POINT('centre point',(0.E0,1.079245282985E-1,0.E0));
#4273=DERIVED_UNIT_ELEMENT(#4272,2.E0);
#4274=DERIVED_UNIT((#4273));
#4275=MEASURE_REPRESENTATION_ITEM('surface area measure',AREA_MEASURE(
3.593981995702E-1),#4274);
#4280=DERIVED_UNIT_ELEMENT(#4279,3.E0);
#4281=DERIVED_UNIT((#4280));
#4282=MEASURE_REPRESENTATION_ITEM('volume measure',VOLUME_MEASURE(
1.875949693223E-2),#4281);
#4286=CARTESIAN_POINT('centre point',(0.E0,1.079245282985E-1,0.E0));
#4292=GENERAL_PROPERTY('','DESCRIPTION','user defined attribute');
#4293=GENERAL_PROPERTY_ASSOCIATION('user defined attribute','',#4292,#4291);
#4294=DESCRIPTIVE_REPRESENTATION_ITEM('DESCRIPTION','');
#4298=GENERAL_PROPERTY('','MODELED_BY','user defined attribute');
#4299=GENERAL_PROPERTY_ASSOCIATION('user defined attribute','',#4298,#4297);
#4300=DESCRIPTIVE_REPRESENTATION_ITEM('MODELED_BY','');
#4304=GENERAL_PROPERTY('','BALL_HEIGTH','user defined attribute');
#4305=GENERAL_PROPERTY_ASSOCIATION('user defined attribute','',#4304,#4303);
#4306=VALUE_REPRESENTATION_ITEM('BALL_HEIGTH',NUMERIC_MEASURE(1.75E-1));
#4309=DESCRIPTIVE_REPRESENTATION_ITEM('attribute description','Real Number');
#4315=CARTESIAN_POINT('centre point',(8.E-1,8.E-1,1.500754717015E-1));
#4319=CARTESIAN_POINT('',(8.E-1,8.E-1,2.58E-1));
#4320=DIRECTION('',(0.E0,1.E0,0.E0));
#4321=DIRECTION('',(1.E0,0.E0,0.E0));
#4322=AXIS2_PLACEMENT_3D('',#4319,#4320,#4321);
#4323=ITEM_DEFINED_TRANSFORMATION('','',#4242,#4322);
#4324=(REPRESENTATION_RELATIONSHIP('','',#4243,#316)REPRESENTATION_RELATIONSHIP_WITH_TRANSFORMATION(#4323)SHAPE_REPRESENTATION_RELATIONSHIP());
#4325=CONTEXT_DEPENDENT_SHAPE_REPRESENTATION(#4324,#4314);
#4327=CARTESIAN_POINT('',(0.E0,0.E0,0.E0));
#4328=DIRECTION('',(0.E0,-1.E0,0.E0));
#4329=DIRECTION('',(1.E0,0.E0,0.E0));
#4330=AXIS2_PLACEMENT_3D('',#4327,#4328,#4329);
#4332=CURVE_STYLE('',#32,POSITIVE_LENGTH_MEASURE(2.E-2),#26);
#4333=PRESENTATION_STYLE_ASSIGNMENT((#4332));
#4334=STYLED_ITEM('',(#4333),#4331);
#4335=CARTESIAN_POINT('',(0.E0,8.5E-2,0.E0));
#4336=DIRECTION('',(0.E0,0.E0,1.E0));
#4337=DIRECTION('',(8.741176309016E-1,-4.857142857143E-1,0.E0));
#4338=AXIS2_PLACEMENT_3D('',#4335,#4336,#4337);
#4340=CURVE_STYLE('',#32,POSITIVE_LENGTH_MEASURE(2.E-2),#26);
#4341=PRESENTATION_STYLE_ASSIGNMENT((#4340));
#4342=STYLED_ITEM('',(#4341),#4339);
#4343=CARTESIAN_POINT('',(0.E0,8.5E-2,0.E0));
#4344=DIRECTION('',(0.E0,0.E0,-1.E0));
#4345=DIRECTION('',(-8.741176309016E-1,-4.857142857143E-1,0.E0));
#4346=AXIS2_PLACEMENT_3D('',#4343,#4344,#4345);
#4348=CURVE_STYLE('',#32,POSITIVE_LENGTH_MEASURE(2.E-2),#26);
#4349=PRESENTATION_STYLE_ASSIGNMENT((#4348));
#4350=STYLED_ITEM('',(#4349),#4347);
#4351=CARTESIAN_POINT('',(0.E0,0.E0,0.E0));
#4352=DIRECTION('',(0.E0,1.E0,0.E0));
#4353=DIRECTION('',(1.E0,0.E0,0.E0));
#4354=AXIS2_PLACEMENT_3D('',#4351,#4352,#4353);
#4356=CURVE_STYLE('',#32,POSITIVE_LENGTH_MEASURE(2.E-2),#26);
#4357=PRESENTATION_STYLE_ASSIGNMENT((#4356));
#4358=STYLED_ITEM('',(#4357),#4355);
#4359=CARTESIAN_POINT('',(1.529705854078E-1,0.E0,0.E0));
#4360=CARTESIAN_POINT('',(0.E0,2.6E-1,0.E0));
#4361=VERTEX_POINT('',#4359);
#4362=VERTEX_POINT('',#4360);
#4363=CARTESIAN_POINT('',(-1.529705854078E-1,0.E0,0.E0));
#4364=VERTEX_POINT('',#4363);
#4365=CARTESIAN_POINT('',(0.E0,8.5E-2,0.E0));
#4366=DIRECTION('',(0.E0,-1.E0,0.E0));
#4367=DIRECTION('',(-1.E0,0.E0,0.E0));
#4368=AXIS2_PLACEMENT_3D('',#4365,#4366,#4367);
#4369=SPHERICAL_SURFACE('',#4368,1.75E-1);
#4371=ORIENTED_EDGE('',*,*,#4370,.F.);
#4373=ORIENTED_EDGE('',*,*,#4372,.T.);
#4375=ORIENTED_EDGE('',*,*,#4374,.T.);
#4376=EDGE_LOOP('',(#4371,#4373,#4375));
#4377=FACE_OUTER_BOUND('',#4376,.F.);
#4379=CARTESIAN_POINT('',(0.E0,8.5E-2,0.E0));
#4380=DIRECTION('',(0.E0,-1.E0,0.E0));
#4381=DIRECTION('',(-1.E0,0.E0,0.E0));
#4382=AXIS2_PLACEMENT_3D('',#4379,#4380,#4381);
#4383=SPHERICAL_SURFACE('',#4382,1.75E-1);
#4384=ORIENTED_EDGE('',*,*,#4370,.T.);
#4385=ORIENTED_EDGE('',*,*,#4374,.F.);
#4387=ORIENTED_EDGE('',*,*,#4386,.F.);
#4388=EDGE_LOOP('',(#4384,#4385,#4387));
#4389=FACE_OUTER_BOUND('',#4388,.F.);
#4391=CARTESIAN_POINT('',(0.E0,0.E0,0.E0));
#4392=DIRECTION('',(0.E0,-1.E0,0.E0));
#4393=DIRECTION('',(-1.E0,0.E0,0.E0));
#4394=AXIS2_PLACEMENT_3D('',#4391,#4392,#4393);
#4395=PLANE('',#4394);
#4396=ORIENTED_EDGE('',*,*,#4386,.T.);
#4397=ORIENTED_EDGE('',*,*,#4372,.F.);
#4398=EDGE_LOOP('',(#4396,#4397));
#4399=FACE_OUTER_BOUND('',#4398,.F.);
#4401=CLOSED_SHELL('',(#4378,#4390,#4400));
#4402=MANIFOLD_SOLID_BREP('',#4401);
#4403=FILL_AREA_STYLE_COLOUR('',#26);
#4404=FILL_AREA_STYLE('',(#4403));
#4405=SURFACE_STYLE_FILL_AREA(#4404);
#4406=SURFACE_SIDE_STYLE('',(#4405));
#4407=SURFACE_STYLE_USAGE(.BOTH.,#4406);
#4408=PRESENTATION_STYLE_ASSIGNMENT((#4407));
#4326=STYLED_ITEM('',(#4408),#4402);
#4411=PLANE_ANGLE_MEASURE_WITH_UNIT(PLANE_ANGLE_MEASURE(1.745329251994E-2),
#4410);
#4412=(CONVERSION_BASED_UNIT('DEGREE',#4411)NAMED_UNIT(*)PLANE_ANGLE_UNIT());
#4414=UNCERTAINTY_MEASURE_WITH_UNIT(LENGTH_MEASURE(5.590840656826E-5),#4409,
'distance_accuracy_value',
'Maximum model space distance between geometric entities at asserted connectivities');
#4416=CARTESIAN_POINT('',(0.E0,0.E0,0.E0));
#4417=DIRECTION('',(0.E0,0.E0,1.E0));
#4418=DIRECTION('',(1.E0,0.E0,0.E0));
#4421=PRODUCT_CONTEXT('',#233,'mechanical');
#4422=PRODUCT('SOLDER_BALL_AF19','SOLDER_BALL_AF19','NOT SPECIFIED',(#4421));
#4423=PRODUCT_DEFINITION_FORMATION('14','LAST_VERSION',#4422);
#4431=DERIVED_UNIT_ELEMENT(#4430,2.E0);
#4432=DERIVED_UNIT((#4431));
#4433=MEASURE_REPRESENTATION_ITEM('surface area measure',AREA_MEASURE(
3.593981995702E-1),#4432);
#4438=DERIVED_UNIT_ELEMENT(#4437,3.E0);
#4439=DERIVED_UNIT((#4438));
#4440=MEASURE_REPRESENTATION_ITEM('volume measure',VOLUME_MEASURE(
1.875949693223E-2),#4439);
#4444=CARTESIAN_POINT('centre point',(0.E0,1.079245282985E-1,0.E0));
#4449=DERIVED_UNIT_ELEMENT(#4448,2.E0);
#4450=DERIVED_UNIT((#4449));
#4451=MEASURE_REPRESENTATION_ITEM('surface area measure',AREA_MEASURE(
3.593981995702E-1),#4450);
#4456=DERIVED_UNIT_ELEMENT(#4455,3.E0);
#4457=DERIVED_UNIT((#4456));
#4458=MEASURE_REPRESENTATION_ITEM('volume measure',VOLUME_MEASURE(
1.875949693223E-2),#4457);
#4462=CARTESIAN_POINT('centre point',(0.E0,1.079245282985E-1,0.E0));
#4468=GENERAL_PROPERTY('','DESCRIPTION','user defined attribute');
#4469=GENERAL_PROPERTY_ASSOCIATION('user defined attribute','',#4468,#4467);
#4470=DESCRIPTIVE_REPRESENTATION_ITEM('DESCRIPTION','');
#4474=GENERAL_PROPERTY('','MODELED_BY','user defined attribute');
#4475=GENERAL_PROPERTY_ASSOCIATION('user defined attribute','',#4474,#4473);
#4476=DESCRIPTIVE_REPRESENTATION_ITEM('MODELED_BY','');
#4480=GENERAL_PROPERTY('','BALL_HEIGTH','user defined attribute');
#4481=GENERAL_PROPERTY_ASSOCIATION('user defined attribute','',#4480,#4479);
#4482=VALUE_REPRESENTATION_ITEM('BALL_HEIGTH',NUMERIC_MEASURE(1.75E-1));
#4485=DESCRIPTIVE_REPRESENTATION_ITEM('attribute description','Real Number');
#4491=CARTESIAN_POINT('centre point',(1.6E0,8.E-1,1.500754717015E-1));
#4495=CARTESIAN_POINT('',(1.6E0,8.E-1,2.58E-1));
#4496=DIRECTION('',(0.E0,1.E0,0.E0));
#4497=DIRECTION('',(1.E0,0.E0,0.E0));
#4498=AXIS2_PLACEMENT_3D('',#4495,#4496,#4497);
#4499=ITEM_DEFINED_TRANSFORMATION('','',#4419,#4498);
#4500=(REPRESENTATION_RELATIONSHIP('','',#4420,#316)REPRESENTATION_RELATIONSHIP_WITH_TRANSFORMATION(#4499)SHAPE_REPRESENTATION_RELATIONSHIP());
#4501=CONTEXT_DEPENDENT_SHAPE_REPRESENTATION(#4500,#4490);
#4504=PLANE_ANGLE_MEASURE_WITH_UNIT(PLANE_ANGLE_MEASURE(1.745329251994E-2),
#4503);
#4505=(CONVERSION_BASED_UNIT('DEGREE',#4504)NAMED_UNIT(*)PLANE_ANGLE_UNIT());
#4507=UNCERTAINTY_MEASURE_WITH_UNIT(LENGTH_MEASURE(5.590840656826E-5),#4502,
'distance_accuracy_value',
'Maximum model space distance between geometric entities at asserted connectivities');
#4509=CARTESIAN_POINT('',(0.E0,0.E0,0.E0));
#4510=DIRECTION('',(0.E0,0.E0,1.E0));
#4511=DIRECTION('',(1.E0,0.E0,0.E0));
#4514=PRODUCT_DEFINITION_CONTEXT('part definition',#233,'design');
#4515=PRODUCT_CONTEXT('',#233,'mechanical');
#4516=PRODUCT('SOLDER_BALL_AF20','SOLDER_BALL_AF20','NOT SPECIFIED',(#4515));
#4517=PRODUCT_DEFINITION_FORMATION('14','LAST_VERSION',#4516);
#4522=GENERAL_PROPERTY('','DESCRIPTION','user defined attribute');
#4523=GENERAL_PROPERTY_ASSOCIATION('user defined attribute','',#4522,#4521);
#4524=DESCRIPTIVE_REPRESENTATION_ITEM('DESCRIPTION','');
#4528=GENERAL_PROPERTY('','MODELED_BY','user defined attribute');
#4529=GENERAL_PROPERTY_ASSOCIATION('user defined attribute','',#4528,#4527);
#4530=DESCRIPTIVE_REPRESENTATION_ITEM('MODELED_BY','');
#4534=GENERAL_PROPERTY('','BALL_HEIGTH','user defined attribute');
#4535=GENERAL_PROPERTY_ASSOCIATION('user defined attribute','',#4534,#4533);
#4536=VALUE_REPRESENTATION_ITEM('BALL_HEIGTH',NUMERIC_MEASURE(1.75E-1));
#4539=DESCRIPTIVE_REPRESENTATION_ITEM('attribute description','Real Number');
#4545=CARTESIAN_POINT('',(2.4E0,8.E-1,2.58E-1));
#4546=DIRECTION('',(0.E0,1.E0,0.E0));
#4547=DIRECTION('',(1.E0,0.E0,0.E0));
#4548=AXIS2_PLACEMENT_3D('',#4545,#4546,#4547);
#4549=ITEM_DEFINED_TRANSFORMATION('','',#4512,#4548);
#4550=(REPRESENTATION_RELATIONSHIP('','',#4513,#316)REPRESENTATION_RELATIONSHIP_WITH_TRANSFORMATION(#4549)SHAPE_REPRESENTATION_RELATIONSHIP());
#4551=CONTEXT_DEPENDENT_SHAPE_REPRESENTATION(#4550,#4544);
#4554=CARTESIAN_POINT('centre point',(3.2E0,8.E-1,1.500754717015E-1));
#4558=CARTESIAN_POINT('',(3.2E0,8.E-1,2.58E-1));
#4559=DIRECTION('',(0.E0,1.E0,0.E0));
#4560=DIRECTION('',(1.E0,0.E0,0.E0));
#4561=AXIS2_PLACEMENT_3D('',#4558,#4559,#4560);
#4562=ITEM_DEFINED_TRANSFORMATION('','',#1132,#4561);
#4563=(REPRESENTATION_RELATIONSHIP('','',#1133,#316)REPRESENTATION_RELATIONSHIP_WITH_TRANSFORMATION(#4562)SHAPE_REPRESENTATION_RELATIONSHIP());
#4564=CONTEXT_DEPENDENT_SHAPE_REPRESENTATION(#4563,#4553);
#4567=CARTESIAN_POINT('centre point',(4.E0,8.E-1,1.500754717015E-1));
#4571=CARTESIAN_POINT('',(4.E0,8.E-1,2.58E-1));
#4572=DIRECTION('',(0.E0,1.E0,0.E0));
#4573=DIRECTION('',(1.E0,0.E0,0.E0));
#4574=AXIS2_PLACEMENT_3D('',#4571,#4572,#4573);
#4575=ITEM_DEFINED_TRANSFORMATION('','',#1132,#4574);
#4576=(REPRESENTATION_RELATIONSHIP('','',#1133,#316)REPRESENTATION_RELATIONSHIP_WITH_TRANSFORMATION(#4575)SHAPE_REPRESENTATION_RELATIONSHIP());
#4577=CONTEXT_DEPENDENT_SHAPE_REPRESENTATION(#4576,#4566);
#4580=CARTESIAN_POINT('centre point',(4.8E0,8.E-1,1.500754717015E-1));
#4584=CARTESIAN_POINT('',(4.8E0,8.E-1,2.58E-1));
#4585=DIRECTION('',(0.E0,1.E0,0.E0));
#4586=DIRECTION('',(1.E0,0.E0,0.E0));
#4587=AXIS2_PLACEMENT_3D('',#4584,#4585,#4586);
#4588=ITEM_DEFINED_TRANSFORMATION('','',#1132,#4587);
#4589=(REPRESENTATION_RELATIONSHIP('','',#1133,#316)REPRESENTATION_RELATIONSHIP_WITH_TRANSFORMATION(#4588)SHAPE_REPRESENTATION_RELATIONSHIP());
#4590=CONTEXT_DEPENDENT_SHAPE_REPRESENTATION(#4589,#4579);
#4593=CARTESIAN_POINT('centre point',(5.6E0,8.E-1,1.500754717015E-1));
#4597=CARTESIAN_POINT('',(5.6E0,8.E-1,2.58E-1));
#4598=DIRECTION('',(0.E0,1.E0,0.E0));
#4599=DIRECTION('',(1.E0,0.E0,0.E0));
#4600=AXIS2_PLACEMENT_3D('',#4597,#4598,#4599);
#4601=ITEM_DEFINED_TRANSFORMATION('','',#1132,#4600);
#4602=(REPRESENTATION_RELATIONSHIP('','',#1133,#316)REPRESENTATION_RELATIONSHIP_WITH_TRANSFORMATION(#4601)SHAPE_REPRESENTATION_RELATIONSHIP());
#4603=CONTEXT_DEPENDENT_SHAPE_REPRESENTATION(#4602,#4592);
#4606=CARTESIAN_POINT('centre point',(-5.6E0,0.E0,1.500754717015E-1));
#4610=CARTESIAN_POINT('',(-5.6E0,0.E0,2.58E-1));
#4611=DIRECTION('',(0.E0,1.E0,0.E0));
#4612=DIRECTION('',(1.E0,0.E0,0.E0));
#4613=AXIS2_PLACEMENT_3D('',#4610,#4611,#4612);
#4614=ITEM_DEFINED_TRANSFORMATION('','',#1132,#4613);
#4615=(REPRESENTATION_RELATIONSHIP('','',#1133,#316)REPRESENTATION_RELATIONSHIP_WITH_TRANSFORMATION(#4614)SHAPE_REPRESENTATION_RELATIONSHIP());
#4616=CONTEXT_DEPENDENT_SHAPE_REPRESENTATION(#4615,#4605);
#4619=CARTESIAN_POINT('centre point',(-4.8E0,0.E0,1.500754717015E-1));
#4623=CARTESIAN_POINT('',(-4.8E0,0.E0,2.58E-1));
#4624=DIRECTION('',(0.E0,1.E0,0.E0));
#4625=DIRECTION('',(1.E0,0.E0,0.E0));
#4626=AXIS2_PLACEMENT_3D('',#4623,#4624,#4625);
#4627=ITEM_DEFINED_TRANSFORMATION('','',#1132,#4626);
#4628=(REPRESENTATION_RELATIONSHIP('','',#1133,#316)REPRESENTATION_RELATIONSHIP_WITH_TRANSFORMATION(#4627)SHAPE_REPRESENTATION_RELATIONSHIP());
#4629=CONTEXT_DEPENDENT_SHAPE_REPRESENTATION(#4628,#4618);
#4632=CARTESIAN_POINT('centre point',(-4.E0,0.E0,1.500754717015E-1));
#4636=CARTESIAN_POINT('',(-4.E0,0.E0,2.58E-1));
#4637=DIRECTION('',(0.E0,1.E0,0.E0));
#4638=DIRECTION('',(1.E0,0.E0,0.E0));
#4639=AXIS2_PLACEMENT_3D('',#4636,#4637,#4638);
#4640=ITEM_DEFINED_TRANSFORMATION('','',#1132,#4639);
#4641=(REPRESENTATION_RELATIONSHIP('','',#1133,#316)REPRESENTATION_RELATIONSHIP_WITH_TRANSFORMATION(#4640)SHAPE_REPRESENTATION_RELATIONSHIP());
#4642=CONTEXT_DEPENDENT_SHAPE_REPRESENTATION(#4641,#4631);
#4645=CARTESIAN_POINT('centre point',(-3.2E0,0.E0,1.500754717015E-1));
#4649=CARTESIAN_POINT('',(-3.2E0,0.E0,2.58E-1));
#4650=DIRECTION('',(0.E0,1.E0,0.E0));
#4651=DIRECTION('',(1.E0,0.E0,0.E0));
#4652=AXIS2_PLACEMENT_3D('',#4649,#4650,#4651);
#4653=ITEM_DEFINED_TRANSFORMATION('','',#1132,#4652);
#4654=(REPRESENTATION_RELATIONSHIP('','',#1133,#316)REPRESENTATION_RELATIONSHIP_WITH_TRANSFORMATION(#4653)SHAPE_REPRESENTATION_RELATIONSHIP());
#4655=CONTEXT_DEPENDENT_SHAPE_REPRESENTATION(#4654,#4644);
#4658=PLANE_ANGLE_MEASURE_WITH_UNIT(PLANE_ANGLE_MEASURE(1.745329251994E-2),
#4657);
#4659=(CONVERSION_BASED_UNIT('DEGREE',#4658)NAMED_UNIT(*)PLANE_ANGLE_UNIT());
#4661=UNCERTAINTY_MEASURE_WITH_UNIT(LENGTH_MEASURE(5.590840656826E-5),#4656,
'distance_accuracy_value',
'Maximum model space distance between geometric entities at asserted connectivities');
#4663=CARTESIAN_POINT('',(0.E0,0.E0,0.E0));
#4664=DIRECTION('',(0.E0,0.E0,1.E0));
#4665=DIRECTION('',(1.E0,0.E0,0.E0));
#4668=PRODUCT_CONTEXT('',#233,'mechanical');
#4669=PRODUCT('SOLDER_BALL_AF21','SOLDER_BALL_AF21','NOT SPECIFIED',(#4668));
#4670=PRODUCT_DEFINITION_FORMATION('14','LAST_VERSION',#4669);
#4675=GENERAL_PROPERTY('','DESCRIPTION','user defined attribute');
#4676=GENERAL_PROPERTY_ASSOCIATION('user defined attribute','',#4675,#4674);
#4677=DESCRIPTIVE_REPRESENTATION_ITEM('DESCRIPTION','');
#4681=GENERAL_PROPERTY('','MODELED_BY','user defined attribute');
#4682=GENERAL_PROPERTY_ASSOCIATION('user defined attribute','',#4681,#4680);
#4683=DESCRIPTIVE_REPRESENTATION_ITEM('MODELED_BY','');
#4687=GENERAL_PROPERTY('','BALL_HEIGTH','user defined attribute');
#4688=GENERAL_PROPERTY_ASSOCIATION('user defined attribute','',#4687,#4686);
#4689=VALUE_REPRESENTATION_ITEM('BALL_HEIGTH',NUMERIC_MEASURE(1.75E-1));
#4692=DESCRIPTIVE_REPRESENTATION_ITEM('attribute description','Real Number');
#4698=CARTESIAN_POINT('',(-2.4E0,0.E0,2.58E-1));
#4699=DIRECTION('',(0.E0,1.E0,0.E0));
#4700=DIRECTION('',(1.E0,0.E0,0.E0));
#4701=AXIS2_PLACEMENT_3D('',#4698,#4699,#4700);
#4702=ITEM_DEFINED_TRANSFORMATION('','',#4666,#4701);
#4703=(REPRESENTATION_RELATIONSHIP('','',#4667,#316)REPRESENTATION_RELATIONSHIP_WITH_TRANSFORMATION(#4702)SHAPE_REPRESENTATION_RELATIONSHIP());
#4704=CONTEXT_DEPENDENT_SHAPE_REPRESENTATION(#4703,#4697);
#4706=CARTESIAN_POINT('',(0.E0,0.E0,0.E0));
#4707=DIRECTION('',(0.E0,-1.E0,0.E0));
#4708=DIRECTION('',(1.E0,0.E0,0.E0));
#4709=AXIS2_PLACEMENT_3D('',#4706,#4707,#4708);
#4711=CURVE_STYLE('',#32,POSITIVE_LENGTH_MEASURE(2.E-2),#26);
#4712=PRESENTATION_STYLE_ASSIGNMENT((#4711));
#4713=STYLED_ITEM('',(#4712),#4710);
#4714=CARTESIAN_POINT('',(0.E0,8.5E-2,0.E0));
#4715=DIRECTION('',(0.E0,0.E0,1.E0));
#4716=DIRECTION('',(8.741176309016E-1,-4.857142857143E-1,0.E0));
#4717=AXIS2_PLACEMENT_3D('',#4714,#4715,#4716);
#4719=CURVE_STYLE('',#32,POSITIVE_LENGTH_MEASURE(2.E-2),#26);
#4720=PRESENTATION_STYLE_ASSIGNMENT((#4719));
#4721=STYLED_ITEM('',(#4720),#4718);
#4722=CARTESIAN_POINT('',(0.E0,8.5E-2,0.E0));
#4723=DIRECTION('',(0.E0,0.E0,-1.E0));
#4724=DIRECTION('',(-8.741176309016E-1,-4.857142857143E-1,0.E0));
#4725=AXIS2_PLACEMENT_3D('',#4722,#4723,#4724);
#4727=CURVE_STYLE('',#32,POSITIVE_LENGTH_MEASURE(2.E-2),#26);
#4728=PRESENTATION_STYLE_ASSIGNMENT((#4727));
#4729=STYLED_ITEM('',(#4728),#4726);
#4730=CARTESIAN_POINT('',(0.E0,0.E0,0.E0));
#4731=DIRECTION('',(0.E0,1.E0,0.E0));
#4732=DIRECTION('',(1.E0,0.E0,0.E0));
#4733=AXIS2_PLACEMENT_3D('',#4730,#4731,#4732);
#4735=CURVE_STYLE('',#32,POSITIVE_LENGTH_MEASURE(2.E-2),#26);
#4736=PRESENTATION_STYLE_ASSIGNMENT((#4735));
#4737=STYLED_ITEM('',(#4736),#4734);
#4738=CARTESIAN_POINT('',(1.529705854078E-1,0.E0,0.E0));
#4739=CARTESIAN_POINT('',(0.E0,2.6E-1,0.E0));
#4740=VERTEX_POINT('',#4738);
#4741=VERTEX_POINT('',#4739);
#4742=CARTESIAN_POINT('',(-1.529705854078E-1,0.E0,0.E0));
#4743=VERTEX_POINT('',#4742);
#4744=CARTESIAN_POINT('',(0.E0,8.5E-2,0.E0));
#4745=DIRECTION('',(0.E0,-1.E0,0.E0));
#4746=DIRECTION('',(-1.E0,0.E0,0.E0));
#4747=AXIS2_PLACEMENT_3D('',#4744,#4745,#4746);
#4748=SPHERICAL_SURFACE('',#4747,1.75E-1);
#4750=ORIENTED_EDGE('',*,*,#4749,.F.);
#4752=ORIENTED_EDGE('',*,*,#4751,.T.);
#4754=ORIENTED_EDGE('',*,*,#4753,.T.);
#4755=EDGE_LOOP('',(#4750,#4752,#4754));
#4756=FACE_OUTER_BOUND('',#4755,.F.);
#4758=CARTESIAN_POINT('',(0.E0,8.5E-2,0.E0));
#4759=DIRECTION('',(0.E0,-1.E0,0.E0));
#4760=DIRECTION('',(-1.E0,0.E0,0.E0));
#4761=AXIS2_PLACEMENT_3D('',#4758,#4759,#4760);
#4762=SPHERICAL_SURFACE('',#4761,1.75E-1);
#4763=ORIENTED_EDGE('',*,*,#4749,.T.);
#4764=ORIENTED_EDGE('',*,*,#4753,.F.);
#4766=ORIENTED_EDGE('',*,*,#4765,.F.);
#4767=EDGE_LOOP('',(#4763,#4764,#4766));
#4768=FACE_OUTER_BOUND('',#4767,.F.);
#4770=CARTESIAN_POINT('',(0.E0,0.E0,0.E0));
#4771=DIRECTION('',(0.E0,-1.E0,0.E0));
#4772=DIRECTION('',(-1.E0,0.E0,0.E0));
#4773=AXIS2_PLACEMENT_3D('',#4770,#4771,#4772);
#4774=PLANE('',#4773);
#4775=ORIENTED_EDGE('',*,*,#4765,.T.);
#4776=ORIENTED_EDGE('',*,*,#4751,.F.);
#4777=EDGE_LOOP('',(#4775,#4776));
#4778=FACE_OUTER_BOUND('',#4777,.F.);
#4780=CLOSED_SHELL('',(#4757,#4769,#4779));
#4781=MANIFOLD_SOLID_BREP('',#4780);
#4782=FILL_AREA_STYLE_COLOUR('',#26);
#4783=FILL_AREA_STYLE('',(#4782));
#4784=SURFACE_STYLE_FILL_AREA(#4783);
#4785=SURFACE_SIDE_STYLE('',(#4784));
#4786=SURFACE_STYLE_USAGE(.BOTH.,#4785);
#4787=PRESENTATION_STYLE_ASSIGNMENT((#4786));
#4705=STYLED_ITEM('',(#4787),#4781);
#4790=PLANE_ANGLE_MEASURE_WITH_UNIT(PLANE_ANGLE_MEASURE(1.745329251994E-2),
#4789);
#4791=(CONVERSION_BASED_UNIT('DEGREE',#4790)NAMED_UNIT(*)PLANE_ANGLE_UNIT());
#4793=UNCERTAINTY_MEASURE_WITH_UNIT(LENGTH_MEASURE(5.590840656826E-5),#4788,
'distance_accuracy_value',
'Maximum model space distance between geometric entities at asserted connectivities');
#4795=CARTESIAN_POINT('',(0.E0,0.E0,0.E0));
#4796=DIRECTION('',(0.E0,0.E0,1.E0));
#4797=DIRECTION('',(1.E0,0.E0,0.E0));
#4800=PRODUCT_DEFINITION_CONTEXT('part definition',#233,'design');
#4801=PRODUCT_CONTEXT('',#233,'mechanical');
#4802=PRODUCT('SOLDER_BALL_AF22','SOLDER_BALL_AF22','NOT SPECIFIED',(#4801));
#4803=PRODUCT_DEFINITION_FORMATION('14','LAST_VERSION',#4802);
#4811=DERIVED_UNIT_ELEMENT(#4810,2.E0);
#4812=DERIVED_UNIT((#4811));
#4813=MEASURE_REPRESENTATION_ITEM('surface area measure',AREA_MEASURE(
3.593981995702E-1),#4812);
#4818=DERIVED_UNIT_ELEMENT(#4817,3.E0);
#4819=DERIVED_UNIT((#4818));
#4820=MEASURE_REPRESENTATION_ITEM('volume measure',VOLUME_MEASURE(
1.875949693223E-2),#4819);
#4824=CARTESIAN_POINT('centre point',(0.E0,1.079245282985E-1,0.E0));
#4829=DERIVED_UNIT_ELEMENT(#4828,2.E0);
#4830=DERIVED_UNIT((#4829));
#4831=MEASURE_REPRESENTATION_ITEM('surface area measure',AREA_MEASURE(
3.593981995702E-1),#4830);
#4836=DERIVED_UNIT_ELEMENT(#4835,3.E0);
#4837=DERIVED_UNIT((#4836));
#4838=MEASURE_REPRESENTATION_ITEM('volume measure',VOLUME_MEASURE(
1.875949693223E-2),#4837);
#4842=CARTESIAN_POINT('centre point',(0.E0,1.079245282985E-1,0.E0));
#4848=GENERAL_PROPERTY('','DESCRIPTION','user defined attribute');
#4849=GENERAL_PROPERTY_ASSOCIATION('user defined attribute','',#4848,#4847);
#4850=DESCRIPTIVE_REPRESENTATION_ITEM('DESCRIPTION','');
#4854=GENERAL_PROPERTY('','MODELED_BY','user defined attribute');
#4855=GENERAL_PROPERTY_ASSOCIATION('user defined attribute','',#4854,#4853);
#4856=DESCRIPTIVE_REPRESENTATION_ITEM('MODELED_BY','');
#4860=GENERAL_PROPERTY('','BALL_HEIGTH','user defined attribute');
#4861=GENERAL_PROPERTY_ASSOCIATION('user defined attribute','',#4860,#4859);
#4862=VALUE_REPRESENTATION_ITEM('BALL_HEIGTH',NUMERIC_MEASURE(1.75E-1));
#4865=DESCRIPTIVE_REPRESENTATION_ITEM('attribute description','Real Number');
#4871=CARTESIAN_POINT('centre point',(-1.6E0,0.E0,1.500754717015E-1));
#4875=CARTESIAN_POINT('',(-1.6E0,0.E0,2.58E-1));
#4876=DIRECTION('',(0.E0,1.E0,0.E0));
#4877=DIRECTION('',(1.E0,0.E0,0.E0));
#4878=AXIS2_PLACEMENT_3D('',#4875,#4876,#4877);
#4879=ITEM_DEFINED_TRANSFORMATION('','',#4798,#4878);
#4880=(REPRESENTATION_RELATIONSHIP('','',#4799,#316)REPRESENTATION_RELATIONSHIP_WITH_TRANSFORMATION(#4879)SHAPE_REPRESENTATION_RELATIONSHIP());
#4881=CONTEXT_DEPENDENT_SHAPE_REPRESENTATION(#4880,#4870);
#4883=CARTESIAN_POINT('',(0.E0,0.E0,0.E0));
#4884=DIRECTION('',(0.E0,-1.E0,0.E0));
#4885=DIRECTION('',(1.E0,0.E0,0.E0));
#4886=AXIS2_PLACEMENT_3D('',#4883,#4884,#4885);
#4888=CURVE_STYLE('',#32,POSITIVE_LENGTH_MEASURE(2.E-2),#26);
#4889=PRESENTATION_STYLE_ASSIGNMENT((#4888));
#4890=STYLED_ITEM('',(#4889),#4887);
#4891=CARTESIAN_POINT('',(0.E0,8.5E-2,0.E0));
#4892=DIRECTION('',(0.E0,0.E0,1.E0));
#4893=DIRECTION('',(8.741176309016E-1,-4.857142857143E-1,0.E0));
#4894=AXIS2_PLACEMENT_3D('',#4891,#4892,#4893);
#4896=CURVE_STYLE('',#32,POSITIVE_LENGTH_MEASURE(2.E-2),#26);
#4897=PRESENTATION_STYLE_ASSIGNMENT((#4896));
#4898=STYLED_ITEM('',(#4897),#4895);
#4899=CARTESIAN_POINT('',(0.E0,8.5E-2,0.E0));
#4900=DIRECTION('',(0.E0,0.E0,-1.E0));
#4901=DIRECTION('',(-8.741176309016E-1,-4.857142857143E-1,0.E0));
#4902=AXIS2_PLACEMENT_3D('',#4899,#4900,#4901);
#4904=CURVE_STYLE('',#32,POSITIVE_LENGTH_MEASURE(2.E-2),#26);
#4905=PRESENTATION_STYLE_ASSIGNMENT((#4904));
#4906=STYLED_ITEM('',(#4905),#4903);
#4907=CARTESIAN_POINT('',(0.E0,0.E0,0.E0));
#4908=DIRECTION('',(0.E0,1.E0,0.E0));
#4909=DIRECTION('',(1.E0,0.E0,0.E0));
#4910=AXIS2_PLACEMENT_3D('',#4907,#4908,#4909);
#4912=CURVE_STYLE('',#32,POSITIVE_LENGTH_MEASURE(2.E-2),#26);
#4913=PRESENTATION_STYLE_ASSIGNMENT((#4912));
#4914=STYLED_ITEM('',(#4913),#4911);
#4915=CARTESIAN_POINT('',(1.529705854078E-1,0.E0,0.E0));
#4916=CARTESIAN_POINT('',(0.E0,2.6E-1,0.E0));
#4917=VERTEX_POINT('',#4915);
#4918=VERTEX_POINT('',#4916);
#4919=CARTESIAN_POINT('',(-1.529705854078E-1,0.E0,0.E0));
#4920=VERTEX_POINT('',#4919);
#4921=CARTESIAN_POINT('',(0.E0,8.5E-2,0.E0));
#4922=DIRECTION('',(0.E0,-1.E0,0.E0));
#4923=DIRECTION('',(-1.E0,0.E0,0.E0));
#4924=AXIS2_PLACEMENT_3D('',#4921,#4922,#4923);
#4925=SPHERICAL_SURFACE('',#4924,1.75E-1);
#4927=ORIENTED_EDGE('',*,*,#4926,.F.);
#4929=ORIENTED_EDGE('',*,*,#4928,.T.);
#4931=ORIENTED_EDGE('',*,*,#4930,.T.);
#4932=EDGE_LOOP('',(#4927,#4929,#4931));
#4933=FACE_OUTER_BOUND('',#4932,.F.);
#4935=CARTESIAN_POINT('',(0.E0,8.5E-2,0.E0));
#4936=DIRECTION('',(0.E0,-1.E0,0.E0));
#4937=DIRECTION('',(-1.E0,0.E0,0.E0));
#4938=AXIS2_PLACEMENT_3D('',#4935,#4936,#4937);
#4939=SPHERICAL_SURFACE('',#4938,1.75E-1);
#4940=ORIENTED_EDGE('',*,*,#4926,.T.);
#4941=ORIENTED_EDGE('',*,*,#4930,.F.);
#4943=ORIENTED_EDGE('',*,*,#4942,.F.);
#4944=EDGE_LOOP('',(#4940,#4941,#4943));
#4945=FACE_OUTER_BOUND('',#4944,.F.);
#4947=CARTESIAN_POINT('',(0.E0,0.E0,0.E0));
#4948=DIRECTION('',(0.E0,-1.E0,0.E0));
#4949=DIRECTION('',(-1.E0,0.E0,0.E0));
#4950=AXIS2_PLACEMENT_3D('',#4947,#4948,#4949);
#4951=PLANE('',#4950);
#4952=ORIENTED_EDGE('',*,*,#4942,.T.);
#4953=ORIENTED_EDGE('',*,*,#4928,.F.);
#4954=EDGE_LOOP('',(#4952,#4953));
#4955=FACE_OUTER_BOUND('',#4954,.F.);
#4957=CLOSED_SHELL('',(#4934,#4946,#4956));
#4958=MANIFOLD_SOLID_BREP('',#4957);
#4959=FILL_AREA_STYLE_COLOUR('',#26);
#4960=FILL_AREA_STYLE('',(#4959));
#4961=SURFACE_STYLE_FILL_AREA(#4960);
#4962=SURFACE_SIDE_STYLE('',(#4961));
#4963=SURFACE_STYLE_USAGE(.BOTH.,#4962);
#4964=PRESENTATION_STYLE_ASSIGNMENT((#4963));
#4882=STYLED_ITEM('',(#4964),#4958);
#4967=PLANE_ANGLE_MEASURE_WITH_UNIT(PLANE_ANGLE_MEASURE(1.745329251994E-2),
#4966);
#4968=(CONVERSION_BASED_UNIT('DEGREE',#4967)NAMED_UNIT(*)PLANE_ANGLE_UNIT());
#4970=UNCERTAINTY_MEASURE_WITH_UNIT(LENGTH_MEASURE(5.590840656826E-5),#4965,
'distance_accuracy_value',
'Maximum model space distance between geometric entities at asserted connectivities');
#4972=CARTESIAN_POINT('',(0.E0,0.E0,0.E0));
#4973=DIRECTION('',(0.E0,0.E0,1.E0));
#4974=DIRECTION('',(1.E0,0.E0,0.E0));
#4977=PRODUCT_CONTEXT('',#233,'mechanical');
#4978=PRODUCT('SOLDER_BALL_AF23','SOLDER_BALL_AF23','NOT SPECIFIED',(#4977));
#4979=PRODUCT_DEFINITION_FORMATION('14','LAST_VERSION',#4978);
#4987=DERIVED_UNIT_ELEMENT(#4986,2.E0);
#4988=DERIVED_UNIT((#4987));
#4989=MEASURE_REPRESENTATION_ITEM('surface area measure',AREA_MEASURE(
3.593981995702E-1),#4988);
#4994=DERIVED_UNIT_ELEMENT(#4993,3.E0);
#4995=DERIVED_UNIT((#4994));
#4996=MEASURE_REPRESENTATION_ITEM('volume measure',VOLUME_MEASURE(
1.875949693223E-2),#4995);
#5000=CARTESIAN_POINT('centre point',(0.E0,1.079245282985E-1,0.E0));
#5005=DERIVED_UNIT_ELEMENT(#5004,2.E0);
#5006=DERIVED_UNIT((#5005));
#5007=MEASURE_REPRESENTATION_ITEM('surface area measure',AREA_MEASURE(
3.593981995702E-1),#5006);
#5012=DERIVED_UNIT_ELEMENT(#5011,3.E0);
#5013=DERIVED_UNIT((#5012));
#5014=MEASURE_REPRESENTATION_ITEM('volume measure',VOLUME_MEASURE(
1.875949693223E-2),#5013);
#5018=CARTESIAN_POINT('centre point',(0.E0,1.079245282985E-1,0.E0));
#5024=GENERAL_PROPERTY('','DESCRIPTION','user defined attribute');
#5025=GENERAL_PROPERTY_ASSOCIATION('user defined attribute','',#5024,#5023);
#5026=DESCRIPTIVE_REPRESENTATION_ITEM('DESCRIPTION','');
#5030=GENERAL_PROPERTY('','MODELED_BY','user defined attribute');
#5031=GENERAL_PROPERTY_ASSOCIATION('user defined attribute','',#5030,#5029);
#5032=DESCRIPTIVE_REPRESENTATION_ITEM('MODELED_BY','');
#5036=GENERAL_PROPERTY('','BALL_HEIGTH','user defined attribute');
#5037=GENERAL_PROPERTY_ASSOCIATION('user defined attribute','',#5036,#5035);
#5038=VALUE_REPRESENTATION_ITEM('BALL_HEIGTH',NUMERIC_MEASURE(1.75E-1));
#5041=DESCRIPTIVE_REPRESENTATION_ITEM('attribute description','Real Number');
#5047=CARTESIAN_POINT('centre point',(-8.E-1,0.E0,1.500754717015E-1));
#5051=CARTESIAN_POINT('',(-8.E-1,0.E0,2.58E-1));
#5052=DIRECTION('',(0.E0,1.E0,0.E0));
#5053=DIRECTION('',(1.E0,0.E0,0.E0));
#5054=AXIS2_PLACEMENT_3D('',#5051,#5052,#5053);
#5055=ITEM_DEFINED_TRANSFORMATION('','',#4975,#5054);
#5056=(REPRESENTATION_RELATIONSHIP('','',#4976,#316)REPRESENTATION_RELATIONSHIP_WITH_TRANSFORMATION(#5055)SHAPE_REPRESENTATION_RELATIONSHIP());
#5057=CONTEXT_DEPENDENT_SHAPE_REPRESENTATION(#5056,#5046);
#5059=CARTESIAN_POINT('',(0.E0,0.E0,0.E0));
#5060=DIRECTION('',(0.E0,-1.E0,0.E0));
#5061=DIRECTION('',(1.E0,0.E0,0.E0));
#5062=AXIS2_PLACEMENT_3D('',#5059,#5060,#5061);
#5064=CURVE_STYLE('',#32,POSITIVE_LENGTH_MEASURE(2.E-2),#26);
#5065=PRESENTATION_STYLE_ASSIGNMENT((#5064));
#5066=STYLED_ITEM('',(#5065),#5063);
#5067=CARTESIAN_POINT('',(0.E0,8.5E-2,0.E0));
#5068=DIRECTION('',(0.E0,0.E0,1.E0));
#5069=DIRECTION('',(8.741176309016E-1,-4.857142857143E-1,0.E0));
#5070=AXIS2_PLACEMENT_3D('',#5067,#5068,#5069);
#5072=CURVE_STYLE('',#32,POSITIVE_LENGTH_MEASURE(2.E-2),#26);
#5073=PRESENTATION_STYLE_ASSIGNMENT((#5072));
#5074=STYLED_ITEM('',(#5073),#5071);
#5075=CARTESIAN_POINT('',(0.E0,8.5E-2,0.E0));
#5076=DIRECTION('',(0.E0,0.E0,-1.E0));
#5077=DIRECTION('',(-8.741176309016E-1,-4.857142857143E-1,0.E0));
#5078=AXIS2_PLACEMENT_3D('',#5075,#5076,#5077);
#5080=CURVE_STYLE('',#32,POSITIVE_LENGTH_MEASURE(2.E-2),#26);
#5081=PRESENTATION_STYLE_ASSIGNMENT((#5080));
#5082=STYLED_ITEM('',(#5081),#5079);
#5083=CARTESIAN_POINT('',(0.E0,0.E0,0.E0));
#5084=DIRECTION('',(0.E0,1.E0,0.E0));
#5085=DIRECTION('',(1.E0,0.E0,0.E0));
#5086=AXIS2_PLACEMENT_3D('',#5083,#5084,#5085);
#5088=CURVE_STYLE('',#32,POSITIVE_LENGTH_MEASURE(2.E-2),#26);
#5089=PRESENTATION_STYLE_ASSIGNMENT((#5088));
#5090=STYLED_ITEM('',(#5089),#5087);
#5091=CARTESIAN_POINT('',(1.529705854078E-1,0.E0,0.E0));
#5092=CARTESIAN_POINT('',(0.E0,2.6E-1,0.E0));
#5093=VERTEX_POINT('',#5091);
#5094=VERTEX_POINT('',#5092);
#5095=CARTESIAN_POINT('',(-1.529705854078E-1,0.E0,0.E0));
#5096=VERTEX_POINT('',#5095);
#5097=CARTESIAN_POINT('',(0.E0,8.5E-2,0.E0));
#5098=DIRECTION('',(0.E0,-1.E0,0.E0));
#5099=DIRECTION('',(-1.E0,0.E0,0.E0));
#5100=AXIS2_PLACEMENT_3D('',#5097,#5098,#5099);
#5101=SPHERICAL_SURFACE('',#5100,1.75E-1);
#5103=ORIENTED_EDGE('',*,*,#5102,.F.);
#5105=ORIENTED_EDGE('',*,*,#5104,.T.);
#5107=ORIENTED_EDGE('',*,*,#5106,.T.);
#5108=EDGE_LOOP('',(#5103,#5105,#5107));
#5109=FACE_OUTER_BOUND('',#5108,.F.);
#5111=CARTESIAN_POINT('',(0.E0,8.5E-2,0.E0));
#5112=DIRECTION('',(0.E0,-1.E0,0.E0));
#5113=DIRECTION('',(-1.E0,0.E0,0.E0));
#5114=AXIS2_PLACEMENT_3D('',#5111,#5112,#5113);
#5115=SPHERICAL_SURFACE('',#5114,1.75E-1);
#5116=ORIENTED_EDGE('',*,*,#5102,.T.);
#5117=ORIENTED_EDGE('',*,*,#5106,.F.);
#5119=ORIENTED_EDGE('',*,*,#5118,.F.);
#5120=EDGE_LOOP('',(#5116,#5117,#5119));
#5121=FACE_OUTER_BOUND('',#5120,.F.);
#5123=CARTESIAN_POINT('',(0.E0,0.E0,0.E0));
#5124=DIRECTION('',(0.E0,-1.E0,0.E0));
#5125=DIRECTION('',(-1.E0,0.E0,0.E0));
#5126=AXIS2_PLACEMENT_3D('',#5123,#5124,#5125);
#5127=PLANE('',#5126);
#5128=ORIENTED_EDGE('',*,*,#5118,.T.);
#5129=ORIENTED_EDGE('',*,*,#5104,.F.);
#5130=EDGE_LOOP('',(#5128,#5129));
#5131=FACE_OUTER_BOUND('',#5130,.F.);
#5133=CLOSED_SHELL('',(#5110,#5122,#5132));
#5134=MANIFOLD_SOLID_BREP('',#5133);
#5135=FILL_AREA_STYLE_COLOUR('',#26);
#5136=FILL_AREA_STYLE('',(#5135));
#5137=SURFACE_STYLE_FILL_AREA(#5136);
#5138=SURFACE_SIDE_STYLE('',(#5137));
#5139=SURFACE_STYLE_USAGE(.BOTH.,#5138);
#5140=PRESENTATION_STYLE_ASSIGNMENT((#5139));
#5058=STYLED_ITEM('',(#5140),#5134);
#5143=PLANE_ANGLE_MEASURE_WITH_UNIT(PLANE_ANGLE_MEASURE(1.745329251994E-2),
#5142);
#5144=(CONVERSION_BASED_UNIT('DEGREE',#5143)NAMED_UNIT(*)PLANE_ANGLE_UNIT());
#5146=UNCERTAINTY_MEASURE_WITH_UNIT(LENGTH_MEASURE(5.590840656826E-5),#5141,
'distance_accuracy_value',
'Maximum model space distance between geometric entities at asserted connectivities');
#5148=CARTESIAN_POINT('',(0.E0,0.E0,0.E0));
#5149=DIRECTION('',(0.E0,0.E0,1.E0));
#5150=DIRECTION('',(1.E0,0.E0,0.E0));
#5153=PRODUCT_DEFINITION_CONTEXT('part definition',#233,'design');
#5154=PRODUCT_CONTEXT('',#233,'mechanical');
#5155=PRODUCT('SOLDER_BALL_AF24','SOLDER_BALL_AF24','NOT SPECIFIED',(#5154));
#5156=PRODUCT_DEFINITION_FORMATION('14','LAST_VERSION',#5155);
#5164=DERIVED_UNIT_ELEMENT(#5163,2.E0);
#5165=DERIVED_UNIT((#5164));
#5166=MEASURE_REPRESENTATION_ITEM('surface area measure',AREA_MEASURE(
3.593981995702E-1),#5165);
#5171=DERIVED_UNIT_ELEMENT(#5170,3.E0);
#5172=DERIVED_UNIT((#5171));
#5173=MEASURE_REPRESENTATION_ITEM('volume measure',VOLUME_MEASURE(
1.875949693223E-2),#5172);
#5177=CARTESIAN_POINT('centre point',(0.E0,1.079245282985E-1,0.E0));
#5182=DERIVED_UNIT_ELEMENT(#5181,2.E0);
#5183=DERIVED_UNIT((#5182));
#5184=MEASURE_REPRESENTATION_ITEM('surface area measure',AREA_MEASURE(
3.593981995702E-1),#5183);
#5189=DERIVED_UNIT_ELEMENT(#5188,3.E0);
#5190=DERIVED_UNIT((#5189));
#5191=MEASURE_REPRESENTATION_ITEM('volume measure',VOLUME_MEASURE(
1.875949693223E-2),#5190);
#5195=CARTESIAN_POINT('centre point',(0.E0,1.079245282985E-1,0.E0));
#5201=GENERAL_PROPERTY('','DESCRIPTION','user defined attribute');
#5202=GENERAL_PROPERTY_ASSOCIATION('user defined attribute','',#5201,#5200);
#5203=DESCRIPTIVE_REPRESENTATION_ITEM('DESCRIPTION','');
#5207=GENERAL_PROPERTY('','MODELED_BY','user defined attribute');
#5208=GENERAL_PROPERTY_ASSOCIATION('user defined attribute','',#5207,#5206);
#5209=DESCRIPTIVE_REPRESENTATION_ITEM('MODELED_BY','');
#5213=GENERAL_PROPERTY('','BALL_HEIGTH','user defined attribute');
#5214=GENERAL_PROPERTY_ASSOCIATION('user defined attribute','',#5213,#5212);
#5215=VALUE_REPRESENTATION_ITEM('BALL_HEIGTH',NUMERIC_MEASURE(1.75E-1));
#5218=DESCRIPTIVE_REPRESENTATION_ITEM('attribute description','Real Number');
#5224=CARTESIAN_POINT('centre point',(0.E0,0.E0,1.500754717015E-1));
#5228=CARTESIAN_POINT('',(0.E0,0.E0,2.58E-1));
#5229=DIRECTION('',(0.E0,1.E0,0.E0));
#5230=DIRECTION('',(1.E0,0.E0,0.E0));
#5231=AXIS2_PLACEMENT_3D('',#5228,#5229,#5230);
#5232=ITEM_DEFINED_TRANSFORMATION('','',#5151,#5231);
#5233=(REPRESENTATION_RELATIONSHIP('','',#5152,#316)REPRESENTATION_RELATIONSHIP_WITH_TRANSFORMATION(#5232)SHAPE_REPRESENTATION_RELATIONSHIP());
#5234=CONTEXT_DEPENDENT_SHAPE_REPRESENTATION(#5233,#5223);
#5236=CARTESIAN_POINT('',(0.E0,0.E0,0.E0));
#5237=DIRECTION('',(0.E0,-1.E0,0.E0));
#5238=DIRECTION('',(1.E0,0.E0,0.E0));
#5239=AXIS2_PLACEMENT_3D('',#5236,#5237,#5238);
#5241=CURVE_STYLE('',#32,POSITIVE_LENGTH_MEASURE(2.E-2),#26);
#5242=PRESENTATION_STYLE_ASSIGNMENT((#5241));
#5243=STYLED_ITEM('',(#5242),#5240);
#5244=CARTESIAN_POINT('',(0.E0,8.5E-2,0.E0));
#5245=DIRECTION('',(0.E0,0.E0,1.E0));
#5246=DIRECTION('',(8.741176309016E-1,-4.857142857143E-1,0.E0));
#5247=AXIS2_PLACEMENT_3D('',#5244,#5245,#5246);
#5249=CURVE_STYLE('',#32,POSITIVE_LENGTH_MEASURE(2.E-2),#26);
#5250=PRESENTATION_STYLE_ASSIGNMENT((#5249));
#5251=STYLED_ITEM('',(#5250),#5248);
#5252=CARTESIAN_POINT('',(0.E0,8.5E-2,0.E0));
#5253=DIRECTION('',(0.E0,0.E0,-1.E0));
#5254=DIRECTION('',(-8.741176309016E-1,-4.857142857143E-1,0.E0));
#5255=AXIS2_PLACEMENT_3D('',#5252,#5253,#5254);
#5257=CURVE_STYLE('',#32,POSITIVE_LENGTH_MEASURE(2.E-2),#26);
#5258=PRESENTATION_STYLE_ASSIGNMENT((#5257));
#5259=STYLED_ITEM('',(#5258),#5256);
#5260=CARTESIAN_POINT('',(0.E0,0.E0,0.E0));
#5261=DIRECTION('',(0.E0,1.E0,0.E0));
#5262=DIRECTION('',(1.E0,0.E0,0.E0));
#5263=AXIS2_PLACEMENT_3D('',#5260,#5261,#5262);
#5265=CURVE_STYLE('',#32,POSITIVE_LENGTH_MEASURE(2.E-2),#26);
#5266=PRESENTATION_STYLE_ASSIGNMENT((#5265));
#5267=STYLED_ITEM('',(#5266),#5264);
#5268=CARTESIAN_POINT('',(1.529705854078E-1,0.E0,0.E0));
#5269=CARTESIAN_POINT('',(0.E0,2.6E-1,0.E0));
#5270=VERTEX_POINT('',#5268);
#5271=VERTEX_POINT('',#5269);
#5272=CARTESIAN_POINT('',(-1.529705854078E-1,0.E0,0.E0));
#5273=VERTEX_POINT('',#5272);
#5274=CARTESIAN_POINT('',(0.E0,8.5E-2,0.E0));
#5275=DIRECTION('',(0.E0,-1.E0,0.E0));
#5276=DIRECTION('',(-1.E0,0.E0,0.E0));
#5277=AXIS2_PLACEMENT_3D('',#5274,#5275,#5276);
#5278=SPHERICAL_SURFACE('',#5277,1.75E-1);
#5280=ORIENTED_EDGE('',*,*,#5279,.F.);
#5282=ORIENTED_EDGE('',*,*,#5281,.T.);
#5284=ORIENTED_EDGE('',*,*,#5283,.T.);
#5285=EDGE_LOOP('',(#5280,#5282,#5284));
#5286=FACE_OUTER_BOUND('',#5285,.F.);
#5288=CARTESIAN_POINT('',(0.E0,8.5E-2,0.E0));
#5289=DIRECTION('',(0.E0,-1.E0,0.E0));
#5290=DIRECTION('',(-1.E0,0.E0,0.E0));
#5291=AXIS2_PLACEMENT_3D('',#5288,#5289,#5290);
#5292=SPHERICAL_SURFACE('',#5291,1.75E-1);
#5293=ORIENTED_EDGE('',*,*,#5279,.T.);
#5294=ORIENTED_EDGE('',*,*,#5283,.F.);
#5296=ORIENTED_EDGE('',*,*,#5295,.F.);
#5297=EDGE_LOOP('',(#5293,#5294,#5296));
#5298=FACE_OUTER_BOUND('',#5297,.F.);
#5300=CARTESIAN_POINT('',(0.E0,0.E0,0.E0));
#5301=DIRECTION('',(0.E0,-1.E0,0.E0));
#5302=DIRECTION('',(-1.E0,0.E0,0.E0));
#5303=AXIS2_PLACEMENT_3D('',#5300,#5301,#5302);
#5304=PLANE('',#5303);
#5305=ORIENTED_EDGE('',*,*,#5295,.T.);
#5306=ORIENTED_EDGE('',*,*,#5281,.F.);
#5307=EDGE_LOOP('',(#5305,#5306));
#5308=FACE_OUTER_BOUND('',#5307,.F.);
#5310=CLOSED_SHELL('',(#5287,#5299,#5309));
#5311=MANIFOLD_SOLID_BREP('',#5310);
#5312=FILL_AREA_STYLE_COLOUR('',#26);
#5313=FILL_AREA_STYLE('',(#5312));
#5314=SURFACE_STYLE_FILL_AREA(#5313);
#5315=SURFACE_SIDE_STYLE('',(#5314));
#5316=SURFACE_STYLE_USAGE(.BOTH.,#5315);
#5317=PRESENTATION_STYLE_ASSIGNMENT((#5316));
#5235=STYLED_ITEM('',(#5317),#5311);
#5320=PLANE_ANGLE_MEASURE_WITH_UNIT(PLANE_ANGLE_MEASURE(1.745329251994E-2),
#5319);
#5321=(CONVERSION_BASED_UNIT('DEGREE',#5320)NAMED_UNIT(*)PLANE_ANGLE_UNIT());
#5323=UNCERTAINTY_MEASURE_WITH_UNIT(LENGTH_MEASURE(5.590840656826E-5),#5318,
'distance_accuracy_value',
'Maximum model space distance between geometric entities at asserted connectivities');
#5325=CARTESIAN_POINT('',(0.E0,0.E0,0.E0));
#5326=DIRECTION('',(0.E0,0.E0,1.E0));
#5327=DIRECTION('',(1.E0,0.E0,0.E0));
#5330=PRODUCT_CONTEXT('',#233,'mechanical');
#5331=PRODUCT('SOLDER_BALL_AF25','SOLDER_BALL_AF25','NOT SPECIFIED',(#5330));
#5332=PRODUCT_DEFINITION_FORMATION('14','LAST_VERSION',#5331);
#5340=DERIVED_UNIT_ELEMENT(#5339,2.E0);
#5341=DERIVED_UNIT((#5340));
#5342=MEASURE_REPRESENTATION_ITEM('surface area measure',AREA_MEASURE(
3.593981995702E-1),#5341);
#5347=DERIVED_UNIT_ELEMENT(#5346,3.E0);
#5348=DERIVED_UNIT((#5347));
#5349=MEASURE_REPRESENTATION_ITEM('volume measure',VOLUME_MEASURE(
1.875949693223E-2),#5348);
#5353=CARTESIAN_POINT('centre point',(0.E0,1.079245282985E-1,0.E0));
#5358=DERIVED_UNIT_ELEMENT(#5357,2.E0);
#5359=DERIVED_UNIT((#5358));
#5360=MEASURE_REPRESENTATION_ITEM('surface area measure',AREA_MEASURE(
3.593981995702E-1),#5359);
#5365=DERIVED_UNIT_ELEMENT(#5364,3.E0);
#5366=DERIVED_UNIT((#5365));
#5367=MEASURE_REPRESENTATION_ITEM('volume measure',VOLUME_MEASURE(
1.875949693223E-2),#5366);
#5371=CARTESIAN_POINT('centre point',(0.E0,1.079245282985E-1,0.E0));
#5377=GENERAL_PROPERTY('','DESCRIPTION','user defined attribute');
#5378=GENERAL_PROPERTY_ASSOCIATION('user defined attribute','',#5377,#5376);
#5379=DESCRIPTIVE_REPRESENTATION_ITEM('DESCRIPTION','');
#5383=GENERAL_PROPERTY('','MODELED_BY','user defined attribute');
#5384=GENERAL_PROPERTY_ASSOCIATION('user defined attribute','',#5383,#5382);
#5385=DESCRIPTIVE_REPRESENTATION_ITEM('MODELED_BY','');
#5389=GENERAL_PROPERTY('','BALL_HEIGTH','user defined attribute');
#5390=GENERAL_PROPERTY_ASSOCIATION('user defined attribute','',#5389,#5388);
#5391=VALUE_REPRESENTATION_ITEM('BALL_HEIGTH',NUMERIC_MEASURE(1.75E-1));
#5394=DESCRIPTIVE_REPRESENTATION_ITEM('attribute description','Real Number');
#5400=CARTESIAN_POINT('centre point',(8.E-1,0.E0,1.500754717015E-1));
#5404=CARTESIAN_POINT('',(8.E-1,0.E0,2.58E-1));
#5405=DIRECTION('',(0.E0,1.E0,0.E0));
#5406=DIRECTION('',(1.E0,0.E0,0.E0));
#5407=AXIS2_PLACEMENT_3D('',#5404,#5405,#5406);
#5408=ITEM_DEFINED_TRANSFORMATION('','',#5328,#5407);
#5409=(REPRESENTATION_RELATIONSHIP('','',#5329,#316)REPRESENTATION_RELATIONSHIP_WITH_TRANSFORMATION(#5408)SHAPE_REPRESENTATION_RELATIONSHIP());
#5410=CONTEXT_DEPENDENT_SHAPE_REPRESENTATION(#5409,#5399);
#5412=CARTESIAN_POINT('',(0.E0,0.E0,0.E0));
#5413=DIRECTION('',(0.E0,-1.E0,0.E0));
#5414=DIRECTION('',(1.E0,0.E0,0.E0));
#5415=AXIS2_PLACEMENT_3D('',#5412,#5413,#5414);
#5417=CURVE_STYLE('',#32,POSITIVE_LENGTH_MEASURE(2.E-2),#26);
#5418=PRESENTATION_STYLE_ASSIGNMENT((#5417));
#5419=STYLED_ITEM('',(#5418),#5416);
#5420=CARTESIAN_POINT('',(0.E0,8.5E-2,0.E0));
#5421=DIRECTION('',(0.E0,0.E0,1.E0));
#5422=DIRECTION('',(8.741176309016E-1,-4.857142857143E-1,0.E0));
#5423=AXIS2_PLACEMENT_3D('',#5420,#5421,#5422);
#5425=CURVE_STYLE('',#32,POSITIVE_LENGTH_MEASURE(2.E-2),#26);
#5426=PRESENTATION_STYLE_ASSIGNMENT((#5425));
#5427=STYLED_ITEM('',(#5426),#5424);
#5428=CARTESIAN_POINT('',(0.E0,8.5E-2,0.E0));
#5429=DIRECTION('',(0.E0,0.E0,-1.E0));
#5430=DIRECTION('',(-8.741176309016E-1,-4.857142857143E-1,0.E0));
#5431=AXIS2_PLACEMENT_3D('',#5428,#5429,#5430);
#5433=CURVE_STYLE('',#32,POSITIVE_LENGTH_MEASURE(2.E-2),#26);
#5434=PRESENTATION_STYLE_ASSIGNMENT((#5433));
#5435=STYLED_ITEM('',(#5434),#5432);
#5436=CARTESIAN_POINT('',(0.E0,0.E0,0.E0));
#5437=DIRECTION('',(0.E0,1.E0,0.E0));
#5438=DIRECTION('',(1.E0,0.E0,0.E0));
#5439=AXIS2_PLACEMENT_3D('',#5436,#5437,#5438);
#5441=CURVE_STYLE('',#32,POSITIVE_LENGTH_MEASURE(2.E-2),#26);
#5442=PRESENTATION_STYLE_ASSIGNMENT((#5441));
#5443=STYLED_ITEM('',(#5442),#5440);
#5444=CARTESIAN_POINT('',(1.529705854078E-1,0.E0,0.E0));
#5445=CARTESIAN_POINT('',(0.E0,2.6E-1,0.E0));
#5446=VERTEX_POINT('',#5444);
#5447=VERTEX_POINT('',#5445);
#5448=CARTESIAN_POINT('',(-1.529705854078E-1,0.E0,0.E0));
#5449=VERTEX_POINT('',#5448);
#5450=CARTESIAN_POINT('',(0.E0,8.5E-2,0.E0));
#5451=DIRECTION('',(0.E0,-1.E0,0.E0));
#5452=DIRECTION('',(-1.E0,0.E0,0.E0));
#5453=AXIS2_PLACEMENT_3D('',#5450,#5451,#5452);
#5454=SPHERICAL_SURFACE('',#5453,1.75E-1);
#5456=ORIENTED_EDGE('',*,*,#5455,.F.);
#5458=ORIENTED_EDGE('',*,*,#5457,.T.);
#5460=ORIENTED_EDGE('',*,*,#5459,.T.);
#5461=EDGE_LOOP('',(#5456,#5458,#5460));
#5462=FACE_OUTER_BOUND('',#5461,.F.);
#5464=CARTESIAN_POINT('',(0.E0,8.5E-2,0.E0));
#5465=DIRECTION('',(0.E0,-1.E0,0.E0));
#5466=DIRECTION('',(-1.E0,0.E0,0.E0));
#5467=AXIS2_PLACEMENT_3D('',#5464,#5465,#5466);
#5468=SPHERICAL_SURFACE('',#5467,1.75E-1);
#5469=ORIENTED_EDGE('',*,*,#5455,.T.);
#5470=ORIENTED_EDGE('',*,*,#5459,.F.);
#5472=ORIENTED_EDGE('',*,*,#5471,.F.);
#5473=EDGE_LOOP('',(#5469,#5470,#5472));
#5474=FACE_OUTER_BOUND('',#5473,.F.);
#5476=CARTESIAN_POINT('',(0.E0,0.E0,0.E0));
#5477=DIRECTION('',(0.E0,-1.E0,0.E0));
#5478=DIRECTION('',(-1.E0,0.E0,0.E0));
#5479=AXIS2_PLACEMENT_3D('',#5476,#5477,#5478);
#5480=PLANE('',#5479);
#5481=ORIENTED_EDGE('',*,*,#5471,.T.);
#5482=ORIENTED_EDGE('',*,*,#5457,.F.);
#5483=EDGE_LOOP('',(#5481,#5482));
#5484=FACE_OUTER_BOUND('',#5483,.F.);
#5486=CLOSED_SHELL('',(#5463,#5475,#5485));
#5487=MANIFOLD_SOLID_BREP('',#5486);
#5488=FILL_AREA_STYLE_COLOUR('',#26);
#5489=FILL_AREA_STYLE('',(#5488));
#5490=SURFACE_STYLE_FILL_AREA(#5489);
#5491=SURFACE_SIDE_STYLE('',(#5490));
#5492=SURFACE_STYLE_USAGE(.BOTH.,#5491);
#5493=PRESENTATION_STYLE_ASSIGNMENT((#5492));
#5411=STYLED_ITEM('',(#5493),#5487);
#5496=PLANE_ANGLE_MEASURE_WITH_UNIT(PLANE_ANGLE_MEASURE(1.745329251994E-2),
#5495);
#5497=(CONVERSION_BASED_UNIT('DEGREE',#5496)NAMED_UNIT(*)PLANE_ANGLE_UNIT());
#5499=UNCERTAINTY_MEASURE_WITH_UNIT(LENGTH_MEASURE(5.590840656826E-5),#5494,
'distance_accuracy_value',
'Maximum model space distance between geometric entities at asserted connectivities');
#5501=CARTESIAN_POINT('',(0.E0,0.E0,0.E0));
#5502=DIRECTION('',(0.E0,0.E0,1.E0));
#5503=DIRECTION('',(1.E0,0.E0,0.E0));
#5506=PRODUCT_DEFINITION_CONTEXT('part definition',#233,'design');
#5507=PRODUCT_CONTEXT('',#233,'mechanical');
#5508=PRODUCT('SOLDER_BALL_AF26','SOLDER_BALL_AF26','NOT SPECIFIED',(#5507));
#5509=PRODUCT_DEFINITION_FORMATION('14','LAST_VERSION',#5508);
#5517=DERIVED_UNIT_ELEMENT(#5516,2.E0);
#5518=DERIVED_UNIT((#5517));
#5519=MEASURE_REPRESENTATION_ITEM('surface area measure',AREA_MEASURE(
3.593981995702E-1),#5518);
#5524=DERIVED_UNIT_ELEMENT(#5523,3.E0);
#5525=DERIVED_UNIT((#5524));
#5526=MEASURE_REPRESENTATION_ITEM('volume measure',VOLUME_MEASURE(
1.875949693223E-2),#5525);
#5530=CARTESIAN_POINT('centre point',(0.E0,1.079245282985E-1,0.E0));
#5535=DERIVED_UNIT_ELEMENT(#5534,2.E0);
#5536=DERIVED_UNIT((#5535));
#5537=MEASURE_REPRESENTATION_ITEM('surface area measure',AREA_MEASURE(
3.593981995702E-1),#5536);
#5542=DERIVED_UNIT_ELEMENT(#5541,3.E0);
#5543=DERIVED_UNIT((#5542));
#5544=MEASURE_REPRESENTATION_ITEM('volume measure',VOLUME_MEASURE(
1.875949693223E-2),#5543);
#5548=CARTESIAN_POINT('centre point',(0.E0,1.079245282985E-1,0.E0));
#5554=GENERAL_PROPERTY('','DESCRIPTION','user defined attribute');
#5555=GENERAL_PROPERTY_ASSOCIATION('user defined attribute','',#5554,#5553);
#5556=DESCRIPTIVE_REPRESENTATION_ITEM('DESCRIPTION','');
#5560=GENERAL_PROPERTY('','MODELED_BY','user defined attribute');
#5561=GENERAL_PROPERTY_ASSOCIATION('user defined attribute','',#5560,#5559);
#5562=DESCRIPTIVE_REPRESENTATION_ITEM('MODELED_BY','');
#5566=GENERAL_PROPERTY('','BALL_HEIGTH','user defined attribute');
#5567=GENERAL_PROPERTY_ASSOCIATION('user defined attribute','',#5566,#5565);
#5568=VALUE_REPRESENTATION_ITEM('BALL_HEIGTH',NUMERIC_MEASURE(1.75E-1));
#5571=DESCRIPTIVE_REPRESENTATION_ITEM('attribute description','Real Number');
#5577=CARTESIAN_POINT('centre point',(1.6E0,0.E0,1.500754717015E-1));
#5581=CARTESIAN_POINT('',(1.6E0,0.E0,2.58E-1));
#5582=DIRECTION('',(0.E0,1.E0,0.E0));
#5583=DIRECTION('',(1.E0,0.E0,0.E0));
#5584=AXIS2_PLACEMENT_3D('',#5581,#5582,#5583);
#5585=ITEM_DEFINED_TRANSFORMATION('','',#5504,#5584);
#5586=(REPRESENTATION_RELATIONSHIP('','',#5505,#316)REPRESENTATION_RELATIONSHIP_WITH_TRANSFORMATION(#5585)SHAPE_REPRESENTATION_RELATIONSHIP());
#5587=CONTEXT_DEPENDENT_SHAPE_REPRESENTATION(#5586,#5576);
#5590=PLANE_ANGLE_MEASURE_WITH_UNIT(PLANE_ANGLE_MEASURE(1.745329251994E-2),
#5589);
#5591=(CONVERSION_BASED_UNIT('DEGREE',#5590)NAMED_UNIT(*)PLANE_ANGLE_UNIT());
#5593=UNCERTAINTY_MEASURE_WITH_UNIT(LENGTH_MEASURE(5.590840656826E-5),#5588,
'distance_accuracy_value',
'Maximum model space distance between geometric entities at asserted connectivities');
#5595=CARTESIAN_POINT('',(0.E0,0.E0,0.E0));
#5596=DIRECTION('',(0.E0,0.E0,1.E0));
#5597=DIRECTION('',(1.E0,0.E0,0.E0));
#5600=PRODUCT_CONTEXT('',#233,'mechanical');
#5601=PRODUCT('SOLDER_BALL_AF27','SOLDER_BALL_AF27','NOT SPECIFIED',(#5600));
#5602=PRODUCT_DEFINITION_FORMATION('14','LAST_VERSION',#5601);
#5607=GENERAL_PROPERTY('','DESCRIPTION','user defined attribute');
#5608=GENERAL_PROPERTY_ASSOCIATION('user defined attribute','',#5607,#5606);
#5609=DESCRIPTIVE_REPRESENTATION_ITEM('DESCRIPTION','');
#5613=GENERAL_PROPERTY('','MODELED_BY','user defined attribute');
#5614=GENERAL_PROPERTY_ASSOCIATION('user defined attribute','',#5613,#5612);
#5615=DESCRIPTIVE_REPRESENTATION_ITEM('MODELED_BY','');
#5619=GENERAL_PROPERTY('','BALL_HEIGTH','user defined attribute');
#5620=GENERAL_PROPERTY_ASSOCIATION('user defined attribute','',#5619,#5618);
#5621=VALUE_REPRESENTATION_ITEM('BALL_HEIGTH',NUMERIC_MEASURE(1.75E-1));
#5624=DESCRIPTIVE_REPRESENTATION_ITEM('attribute description','Real Number');
#5630=CARTESIAN_POINT('',(2.4E0,0.E0,2.58E-1));
#5631=DIRECTION('',(0.E0,1.E0,0.E0));
#5632=DIRECTION('',(1.E0,0.E0,0.E0));
#5633=AXIS2_PLACEMENT_3D('',#5630,#5631,#5632);
#5634=ITEM_DEFINED_TRANSFORMATION('','',#5598,#5633);
#5635=(REPRESENTATION_RELATIONSHIP('','',#5599,#316)REPRESENTATION_RELATIONSHIP_WITH_TRANSFORMATION(#5634)SHAPE_REPRESENTATION_RELATIONSHIP());
#5636=CONTEXT_DEPENDENT_SHAPE_REPRESENTATION(#5635,#5629);
#5639=CARTESIAN_POINT('centre point',(3.2E0,0.E0,1.500754717015E-1));
#5643=CARTESIAN_POINT('',(3.2E0,0.E0,2.58E-1));
#5644=DIRECTION('',(0.E0,1.E0,0.E0));
#5645=DIRECTION('',(1.E0,0.E0,0.E0));
#5646=AXIS2_PLACEMENT_3D('',#5643,#5644,#5645);
#5647=ITEM_DEFINED_TRANSFORMATION('','',#1132,#5646);
#5648=(REPRESENTATION_RELATIONSHIP('','',#1133,#316)REPRESENTATION_RELATIONSHIP_WITH_TRANSFORMATION(#5647)SHAPE_REPRESENTATION_RELATIONSHIP());
#5649=CONTEXT_DEPENDENT_SHAPE_REPRESENTATION(#5648,#5638);
#5652=CARTESIAN_POINT('centre point',(4.E0,0.E0,1.500754717015E-1));
#5656=CARTESIAN_POINT('',(4.E0,0.E0,2.58E-1));
#5657=DIRECTION('',(0.E0,1.E0,0.E0));
#5658=DIRECTION('',(1.E0,0.E0,0.E0));
#5659=AXIS2_PLACEMENT_3D('',#5656,#5657,#5658);
#5660=ITEM_DEFINED_TRANSFORMATION('','',#1132,#5659);
#5661=(REPRESENTATION_RELATIONSHIP('','',#1133,#316)REPRESENTATION_RELATIONSHIP_WITH_TRANSFORMATION(#5660)SHAPE_REPRESENTATION_RELATIONSHIP());
#5662=CONTEXT_DEPENDENT_SHAPE_REPRESENTATION(#5661,#5651);
#5665=CARTESIAN_POINT('centre point',(4.8E0,0.E0,1.500754717015E-1));
#5669=CARTESIAN_POINT('',(4.8E0,0.E0,2.58E-1));
#5670=DIRECTION('',(0.E0,1.E0,0.E0));
#5671=DIRECTION('',(1.E0,0.E0,0.E0));
#5672=AXIS2_PLACEMENT_3D('',#5669,#5670,#5671);
#5673=ITEM_DEFINED_TRANSFORMATION('','',#1132,#5672);
#5674=(REPRESENTATION_RELATIONSHIP('','',#1133,#316)REPRESENTATION_RELATIONSHIP_WITH_TRANSFORMATION(#5673)SHAPE_REPRESENTATION_RELATIONSHIP());
#5675=CONTEXT_DEPENDENT_SHAPE_REPRESENTATION(#5674,#5664);
#5678=CARTESIAN_POINT('centre point',(5.6E0,0.E0,1.500754717015E-1));
#5682=CARTESIAN_POINT('',(5.6E0,0.E0,2.58E-1));
#5683=DIRECTION('',(0.E0,1.E0,0.E0));
#5684=DIRECTION('',(1.E0,0.E0,0.E0));
#5685=AXIS2_PLACEMENT_3D('',#5682,#5683,#5684);
#5686=ITEM_DEFINED_TRANSFORMATION('','',#1132,#5685);
#5687=(REPRESENTATION_RELATIONSHIP('','',#1133,#316)REPRESENTATION_RELATIONSHIP_WITH_TRANSFORMATION(#5686)SHAPE_REPRESENTATION_RELATIONSHIP());
#5688=CONTEXT_DEPENDENT_SHAPE_REPRESENTATION(#5687,#5677);
#5691=CARTESIAN_POINT('centre point',(-5.6E0,-8.E-1,1.500754717015E-1));
#5695=CARTESIAN_POINT('',(-5.6E0,-8.E-1,2.58E-1));
#5696=DIRECTION('',(0.E0,1.E0,0.E0));
#5697=DIRECTION('',(1.E0,0.E0,0.E0));
#5698=AXIS2_PLACEMENT_3D('',#5695,#5696,#5697);
#5699=ITEM_DEFINED_TRANSFORMATION('','',#1132,#5698);
#5700=(REPRESENTATION_RELATIONSHIP('','',#1133,#316)REPRESENTATION_RELATIONSHIP_WITH_TRANSFORMATION(#5699)SHAPE_REPRESENTATION_RELATIONSHIP());
#5701=CONTEXT_DEPENDENT_SHAPE_REPRESENTATION(#5700,#5690);
#5704=CARTESIAN_POINT('centre point',(-4.8E0,-8.E-1,1.500754717015E-1));
#5708=CARTESIAN_POINT('',(-4.8E0,-8.E-1,2.58E-1));
#5709=DIRECTION('',(0.E0,1.E0,0.E0));
#5710=DIRECTION('',(1.E0,0.E0,0.E0));
#5711=AXIS2_PLACEMENT_3D('',#5708,#5709,#5710);
#5712=ITEM_DEFINED_TRANSFORMATION('','',#1132,#5711);
#5713=(REPRESENTATION_RELATIONSHIP('','',#1133,#316)REPRESENTATION_RELATIONSHIP_WITH_TRANSFORMATION(#5712)SHAPE_REPRESENTATION_RELATIONSHIP());
#5714=CONTEXT_DEPENDENT_SHAPE_REPRESENTATION(#5713,#5703);
#5717=CARTESIAN_POINT('centre point',(-4.E0,-8.E-1,1.500754717015E-1));
#5721=CARTESIAN_POINT('',(-4.E0,-8.E-1,2.58E-1));
#5722=DIRECTION('',(0.E0,1.E0,0.E0));
#5723=DIRECTION('',(1.E0,0.E0,0.E0));
#5724=AXIS2_PLACEMENT_3D('',#5721,#5722,#5723);
#5725=ITEM_DEFINED_TRANSFORMATION('','',#1132,#5724);
#5726=(REPRESENTATION_RELATIONSHIP('','',#1133,#316)REPRESENTATION_RELATIONSHIP_WITH_TRANSFORMATION(#5725)SHAPE_REPRESENTATION_RELATIONSHIP());
#5727=CONTEXT_DEPENDENT_SHAPE_REPRESENTATION(#5726,#5716);
#5730=CARTESIAN_POINT('centre point',(-3.2E0,-8.E-1,1.500754717015E-1));
#5734=CARTESIAN_POINT('',(-3.2E0,-8.E-1,2.58E-1));
#5735=DIRECTION('',(0.E0,1.E0,0.E0));
#5736=DIRECTION('',(1.E0,0.E0,0.E0));
#5737=AXIS2_PLACEMENT_3D('',#5734,#5735,#5736);
#5738=ITEM_DEFINED_TRANSFORMATION('','',#1132,#5737);
#5739=(REPRESENTATION_RELATIONSHIP('','',#1133,#316)REPRESENTATION_RELATIONSHIP_WITH_TRANSFORMATION(#5738)SHAPE_REPRESENTATION_RELATIONSHIP());
#5740=CONTEXT_DEPENDENT_SHAPE_REPRESENTATION(#5739,#5729);
#5743=PLANE_ANGLE_MEASURE_WITH_UNIT(PLANE_ANGLE_MEASURE(1.745329251994E-2),
#5742);
#5744=(CONVERSION_BASED_UNIT('DEGREE',#5743)NAMED_UNIT(*)PLANE_ANGLE_UNIT());
#5746=UNCERTAINTY_MEASURE_WITH_UNIT(LENGTH_MEASURE(5.590840656826E-5),#5741,
'distance_accuracy_value',
'Maximum model space distance between geometric entities at asserted connectivities');
#5748=CARTESIAN_POINT('',(0.E0,0.E0,0.E0));
#5749=DIRECTION('',(0.E0,0.E0,1.E0));
#5750=DIRECTION('',(1.E0,0.E0,0.E0));
#5753=PRODUCT_DEFINITION_CONTEXT('part definition',#233,'design');
#5754=PRODUCT_CONTEXT('',#233,'mechanical');
#5755=PRODUCT('SOLDER_BALL_AF28','SOLDER_BALL_AF28','NOT SPECIFIED',(#5754));
#5756=PRODUCT_DEFINITION_FORMATION('14','LAST_VERSION',#5755);
#5761=GENERAL_PROPERTY('','DESCRIPTION','user defined attribute');
#5762=GENERAL_PROPERTY_ASSOCIATION('user defined attribute','',#5761,#5760);
#5763=DESCRIPTIVE_REPRESENTATION_ITEM('DESCRIPTION','');
#5767=GENERAL_PROPERTY('','MODELED_BY','user defined attribute');
#5768=GENERAL_PROPERTY_ASSOCIATION('user defined attribute','',#5767,#5766);
#5769=DESCRIPTIVE_REPRESENTATION_ITEM('MODELED_BY','');
#5773=GENERAL_PROPERTY('','BALL_HEIGTH','user defined attribute');
#5774=GENERAL_PROPERTY_ASSOCIATION('user defined attribute','',#5773,#5772);
#5775=VALUE_REPRESENTATION_ITEM('BALL_HEIGTH',NUMERIC_MEASURE(1.75E-1));
#5778=DESCRIPTIVE_REPRESENTATION_ITEM('attribute description','Real Number');
#5784=CARTESIAN_POINT('',(-2.4E0,-8.E-1,2.58E-1));
#5785=DIRECTION('',(0.E0,1.E0,0.E0));
#5786=DIRECTION('',(1.E0,0.E0,0.E0));
#5787=AXIS2_PLACEMENT_3D('',#5784,#5785,#5786);
#5788=ITEM_DEFINED_TRANSFORMATION('','',#5751,#5787);
#5789=(REPRESENTATION_RELATIONSHIP('','',#5752,#316)REPRESENTATION_RELATIONSHIP_WITH_TRANSFORMATION(#5788)SHAPE_REPRESENTATION_RELATIONSHIP());
#5790=CONTEXT_DEPENDENT_SHAPE_REPRESENTATION(#5789,#5783);
#5792=CARTESIAN_POINT('',(0.E0,0.E0,0.E0));
#5793=DIRECTION('',(0.E0,-1.E0,0.E0));
#5794=DIRECTION('',(1.E0,0.E0,0.E0));
#5795=AXIS2_PLACEMENT_3D('',#5792,#5793,#5794);
#5797=CURVE_STYLE('',#32,POSITIVE_LENGTH_MEASURE(2.E-2),#26);
#5798=PRESENTATION_STYLE_ASSIGNMENT((#5797));
#5799=STYLED_ITEM('',(#5798),#5796);
#5800=CARTESIAN_POINT('',(0.E0,8.5E-2,0.E0));
#5801=DIRECTION('',(0.E0,0.E0,1.E0));
#5802=DIRECTION('',(8.741176309016E-1,-4.857142857143E-1,0.E0));
#5803=AXIS2_PLACEMENT_3D('',#5800,#5801,#5802);
#5805=CURVE_STYLE('',#32,POSITIVE_LENGTH_MEASURE(2.E-2),#26);
#5806=PRESENTATION_STYLE_ASSIGNMENT((#5805));
#5807=STYLED_ITEM('',(#5806),#5804);
#5808=CARTESIAN_POINT('',(0.E0,8.5E-2,0.E0));
#5809=DIRECTION('',(0.E0,0.E0,-1.E0));
#5810=DIRECTION('',(-8.741176309016E-1,-4.857142857143E-1,0.E0));
#5811=AXIS2_PLACEMENT_3D('',#5808,#5809,#5810);
#5813=CURVE_STYLE('',#32,POSITIVE_LENGTH_MEASURE(2.E-2),#26);
#5814=PRESENTATION_STYLE_ASSIGNMENT((#5813));
#5815=STYLED_ITEM('',(#5814),#5812);
#5816=CARTESIAN_POINT('',(0.E0,0.E0,0.E0));
#5817=DIRECTION('',(0.E0,1.E0,0.E0));
#5818=DIRECTION('',(1.E0,0.E0,0.E0));
#5819=AXIS2_PLACEMENT_3D('',#5816,#5817,#5818);
#5821=CURVE_STYLE('',#32,POSITIVE_LENGTH_MEASURE(2.E-2),#26);
#5822=PRESENTATION_STYLE_ASSIGNMENT((#5821));
#5823=STYLED_ITEM('',(#5822),#5820);
#5824=CARTESIAN_POINT('',(1.529705854078E-1,0.E0,0.E0));
#5825=CARTESIAN_POINT('',(0.E0,2.6E-1,0.E0));
#5826=VERTEX_POINT('',#5824);
#5827=VERTEX_POINT('',#5825);
#5828=CARTESIAN_POINT('',(-1.529705854078E-1,0.E0,0.E0));
#5829=VERTEX_POINT('',#5828);
#5830=CARTESIAN_POINT('',(0.E0,8.5E-2,0.E0));
#5831=DIRECTION('',(0.E0,-1.E0,0.E0));
#5832=DIRECTION('',(-1.E0,0.E0,0.E0));
#5833=AXIS2_PLACEMENT_3D('',#5830,#5831,#5832);
#5834=SPHERICAL_SURFACE('',#5833,1.75E-1);
#5836=ORIENTED_EDGE('',*,*,#5835,.F.);
#5838=ORIENTED_EDGE('',*,*,#5837,.T.);
#5840=ORIENTED_EDGE('',*,*,#5839,.T.);
#5841=EDGE_LOOP('',(#5836,#5838,#5840));
#5842=FACE_OUTER_BOUND('',#5841,.F.);
#5844=CARTESIAN_POINT('',(0.E0,8.5E-2,0.E0));
#5845=DIRECTION('',(0.E0,-1.E0,0.E0));
#5846=DIRECTION('',(-1.E0,0.E0,0.E0));
#5847=AXIS2_PLACEMENT_3D('',#5844,#5845,#5846);
#5848=SPHERICAL_SURFACE('',#5847,1.75E-1);
#5849=ORIENTED_EDGE('',*,*,#5835,.T.);
#5850=ORIENTED_EDGE('',*,*,#5839,.F.);
#5852=ORIENTED_EDGE('',*,*,#5851,.F.);
#5853=EDGE_LOOP('',(#5849,#5850,#5852));
#5854=FACE_OUTER_BOUND('',#5853,.F.);
#5856=CARTESIAN_POINT('',(0.E0,0.E0,0.E0));
#5857=DIRECTION('',(0.E0,-1.E0,0.E0));
#5858=DIRECTION('',(-1.E0,0.E0,0.E0));
#5859=AXIS2_PLACEMENT_3D('',#5856,#5857,#5858);
#5860=PLANE('',#5859);
#5861=ORIENTED_EDGE('',*,*,#5851,.T.);
#5862=ORIENTED_EDGE('',*,*,#5837,.F.);
#5863=EDGE_LOOP('',(#5861,#5862));
#5864=FACE_OUTER_BOUND('',#5863,.F.);
#5866=CLOSED_SHELL('',(#5843,#5855,#5865));
#5867=MANIFOLD_SOLID_BREP('',#5866);
#5868=FILL_AREA_STYLE_COLOUR('',#26);
#5869=FILL_AREA_STYLE('',(#5868));
#5870=SURFACE_STYLE_FILL_AREA(#5869);
#5871=SURFACE_SIDE_STYLE('',(#5870));
#5872=SURFACE_STYLE_USAGE(.BOTH.,#5871);
#5873=PRESENTATION_STYLE_ASSIGNMENT((#5872));
#5791=STYLED_ITEM('',(#5873),#5867);
#5876=PLANE_ANGLE_MEASURE_WITH_UNIT(PLANE_ANGLE_MEASURE(1.745329251994E-2),
#5875);
#5877=(CONVERSION_BASED_UNIT('DEGREE',#5876)NAMED_UNIT(*)PLANE_ANGLE_UNIT());
#5879=UNCERTAINTY_MEASURE_WITH_UNIT(LENGTH_MEASURE(5.590840656826E-5),#5874,
'distance_accuracy_value',
'Maximum model space distance between geometric entities at asserted connectivities');
#5881=CARTESIAN_POINT('',(0.E0,0.E0,0.E0));
#5882=DIRECTION('',(0.E0,0.E0,1.E0));
#5883=DIRECTION('',(1.E0,0.E0,0.E0));
#5886=PRODUCT_CONTEXT('',#233,'mechanical');
#5887=PRODUCT('SOLDER_BALL_AF29','SOLDER_BALL_AF29','NOT SPECIFIED',(#5886));
#5888=PRODUCT_DEFINITION_FORMATION('14','LAST_VERSION',#5887);
#5896=DERIVED_UNIT_ELEMENT(#5895,2.E0);
#5897=DERIVED_UNIT((#5896));
#5898=MEASURE_REPRESENTATION_ITEM('surface area measure',AREA_MEASURE(
3.593981995702E-1),#5897);
#5903=DERIVED_UNIT_ELEMENT(#5902,3.E0);
#5904=DERIVED_UNIT((#5903));
#5905=MEASURE_REPRESENTATION_ITEM('volume measure',VOLUME_MEASURE(
1.875949693223E-2),#5904);
#5909=CARTESIAN_POINT('centre point',(0.E0,1.079245282985E-1,0.E0));
#5914=DERIVED_UNIT_ELEMENT(#5913,2.E0);
#5915=DERIVED_UNIT((#5914));
#5916=MEASURE_REPRESENTATION_ITEM('surface area measure',AREA_MEASURE(
3.593981995702E-1),#5915);
#5921=DERIVED_UNIT_ELEMENT(#5920,3.E0);
#5922=DERIVED_UNIT((#5921));
#5923=MEASURE_REPRESENTATION_ITEM('volume measure',VOLUME_MEASURE(
1.875949693223E-2),#5922);
#5927=CARTESIAN_POINT('centre point',(0.E0,1.079245282985E-1,0.E0));
#5933=GENERAL_PROPERTY('','DESCRIPTION','user defined attribute');
#5934=GENERAL_PROPERTY_ASSOCIATION('user defined attribute','',#5933,#5932);
#5935=DESCRIPTIVE_REPRESENTATION_ITEM('DESCRIPTION','');
#5939=GENERAL_PROPERTY('','MODELED_BY','user defined attribute');
#5940=GENERAL_PROPERTY_ASSOCIATION('user defined attribute','',#5939,#5938);
#5941=DESCRIPTIVE_REPRESENTATION_ITEM('MODELED_BY','');
#5945=GENERAL_PROPERTY('','BALL_HEIGTH','user defined attribute');
#5946=GENERAL_PROPERTY_ASSOCIATION('user defined attribute','',#5945,#5944);
#5947=VALUE_REPRESENTATION_ITEM('BALL_HEIGTH',NUMERIC_MEASURE(1.75E-1));
#5950=DESCRIPTIVE_REPRESENTATION_ITEM('attribute description','Real Number');
#5956=CARTESIAN_POINT('centre point',(-1.6E0,-8.E-1,1.500754717015E-1));
#5960=CARTESIAN_POINT('',(-1.6E0,-8.E-1,2.58E-1));
#5961=DIRECTION('',(0.E0,1.E0,0.E0));
#5962=DIRECTION('',(1.E0,0.E0,0.E0));
#5963=AXIS2_PLACEMENT_3D('',#5960,#5961,#5962);
#5964=ITEM_DEFINED_TRANSFORMATION('','',#5884,#5963);
#5965=(REPRESENTATION_RELATIONSHIP('','',#5885,#316)REPRESENTATION_RELATIONSHIP_WITH_TRANSFORMATION(#5964)SHAPE_REPRESENTATION_RELATIONSHIP());
#5966=CONTEXT_DEPENDENT_SHAPE_REPRESENTATION(#5965,#5955);
#5968=CARTESIAN_POINT('',(0.E0,0.E0,0.E0));
#5969=DIRECTION('',(0.E0,-1.E0,0.E0));
#5970=DIRECTION('',(1.E0,0.E0,0.E0));
#5971=AXIS2_PLACEMENT_3D('',#5968,#5969,#5970);
#5973=CURVE_STYLE('',#32,POSITIVE_LENGTH_MEASURE(2.E-2),#26);
#5974=PRESENTATION_STYLE_ASSIGNMENT((#5973));
#5975=STYLED_ITEM('',(#5974),#5972);
#5976=CARTESIAN_POINT('',(0.E0,8.5E-2,0.E0));
#5977=DIRECTION('',(0.E0,0.E0,1.E0));
#5978=DIRECTION('',(8.741176309016E-1,-4.857142857143E-1,0.E0));
#5979=AXIS2_PLACEMENT_3D('',#5976,#5977,#5978);
#5981=CURVE_STYLE('',#32,POSITIVE_LENGTH_MEASURE(2.E-2),#26);
#5982=PRESENTATION_STYLE_ASSIGNMENT((#5981));
#5983=STYLED_ITEM('',(#5982),#5980);
#5984=CARTESIAN_POINT('',(0.E0,8.5E-2,0.E0));
#5985=DIRECTION('',(0.E0,0.E0,-1.E0));
#5986=DIRECTION('',(-8.741176309016E-1,-4.857142857143E-1,0.E0));
#5987=AXIS2_PLACEMENT_3D('',#5984,#5985,#5986);
#5989=CURVE_STYLE('',#32,POSITIVE_LENGTH_MEASURE(2.E-2),#26);
#5990=PRESENTATION_STYLE_ASSIGNMENT((#5989));
#5991=STYLED_ITEM('',(#5990),#5988);
#5992=CARTESIAN_POINT('',(0.E0,0.E0,0.E0));
#5993=DIRECTION('',(0.E0,1.E0,0.E0));
#5994=DIRECTION('',(1.E0,0.E0,0.E0));
#5995=AXIS2_PLACEMENT_3D('',#5992,#5993,#5994);
#5997=CURVE_STYLE('',#32,POSITIVE_LENGTH_MEASURE(2.E-2),#26);
#5998=PRESENTATION_STYLE_ASSIGNMENT((#5997));
#5999=STYLED_ITEM('',(#5998),#5996);
#6000=CARTESIAN_POINT('',(1.529705854078E-1,0.E0,0.E0));
#6001=CARTESIAN_POINT('',(0.E0,2.6E-1,0.E0));
#6002=VERTEX_POINT('',#6000);
#6003=VERTEX_POINT('',#6001);
#6004=CARTESIAN_POINT('',(-1.529705854078E-1,0.E0,0.E0));
#6005=VERTEX_POINT('',#6004);
#6006=CARTESIAN_POINT('',(0.E0,8.5E-2,0.E0));
#6007=DIRECTION('',(0.E0,-1.E0,0.E0));
#6008=DIRECTION('',(-1.E0,0.E0,0.E0));
#6009=AXIS2_PLACEMENT_3D('',#6006,#6007,#6008);
#6010=SPHERICAL_SURFACE('',#6009,1.75E-1);
#6012=ORIENTED_EDGE('',*,*,#6011,.F.);
#6014=ORIENTED_EDGE('',*,*,#6013,.T.);
#6016=ORIENTED_EDGE('',*,*,#6015,.T.);
#6017=EDGE_LOOP('',(#6012,#6014,#6016));
#6018=FACE_OUTER_BOUND('',#6017,.F.);
#6020=CARTESIAN_POINT('',(0.E0,8.5E-2,0.E0));
#6021=DIRECTION('',(0.E0,-1.E0,0.E0));
#6022=DIRECTION('',(-1.E0,0.E0,0.E0));
#6023=AXIS2_PLACEMENT_3D('',#6020,#6021,#6022);
#6024=SPHERICAL_SURFACE('',#6023,1.75E-1);
#6025=ORIENTED_EDGE('',*,*,#6011,.T.);
#6026=ORIENTED_EDGE('',*,*,#6015,.F.);
#6028=ORIENTED_EDGE('',*,*,#6027,.F.);
#6029=EDGE_LOOP('',(#6025,#6026,#6028));
#6030=FACE_OUTER_BOUND('',#6029,.F.);
#6032=CARTESIAN_POINT('',(0.E0,0.E0,0.E0));
#6033=DIRECTION('',(0.E0,-1.E0,0.E0));
#6034=DIRECTION('',(-1.E0,0.E0,0.E0));
#6035=AXIS2_PLACEMENT_3D('',#6032,#6033,#6034);
#6036=PLANE('',#6035);
#6037=ORIENTED_EDGE('',*,*,#6027,.T.);
#6038=ORIENTED_EDGE('',*,*,#6013,.F.);
#6039=EDGE_LOOP('',(#6037,#6038));
#6040=FACE_OUTER_BOUND('',#6039,.F.);
#6042=CLOSED_SHELL('',(#6019,#6031,#6041));
#6043=MANIFOLD_SOLID_BREP('',#6042);
#6044=FILL_AREA_STYLE_COLOUR('',#26);
#6045=FILL_AREA_STYLE('',(#6044));
#6046=SURFACE_STYLE_FILL_AREA(#6045);
#6047=SURFACE_SIDE_STYLE('',(#6046));
#6048=SURFACE_STYLE_USAGE(.BOTH.,#6047);
#6049=PRESENTATION_STYLE_ASSIGNMENT((#6048));
#5967=STYLED_ITEM('',(#6049),#6043);
#6052=PLANE_ANGLE_MEASURE_WITH_UNIT(PLANE_ANGLE_MEASURE(1.745329251994E-2),
#6051);
#6053=(CONVERSION_BASED_UNIT('DEGREE',#6052)NAMED_UNIT(*)PLANE_ANGLE_UNIT());
#6055=UNCERTAINTY_MEASURE_WITH_UNIT(LENGTH_MEASURE(5.590840656826E-5),#6050,
'distance_accuracy_value',
'Maximum model space distance between geometric entities at asserted connectivities');
#6057=CARTESIAN_POINT('',(0.E0,0.E0,0.E0));
#6058=DIRECTION('',(0.E0,0.E0,1.E0));
#6059=DIRECTION('',(1.E0,0.E0,0.E0));
#6062=PRODUCT_DEFINITION_CONTEXT('part definition',#233,'design');
#6063=PRODUCT_CONTEXT('',#233,'mechanical');
#6064=PRODUCT('SOLDER_BALL_AF30','SOLDER_BALL_AF30','NOT SPECIFIED',(#6063));
#6065=PRODUCT_DEFINITION_FORMATION('14','LAST_VERSION',#6064);
#6073=DERIVED_UNIT_ELEMENT(#6072,2.E0);
#6074=DERIVED_UNIT((#6073));
#6075=MEASURE_REPRESENTATION_ITEM('surface area measure',AREA_MEASURE(
3.593981995702E-1),#6074);
#6080=DERIVED_UNIT_ELEMENT(#6079,3.E0);
#6081=DERIVED_UNIT((#6080));
#6082=MEASURE_REPRESENTATION_ITEM('volume measure',VOLUME_MEASURE(
1.875949693223E-2),#6081);
#6086=CARTESIAN_POINT('centre point',(0.E0,1.079245282985E-1,0.E0));
#6091=DERIVED_UNIT_ELEMENT(#6090,2.E0);
#6092=DERIVED_UNIT((#6091));
#6093=MEASURE_REPRESENTATION_ITEM('surface area measure',AREA_MEASURE(
3.593981995702E-1),#6092);
#6098=DERIVED_UNIT_ELEMENT(#6097,3.E0);
#6099=DERIVED_UNIT((#6098));
#6100=MEASURE_REPRESENTATION_ITEM('volume measure',VOLUME_MEASURE(
1.875949693223E-2),#6099);
#6104=CARTESIAN_POINT('centre point',(0.E0,1.079245282985E-1,0.E0));
#6110=GENERAL_PROPERTY('','DESCRIPTION','user defined attribute');
#6111=GENERAL_PROPERTY_ASSOCIATION('user defined attribute','',#6110,#6109);
#6112=DESCRIPTIVE_REPRESENTATION_ITEM('DESCRIPTION','');
#6116=GENERAL_PROPERTY('','MODELED_BY','user defined attribute');
#6117=GENERAL_PROPERTY_ASSOCIATION('user defined attribute','',#6116,#6115);
#6118=DESCRIPTIVE_REPRESENTATION_ITEM('MODELED_BY','');
#6122=GENERAL_PROPERTY('','BALL_HEIGTH','user defined attribute');
#6123=GENERAL_PROPERTY_ASSOCIATION('user defined attribute','',#6122,#6121);
#6124=VALUE_REPRESENTATION_ITEM('BALL_HEIGTH',NUMERIC_MEASURE(1.75E-1));
#6127=DESCRIPTIVE_REPRESENTATION_ITEM('attribute description','Real Number');
#6133=CARTESIAN_POINT('centre point',(-8.E-1,-8.E-1,1.500754717015E-1));
#6137=CARTESIAN_POINT('',(-8.E-1,-8.E-1,2.58E-1));
#6138=DIRECTION('',(0.E0,1.E0,0.E0));
#6139=DIRECTION('',(1.E0,0.E0,0.E0));
#6140=AXIS2_PLACEMENT_3D('',#6137,#6138,#6139);
#6141=ITEM_DEFINED_TRANSFORMATION('','',#6060,#6140);
#6142=(REPRESENTATION_RELATIONSHIP('','',#6061,#316)REPRESENTATION_RELATIONSHIP_WITH_TRANSFORMATION(#6141)SHAPE_REPRESENTATION_RELATIONSHIP());
#6143=CONTEXT_DEPENDENT_SHAPE_REPRESENTATION(#6142,#6132);
#6145=CARTESIAN_POINT('',(0.E0,0.E0,0.E0));
#6146=DIRECTION('',(0.E0,-1.E0,0.E0));
#6147=DIRECTION('',(1.E0,0.E0,0.E0));
#6148=AXIS2_PLACEMENT_3D('',#6145,#6146,#6147);
#6150=CURVE_STYLE('',#32,POSITIVE_LENGTH_MEASURE(2.E-2),#26);
#6151=PRESENTATION_STYLE_ASSIGNMENT((#6150));
#6152=STYLED_ITEM('',(#6151),#6149);
#6153=CARTESIAN_POINT('',(0.E0,8.5E-2,0.E0));
#6154=DIRECTION('',(0.E0,0.E0,1.E0));
#6155=DIRECTION('',(8.741176309016E-1,-4.857142857143E-1,0.E0));
#6156=AXIS2_PLACEMENT_3D('',#6153,#6154,#6155);
#6158=CURVE_STYLE('',#32,POSITIVE_LENGTH_MEASURE(2.E-2),#26);
#6159=PRESENTATION_STYLE_ASSIGNMENT((#6158));
#6160=STYLED_ITEM('',(#6159),#6157);
#6161=CARTESIAN_POINT('',(0.E0,8.5E-2,0.E0));
#6162=DIRECTION('',(0.E0,0.E0,-1.E0));
#6163=DIRECTION('',(-8.741176309016E-1,-4.857142857143E-1,0.E0));
#6164=AXIS2_PLACEMENT_3D('',#6161,#6162,#6163);
#6166=CURVE_STYLE('',#32,POSITIVE_LENGTH_MEASURE(2.E-2),#26);
#6167=PRESENTATION_STYLE_ASSIGNMENT((#6166));
#6168=STYLED_ITEM('',(#6167),#6165);
#6169=CARTESIAN_POINT('',(0.E0,0.E0,0.E0));
#6170=DIRECTION('',(0.E0,1.E0,0.E0));
#6171=DIRECTION('',(1.E0,0.E0,0.E0));
#6172=AXIS2_PLACEMENT_3D('',#6169,#6170,#6171);
#6174=CURVE_STYLE('',#32,POSITIVE_LENGTH_MEASURE(2.E-2),#26);
#6175=PRESENTATION_STYLE_ASSIGNMENT((#6174));
#6176=STYLED_ITEM('',(#6175),#6173);
#6177=CARTESIAN_POINT('',(1.529705854078E-1,0.E0,0.E0));
#6178=CARTESIAN_POINT('',(0.E0,2.6E-1,0.E0));
#6179=VERTEX_POINT('',#6177);
#6180=VERTEX_POINT('',#6178);
#6181=CARTESIAN_POINT('',(-1.529705854078E-1,0.E0,0.E0));
#6182=VERTEX_POINT('',#6181);
#6183=CARTESIAN_POINT('',(0.E0,8.5E-2,0.E0));
#6184=DIRECTION('',(0.E0,-1.E0,0.E0));
#6185=DIRECTION('',(-1.E0,0.E0,0.E0));
#6186=AXIS2_PLACEMENT_3D('',#6183,#6184,#6185);
#6187=SPHERICAL_SURFACE('',#6186,1.75E-1);
#6189=ORIENTED_EDGE('',*,*,#6188,.F.);
#6191=ORIENTED_EDGE('',*,*,#6190,.T.);
#6193=ORIENTED_EDGE('',*,*,#6192,.T.);
#6194=EDGE_LOOP('',(#6189,#6191,#6193));
#6195=FACE_OUTER_BOUND('',#6194,.F.);
#6197=CARTESIAN_POINT('',(0.E0,8.5E-2,0.E0));
#6198=DIRECTION('',(0.E0,-1.E0,0.E0));
#6199=DIRECTION('',(-1.E0,0.E0,0.E0));
#6200=AXIS2_PLACEMENT_3D('',#6197,#6198,#6199);
#6201=SPHERICAL_SURFACE('',#6200,1.75E-1);
#6202=ORIENTED_EDGE('',*,*,#6188,.T.);
#6203=ORIENTED_EDGE('',*,*,#6192,.F.);
#6205=ORIENTED_EDGE('',*,*,#6204,.F.);
#6206=EDGE_LOOP('',(#6202,#6203,#6205));
#6207=FACE_OUTER_BOUND('',#6206,.F.);
#6209=CARTESIAN_POINT('',(0.E0,0.E0,0.E0));
#6210=DIRECTION('',(0.E0,-1.E0,0.E0));
#6211=DIRECTION('',(-1.E0,0.E0,0.E0));
#6212=AXIS2_PLACEMENT_3D('',#6209,#6210,#6211);
#6213=PLANE('',#6212);
#6214=ORIENTED_EDGE('',*,*,#6204,.T.);
#6215=ORIENTED_EDGE('',*,*,#6190,.F.);
#6216=EDGE_LOOP('',(#6214,#6215));
#6217=FACE_OUTER_BOUND('',#6216,.F.);
#6219=CLOSED_SHELL('',(#6196,#6208,#6218));
#6220=MANIFOLD_SOLID_BREP('',#6219);
#6221=FILL_AREA_STYLE_COLOUR('',#26);
#6222=FILL_AREA_STYLE('',(#6221));
#6223=SURFACE_STYLE_FILL_AREA(#6222);
#6224=SURFACE_SIDE_STYLE('',(#6223));
#6225=SURFACE_STYLE_USAGE(.BOTH.,#6224);
#6226=PRESENTATION_STYLE_ASSIGNMENT((#6225));
#6144=STYLED_ITEM('',(#6226),#6220);
#6229=PLANE_ANGLE_MEASURE_WITH_UNIT(PLANE_ANGLE_MEASURE(1.745329251994E-2),
#6228);
#6230=(CONVERSION_BASED_UNIT('DEGREE',#6229)NAMED_UNIT(*)PLANE_ANGLE_UNIT());
#6232=UNCERTAINTY_MEASURE_WITH_UNIT(LENGTH_MEASURE(5.590840656826E-5),#6227,
'distance_accuracy_value',
'Maximum model space distance between geometric entities at asserted connectivities');
#6234=CARTESIAN_POINT('',(0.E0,0.E0,0.E0));
#6235=DIRECTION('',(0.E0,0.E0,1.E0));
#6236=DIRECTION('',(1.E0,0.E0,0.E0));
#6239=PRODUCT_CONTEXT('',#233,'mechanical');
#6240=PRODUCT('SOLDER_BALL_AF31','SOLDER_BALL_AF31','NOT SPECIFIED',(#6239));
#6241=PRODUCT_DEFINITION_FORMATION('14','LAST_VERSION',#6240);
#6249=DERIVED_UNIT_ELEMENT(#6248,2.E0);
#6250=DERIVED_UNIT((#6249));
#6251=MEASURE_REPRESENTATION_ITEM('surface area measure',AREA_MEASURE(
3.593981995702E-1),#6250);
#6256=DERIVED_UNIT_ELEMENT(#6255,3.E0);
#6257=DERIVED_UNIT((#6256));
#6258=MEASURE_REPRESENTATION_ITEM('volume measure',VOLUME_MEASURE(
1.875949693223E-2),#6257);
#6262=CARTESIAN_POINT('centre point',(0.E0,1.079245282985E-1,0.E0));
#6267=DERIVED_UNIT_ELEMENT(#6266,2.E0);
#6268=DERIVED_UNIT((#6267));
#6269=MEASURE_REPRESENTATION_ITEM('surface area measure',AREA_MEASURE(
3.593981995702E-1),#6268);
#6274=DERIVED_UNIT_ELEMENT(#6273,3.E0);
#6275=DERIVED_UNIT((#6274));
#6276=MEASURE_REPRESENTATION_ITEM('volume measure',VOLUME_MEASURE(
1.875949693223E-2),#6275);
#6280=CARTESIAN_POINT('centre point',(0.E0,1.079245282985E-1,0.E0));
#6286=GENERAL_PROPERTY('','DESCRIPTION','user defined attribute');
#6287=GENERAL_PROPERTY_ASSOCIATION('user defined attribute','',#6286,#6285);
#6288=DESCRIPTIVE_REPRESENTATION_ITEM('DESCRIPTION','');
#6292=GENERAL_PROPERTY('','MODELED_BY','user defined attribute');
#6293=GENERAL_PROPERTY_ASSOCIATION('user defined attribute','',#6292,#6291);
#6294=DESCRIPTIVE_REPRESENTATION_ITEM('MODELED_BY','');
#6298=GENERAL_PROPERTY('','BALL_HEIGTH','user defined attribute');
#6299=GENERAL_PROPERTY_ASSOCIATION('user defined attribute','',#6298,#6297);
#6300=VALUE_REPRESENTATION_ITEM('BALL_HEIGTH',NUMERIC_MEASURE(1.75E-1));
#6303=DESCRIPTIVE_REPRESENTATION_ITEM('attribute description','Real Number');
#6309=CARTESIAN_POINT('centre point',(0.E0,-8.E-1,1.500754717015E-1));
#6313=CARTESIAN_POINT('',(0.E0,-8.E-1,2.58E-1));
#6314=DIRECTION('',(0.E0,1.E0,0.E0));
#6315=DIRECTION('',(1.E0,0.E0,0.E0));
#6316=AXIS2_PLACEMENT_3D('',#6313,#6314,#6315);
#6317=ITEM_DEFINED_TRANSFORMATION('','',#6237,#6316);
#6318=(REPRESENTATION_RELATIONSHIP('','',#6238,#316)REPRESENTATION_RELATIONSHIP_WITH_TRANSFORMATION(#6317)SHAPE_REPRESENTATION_RELATIONSHIP());
#6319=CONTEXT_DEPENDENT_SHAPE_REPRESENTATION(#6318,#6308);
#6321=CARTESIAN_POINT('',(0.E0,0.E0,0.E0));
#6322=DIRECTION('',(0.E0,-1.E0,0.E0));
#6323=DIRECTION('',(1.E0,0.E0,0.E0));
#6324=AXIS2_PLACEMENT_3D('',#6321,#6322,#6323);
#6326=CURVE_STYLE('',#32,POSITIVE_LENGTH_MEASURE(2.E-2),#26);
#6327=PRESENTATION_STYLE_ASSIGNMENT((#6326));
#6328=STYLED_ITEM('',(#6327),#6325);
#6329=CARTESIAN_POINT('',(0.E0,8.5E-2,0.E0));
#6330=DIRECTION('',(0.E0,0.E0,1.E0));
#6331=DIRECTION('',(8.741176309016E-1,-4.857142857143E-1,0.E0));
#6332=AXIS2_PLACEMENT_3D('',#6329,#6330,#6331);
#6334=CURVE_STYLE('',#32,POSITIVE_LENGTH_MEASURE(2.E-2),#26);
#6335=PRESENTATION_STYLE_ASSIGNMENT((#6334));
#6336=STYLED_ITEM('',(#6335),#6333);
#6337=CARTESIAN_POINT('',(0.E0,8.5E-2,0.E0));
#6338=DIRECTION('',(0.E0,0.E0,-1.E0));
#6339=DIRECTION('',(-8.741176309016E-1,-4.857142857143E-1,0.E0));
#6340=AXIS2_PLACEMENT_3D('',#6337,#6338,#6339);
#6342=CURVE_STYLE('',#32,POSITIVE_LENGTH_MEASURE(2.E-2),#26);
#6343=PRESENTATION_STYLE_ASSIGNMENT((#6342));
#6344=STYLED_ITEM('',(#6343),#6341);
#6345=CARTESIAN_POINT('',(0.E0,0.E0,0.E0));
#6346=DIRECTION('',(0.E0,1.E0,0.E0));
#6347=DIRECTION('',(1.E0,0.E0,0.E0));
#6348=AXIS2_PLACEMENT_3D('',#6345,#6346,#6347);
#6350=CURVE_STYLE('',#32,POSITIVE_LENGTH_MEASURE(2.E-2),#26);
#6351=PRESENTATION_STYLE_ASSIGNMENT((#6350));
#6352=STYLED_ITEM('',(#6351),#6349);
#6353=CARTESIAN_POINT('',(1.529705854078E-1,0.E0,0.E0));
#6354=CARTESIAN_POINT('',(0.E0,2.6E-1,0.E0));
#6355=VERTEX_POINT('',#6353);
#6356=VERTEX_POINT('',#6354);
#6357=CARTESIAN_POINT('',(-1.529705854078E-1,0.E0,0.E0));
#6358=VERTEX_POINT('',#6357);
#6359=CARTESIAN_POINT('',(0.E0,8.5E-2,0.E0));
#6360=DIRECTION('',(0.E0,-1.E0,0.E0));
#6361=DIRECTION('',(-1.E0,0.E0,0.E0));
#6362=AXIS2_PLACEMENT_3D('',#6359,#6360,#6361);
#6363=SPHERICAL_SURFACE('',#6362,1.75E-1);
#6365=ORIENTED_EDGE('',*,*,#6364,.F.);
#6367=ORIENTED_EDGE('',*,*,#6366,.T.);
#6369=ORIENTED_EDGE('',*,*,#6368,.T.);
#6370=EDGE_LOOP('',(#6365,#6367,#6369));
#6371=FACE_OUTER_BOUND('',#6370,.F.);
#6373=CARTESIAN_POINT('',(0.E0,8.5E-2,0.E0));
#6374=DIRECTION('',(0.E0,-1.E0,0.E0));
#6375=DIRECTION('',(-1.E0,0.E0,0.E0));
#6376=AXIS2_PLACEMENT_3D('',#6373,#6374,#6375);
#6377=SPHERICAL_SURFACE('',#6376,1.75E-1);
#6378=ORIENTED_EDGE('',*,*,#6364,.T.);
#6379=ORIENTED_EDGE('',*,*,#6368,.F.);
#6381=ORIENTED_EDGE('',*,*,#6380,.F.);
#6382=EDGE_LOOP('',(#6378,#6379,#6381));
#6383=FACE_OUTER_BOUND('',#6382,.F.);
#6385=CARTESIAN_POINT('',(0.E0,0.E0,0.E0));
#6386=DIRECTION('',(0.E0,-1.E0,0.E0));
#6387=DIRECTION('',(-1.E0,0.E0,0.E0));
#6388=AXIS2_PLACEMENT_3D('',#6385,#6386,#6387);
#6389=PLANE('',#6388);
#6390=ORIENTED_EDGE('',*,*,#6380,.T.);
#6391=ORIENTED_EDGE('',*,*,#6366,.F.);
#6392=EDGE_LOOP('',(#6390,#6391));
#6393=FACE_OUTER_BOUND('',#6392,.F.);
#6395=CLOSED_SHELL('',(#6372,#6384,#6394));
#6396=MANIFOLD_SOLID_BREP('',#6395);
#6397=FILL_AREA_STYLE_COLOUR('',#26);
#6398=FILL_AREA_STYLE('',(#6397));
#6399=SURFACE_STYLE_FILL_AREA(#6398);
#6400=SURFACE_SIDE_STYLE('',(#6399));
#6401=SURFACE_STYLE_USAGE(.BOTH.,#6400);
#6402=PRESENTATION_STYLE_ASSIGNMENT((#6401));
#6320=STYLED_ITEM('',(#6402),#6396);
#6405=PLANE_ANGLE_MEASURE_WITH_UNIT(PLANE_ANGLE_MEASURE(1.745329251994E-2),
#6404);
#6406=(CONVERSION_BASED_UNIT('DEGREE',#6405)NAMED_UNIT(*)PLANE_ANGLE_UNIT());
#6408=UNCERTAINTY_MEASURE_WITH_UNIT(LENGTH_MEASURE(5.590840656826E-5),#6403,
'distance_accuracy_value',
'Maximum model space distance between geometric entities at asserted connectivities');
#6410=CARTESIAN_POINT('',(0.E0,0.E0,0.E0));
#6411=DIRECTION('',(0.E0,0.E0,1.E0));
#6412=DIRECTION('',(1.E0,0.E0,0.E0));
#6415=PRODUCT_DEFINITION_CONTEXT('part definition',#233,'design');
#6416=PRODUCT_CONTEXT('',#233,'mechanical');
#6417=PRODUCT('SOLDER_BALL_AF32','SOLDER_BALL_AF32','NOT SPECIFIED',(#6416));
#6418=PRODUCT_DEFINITION_FORMATION('14','LAST_VERSION',#6417);
#6426=DERIVED_UNIT_ELEMENT(#6425,2.E0);
#6427=DERIVED_UNIT((#6426));
#6428=MEASURE_REPRESENTATION_ITEM('surface area measure',AREA_MEASURE(
3.593981995702E-1),#6427);
#6433=DERIVED_UNIT_ELEMENT(#6432,3.E0);
#6434=DERIVED_UNIT((#6433));
#6435=MEASURE_REPRESENTATION_ITEM('volume measure',VOLUME_MEASURE(
1.875949693223E-2),#6434);
#6439=CARTESIAN_POINT('centre point',(0.E0,1.079245282985E-1,0.E0));
#6444=DERIVED_UNIT_ELEMENT(#6443,2.E0);
#6445=DERIVED_UNIT((#6444));
#6446=MEASURE_REPRESENTATION_ITEM('surface area measure',AREA_MEASURE(
3.593981995702E-1),#6445);
#6451=DERIVED_UNIT_ELEMENT(#6450,3.E0);
#6452=DERIVED_UNIT((#6451));
#6453=MEASURE_REPRESENTATION_ITEM('volume measure',VOLUME_MEASURE(
1.875949693223E-2),#6452);
#6457=CARTESIAN_POINT('centre point',(0.E0,1.079245282985E-1,0.E0));
#6463=GENERAL_PROPERTY('','DESCRIPTION','user defined attribute');
#6464=GENERAL_PROPERTY_ASSOCIATION('user defined attribute','',#6463,#6462);
#6465=DESCRIPTIVE_REPRESENTATION_ITEM('DESCRIPTION','');
#6469=GENERAL_PROPERTY('','MODELED_BY','user defined attribute');
#6470=GENERAL_PROPERTY_ASSOCIATION('user defined attribute','',#6469,#6468);
#6471=DESCRIPTIVE_REPRESENTATION_ITEM('MODELED_BY','');
#6475=GENERAL_PROPERTY('','BALL_HEIGTH','user defined attribute');
#6476=GENERAL_PROPERTY_ASSOCIATION('user defined attribute','',#6475,#6474);
#6477=VALUE_REPRESENTATION_ITEM('BALL_HEIGTH',NUMERIC_MEASURE(1.75E-1));
#6480=DESCRIPTIVE_REPRESENTATION_ITEM('attribute description','Real Number');
#6486=CARTESIAN_POINT('centre point',(8.E-1,-8.E-1,1.500754717015E-1));
#6490=CARTESIAN_POINT('',(8.E-1,-8.E-1,2.58E-1));
#6491=DIRECTION('',(0.E0,1.E0,0.E0));
#6492=DIRECTION('',(1.E0,0.E0,0.E0));
#6493=AXIS2_PLACEMENT_3D('',#6490,#6491,#6492);
#6494=ITEM_DEFINED_TRANSFORMATION('','',#6413,#6493);
#6495=(REPRESENTATION_RELATIONSHIP('','',#6414,#316)REPRESENTATION_RELATIONSHIP_WITH_TRANSFORMATION(#6494)SHAPE_REPRESENTATION_RELATIONSHIP());
#6496=CONTEXT_DEPENDENT_SHAPE_REPRESENTATION(#6495,#6485);
#6498=CARTESIAN_POINT('',(0.E0,0.E0,0.E0));
#6499=DIRECTION('',(0.E0,-1.E0,0.E0));
#6500=DIRECTION('',(1.E0,0.E0,0.E0));
#6501=AXIS2_PLACEMENT_3D('',#6498,#6499,#6500);
#6503=CURVE_STYLE('',#32,POSITIVE_LENGTH_MEASURE(2.E-2),#26);
#6504=PRESENTATION_STYLE_ASSIGNMENT((#6503));
#6505=STYLED_ITEM('',(#6504),#6502);
#6506=CARTESIAN_POINT('',(0.E0,8.5E-2,0.E0));
#6507=DIRECTION('',(0.E0,0.E0,1.E0));
#6508=DIRECTION('',(8.741176309016E-1,-4.857142857143E-1,0.E0));
#6509=AXIS2_PLACEMENT_3D('',#6506,#6507,#6508);
#6511=CURVE_STYLE('',#32,POSITIVE_LENGTH_MEASURE(2.E-2),#26);
#6512=PRESENTATION_STYLE_ASSIGNMENT((#6511));
#6513=STYLED_ITEM('',(#6512),#6510);
#6514=CARTESIAN_POINT('',(0.E0,8.5E-2,0.E0));
#6515=DIRECTION('',(0.E0,0.E0,-1.E0));
#6516=DIRECTION('',(-8.741176309016E-1,-4.857142857143E-1,0.E0));
#6517=AXIS2_PLACEMENT_3D('',#6514,#6515,#6516);
#6519=CURVE_STYLE('',#32,POSITIVE_LENGTH_MEASURE(2.E-2),#26);
#6520=PRESENTATION_STYLE_ASSIGNMENT((#6519));
#6521=STYLED_ITEM('',(#6520),#6518);
#6522=CARTESIAN_POINT('',(0.E0,0.E0,0.E0));
#6523=DIRECTION('',(0.E0,1.E0,0.E0));
#6524=DIRECTION('',(1.E0,0.E0,0.E0));
#6525=AXIS2_PLACEMENT_3D('',#6522,#6523,#6524);
#6527=CURVE_STYLE('',#32,POSITIVE_LENGTH_MEASURE(2.E-2),#26);
#6528=PRESENTATION_STYLE_ASSIGNMENT((#6527));
#6529=STYLED_ITEM('',(#6528),#6526);
#6530=CARTESIAN_POINT('',(1.529705854078E-1,0.E0,0.E0));
#6531=CARTESIAN_POINT('',(0.E0,2.6E-1,0.E0));
#6532=VERTEX_POINT('',#6530);
#6533=VERTEX_POINT('',#6531);
#6534=CARTESIAN_POINT('',(-1.529705854078E-1,0.E0,0.E0));
#6535=VERTEX_POINT('',#6534);
#6536=CARTESIAN_POINT('',(0.E0,8.5E-2,0.E0));
#6537=DIRECTION('',(0.E0,-1.E0,0.E0));
#6538=DIRECTION('',(-1.E0,0.E0,0.E0));
#6539=AXIS2_PLACEMENT_3D('',#6536,#6537,#6538);
#6540=SPHERICAL_SURFACE('',#6539,1.75E-1);
#6542=ORIENTED_EDGE('',*,*,#6541,.F.);
#6544=ORIENTED_EDGE('',*,*,#6543,.T.);
#6546=ORIENTED_EDGE('',*,*,#6545,.T.);
#6547=EDGE_LOOP('',(#6542,#6544,#6546));
#6548=FACE_OUTER_BOUND('',#6547,.F.);
#6550=CARTESIAN_POINT('',(0.E0,8.5E-2,0.E0));
#6551=DIRECTION('',(0.E0,-1.E0,0.E0));
#6552=DIRECTION('',(-1.E0,0.E0,0.E0));
#6553=AXIS2_PLACEMENT_3D('',#6550,#6551,#6552);
#6554=SPHERICAL_SURFACE('',#6553,1.75E-1);
#6555=ORIENTED_EDGE('',*,*,#6541,.T.);
#6556=ORIENTED_EDGE('',*,*,#6545,.F.);
#6558=ORIENTED_EDGE('',*,*,#6557,.F.);
#6559=EDGE_LOOP('',(#6555,#6556,#6558));
#6560=FACE_OUTER_BOUND('',#6559,.F.);
#6562=CARTESIAN_POINT('',(0.E0,0.E0,0.E0));
#6563=DIRECTION('',(0.E0,-1.E0,0.E0));
#6564=DIRECTION('',(-1.E0,0.E0,0.E0));
#6565=AXIS2_PLACEMENT_3D('',#6562,#6563,#6564);
#6566=PLANE('',#6565);
#6567=ORIENTED_EDGE('',*,*,#6557,.T.);
#6568=ORIENTED_EDGE('',*,*,#6543,.F.);
#6569=EDGE_LOOP('',(#6567,#6568));
#6570=FACE_OUTER_BOUND('',#6569,.F.);
#6572=CLOSED_SHELL('',(#6549,#6561,#6571));
#6573=MANIFOLD_SOLID_BREP('',#6572);
#6574=FILL_AREA_STYLE_COLOUR('',#26);
#6575=FILL_AREA_STYLE('',(#6574));
#6576=SURFACE_STYLE_FILL_AREA(#6575);
#6577=SURFACE_SIDE_STYLE('',(#6576));
#6578=SURFACE_STYLE_USAGE(.BOTH.,#6577);
#6579=PRESENTATION_STYLE_ASSIGNMENT((#6578));
#6497=STYLED_ITEM('',(#6579),#6573);
#6582=PLANE_ANGLE_MEASURE_WITH_UNIT(PLANE_ANGLE_MEASURE(1.745329251994E-2),
#6581);
#6583=(CONVERSION_BASED_UNIT('DEGREE',#6582)NAMED_UNIT(*)PLANE_ANGLE_UNIT());
#6585=UNCERTAINTY_MEASURE_WITH_UNIT(LENGTH_MEASURE(5.590840656826E-5),#6580,
'distance_accuracy_value',
'Maximum model space distance between geometric entities at asserted connectivities');
#6587=CARTESIAN_POINT('',(0.E0,0.E0,0.E0));
#6588=DIRECTION('',(0.E0,0.E0,1.E0));
#6589=DIRECTION('',(1.E0,0.E0,0.E0));
#6592=PRODUCT_CONTEXT('',#233,'mechanical');
#6593=PRODUCT('SOLDER_BALL_AF33','SOLDER_BALL_AF33','NOT SPECIFIED',(#6592));
#6594=PRODUCT_DEFINITION_FORMATION('14','LAST_VERSION',#6593);
#6602=DERIVED_UNIT_ELEMENT(#6601,2.E0);
#6603=DERIVED_UNIT((#6602));
#6604=MEASURE_REPRESENTATION_ITEM('surface area measure',AREA_MEASURE(
3.593981995702E-1),#6603);
#6609=DERIVED_UNIT_ELEMENT(#6608,3.E0);
#6610=DERIVED_UNIT((#6609));
#6611=MEASURE_REPRESENTATION_ITEM('volume measure',VOLUME_MEASURE(
1.875949693223E-2),#6610);
#6615=CARTESIAN_POINT('centre point',(0.E0,1.079245282985E-1,0.E0));
#6620=DERIVED_UNIT_ELEMENT(#6619,2.E0);
#6621=DERIVED_UNIT((#6620));
#6622=MEASURE_REPRESENTATION_ITEM('surface area measure',AREA_MEASURE(
3.593981995702E-1),#6621);
#6627=DERIVED_UNIT_ELEMENT(#6626,3.E0);
#6628=DERIVED_UNIT((#6627));
#6629=MEASURE_REPRESENTATION_ITEM('volume measure',VOLUME_MEASURE(
1.875949693223E-2),#6628);
#6633=CARTESIAN_POINT('centre point',(0.E0,1.079245282985E-1,0.E0));
#6639=GENERAL_PROPERTY('','DESCRIPTION','user defined attribute');
#6640=GENERAL_PROPERTY_ASSOCIATION('user defined attribute','',#6639,#6638);
#6641=DESCRIPTIVE_REPRESENTATION_ITEM('DESCRIPTION','');
#6645=GENERAL_PROPERTY('','MODELED_BY','user defined attribute');
#6646=GENERAL_PROPERTY_ASSOCIATION('user defined attribute','',#6645,#6644);
#6647=DESCRIPTIVE_REPRESENTATION_ITEM('MODELED_BY','');
#6651=GENERAL_PROPERTY('','BALL_HEIGTH','user defined attribute');
#6652=GENERAL_PROPERTY_ASSOCIATION('user defined attribute','',#6651,#6650);
#6653=VALUE_REPRESENTATION_ITEM('BALL_HEIGTH',NUMERIC_MEASURE(1.75E-1));
#6656=DESCRIPTIVE_REPRESENTATION_ITEM('attribute description','Real Number');
#6662=CARTESIAN_POINT('centre point',(1.6E0,-8.E-1,1.500754717015E-1));
#6666=CARTESIAN_POINT('',(1.6E0,-8.E-1,2.58E-1));
#6667=DIRECTION('',(0.E0,1.E0,0.E0));
#6668=DIRECTION('',(1.E0,0.E0,0.E0));
#6669=AXIS2_PLACEMENT_3D('',#6666,#6667,#6668);
#6670=ITEM_DEFINED_TRANSFORMATION('','',#6590,#6669);
#6671=(REPRESENTATION_RELATIONSHIP('','',#6591,#316)REPRESENTATION_RELATIONSHIP_WITH_TRANSFORMATION(#6670)SHAPE_REPRESENTATION_RELATIONSHIP());
#6672=CONTEXT_DEPENDENT_SHAPE_REPRESENTATION(#6671,#6661);
#6675=PLANE_ANGLE_MEASURE_WITH_UNIT(PLANE_ANGLE_MEASURE(1.745329251994E-2),
#6674);
#6676=(CONVERSION_BASED_UNIT('DEGREE',#6675)NAMED_UNIT(*)PLANE_ANGLE_UNIT());
#6678=UNCERTAINTY_MEASURE_WITH_UNIT(LENGTH_MEASURE(5.590840656826E-5),#6673,
'distance_accuracy_value',
'Maximum model space distance between geometric entities at asserted connectivities');
#6680=CARTESIAN_POINT('',(0.E0,0.E0,0.E0));
#6681=DIRECTION('',(0.E0,0.E0,1.E0));
#6682=DIRECTION('',(1.E0,0.E0,0.E0));
#6685=PRODUCT_DEFINITION_CONTEXT('part definition',#233,'design');
#6686=PRODUCT_CONTEXT('',#233,'mechanical');
#6687=PRODUCT('SOLDER_BALL_AF34','SOLDER_BALL_AF34','NOT SPECIFIED',(#6686));
#6688=PRODUCT_DEFINITION_FORMATION('14','LAST_VERSION',#6687);
#6693=GENERAL_PROPERTY('','DESCRIPTION','user defined attribute');
#6694=GENERAL_PROPERTY_ASSOCIATION('user defined attribute','',#6693,#6692);
#6695=DESCRIPTIVE_REPRESENTATION_ITEM('DESCRIPTION','');
#6699=GENERAL_PROPERTY('','MODELED_BY','user defined attribute');
#6700=GENERAL_PROPERTY_ASSOCIATION('user defined attribute','',#6699,#6698);
#6701=DESCRIPTIVE_REPRESENTATION_ITEM('MODELED_BY','');
#6705=GENERAL_PROPERTY('','BALL_HEIGTH','user defined attribute');
#6706=GENERAL_PROPERTY_ASSOCIATION('user defined attribute','',#6705,#6704);
#6707=VALUE_REPRESENTATION_ITEM('BALL_HEIGTH',NUMERIC_MEASURE(1.75E-1));
#6710=DESCRIPTIVE_REPRESENTATION_ITEM('attribute description','Real Number');
#6716=CARTESIAN_POINT('',(2.4E0,-8.E-1,2.58E-1));
#6717=DIRECTION('',(0.E0,1.E0,0.E0));
#6718=DIRECTION('',(1.E0,0.E0,0.E0));
#6719=AXIS2_PLACEMENT_3D('',#6716,#6717,#6718);
#6720=ITEM_DEFINED_TRANSFORMATION('','',#6683,#6719);
#6721=(REPRESENTATION_RELATIONSHIP('','',#6684,#316)REPRESENTATION_RELATIONSHIP_WITH_TRANSFORMATION(#6720)SHAPE_REPRESENTATION_RELATIONSHIP());
#6722=CONTEXT_DEPENDENT_SHAPE_REPRESENTATION(#6721,#6715);
#6725=CARTESIAN_POINT('centre point',(3.2E0,-8.E-1,1.500754717015E-1));
#6729=CARTESIAN_POINT('',(3.2E0,-8.E-1,2.58E-1));
#6730=DIRECTION('',(0.E0,1.E0,0.E0));
#6731=DIRECTION('',(1.E0,0.E0,0.E0));
#6732=AXIS2_PLACEMENT_3D('',#6729,#6730,#6731);
#6733=ITEM_DEFINED_TRANSFORMATION('','',#1132,#6732);
#6734=(REPRESENTATION_RELATIONSHIP('','',#1133,#316)REPRESENTATION_RELATIONSHIP_WITH_TRANSFORMATION(#6733)SHAPE_REPRESENTATION_RELATIONSHIP());
#6735=CONTEXT_DEPENDENT_SHAPE_REPRESENTATION(#6734,#6724);
#6738=CARTESIAN_POINT('centre point',(4.E0,-8.E-1,1.500754717015E-1));
#6742=CARTESIAN_POINT('',(4.E0,-8.E-1,2.58E-1));
#6743=DIRECTION('',(0.E0,1.E0,0.E0));
#6744=DIRECTION('',(1.E0,0.E0,0.E0));
#6745=AXIS2_PLACEMENT_3D('',#6742,#6743,#6744);
#6746=ITEM_DEFINED_TRANSFORMATION('','',#1132,#6745);
#6747=(REPRESENTATION_RELATIONSHIP('','',#1133,#316)REPRESENTATION_RELATIONSHIP_WITH_TRANSFORMATION(#6746)SHAPE_REPRESENTATION_RELATIONSHIP());
#6748=CONTEXT_DEPENDENT_SHAPE_REPRESENTATION(#6747,#6737);
#6751=CARTESIAN_POINT('centre point',(4.8E0,-8.E-1,1.500754717015E-1));
#6755=CARTESIAN_POINT('',(4.8E0,-8.E-1,2.58E-1));
#6756=DIRECTION('',(0.E0,1.E0,0.E0));
#6757=DIRECTION('',(1.E0,0.E0,0.E0));
#6758=AXIS2_PLACEMENT_3D('',#6755,#6756,#6757);
#6759=ITEM_DEFINED_TRANSFORMATION('','',#1132,#6758);
#6760=(REPRESENTATION_RELATIONSHIP('','',#1133,#316)REPRESENTATION_RELATIONSHIP_WITH_TRANSFORMATION(#6759)SHAPE_REPRESENTATION_RELATIONSHIP());
#6761=CONTEXT_DEPENDENT_SHAPE_REPRESENTATION(#6760,#6750);
#6764=CARTESIAN_POINT('centre point',(5.6E0,-8.E-1,1.500754717015E-1));
#6768=CARTESIAN_POINT('',(5.6E0,-8.E-1,2.58E-1));
#6769=DIRECTION('',(0.E0,1.E0,0.E0));
#6770=DIRECTION('',(1.E0,0.E0,0.E0));
#6771=AXIS2_PLACEMENT_3D('',#6768,#6769,#6770);
#6772=ITEM_DEFINED_TRANSFORMATION('','',#1132,#6771);
#6773=(REPRESENTATION_RELATIONSHIP('','',#1133,#316)REPRESENTATION_RELATIONSHIP_WITH_TRANSFORMATION(#6772)SHAPE_REPRESENTATION_RELATIONSHIP());
#6774=CONTEXT_DEPENDENT_SHAPE_REPRESENTATION(#6773,#6763);
#6777=CARTESIAN_POINT('centre point',(-5.6E0,-1.6E0,1.500754717015E-1));
#6781=CARTESIAN_POINT('',(-5.6E0,-1.6E0,2.58E-1));
#6782=DIRECTION('',(0.E0,1.E0,0.E0));
#6783=DIRECTION('',(1.E0,0.E0,0.E0));
#6784=AXIS2_PLACEMENT_3D('',#6781,#6782,#6783);
#6785=ITEM_DEFINED_TRANSFORMATION('','',#1132,#6784);
#6786=(REPRESENTATION_RELATIONSHIP('','',#1133,#316)REPRESENTATION_RELATIONSHIP_WITH_TRANSFORMATION(#6785)SHAPE_REPRESENTATION_RELATIONSHIP());
#6787=CONTEXT_DEPENDENT_SHAPE_REPRESENTATION(#6786,#6776);
#6790=CARTESIAN_POINT('centre point',(-4.8E0,-1.6E0,1.500754717015E-1));
#6794=CARTESIAN_POINT('',(-4.8E0,-1.6E0,2.58E-1));
#6795=DIRECTION('',(0.E0,1.E0,0.E0));
#6796=DIRECTION('',(1.E0,0.E0,0.E0));
#6797=AXIS2_PLACEMENT_3D('',#6794,#6795,#6796);
#6798=ITEM_DEFINED_TRANSFORMATION('','',#1132,#6797);
#6799=(REPRESENTATION_RELATIONSHIP('','',#1133,#316)REPRESENTATION_RELATIONSHIP_WITH_TRANSFORMATION(#6798)SHAPE_REPRESENTATION_RELATIONSHIP());
#6800=CONTEXT_DEPENDENT_SHAPE_REPRESENTATION(#6799,#6789);
#6803=CARTESIAN_POINT('centre point',(-4.E0,-1.6E0,1.500754717015E-1));
#6807=CARTESIAN_POINT('',(-4.E0,-1.6E0,2.58E-1));
#6808=DIRECTION('',(0.E0,1.E0,0.E0));
#6809=DIRECTION('',(1.E0,0.E0,0.E0));
#6810=AXIS2_PLACEMENT_3D('',#6807,#6808,#6809);
#6811=ITEM_DEFINED_TRANSFORMATION('','',#1132,#6810);
#6812=(REPRESENTATION_RELATIONSHIP('','',#1133,#316)REPRESENTATION_RELATIONSHIP_WITH_TRANSFORMATION(#6811)SHAPE_REPRESENTATION_RELATIONSHIP());
#6813=CONTEXT_DEPENDENT_SHAPE_REPRESENTATION(#6812,#6802);
#6816=CARTESIAN_POINT('centre point',(-3.2E0,-1.6E0,1.500754717015E-1));
#6820=CARTESIAN_POINT('',(-3.2E0,-1.6E0,2.58E-1));
#6821=DIRECTION('',(0.E0,1.E0,0.E0));
#6822=DIRECTION('',(1.E0,0.E0,0.E0));
#6823=AXIS2_PLACEMENT_3D('',#6820,#6821,#6822);
#6824=ITEM_DEFINED_TRANSFORMATION('','',#1132,#6823);
#6825=(REPRESENTATION_RELATIONSHIP('','',#1133,#316)REPRESENTATION_RELATIONSHIP_WITH_TRANSFORMATION(#6824)SHAPE_REPRESENTATION_RELATIONSHIP());
#6826=CONTEXT_DEPENDENT_SHAPE_REPRESENTATION(#6825,#6815);
#6829=PLANE_ANGLE_MEASURE_WITH_UNIT(PLANE_ANGLE_MEASURE(1.745329251994E-2),
#6828);
#6830=(CONVERSION_BASED_UNIT('DEGREE',#6829)NAMED_UNIT(*)PLANE_ANGLE_UNIT());
#6832=UNCERTAINTY_MEASURE_WITH_UNIT(LENGTH_MEASURE(5.590840656826E-5),#6827,
'distance_accuracy_value',
'Maximum model space distance between geometric entities at asserted connectivities');
#6834=CARTESIAN_POINT('',(0.E0,0.E0,0.E0));
#6835=DIRECTION('',(0.E0,0.E0,1.E0));
#6836=DIRECTION('',(1.E0,0.E0,0.E0));
#6839=PRODUCT_CONTEXT('',#233,'mechanical');
#6840=PRODUCT('SOLDER_BALL_AF35','SOLDER_BALL_AF35','NOT SPECIFIED',(#6839));
#6841=PRODUCT_DEFINITION_FORMATION('14','LAST_VERSION',#6840);
#6846=GENERAL_PROPERTY('','DESCRIPTION','user defined attribute');
#6847=GENERAL_PROPERTY_ASSOCIATION('user defined attribute','',#6846,#6845);
#6848=DESCRIPTIVE_REPRESENTATION_ITEM('DESCRIPTION','');
#6852=GENERAL_PROPERTY('','MODELED_BY','user defined attribute');
#6853=GENERAL_PROPERTY_ASSOCIATION('user defined attribute','',#6852,#6851);
#6854=DESCRIPTIVE_REPRESENTATION_ITEM('MODELED_BY','');
#6858=GENERAL_PROPERTY('','BALL_HEIGTH','user defined attribute');
#6859=GENERAL_PROPERTY_ASSOCIATION('user defined attribute','',#6858,#6857);
#6860=VALUE_REPRESENTATION_ITEM('BALL_HEIGTH',NUMERIC_MEASURE(1.75E-1));
#6863=DESCRIPTIVE_REPRESENTATION_ITEM('attribute description','Real Number');
#6869=CARTESIAN_POINT('',(-2.4E0,-1.6E0,2.58E-1));
#6870=DIRECTION('',(0.E0,1.E0,0.E0));
#6871=DIRECTION('',(1.E0,0.E0,0.E0));
#6872=AXIS2_PLACEMENT_3D('',#6869,#6870,#6871);
#6873=ITEM_DEFINED_TRANSFORMATION('','',#6837,#6872);
#6874=(REPRESENTATION_RELATIONSHIP('','',#6838,#316)REPRESENTATION_RELATIONSHIP_WITH_TRANSFORMATION(#6873)SHAPE_REPRESENTATION_RELATIONSHIP());
#6875=CONTEXT_DEPENDENT_SHAPE_REPRESENTATION(#6874,#6868);
#6877=CARTESIAN_POINT('',(0.E0,0.E0,0.E0));
#6878=DIRECTION('',(0.E0,-1.E0,0.E0));
#6879=DIRECTION('',(1.E0,0.E0,0.E0));
#6880=AXIS2_PLACEMENT_3D('',#6877,#6878,#6879);
#6882=CURVE_STYLE('',#32,POSITIVE_LENGTH_MEASURE(2.E-2),#26);
#6883=PRESENTATION_STYLE_ASSIGNMENT((#6882));
#6884=STYLED_ITEM('',(#6883),#6881);
#6885=CARTESIAN_POINT('',(0.E0,8.5E-2,0.E0));
#6886=DIRECTION('',(0.E0,0.E0,1.E0));
#6887=DIRECTION('',(8.741176309016E-1,-4.857142857143E-1,0.E0));
#6888=AXIS2_PLACEMENT_3D('',#6885,#6886,#6887);
#6890=CURVE_STYLE('',#32,POSITIVE_LENGTH_MEASURE(2.E-2),#26);
#6891=PRESENTATION_STYLE_ASSIGNMENT((#6890));
#6892=STYLED_ITEM('',(#6891),#6889);
#6893=CARTESIAN_POINT('',(0.E0,8.5E-2,0.E0));
#6894=DIRECTION('',(0.E0,0.E0,-1.E0));
#6895=DIRECTION('',(-8.741176309016E-1,-4.857142857143E-1,0.E0));
#6896=AXIS2_PLACEMENT_3D('',#6893,#6894,#6895);
#6898=CURVE_STYLE('',#32,POSITIVE_LENGTH_MEASURE(2.E-2),#26);
#6899=PRESENTATION_STYLE_ASSIGNMENT((#6898));
#6900=STYLED_ITEM('',(#6899),#6897);
#6901=CARTESIAN_POINT('',(0.E0,0.E0,0.E0));
#6902=DIRECTION('',(0.E0,1.E0,0.E0));
#6903=DIRECTION('',(1.E0,0.E0,0.E0));
#6904=AXIS2_PLACEMENT_3D('',#6901,#6902,#6903);
#6906=CURVE_STYLE('',#32,POSITIVE_LENGTH_MEASURE(2.E-2),#26);
#6907=PRESENTATION_STYLE_ASSIGNMENT((#6906));
#6908=STYLED_ITEM('',(#6907),#6905);
#6909=CARTESIAN_POINT('',(1.529705854078E-1,0.E0,0.E0));
#6910=CARTESIAN_POINT('',(0.E0,2.6E-1,0.E0));
#6911=VERTEX_POINT('',#6909);
#6912=VERTEX_POINT('',#6910);
#6913=CARTESIAN_POINT('',(-1.529705854078E-1,0.E0,0.E0));
#6914=VERTEX_POINT('',#6913);
#6915=CARTESIAN_POINT('',(0.E0,8.5E-2,0.E0));
#6916=DIRECTION('',(0.E0,-1.E0,0.E0));
#6917=DIRECTION('',(-1.E0,0.E0,0.E0));
#6918=AXIS2_PLACEMENT_3D('',#6915,#6916,#6917);
#6919=SPHERICAL_SURFACE('',#6918,1.75E-1);
#6921=ORIENTED_EDGE('',*,*,#6920,.F.);
#6923=ORIENTED_EDGE('',*,*,#6922,.T.);
#6925=ORIENTED_EDGE('',*,*,#6924,.T.);
#6926=EDGE_LOOP('',(#6921,#6923,#6925));
#6927=FACE_OUTER_BOUND('',#6926,.F.);
#6929=CARTESIAN_POINT('',(0.E0,8.5E-2,0.E0));
#6930=DIRECTION('',(0.E0,-1.E0,0.E0));
#6931=DIRECTION('',(-1.E0,0.E0,0.E0));
#6932=AXIS2_PLACEMENT_3D('',#6929,#6930,#6931);
#6933=SPHERICAL_SURFACE('',#6932,1.75E-1);
#6934=ORIENTED_EDGE('',*,*,#6920,.T.);
#6935=ORIENTED_EDGE('',*,*,#6924,.F.);
#6937=ORIENTED_EDGE('',*,*,#6936,.F.);
#6938=EDGE_LOOP('',(#6934,#6935,#6937));
#6939=FACE_OUTER_BOUND('',#6938,.F.);
#6941=CARTESIAN_POINT('',(0.E0,0.E0,0.E0));
#6942=DIRECTION('',(0.E0,-1.E0,0.E0));
#6943=DIRECTION('',(-1.E0,0.E0,0.E0));
#6944=AXIS2_PLACEMENT_3D('',#6941,#6942,#6943);
#6945=PLANE('',#6944);
#6946=ORIENTED_EDGE('',*,*,#6936,.T.);
#6947=ORIENTED_EDGE('',*,*,#6922,.F.);
#6948=EDGE_LOOP('',(#6946,#6947));
#6949=FACE_OUTER_BOUND('',#6948,.F.);
#6951=CLOSED_SHELL('',(#6928,#6940,#6950));
#6952=MANIFOLD_SOLID_BREP('',#6951);
#6953=FILL_AREA_STYLE_COLOUR('',#26);
#6954=FILL_AREA_STYLE('',(#6953));
#6955=SURFACE_STYLE_FILL_AREA(#6954);
#6956=SURFACE_SIDE_STYLE('',(#6955));
#6957=SURFACE_STYLE_USAGE(.BOTH.,#6956);
#6958=PRESENTATION_STYLE_ASSIGNMENT((#6957));
#6876=STYLED_ITEM('',(#6958),#6952);
#6961=PLANE_ANGLE_MEASURE_WITH_UNIT(PLANE_ANGLE_MEASURE(1.745329251994E-2),
#6960);
#6962=(CONVERSION_BASED_UNIT('DEGREE',#6961)NAMED_UNIT(*)PLANE_ANGLE_UNIT());
#6964=UNCERTAINTY_MEASURE_WITH_UNIT(LENGTH_MEASURE(5.590840656826E-5),#6959,
'distance_accuracy_value',
'Maximum model space distance between geometric entities at asserted connectivities');
#6966=CARTESIAN_POINT('',(0.E0,0.E0,0.E0));
#6967=DIRECTION('',(0.E0,0.E0,1.E0));
#6968=DIRECTION('',(1.E0,0.E0,0.E0));
#6971=PRODUCT_DEFINITION_CONTEXT('part definition',#233,'design');
#6972=PRODUCT_CONTEXT('',#233,'mechanical');
#6973=PRODUCT('SOLDER_BALL_AF36','SOLDER_BALL_AF36','NOT SPECIFIED',(#6972));
#6974=PRODUCT_DEFINITION_FORMATION('14','LAST_VERSION',#6973);
#6982=DERIVED_UNIT_ELEMENT(#6981,2.E0);
#6983=DERIVED_UNIT((#6982));
#6984=MEASURE_REPRESENTATION_ITEM('surface area measure',AREA_MEASURE(
3.593981995702E-1),#6983);
#6989=DERIVED_UNIT_ELEMENT(#6988,3.E0);
#6990=DERIVED_UNIT((#6989));
#6991=MEASURE_REPRESENTATION_ITEM('volume measure',VOLUME_MEASURE(
1.875949693223E-2),#6990);
#6995=CARTESIAN_POINT('centre point',(0.E0,1.079245282985E-1,0.E0));
#7000=DERIVED_UNIT_ELEMENT(#6999,2.E0);
#7001=DERIVED_UNIT((#7000));
#7002=MEASURE_REPRESENTATION_ITEM('surface area measure',AREA_MEASURE(
3.593981995702E-1),#7001);
#7007=DERIVED_UNIT_ELEMENT(#7006,3.E0);
#7008=DERIVED_UNIT((#7007));
#7009=MEASURE_REPRESENTATION_ITEM('volume measure',VOLUME_MEASURE(
1.875949693223E-2),#7008);
#7013=CARTESIAN_POINT('centre point',(0.E0,1.079245282985E-1,0.E0));
#7019=GENERAL_PROPERTY('','DESCRIPTION','user defined attribute');
#7020=GENERAL_PROPERTY_ASSOCIATION('user defined attribute','',#7019,#7018);
#7021=DESCRIPTIVE_REPRESENTATION_ITEM('DESCRIPTION','');
#7025=GENERAL_PROPERTY('','MODELED_BY','user defined attribute');
#7026=GENERAL_PROPERTY_ASSOCIATION('user defined attribute','',#7025,#7024);
#7027=DESCRIPTIVE_REPRESENTATION_ITEM('MODELED_BY','');
#7031=GENERAL_PROPERTY('','BALL_HEIGTH','user defined attribute');
#7032=GENERAL_PROPERTY_ASSOCIATION('user defined attribute','',#7031,#7030);
#7033=VALUE_REPRESENTATION_ITEM('BALL_HEIGTH',NUMERIC_MEASURE(1.75E-1));
#7036=DESCRIPTIVE_REPRESENTATION_ITEM('attribute description','Real Number');
#7042=CARTESIAN_POINT('centre point',(-1.6E0,-1.6E0,1.500754717015E-1));
#7046=CARTESIAN_POINT('',(-1.6E0,-1.6E0,2.58E-1));
#7047=DIRECTION('',(0.E0,1.E0,0.E0));
#7048=DIRECTION('',(1.E0,0.E0,0.E0));
#7049=AXIS2_PLACEMENT_3D('',#7046,#7047,#7048);
#7050=ITEM_DEFINED_TRANSFORMATION('','',#6969,#7049);
#7051=(REPRESENTATION_RELATIONSHIP('','',#6970,#316)REPRESENTATION_RELATIONSHIP_WITH_TRANSFORMATION(#7050)SHAPE_REPRESENTATION_RELATIONSHIP());
#7052=CONTEXT_DEPENDENT_SHAPE_REPRESENTATION(#7051,#7041);
#7054=CARTESIAN_POINT('',(0.E0,0.E0,0.E0));
#7055=DIRECTION('',(0.E0,-1.E0,0.E0));
#7056=DIRECTION('',(1.E0,0.E0,0.E0));
#7057=AXIS2_PLACEMENT_3D('',#7054,#7055,#7056);
#7059=CURVE_STYLE('',#32,POSITIVE_LENGTH_MEASURE(2.E-2),#26);
#7060=PRESENTATION_STYLE_ASSIGNMENT((#7059));
#7061=STYLED_ITEM('',(#7060),#7058);
#7062=CARTESIAN_POINT('',(0.E0,8.5E-2,0.E0));
#7063=DIRECTION('',(0.E0,0.E0,1.E0));
#7064=DIRECTION('',(8.741176309016E-1,-4.857142857143E-1,0.E0));
#7065=AXIS2_PLACEMENT_3D('',#7062,#7063,#7064);
#7067=CURVE_STYLE('',#32,POSITIVE_LENGTH_MEASURE(2.E-2),#26);
#7068=PRESENTATION_STYLE_ASSIGNMENT((#7067));
#7069=STYLED_ITEM('',(#7068),#7066);
#7070=CARTESIAN_POINT('',(0.E0,8.5E-2,0.E0));
#7071=DIRECTION('',(0.E0,0.E0,-1.E0));
#7072=DIRECTION('',(-8.741176309016E-1,-4.857142857143E-1,0.E0));
#7073=AXIS2_PLACEMENT_3D('',#7070,#7071,#7072);
#7075=CURVE_STYLE('',#32,POSITIVE_LENGTH_MEASURE(2.E-2),#26);
#7076=PRESENTATION_STYLE_ASSIGNMENT((#7075));
#7077=STYLED_ITEM('',(#7076),#7074);
#7078=CARTESIAN_POINT('',(0.E0,0.E0,0.E0));
#7079=DIRECTION('',(0.E0,1.E0,0.E0));
#7080=DIRECTION('',(1.E0,0.E0,0.E0));
#7081=AXIS2_PLACEMENT_3D('',#7078,#7079,#7080);
#7083=CURVE_STYLE('',#32,POSITIVE_LENGTH_MEASURE(2.E-2),#26);
#7084=PRESENTATION_STYLE_ASSIGNMENT((#7083));
#7085=STYLED_ITEM('',(#7084),#7082);
#7086=CARTESIAN_POINT('',(1.529705854078E-1,0.E0,0.E0));
#7087=CARTESIAN_POINT('',(0.E0,2.6E-1,0.E0));
#7088=VERTEX_POINT('',#7086);
#7089=VERTEX_POINT('',#7087);
#7090=CARTESIAN_POINT('',(-1.529705854078E-1,0.E0,0.E0));
#7091=VERTEX_POINT('',#7090);
#7092=CARTESIAN_POINT('',(0.E0,8.5E-2,0.E0));
#7093=DIRECTION('',(0.E0,-1.E0,0.E0));
#7094=DIRECTION('',(-1.E0,0.E0,0.E0));
#7095=AXIS2_PLACEMENT_3D('',#7092,#7093,#7094);
#7096=SPHERICAL_SURFACE('',#7095,1.75E-1);
#7098=ORIENTED_EDGE('',*,*,#7097,.F.);
#7100=ORIENTED_EDGE('',*,*,#7099,.T.);
#7102=ORIENTED_EDGE('',*,*,#7101,.T.);
#7103=EDGE_LOOP('',(#7098,#7100,#7102));
#7104=FACE_OUTER_BOUND('',#7103,.F.);
#7106=CARTESIAN_POINT('',(0.E0,8.5E-2,0.E0));
#7107=DIRECTION('',(0.E0,-1.E0,0.E0));
#7108=DIRECTION('',(-1.E0,0.E0,0.E0));
#7109=AXIS2_PLACEMENT_3D('',#7106,#7107,#7108);
#7110=SPHERICAL_SURFACE('',#7109,1.75E-1);
#7111=ORIENTED_EDGE('',*,*,#7097,.T.);
#7112=ORIENTED_EDGE('',*,*,#7101,.F.);
#7114=ORIENTED_EDGE('',*,*,#7113,.F.);
#7115=EDGE_LOOP('',(#7111,#7112,#7114));
#7116=FACE_OUTER_BOUND('',#7115,.F.);
#7118=CARTESIAN_POINT('',(0.E0,0.E0,0.E0));
#7119=DIRECTION('',(0.E0,-1.E0,0.E0));
#7120=DIRECTION('',(-1.E0,0.E0,0.E0));
#7121=AXIS2_PLACEMENT_3D('',#7118,#7119,#7120);
#7122=PLANE('',#7121);
#7123=ORIENTED_EDGE('',*,*,#7113,.T.);
#7124=ORIENTED_EDGE('',*,*,#7099,.F.);
#7125=EDGE_LOOP('',(#7123,#7124));
#7126=FACE_OUTER_BOUND('',#7125,.F.);
#7128=CLOSED_SHELL('',(#7105,#7117,#7127));
#7129=MANIFOLD_SOLID_BREP('',#7128);
#7130=FILL_AREA_STYLE_COLOUR('',#26);
#7131=FILL_AREA_STYLE('',(#7130));
#7132=SURFACE_STYLE_FILL_AREA(#7131);
#7133=SURFACE_SIDE_STYLE('',(#7132));
#7134=SURFACE_STYLE_USAGE(.BOTH.,#7133);
#7135=PRESENTATION_STYLE_ASSIGNMENT((#7134));
#7053=STYLED_ITEM('',(#7135),#7129);
#7138=PLANE_ANGLE_MEASURE_WITH_UNIT(PLANE_ANGLE_MEASURE(1.745329251994E-2),
#7137);
#7139=(CONVERSION_BASED_UNIT('DEGREE',#7138)NAMED_UNIT(*)PLANE_ANGLE_UNIT());
#7141=UNCERTAINTY_MEASURE_WITH_UNIT(LENGTH_MEASURE(5.590840656826E-5),#7136,
'distance_accuracy_value',
'Maximum model space distance between geometric entities at asserted connectivities');
#7143=CARTESIAN_POINT('',(0.E0,0.E0,0.E0));
#7144=DIRECTION('',(0.E0,0.E0,1.E0));
#7145=DIRECTION('',(1.E0,0.E0,0.E0));
#7148=PRODUCT_CONTEXT('',#233,'mechanical');
#7149=PRODUCT('SOLDER_BALL_AF37','SOLDER_BALL_AF37','NOT SPECIFIED',(#7148));
#7150=PRODUCT_DEFINITION_FORMATION('14','LAST_VERSION',#7149);
#7158=DERIVED_UNIT_ELEMENT(#7157,2.E0);
#7159=DERIVED_UNIT((#7158));
#7160=MEASURE_REPRESENTATION_ITEM('surface area measure',AREA_MEASURE(
3.593981995702E-1),#7159);
#7165=DERIVED_UNIT_ELEMENT(#7164,3.E0);
#7166=DERIVED_UNIT((#7165));
#7167=MEASURE_REPRESENTATION_ITEM('volume measure',VOLUME_MEASURE(
1.875949693223E-2),#7166);
#7171=CARTESIAN_POINT('centre point',(0.E0,1.079245282985E-1,0.E0));
#7176=DERIVED_UNIT_ELEMENT(#7175,2.E0);
#7177=DERIVED_UNIT((#7176));
#7178=MEASURE_REPRESENTATION_ITEM('surface area measure',AREA_MEASURE(
3.593981995702E-1),#7177);
#7183=DERIVED_UNIT_ELEMENT(#7182,3.E0);
#7184=DERIVED_UNIT((#7183));
#7185=MEASURE_REPRESENTATION_ITEM('volume measure',VOLUME_MEASURE(
1.875949693223E-2),#7184);
#7189=CARTESIAN_POINT('centre point',(0.E0,1.079245282985E-1,0.E0));
#7195=GENERAL_PROPERTY('','DESCRIPTION','user defined attribute');
#7196=GENERAL_PROPERTY_ASSOCIATION('user defined attribute','',#7195,#7194);
#7197=DESCRIPTIVE_REPRESENTATION_ITEM('DESCRIPTION','');
#7201=GENERAL_PROPERTY('','MODELED_BY','user defined attribute');
#7202=GENERAL_PROPERTY_ASSOCIATION('user defined attribute','',#7201,#7200);
#7203=DESCRIPTIVE_REPRESENTATION_ITEM('MODELED_BY','');
#7207=GENERAL_PROPERTY('','BALL_HEIGTH','user defined attribute');
#7208=GENERAL_PROPERTY_ASSOCIATION('user defined attribute','',#7207,#7206);
#7209=VALUE_REPRESENTATION_ITEM('BALL_HEIGTH',NUMERIC_MEASURE(1.75E-1));
#7212=DESCRIPTIVE_REPRESENTATION_ITEM('attribute description','Real Number');
#7218=CARTESIAN_POINT('centre point',(-8.E-1,-1.6E0,1.500754717015E-1));
#7222=CARTESIAN_POINT('',(-8.E-1,-1.6E0,2.58E-1));
#7223=DIRECTION('',(0.E0,1.E0,0.E0));
#7224=DIRECTION('',(1.E0,0.E0,0.E0));
#7225=AXIS2_PLACEMENT_3D('',#7222,#7223,#7224);
#7226=ITEM_DEFINED_TRANSFORMATION('','',#7146,#7225);
#7227=(REPRESENTATION_RELATIONSHIP('','',#7147,#316)REPRESENTATION_RELATIONSHIP_WITH_TRANSFORMATION(#7226)SHAPE_REPRESENTATION_RELATIONSHIP());
#7228=CONTEXT_DEPENDENT_SHAPE_REPRESENTATION(#7227,#7217);
#7230=CARTESIAN_POINT('',(0.E0,0.E0,0.E0));
#7231=DIRECTION('',(0.E0,-1.E0,0.E0));
#7232=DIRECTION('',(1.E0,0.E0,0.E0));
#7233=AXIS2_PLACEMENT_3D('',#7230,#7231,#7232);
#7235=CURVE_STYLE('',#32,POSITIVE_LENGTH_MEASURE(2.E-2),#26);
#7236=PRESENTATION_STYLE_ASSIGNMENT((#7235));
#7237=STYLED_ITEM('',(#7236),#7234);
#7238=CARTESIAN_POINT('',(0.E0,8.5E-2,0.E0));
#7239=DIRECTION('',(0.E0,0.E0,1.E0));
#7240=DIRECTION('',(8.741176309016E-1,-4.857142857143E-1,0.E0));
#7241=AXIS2_PLACEMENT_3D('',#7238,#7239,#7240);
#7243=CURVE_STYLE('',#32,POSITIVE_LENGTH_MEASURE(2.E-2),#26);
#7244=PRESENTATION_STYLE_ASSIGNMENT((#7243));
#7245=STYLED_ITEM('',(#7244),#7242);
#7246=CARTESIAN_POINT('',(0.E0,8.5E-2,0.E0));
#7247=DIRECTION('',(0.E0,0.E0,-1.E0));
#7248=DIRECTION('',(-8.741176309016E-1,-4.857142857143E-1,0.E0));
#7249=AXIS2_PLACEMENT_3D('',#7246,#7247,#7248);
#7251=CURVE_STYLE('',#32,POSITIVE_LENGTH_MEASURE(2.E-2),#26);
#7252=PRESENTATION_STYLE_ASSIGNMENT((#7251));
#7253=STYLED_ITEM('',(#7252),#7250);
#7254=CARTESIAN_POINT('',(0.E0,0.E0,0.E0));
#7255=DIRECTION('',(0.E0,1.E0,0.E0));
#7256=DIRECTION('',(1.E0,0.E0,0.E0));
#7257=AXIS2_PLACEMENT_3D('',#7254,#7255,#7256);
#7259=CURVE_STYLE('',#32,POSITIVE_LENGTH_MEASURE(2.E-2),#26);
#7260=PRESENTATION_STYLE_ASSIGNMENT((#7259));
#7261=STYLED_ITEM('',(#7260),#7258);
#7262=CARTESIAN_POINT('',(1.529705854078E-1,0.E0,0.E0));
#7263=CARTESIAN_POINT('',(0.E0,2.6E-1,0.E0));
#7264=VERTEX_POINT('',#7262);
#7265=VERTEX_POINT('',#7263);
#7266=CARTESIAN_POINT('',(-1.529705854078E-1,0.E0,0.E0));
#7267=VERTEX_POINT('',#7266);
#7268=CARTESIAN_POINT('',(0.E0,8.5E-2,0.E0));
#7269=DIRECTION('',(0.E0,-1.E0,0.E0));
#7270=DIRECTION('',(-1.E0,0.E0,0.E0));
#7271=AXIS2_PLACEMENT_3D('',#7268,#7269,#7270);
#7272=SPHERICAL_SURFACE('',#7271,1.75E-1);
#7274=ORIENTED_EDGE('',*,*,#7273,.F.);
#7276=ORIENTED_EDGE('',*,*,#7275,.T.);
#7278=ORIENTED_EDGE('',*,*,#7277,.T.);
#7279=EDGE_LOOP('',(#7274,#7276,#7278));
#7280=FACE_OUTER_BOUND('',#7279,.F.);
#7282=CARTESIAN_POINT('',(0.E0,8.5E-2,0.E0));
#7283=DIRECTION('',(0.E0,-1.E0,0.E0));
#7284=DIRECTION('',(-1.E0,0.E0,0.E0));
#7285=AXIS2_PLACEMENT_3D('',#7282,#7283,#7284);
#7286=SPHERICAL_SURFACE('',#7285,1.75E-1);
#7287=ORIENTED_EDGE('',*,*,#7273,.T.);
#7288=ORIENTED_EDGE('',*,*,#7277,.F.);
#7290=ORIENTED_EDGE('',*,*,#7289,.F.);
#7291=EDGE_LOOP('',(#7287,#7288,#7290));
#7292=FACE_OUTER_BOUND('',#7291,.F.);
#7294=CARTESIAN_POINT('',(0.E0,0.E0,0.E0));
#7295=DIRECTION('',(0.E0,-1.E0,0.E0));
#7296=DIRECTION('',(-1.E0,0.E0,0.E0));
#7297=AXIS2_PLACEMENT_3D('',#7294,#7295,#7296);
#7298=PLANE('',#7297);
#7299=ORIENTED_EDGE('',*,*,#7289,.T.);
#7300=ORIENTED_EDGE('',*,*,#7275,.F.);
#7301=EDGE_LOOP('',(#7299,#7300));
#7302=FACE_OUTER_BOUND('',#7301,.F.);
#7304=CLOSED_SHELL('',(#7281,#7293,#7303));
#7305=MANIFOLD_SOLID_BREP('',#7304);
#7306=FILL_AREA_STYLE_COLOUR('',#26);
#7307=FILL_AREA_STYLE('',(#7306));
#7308=SURFACE_STYLE_FILL_AREA(#7307);
#7309=SURFACE_SIDE_STYLE('',(#7308));
#7310=SURFACE_STYLE_USAGE(.BOTH.,#7309);
#7311=PRESENTATION_STYLE_ASSIGNMENT((#7310));
#7229=STYLED_ITEM('',(#7311),#7305);
#7314=PLANE_ANGLE_MEASURE_WITH_UNIT(PLANE_ANGLE_MEASURE(1.745329251994E-2),
#7313);
#7315=(CONVERSION_BASED_UNIT('DEGREE',#7314)NAMED_UNIT(*)PLANE_ANGLE_UNIT());
#7317=UNCERTAINTY_MEASURE_WITH_UNIT(LENGTH_MEASURE(5.590840656826E-5),#7312,
'distance_accuracy_value',
'Maximum model space distance between geometric entities at asserted connectivities');
#7319=CARTESIAN_POINT('',(0.E0,0.E0,0.E0));
#7320=DIRECTION('',(0.E0,0.E0,1.E0));
#7321=DIRECTION('',(1.E0,0.E0,0.E0));
#7324=PRODUCT_DEFINITION_CONTEXT('part definition',#233,'design');
#7325=PRODUCT_CONTEXT('',#233,'mechanical');
#7326=PRODUCT('SOLDER_BALL_AF38','SOLDER_BALL_AF38','NOT SPECIFIED',(#7325));
#7327=PRODUCT_DEFINITION_FORMATION('14','LAST_VERSION',#7326);
#7335=DERIVED_UNIT_ELEMENT(#7334,2.E0);
#7336=DERIVED_UNIT((#7335));
#7337=MEASURE_REPRESENTATION_ITEM('surface area measure',AREA_MEASURE(
3.593981995702E-1),#7336);
#7342=DERIVED_UNIT_ELEMENT(#7341,3.E0);
#7343=DERIVED_UNIT((#7342));
#7344=MEASURE_REPRESENTATION_ITEM('volume measure',VOLUME_MEASURE(
1.875949693223E-2),#7343);
#7348=CARTESIAN_POINT('centre point',(0.E0,1.079245282985E-1,0.E0));
#7353=DERIVED_UNIT_ELEMENT(#7352,2.E0);
#7354=DERIVED_UNIT((#7353));
#7355=MEASURE_REPRESENTATION_ITEM('surface area measure',AREA_MEASURE(
3.593981995702E-1),#7354);
#7360=DERIVED_UNIT_ELEMENT(#7359,3.E0);
#7361=DERIVED_UNIT((#7360));
#7362=MEASURE_REPRESENTATION_ITEM('volume measure',VOLUME_MEASURE(
1.875949693223E-2),#7361);
#7366=CARTESIAN_POINT('centre point',(0.E0,1.079245282985E-1,0.E0));
#7372=GENERAL_PROPERTY('','DESCRIPTION','user defined attribute');
#7373=GENERAL_PROPERTY_ASSOCIATION('user defined attribute','',#7372,#7371);
#7374=DESCRIPTIVE_REPRESENTATION_ITEM('DESCRIPTION','');
#7378=GENERAL_PROPERTY('','MODELED_BY','user defined attribute');
#7379=GENERAL_PROPERTY_ASSOCIATION('user defined attribute','',#7378,#7377);
#7380=DESCRIPTIVE_REPRESENTATION_ITEM('MODELED_BY','');
#7384=GENERAL_PROPERTY('','BALL_HEIGTH','user defined attribute');
#7385=GENERAL_PROPERTY_ASSOCIATION('user defined attribute','',#7384,#7383);
#7386=VALUE_REPRESENTATION_ITEM('BALL_HEIGTH',NUMERIC_MEASURE(1.75E-1));
#7389=DESCRIPTIVE_REPRESENTATION_ITEM('attribute description','Real Number');
#7395=CARTESIAN_POINT('centre point',(0.E0,-1.6E0,1.500754717015E-1));
#7399=CARTESIAN_POINT('',(0.E0,-1.6E0,2.58E-1));
#7400=DIRECTION('',(0.E0,1.E0,0.E0));
#7401=DIRECTION('',(1.E0,0.E0,0.E0));
#7402=AXIS2_PLACEMENT_3D('',#7399,#7400,#7401);
#7403=ITEM_DEFINED_TRANSFORMATION('','',#7322,#7402);
#7404=(REPRESENTATION_RELATIONSHIP('','',#7323,#316)REPRESENTATION_RELATIONSHIP_WITH_TRANSFORMATION(#7403)SHAPE_REPRESENTATION_RELATIONSHIP());
#7405=CONTEXT_DEPENDENT_SHAPE_REPRESENTATION(#7404,#7394);
#7407=CARTESIAN_POINT('',(0.E0,0.E0,0.E0));
#7408=DIRECTION('',(0.E0,-1.E0,0.E0));
#7409=DIRECTION('',(1.E0,0.E0,0.E0));
#7410=AXIS2_PLACEMENT_3D('',#7407,#7408,#7409);
#7412=CURVE_STYLE('',#32,POSITIVE_LENGTH_MEASURE(2.E-2),#26);
#7413=PRESENTATION_STYLE_ASSIGNMENT((#7412));
#7414=STYLED_ITEM('',(#7413),#7411);
#7415=CARTESIAN_POINT('',(0.E0,8.5E-2,0.E0));
#7416=DIRECTION('',(0.E0,0.E0,1.E0));
#7417=DIRECTION('',(8.741176309016E-1,-4.857142857143E-1,0.E0));
#7418=AXIS2_PLACEMENT_3D('',#7415,#7416,#7417);
#7420=CURVE_STYLE('',#32,POSITIVE_LENGTH_MEASURE(2.E-2),#26);
#7421=PRESENTATION_STYLE_ASSIGNMENT((#7420));
#7422=STYLED_ITEM('',(#7421),#7419);
#7423=CARTESIAN_POINT('',(0.E0,8.5E-2,0.E0));
#7424=DIRECTION('',(0.E0,0.E0,-1.E0));
#7425=DIRECTION('',(-8.741176309016E-1,-4.857142857143E-1,0.E0));
#7426=AXIS2_PLACEMENT_3D('',#7423,#7424,#7425);
#7428=CURVE_STYLE('',#32,POSITIVE_LENGTH_MEASURE(2.E-2),#26);
#7429=PRESENTATION_STYLE_ASSIGNMENT((#7428));
#7430=STYLED_ITEM('',(#7429),#7427);
#7431=CARTESIAN_POINT('',(0.E0,0.E0,0.E0));
#7432=DIRECTION('',(0.E0,1.E0,0.E0));
#7433=DIRECTION('',(1.E0,0.E0,0.E0));
#7434=AXIS2_PLACEMENT_3D('',#7431,#7432,#7433);
#7436=CURVE_STYLE('',#32,POSITIVE_LENGTH_MEASURE(2.E-2),#26);
#7437=PRESENTATION_STYLE_ASSIGNMENT((#7436));
#7438=STYLED_ITEM('',(#7437),#7435);
#7439=CARTESIAN_POINT('',(1.529705854078E-1,0.E0,0.E0));
#7440=CARTESIAN_POINT('',(0.E0,2.6E-1,0.E0));
#7441=VERTEX_POINT('',#7439);
#7442=VERTEX_POINT('',#7440);
#7443=CARTESIAN_POINT('',(-1.529705854078E-1,0.E0,0.E0));
#7444=VERTEX_POINT('',#7443);
#7445=CARTESIAN_POINT('',(0.E0,8.5E-2,0.E0));
#7446=DIRECTION('',(0.E0,-1.E0,0.E0));
#7447=DIRECTION('',(-1.E0,0.E0,0.E0));
#7448=AXIS2_PLACEMENT_3D('',#7445,#7446,#7447);
#7449=SPHERICAL_SURFACE('',#7448,1.75E-1);
#7451=ORIENTED_EDGE('',*,*,#7450,.F.);
#7453=ORIENTED_EDGE('',*,*,#7452,.T.);
#7455=ORIENTED_EDGE('',*,*,#7454,.T.);
#7456=EDGE_LOOP('',(#7451,#7453,#7455));
#7457=FACE_OUTER_BOUND('',#7456,.F.);
#7459=CARTESIAN_POINT('',(0.E0,8.5E-2,0.E0));
#7460=DIRECTION('',(0.E0,-1.E0,0.E0));
#7461=DIRECTION('',(-1.E0,0.E0,0.E0));
#7462=AXIS2_PLACEMENT_3D('',#7459,#7460,#7461);
#7463=SPHERICAL_SURFACE('',#7462,1.75E-1);
#7464=ORIENTED_EDGE('',*,*,#7450,.T.);
#7465=ORIENTED_EDGE('',*,*,#7454,.F.);
#7467=ORIENTED_EDGE('',*,*,#7466,.F.);
#7468=EDGE_LOOP('',(#7464,#7465,#7467));
#7469=FACE_OUTER_BOUND('',#7468,.F.);
#7471=CARTESIAN_POINT('',(0.E0,0.E0,0.E0));
#7472=DIRECTION('',(0.E0,-1.E0,0.E0));
#7473=DIRECTION('',(-1.E0,0.E0,0.E0));
#7474=AXIS2_PLACEMENT_3D('',#7471,#7472,#7473);
#7475=PLANE('',#7474);
#7476=ORIENTED_EDGE('',*,*,#7466,.T.);
#7477=ORIENTED_EDGE('',*,*,#7452,.F.);
#7478=EDGE_LOOP('',(#7476,#7477));
#7479=FACE_OUTER_BOUND('',#7478,.F.);
#7481=CLOSED_SHELL('',(#7458,#7470,#7480));
#7482=MANIFOLD_SOLID_BREP('',#7481);
#7483=FILL_AREA_STYLE_COLOUR('',#26);
#7484=FILL_AREA_STYLE('',(#7483));
#7485=SURFACE_STYLE_FILL_AREA(#7484);
#7486=SURFACE_SIDE_STYLE('',(#7485));
#7487=SURFACE_STYLE_USAGE(.BOTH.,#7486);
#7488=PRESENTATION_STYLE_ASSIGNMENT((#7487));
#7406=STYLED_ITEM('',(#7488),#7482);
#7491=PLANE_ANGLE_MEASURE_WITH_UNIT(PLANE_ANGLE_MEASURE(1.745329251994E-2),
#7490);
#7492=(CONVERSION_BASED_UNIT('DEGREE',#7491)NAMED_UNIT(*)PLANE_ANGLE_UNIT());
#7494=UNCERTAINTY_MEASURE_WITH_UNIT(LENGTH_MEASURE(5.590840656826E-5),#7489,
'distance_accuracy_value',
'Maximum model space distance between geometric entities at asserted connectivities');
#7496=CARTESIAN_POINT('',(0.E0,0.E0,0.E0));
#7497=DIRECTION('',(0.E0,0.E0,1.E0));
#7498=DIRECTION('',(1.E0,0.E0,0.E0));
#7501=PRODUCT_CONTEXT('',#233,'mechanical');
#7502=PRODUCT('SOLDER_BALL_AF39','SOLDER_BALL_AF39','NOT SPECIFIED',(#7501));
#7503=PRODUCT_DEFINITION_FORMATION('14','LAST_VERSION',#7502);
#7511=DERIVED_UNIT_ELEMENT(#7510,2.E0);
#7512=DERIVED_UNIT((#7511));
#7513=MEASURE_REPRESENTATION_ITEM('surface area measure',AREA_MEASURE(
3.593981995702E-1),#7512);
#7518=DERIVED_UNIT_ELEMENT(#7517,3.E0);
#7519=DERIVED_UNIT((#7518));
#7520=MEASURE_REPRESENTATION_ITEM('volume measure',VOLUME_MEASURE(
1.875949693223E-2),#7519);
#7524=CARTESIAN_POINT('centre point',(0.E0,1.079245282985E-1,0.E0));
#7529=DERIVED_UNIT_ELEMENT(#7528,2.E0);
#7530=DERIVED_UNIT((#7529));
#7531=MEASURE_REPRESENTATION_ITEM('surface area measure',AREA_MEASURE(
3.593981995702E-1),#7530);
#7536=DERIVED_UNIT_ELEMENT(#7535,3.E0);
#7537=DERIVED_UNIT((#7536));
#7538=MEASURE_REPRESENTATION_ITEM('volume measure',VOLUME_MEASURE(
1.875949693223E-2),#7537);
#7542=CARTESIAN_POINT('centre point',(0.E0,1.079245282985E-1,0.E0));
#7548=GENERAL_PROPERTY('','DESCRIPTION','user defined attribute');
#7549=GENERAL_PROPERTY_ASSOCIATION('user defined attribute','',#7548,#7547);
#7550=DESCRIPTIVE_REPRESENTATION_ITEM('DESCRIPTION','');
#7554=GENERAL_PROPERTY('','MODELED_BY','user defined attribute');
#7555=GENERAL_PROPERTY_ASSOCIATION('user defined attribute','',#7554,#7553);
#7556=DESCRIPTIVE_REPRESENTATION_ITEM('MODELED_BY','');
#7560=GENERAL_PROPERTY('','BALL_HEIGTH','user defined attribute');
#7561=GENERAL_PROPERTY_ASSOCIATION('user defined attribute','',#7560,#7559);
#7562=VALUE_REPRESENTATION_ITEM('BALL_HEIGTH',NUMERIC_MEASURE(1.75E-1));
#7565=DESCRIPTIVE_REPRESENTATION_ITEM('attribute description','Real Number');
#7571=CARTESIAN_POINT('centre point',(8.E-1,-1.6E0,1.500754717015E-1));
#7575=CARTESIAN_POINT('',(8.E-1,-1.6E0,2.58E-1));
#7576=DIRECTION('',(0.E0,1.E0,0.E0));
#7577=DIRECTION('',(1.E0,0.E0,0.E0));
#7578=AXIS2_PLACEMENT_3D('',#7575,#7576,#7577);
#7579=ITEM_DEFINED_TRANSFORMATION('','',#7499,#7578);
#7580=(REPRESENTATION_RELATIONSHIP('','',#7500,#316)REPRESENTATION_RELATIONSHIP_WITH_TRANSFORMATION(#7579)SHAPE_REPRESENTATION_RELATIONSHIP());
#7581=CONTEXT_DEPENDENT_SHAPE_REPRESENTATION(#7580,#7570);
#7583=CARTESIAN_POINT('',(0.E0,0.E0,0.E0));
#7584=DIRECTION('',(0.E0,-1.E0,0.E0));
#7585=DIRECTION('',(1.E0,0.E0,0.E0));
#7586=AXIS2_PLACEMENT_3D('',#7583,#7584,#7585);
#7588=CURVE_STYLE('',#32,POSITIVE_LENGTH_MEASURE(2.E-2),#26);
#7589=PRESENTATION_STYLE_ASSIGNMENT((#7588));
#7590=STYLED_ITEM('',(#7589),#7587);
#7591=CARTESIAN_POINT('',(0.E0,8.5E-2,0.E0));
#7592=DIRECTION('',(0.E0,0.E0,1.E0));
#7593=DIRECTION('',(8.741176309016E-1,-4.857142857143E-1,0.E0));
#7594=AXIS2_PLACEMENT_3D('',#7591,#7592,#7593);
#7596=CURVE_STYLE('',#32,POSITIVE_LENGTH_MEASURE(2.E-2),#26);
#7597=PRESENTATION_STYLE_ASSIGNMENT((#7596));
#7598=STYLED_ITEM('',(#7597),#7595);
#7599=CARTESIAN_POINT('',(0.E0,8.5E-2,0.E0));
#7600=DIRECTION('',(0.E0,0.E0,-1.E0));
#7601=DIRECTION('',(-8.741176309016E-1,-4.857142857143E-1,0.E0));
#7602=AXIS2_PLACEMENT_3D('',#7599,#7600,#7601);
#7604=CURVE_STYLE('',#32,POSITIVE_LENGTH_MEASURE(2.E-2),#26);
#7605=PRESENTATION_STYLE_ASSIGNMENT((#7604));
#7606=STYLED_ITEM('',(#7605),#7603);
#7607=CARTESIAN_POINT('',(0.E0,0.E0,0.E0));
#7608=DIRECTION('',(0.E0,1.E0,0.E0));
#7609=DIRECTION('',(1.E0,0.E0,0.E0));
#7610=AXIS2_PLACEMENT_3D('',#7607,#7608,#7609);
#7612=CURVE_STYLE('',#32,POSITIVE_LENGTH_MEASURE(2.E-2),#26);
#7613=PRESENTATION_STYLE_ASSIGNMENT((#7612));
#7614=STYLED_ITEM('',(#7613),#7611);
#7615=CARTESIAN_POINT('',(1.529705854078E-1,0.E0,0.E0));
#7616=CARTESIAN_POINT('',(0.E0,2.6E-1,0.E0));
#7617=VERTEX_POINT('',#7615);
#7618=VERTEX_POINT('',#7616);
#7619=CARTESIAN_POINT('',(-1.529705854078E-1,0.E0,0.E0));
#7620=VERTEX_POINT('',#7619);
#7621=CARTESIAN_POINT('',(0.E0,8.5E-2,0.E0));
#7622=DIRECTION('',(0.E0,-1.E0,0.E0));
#7623=DIRECTION('',(-1.E0,0.E0,0.E0));
#7624=AXIS2_PLACEMENT_3D('',#7621,#7622,#7623);
#7625=SPHERICAL_SURFACE('',#7624,1.75E-1);
#7627=ORIENTED_EDGE('',*,*,#7626,.F.);
#7629=ORIENTED_EDGE('',*,*,#7628,.T.);
#7631=ORIENTED_EDGE('',*,*,#7630,.T.);
#7632=EDGE_LOOP('',(#7627,#7629,#7631));
#7633=FACE_OUTER_BOUND('',#7632,.F.);
#7635=CARTESIAN_POINT('',(0.E0,8.5E-2,0.E0));
#7636=DIRECTION('',(0.E0,-1.E0,0.E0));
#7637=DIRECTION('',(-1.E0,0.E0,0.E0));
#7638=AXIS2_PLACEMENT_3D('',#7635,#7636,#7637);
#7639=SPHERICAL_SURFACE('',#7638,1.75E-1);
#7640=ORIENTED_EDGE('',*,*,#7626,.T.);
#7641=ORIENTED_EDGE('',*,*,#7630,.F.);
#7643=ORIENTED_EDGE('',*,*,#7642,.F.);
#7644=EDGE_LOOP('',(#7640,#7641,#7643));
#7645=FACE_OUTER_BOUND('',#7644,.F.);
#7647=CARTESIAN_POINT('',(0.E0,0.E0,0.E0));
#7648=DIRECTION('',(0.E0,-1.E0,0.E0));
#7649=DIRECTION('',(-1.E0,0.E0,0.E0));
#7650=AXIS2_PLACEMENT_3D('',#7647,#7648,#7649);
#7651=PLANE('',#7650);
#7652=ORIENTED_EDGE('',*,*,#7642,.T.);
#7653=ORIENTED_EDGE('',*,*,#7628,.F.);
#7654=EDGE_LOOP('',(#7652,#7653));
#7655=FACE_OUTER_BOUND('',#7654,.F.);
#7657=CLOSED_SHELL('',(#7634,#7646,#7656));
#7658=MANIFOLD_SOLID_BREP('',#7657);
#7659=FILL_AREA_STYLE_COLOUR('',#26);
#7660=FILL_AREA_STYLE('',(#7659));
#7661=SURFACE_STYLE_FILL_AREA(#7660);
#7662=SURFACE_SIDE_STYLE('',(#7661));
#7663=SURFACE_STYLE_USAGE(.BOTH.,#7662);
#7664=PRESENTATION_STYLE_ASSIGNMENT((#7663));
#7582=STYLED_ITEM('',(#7664),#7658);
#7667=PLANE_ANGLE_MEASURE_WITH_UNIT(PLANE_ANGLE_MEASURE(1.745329251994E-2),
#7666);
#7668=(CONVERSION_BASED_UNIT('DEGREE',#7667)NAMED_UNIT(*)PLANE_ANGLE_UNIT());
#7670=UNCERTAINTY_MEASURE_WITH_UNIT(LENGTH_MEASURE(5.590840656826E-5),#7665,
'distance_accuracy_value',
'Maximum model space distance between geometric entities at asserted connectivities');
#7672=CARTESIAN_POINT('',(0.E0,0.E0,0.E0));
#7673=DIRECTION('',(0.E0,0.E0,1.E0));
#7674=DIRECTION('',(1.E0,0.E0,0.E0));
#7677=PRODUCT_DEFINITION_CONTEXT('part definition',#233,'design');
#7678=PRODUCT_CONTEXT('',#233,'mechanical');
#7679=PRODUCT('SOLDER_BALL_AF40','SOLDER_BALL_AF40','NOT SPECIFIED',(#7678));
#7680=PRODUCT_DEFINITION_FORMATION('14','LAST_VERSION',#7679);
#7688=DERIVED_UNIT_ELEMENT(#7687,2.E0);
#7689=DERIVED_UNIT((#7688));
#7690=MEASURE_REPRESENTATION_ITEM('surface area measure',AREA_MEASURE(
3.593981995702E-1),#7689);
#7695=DERIVED_UNIT_ELEMENT(#7694,3.E0);
#7696=DERIVED_UNIT((#7695));
#7697=MEASURE_REPRESENTATION_ITEM('volume measure',VOLUME_MEASURE(
1.875949693223E-2),#7696);
#7701=CARTESIAN_POINT('centre point',(0.E0,1.079245282985E-1,0.E0));
#7706=DERIVED_UNIT_ELEMENT(#7705,2.E0);
#7707=DERIVED_UNIT((#7706));
#7708=MEASURE_REPRESENTATION_ITEM('surface area measure',AREA_MEASURE(
3.593981995702E-1),#7707);
#7713=DERIVED_UNIT_ELEMENT(#7712,3.E0);
#7714=DERIVED_UNIT((#7713));
#7715=MEASURE_REPRESENTATION_ITEM('volume measure',VOLUME_MEASURE(
1.875949693223E-2),#7714);
#7719=CARTESIAN_POINT('centre point',(0.E0,1.079245282985E-1,0.E0));
#7725=GENERAL_PROPERTY('','DESCRIPTION','user defined attribute');
#7726=GENERAL_PROPERTY_ASSOCIATION('user defined attribute','',#7725,#7724);
#7727=DESCRIPTIVE_REPRESENTATION_ITEM('DESCRIPTION','');
#7731=GENERAL_PROPERTY('','MODELED_BY','user defined attribute');
#7732=GENERAL_PROPERTY_ASSOCIATION('user defined attribute','',#7731,#7730);
#7733=DESCRIPTIVE_REPRESENTATION_ITEM('MODELED_BY','');
#7737=GENERAL_PROPERTY('','BALL_HEIGTH','user defined attribute');
#7738=GENERAL_PROPERTY_ASSOCIATION('user defined attribute','',#7737,#7736);
#7739=VALUE_REPRESENTATION_ITEM('BALL_HEIGTH',NUMERIC_MEASURE(1.75E-1));
#7742=DESCRIPTIVE_REPRESENTATION_ITEM('attribute description','Real Number');
#7748=CARTESIAN_POINT('centre point',(1.6E0,-1.6E0,1.500754717015E-1));
#7752=CARTESIAN_POINT('',(1.6E0,-1.6E0,2.58E-1));
#7753=DIRECTION('',(0.E0,1.E0,0.E0));
#7754=DIRECTION('',(1.E0,0.E0,0.E0));
#7755=AXIS2_PLACEMENT_3D('',#7752,#7753,#7754);
#7756=ITEM_DEFINED_TRANSFORMATION('','',#7675,#7755);
#7757=(REPRESENTATION_RELATIONSHIP('','',#7676,#316)REPRESENTATION_RELATIONSHIP_WITH_TRANSFORMATION(#7756)SHAPE_REPRESENTATION_RELATIONSHIP());
#7758=CONTEXT_DEPENDENT_SHAPE_REPRESENTATION(#7757,#7747);
#7761=PLANE_ANGLE_MEASURE_WITH_UNIT(PLANE_ANGLE_MEASURE(1.745329251994E-2),
#7760);
#7762=(CONVERSION_BASED_UNIT('DEGREE',#7761)NAMED_UNIT(*)PLANE_ANGLE_UNIT());
#7764=UNCERTAINTY_MEASURE_WITH_UNIT(LENGTH_MEASURE(5.590840656826E-5),#7759,
'distance_accuracy_value',
'Maximum model space distance between geometric entities at asserted connectivities');
#7766=CARTESIAN_POINT('',(0.E0,0.E0,0.E0));
#7767=DIRECTION('',(0.E0,0.E0,1.E0));
#7768=DIRECTION('',(1.E0,0.E0,0.E0));
#7771=PRODUCT_CONTEXT('',#233,'mechanical');
#7772=PRODUCT('SOLDER_BALL_AF41','SOLDER_BALL_AF41','NOT SPECIFIED',(#7771));
#7773=PRODUCT_DEFINITION_FORMATION('14','LAST_VERSION',#7772);
#7778=GENERAL_PROPERTY('','DESCRIPTION','user defined attribute');
#7779=GENERAL_PROPERTY_ASSOCIATION('user defined attribute','',#7778,#7777);
#7780=DESCRIPTIVE_REPRESENTATION_ITEM('DESCRIPTION','');
#7784=GENERAL_PROPERTY('','MODELED_BY','user defined attribute');
#7785=GENERAL_PROPERTY_ASSOCIATION('user defined attribute','',#7784,#7783);
#7786=DESCRIPTIVE_REPRESENTATION_ITEM('MODELED_BY','');
#7790=GENERAL_PROPERTY('','BALL_HEIGTH','user defined attribute');
#7791=GENERAL_PROPERTY_ASSOCIATION('user defined attribute','',#7790,#7789);
#7792=VALUE_REPRESENTATION_ITEM('BALL_HEIGTH',NUMERIC_MEASURE(1.75E-1));
#7795=DESCRIPTIVE_REPRESENTATION_ITEM('attribute description','Real Number');
#7801=CARTESIAN_POINT('',(2.4E0,-1.6E0,2.58E-1));
#7802=DIRECTION('',(0.E0,1.E0,0.E0));
#7803=DIRECTION('',(1.E0,0.E0,0.E0));
#7804=AXIS2_PLACEMENT_3D('',#7801,#7802,#7803);
#7805=ITEM_DEFINED_TRANSFORMATION('','',#7769,#7804);
#7806=(REPRESENTATION_RELATIONSHIP('','',#7770,#316)REPRESENTATION_RELATIONSHIP_WITH_TRANSFORMATION(#7805)SHAPE_REPRESENTATION_RELATIONSHIP());
#7807=CONTEXT_DEPENDENT_SHAPE_REPRESENTATION(#7806,#7800);
#7810=CARTESIAN_POINT('centre point',(3.2E0,-1.6E0,1.500754717015E-1));
#7814=CARTESIAN_POINT('',(3.2E0,-1.6E0,2.58E-1));
#7815=DIRECTION('',(0.E0,1.E0,0.E0));
#7816=DIRECTION('',(1.E0,0.E0,0.E0));
#7817=AXIS2_PLACEMENT_3D('',#7814,#7815,#7816);
#7818=ITEM_DEFINED_TRANSFORMATION('','',#1132,#7817);
#7819=(REPRESENTATION_RELATIONSHIP('','',#1133,#316)REPRESENTATION_RELATIONSHIP_WITH_TRANSFORMATION(#7818)SHAPE_REPRESENTATION_RELATIONSHIP());
#7820=CONTEXT_DEPENDENT_SHAPE_REPRESENTATION(#7819,#7809);
#7823=CARTESIAN_POINT('centre point',(4.E0,-1.6E0,1.500754717015E-1));
#7827=CARTESIAN_POINT('',(4.E0,-1.6E0,2.58E-1));
#7828=DIRECTION('',(0.E0,1.E0,0.E0));
#7829=DIRECTION('',(1.E0,0.E0,0.E0));
#7830=AXIS2_PLACEMENT_3D('',#7827,#7828,#7829);
#7831=ITEM_DEFINED_TRANSFORMATION('','',#1132,#7830);
#7832=(REPRESENTATION_RELATIONSHIP('','',#1133,#316)REPRESENTATION_RELATIONSHIP_WITH_TRANSFORMATION(#7831)SHAPE_REPRESENTATION_RELATIONSHIP());
#7833=CONTEXT_DEPENDENT_SHAPE_REPRESENTATION(#7832,#7822);
#7836=CARTESIAN_POINT('centre point',(4.8E0,-1.6E0,1.500754717015E-1));
#7840=CARTESIAN_POINT('',(4.8E0,-1.6E0,2.58E-1));
#7841=DIRECTION('',(0.E0,1.E0,0.E0));
#7842=DIRECTION('',(1.E0,0.E0,0.E0));
#7843=AXIS2_PLACEMENT_3D('',#7840,#7841,#7842);
#7844=ITEM_DEFINED_TRANSFORMATION('','',#1132,#7843);
#7845=(REPRESENTATION_RELATIONSHIP('','',#1133,#316)REPRESENTATION_RELATIONSHIP_WITH_TRANSFORMATION(#7844)SHAPE_REPRESENTATION_RELATIONSHIP());
#7846=CONTEXT_DEPENDENT_SHAPE_REPRESENTATION(#7845,#7835);
#7849=CARTESIAN_POINT('centre point',(5.6E0,-1.6E0,1.500754717015E-1));
#7853=CARTESIAN_POINT('',(5.6E0,-1.6E0,2.58E-1));
#7854=DIRECTION('',(0.E0,1.E0,0.E0));
#7855=DIRECTION('',(1.E0,0.E0,0.E0));
#7856=AXIS2_PLACEMENT_3D('',#7853,#7854,#7855);
#7857=ITEM_DEFINED_TRANSFORMATION('','',#1132,#7856);
#7858=(REPRESENTATION_RELATIONSHIP('','',#1133,#316)REPRESENTATION_RELATIONSHIP_WITH_TRANSFORMATION(#7857)SHAPE_REPRESENTATION_RELATIONSHIP());
#7859=CONTEXT_DEPENDENT_SHAPE_REPRESENTATION(#7858,#7848);
#7862=CARTESIAN_POINT('centre point',(-5.6E0,-2.4E0,1.500754717015E-1));
#7866=CARTESIAN_POINT('',(-5.6E0,-2.4E0,2.58E-1));
#7867=DIRECTION('',(0.E0,1.E0,0.E0));
#7868=DIRECTION('',(1.E0,0.E0,0.E0));
#7869=AXIS2_PLACEMENT_3D('',#7866,#7867,#7868);
#7870=ITEM_DEFINED_TRANSFORMATION('','',#1132,#7869);
#7871=(REPRESENTATION_RELATIONSHIP('','',#1133,#316)REPRESENTATION_RELATIONSHIP_WITH_TRANSFORMATION(#7870)SHAPE_REPRESENTATION_RELATIONSHIP());
#7872=CONTEXT_DEPENDENT_SHAPE_REPRESENTATION(#7871,#7861);
#7875=CARTESIAN_POINT('centre point',(-4.8E0,-2.4E0,1.500754717015E-1));
#7879=CARTESIAN_POINT('',(-4.8E0,-2.4E0,2.58E-1));
#7880=DIRECTION('',(0.E0,1.E0,0.E0));
#7881=DIRECTION('',(1.E0,0.E0,0.E0));
#7882=AXIS2_PLACEMENT_3D('',#7879,#7880,#7881);
#7883=ITEM_DEFINED_TRANSFORMATION('','',#1132,#7882);
#7884=(REPRESENTATION_RELATIONSHIP('','',#1133,#316)REPRESENTATION_RELATIONSHIP_WITH_TRANSFORMATION(#7883)SHAPE_REPRESENTATION_RELATIONSHIP());
#7885=CONTEXT_DEPENDENT_SHAPE_REPRESENTATION(#7884,#7874);
#7888=CARTESIAN_POINT('centre point',(-4.E0,-2.4E0,1.500754717015E-1));
#7892=CARTESIAN_POINT('',(-4.E0,-2.4E0,2.58E-1));
#7893=DIRECTION('',(0.E0,1.E0,0.E0));
#7894=DIRECTION('',(1.E0,0.E0,0.E0));
#7895=AXIS2_PLACEMENT_3D('',#7892,#7893,#7894);
#7896=ITEM_DEFINED_TRANSFORMATION('','',#1132,#7895);
#7897=(REPRESENTATION_RELATIONSHIP('','',#1133,#316)REPRESENTATION_RELATIONSHIP_WITH_TRANSFORMATION(#7896)SHAPE_REPRESENTATION_RELATIONSHIP());
#7898=CONTEXT_DEPENDENT_SHAPE_REPRESENTATION(#7897,#7887);
#7901=CARTESIAN_POINT('centre point',(-3.2E0,-2.4E0,1.500754717015E-1));
#7905=CARTESIAN_POINT('',(-3.2E0,-2.4E0,2.58E-1));
#7906=DIRECTION('',(0.E0,1.E0,0.E0));
#7907=DIRECTION('',(1.E0,0.E0,0.E0));
#7908=AXIS2_PLACEMENT_3D('',#7905,#7906,#7907);
#7909=ITEM_DEFINED_TRANSFORMATION('','',#1132,#7908);
#7910=(REPRESENTATION_RELATIONSHIP('','',#1133,#316)REPRESENTATION_RELATIONSHIP_WITH_TRANSFORMATION(#7909)SHAPE_REPRESENTATION_RELATIONSHIP());
#7911=CONTEXT_DEPENDENT_SHAPE_REPRESENTATION(#7910,#7900);
#7914=PLANE_ANGLE_MEASURE_WITH_UNIT(PLANE_ANGLE_MEASURE(1.745329251994E-2),
#7913);
#7915=(CONVERSION_BASED_UNIT('DEGREE',#7914)NAMED_UNIT(*)PLANE_ANGLE_UNIT());
#7917=UNCERTAINTY_MEASURE_WITH_UNIT(LENGTH_MEASURE(5.590840656826E-5),#7912,
'distance_accuracy_value',
'Maximum model space distance between geometric entities at asserted connectivities');
#7919=CARTESIAN_POINT('',(0.E0,0.E0,0.E0));
#7920=DIRECTION('',(0.E0,0.E0,1.E0));
#7921=DIRECTION('',(1.E0,0.E0,0.E0));
#7924=PRODUCT_DEFINITION_CONTEXT('part definition',#233,'design');
#7925=PRODUCT_CONTEXT('',#233,'mechanical');
#7926=PRODUCT('SOLDER_BALL_AF42','SOLDER_BALL_AF42','NOT SPECIFIED',(#7925));
#7927=PRODUCT_DEFINITION_FORMATION('14','LAST_VERSION',#7926);
#7932=GENERAL_PROPERTY('','DESCRIPTION','user defined attribute');
#7933=GENERAL_PROPERTY_ASSOCIATION('user defined attribute','',#7932,#7931);
#7934=DESCRIPTIVE_REPRESENTATION_ITEM('DESCRIPTION','');
#7938=GENERAL_PROPERTY('','MODELED_BY','user defined attribute');
#7939=GENERAL_PROPERTY_ASSOCIATION('user defined attribute','',#7938,#7937);
#7940=DESCRIPTIVE_REPRESENTATION_ITEM('MODELED_BY','');
#7944=GENERAL_PROPERTY('','BALL_HEIGTH','user defined attribute');
#7945=GENERAL_PROPERTY_ASSOCIATION('user defined attribute','',#7944,#7943);
#7946=VALUE_REPRESENTATION_ITEM('BALL_HEIGTH',NUMERIC_MEASURE(1.75E-1));
#7949=DESCRIPTIVE_REPRESENTATION_ITEM('attribute description','Real Number');
#7955=CARTESIAN_POINT('',(-2.4E0,-2.4E0,2.58E-1));
#7956=DIRECTION('',(0.E0,1.E0,0.E0));
#7957=DIRECTION('',(1.E0,0.E0,0.E0));
#7958=AXIS2_PLACEMENT_3D('',#7955,#7956,#7957);
#7959=ITEM_DEFINED_TRANSFORMATION('','',#7922,#7958);
#7960=(REPRESENTATION_RELATIONSHIP('','',#7923,#316)REPRESENTATION_RELATIONSHIP_WITH_TRANSFORMATION(#7959)SHAPE_REPRESENTATION_RELATIONSHIP());
#7961=CONTEXT_DEPENDENT_SHAPE_REPRESENTATION(#7960,#7954);
#7964=PLANE_ANGLE_MEASURE_WITH_UNIT(PLANE_ANGLE_MEASURE(1.745329251994E-2),
#7963);
#7965=(CONVERSION_BASED_UNIT('DEGREE',#7964)NAMED_UNIT(*)PLANE_ANGLE_UNIT());
#7967=UNCERTAINTY_MEASURE_WITH_UNIT(LENGTH_MEASURE(5.590840656826E-5),#7962,
'distance_accuracy_value',
'Maximum model space distance between geometric entities at asserted connectivities');
#7969=CARTESIAN_POINT('',(0.E0,0.E0,0.E0));
#7970=DIRECTION('',(0.E0,0.E0,1.E0));
#7971=DIRECTION('',(1.E0,0.E0,0.E0));
#7974=PRODUCT_CONTEXT('',#233,'mechanical');
#7975=PRODUCT('SOLDER_BALL_AF43','SOLDER_BALL_AF43','NOT SPECIFIED',(#7974));
#7976=PRODUCT_DEFINITION_FORMATION('14','LAST_VERSION',#7975);
#7981=GENERAL_PROPERTY('','DESCRIPTION','user defined attribute');
#7982=GENERAL_PROPERTY_ASSOCIATION('user defined attribute','',#7981,#7980);
#7983=DESCRIPTIVE_REPRESENTATION_ITEM('DESCRIPTION','');
#7987=GENERAL_PROPERTY('','MODELED_BY','user defined attribute');
#7988=GENERAL_PROPERTY_ASSOCIATION('user defined attribute','',#7987,#7986);
#7989=DESCRIPTIVE_REPRESENTATION_ITEM('MODELED_BY','');
#7993=GENERAL_PROPERTY('','BALL_HEIGTH','user defined attribute');
#7994=GENERAL_PROPERTY_ASSOCIATION('user defined attribute','',#7993,#7992);
#7995=VALUE_REPRESENTATION_ITEM('BALL_HEIGTH',NUMERIC_MEASURE(1.75E-1));
#7998=DESCRIPTIVE_REPRESENTATION_ITEM('attribute description','Real Number');
#8004=CARTESIAN_POINT('',(-1.6E0,-2.4E0,2.58E-1));
#8005=DIRECTION('',(0.E0,1.E0,0.E0));
#8006=DIRECTION('',(1.E0,0.E0,0.E0));
#8007=AXIS2_PLACEMENT_3D('',#8004,#8005,#8006);
#8008=ITEM_DEFINED_TRANSFORMATION('','',#7972,#8007);
#8009=(REPRESENTATION_RELATIONSHIP('','',#7973,#316)REPRESENTATION_RELATIONSHIP_WITH_TRANSFORMATION(#8008)SHAPE_REPRESENTATION_RELATIONSHIP());
#8010=CONTEXT_DEPENDENT_SHAPE_REPRESENTATION(#8009,#8003);
#8013=PLANE_ANGLE_MEASURE_WITH_UNIT(PLANE_ANGLE_MEASURE(1.745329251994E-2),
#8012);
#8014=(CONVERSION_BASED_UNIT('DEGREE',#8013)NAMED_UNIT(*)PLANE_ANGLE_UNIT());
#8016=UNCERTAINTY_MEASURE_WITH_UNIT(LENGTH_MEASURE(5.590840656826E-5),#8011,
'distance_accuracy_value',
'Maximum model space distance between geometric entities at asserted connectivities');
#8018=CARTESIAN_POINT('',(0.E0,0.E0,0.E0));
#8019=DIRECTION('',(0.E0,0.E0,1.E0));
#8020=DIRECTION('',(1.E0,0.E0,0.E0));
#8023=PRODUCT_DEFINITION_CONTEXT('part definition',#233,'design');
#8024=PRODUCT_CONTEXT('',#233,'mechanical');
#8025=PRODUCT('SOLDER_BALL_AF44','SOLDER_BALL_AF44','NOT SPECIFIED',(#8024));
#8026=PRODUCT_DEFINITION_FORMATION('14','LAST_VERSION',#8025);
#8031=GENERAL_PROPERTY('','DESCRIPTION','user defined attribute');
#8032=GENERAL_PROPERTY_ASSOCIATION('user defined attribute','',#8031,#8030);
#8033=DESCRIPTIVE_REPRESENTATION_ITEM('DESCRIPTION','');
#8037=GENERAL_PROPERTY('','MODELED_BY','user defined attribute');
#8038=GENERAL_PROPERTY_ASSOCIATION('user defined attribute','',#8037,#8036);
#8039=DESCRIPTIVE_REPRESENTATION_ITEM('MODELED_BY','');
#8043=GENERAL_PROPERTY('','BALL_HEIGTH','user defined attribute');
#8044=GENERAL_PROPERTY_ASSOCIATION('user defined attribute','',#8043,#8042);
#8045=VALUE_REPRESENTATION_ITEM('BALL_HEIGTH',NUMERIC_MEASURE(1.75E-1));
#8048=DESCRIPTIVE_REPRESENTATION_ITEM('attribute description','Real Number');
#8054=CARTESIAN_POINT('',(-8.E-1,-2.4E0,2.58E-1));
#8055=DIRECTION('',(0.E0,1.E0,0.E0));
#8056=DIRECTION('',(1.E0,0.E0,0.E0));
#8057=AXIS2_PLACEMENT_3D('',#8054,#8055,#8056);
#8058=ITEM_DEFINED_TRANSFORMATION('','',#8021,#8057);
#8059=(REPRESENTATION_RELATIONSHIP('','',#8022,#316)REPRESENTATION_RELATIONSHIP_WITH_TRANSFORMATION(#8058)SHAPE_REPRESENTATION_RELATIONSHIP());
#8060=CONTEXT_DEPENDENT_SHAPE_REPRESENTATION(#8059,#8053);
#8063=PLANE_ANGLE_MEASURE_WITH_UNIT(PLANE_ANGLE_MEASURE(1.745329251994E-2),
#8062);
#8064=(CONVERSION_BASED_UNIT('DEGREE',#8063)NAMED_UNIT(*)PLANE_ANGLE_UNIT());
#8066=UNCERTAINTY_MEASURE_WITH_UNIT(LENGTH_MEASURE(5.590840656826E-5),#8061,
'distance_accuracy_value',
'Maximum model space distance between geometric entities at asserted connectivities');
#8068=CARTESIAN_POINT('',(0.E0,0.E0,0.E0));
#8069=DIRECTION('',(0.E0,0.E0,1.E0));
#8070=DIRECTION('',(1.E0,0.E0,0.E0));
#8073=PRODUCT_CONTEXT('',#233,'mechanical');
#8074=PRODUCT('SOLDER_BALL_AF45','SOLDER_BALL_AF45','NOT SPECIFIED',(#8073));
#8075=PRODUCT_DEFINITION_FORMATION('14','LAST_VERSION',#8074);
#8080=GENERAL_PROPERTY('','DESCRIPTION','user defined attribute');
#8081=GENERAL_PROPERTY_ASSOCIATION('user defined attribute','',#8080,#8079);
#8082=DESCRIPTIVE_REPRESENTATION_ITEM('DESCRIPTION','');
#8086=GENERAL_PROPERTY('','MODELED_BY','user defined attribute');
#8087=GENERAL_PROPERTY_ASSOCIATION('user defined attribute','',#8086,#8085);
#8088=DESCRIPTIVE_REPRESENTATION_ITEM('MODELED_BY','');
#8092=GENERAL_PROPERTY('','BALL_HEIGTH','user defined attribute');
#8093=GENERAL_PROPERTY_ASSOCIATION('user defined attribute','',#8092,#8091);
#8094=VALUE_REPRESENTATION_ITEM('BALL_HEIGTH',NUMERIC_MEASURE(1.75E-1));
#8097=DESCRIPTIVE_REPRESENTATION_ITEM('attribute description','Real Number');
#8103=CARTESIAN_POINT('',(0.E0,-2.4E0,2.58E-1));
#8104=DIRECTION('',(0.E0,1.E0,0.E0));
#8105=DIRECTION('',(1.E0,0.E0,0.E0));
#8106=AXIS2_PLACEMENT_3D('',#8103,#8104,#8105);
#8107=ITEM_DEFINED_TRANSFORMATION('','',#8071,#8106);
#8108=(REPRESENTATION_RELATIONSHIP('','',#8072,#316)REPRESENTATION_RELATIONSHIP_WITH_TRANSFORMATION(#8107)SHAPE_REPRESENTATION_RELATIONSHIP());
#8109=CONTEXT_DEPENDENT_SHAPE_REPRESENTATION(#8108,#8102);
#8112=PLANE_ANGLE_MEASURE_WITH_UNIT(PLANE_ANGLE_MEASURE(1.745329251994E-2),
#8111);
#8113=(CONVERSION_BASED_UNIT('DEGREE',#8112)NAMED_UNIT(*)PLANE_ANGLE_UNIT());
#8115=UNCERTAINTY_MEASURE_WITH_UNIT(LENGTH_MEASURE(5.590840656826E-5),#8110,
'distance_accuracy_value',
'Maximum model space distance between geometric entities at asserted connectivities');
#8117=CARTESIAN_POINT('',(0.E0,0.E0,0.E0));
#8118=DIRECTION('',(0.E0,0.E0,1.E0));
#8119=DIRECTION('',(1.E0,0.E0,0.E0));
#8122=PRODUCT_DEFINITION_CONTEXT('part definition',#233,'design');
#8123=PRODUCT_CONTEXT('',#233,'mechanical');
#8124=PRODUCT('SOLDER_BALL_AF46','SOLDER_BALL_AF46','NOT SPECIFIED',(#8123));
#8125=PRODUCT_DEFINITION_FORMATION('14','LAST_VERSION',#8124);
#8130=GENERAL_PROPERTY('','DESCRIPTION','user defined attribute');
#8131=GENERAL_PROPERTY_ASSOCIATION('user defined attribute','',#8130,#8129);
#8132=DESCRIPTIVE_REPRESENTATION_ITEM('DESCRIPTION','');
#8136=GENERAL_PROPERTY('','MODELED_BY','user defined attribute');
#8137=GENERAL_PROPERTY_ASSOCIATION('user defined attribute','',#8136,#8135);
#8138=DESCRIPTIVE_REPRESENTATION_ITEM('MODELED_BY','');
#8142=GENERAL_PROPERTY('','BALL_HEIGTH','user defined attribute');
#8143=GENERAL_PROPERTY_ASSOCIATION('user defined attribute','',#8142,#8141);
#8144=VALUE_REPRESENTATION_ITEM('BALL_HEIGTH',NUMERIC_MEASURE(1.75E-1));
#8147=DESCRIPTIVE_REPRESENTATION_ITEM('attribute description','Real Number');
#8153=CARTESIAN_POINT('',(8.E-1,-2.4E0,2.58E-1));
#8154=DIRECTION('',(0.E0,1.E0,0.E0));
#8155=DIRECTION('',(1.E0,0.E0,0.E0));
#8156=AXIS2_PLACEMENT_3D('',#8153,#8154,#8155);
#8157=ITEM_DEFINED_TRANSFORMATION('','',#8120,#8156);
#8158=(REPRESENTATION_RELATIONSHIP('','',#8121,#316)REPRESENTATION_RELATIONSHIP_WITH_TRANSFORMATION(#8157)SHAPE_REPRESENTATION_RELATIONSHIP());
#8159=CONTEXT_DEPENDENT_SHAPE_REPRESENTATION(#8158,#8152);
#8162=PLANE_ANGLE_MEASURE_WITH_UNIT(PLANE_ANGLE_MEASURE(1.745329251994E-2),
#8161);
#8163=(CONVERSION_BASED_UNIT('DEGREE',#8162)NAMED_UNIT(*)PLANE_ANGLE_UNIT());
#8165=UNCERTAINTY_MEASURE_WITH_UNIT(LENGTH_MEASURE(5.590840656826E-5),#8160,
'distance_accuracy_value',
'Maximum model space distance between geometric entities at asserted connectivities');
#8167=CARTESIAN_POINT('',(0.E0,0.E0,0.E0));
#8168=DIRECTION('',(0.E0,0.E0,1.E0));
#8169=DIRECTION('',(1.E0,0.E0,0.E0));
#8172=PRODUCT_CONTEXT('',#233,'mechanical');
#8173=PRODUCT('SOLDER_BALL_AF47','SOLDER_BALL_AF47','NOT SPECIFIED',(#8172));
#8174=PRODUCT_DEFINITION_FORMATION('14','LAST_VERSION',#8173);
#8179=GENERAL_PROPERTY('','DESCRIPTION','user defined attribute');
#8180=GENERAL_PROPERTY_ASSOCIATION('user defined attribute','',#8179,#8178);
#8181=DESCRIPTIVE_REPRESENTATION_ITEM('DESCRIPTION','');
#8185=GENERAL_PROPERTY('','MODELED_BY','user defined attribute');
#8186=GENERAL_PROPERTY_ASSOCIATION('user defined attribute','',#8185,#8184);
#8187=DESCRIPTIVE_REPRESENTATION_ITEM('MODELED_BY','');
#8191=GENERAL_PROPERTY('','BALL_HEIGTH','user defined attribute');
#8192=GENERAL_PROPERTY_ASSOCIATION('user defined attribute','',#8191,#8190);
#8193=VALUE_REPRESENTATION_ITEM('BALL_HEIGTH',NUMERIC_MEASURE(1.75E-1));
#8196=DESCRIPTIVE_REPRESENTATION_ITEM('attribute description','Real Number');
#8202=CARTESIAN_POINT('',(1.6E0,-2.4E0,2.58E-1));
#8203=DIRECTION('',(0.E0,1.E0,0.E0));
#8204=DIRECTION('',(1.E0,0.E0,0.E0));
#8205=AXIS2_PLACEMENT_3D('',#8202,#8203,#8204);
#8206=ITEM_DEFINED_TRANSFORMATION('','',#8170,#8205);
#8207=(REPRESENTATION_RELATIONSHIP('','',#8171,#316)REPRESENTATION_RELATIONSHIP_WITH_TRANSFORMATION(#8206)SHAPE_REPRESENTATION_RELATIONSHIP());
#8208=CONTEXT_DEPENDENT_SHAPE_REPRESENTATION(#8207,#8201);
#8211=PLANE_ANGLE_MEASURE_WITH_UNIT(PLANE_ANGLE_MEASURE(1.745329251994E-2),
#8210);
#8212=(CONVERSION_BASED_UNIT('DEGREE',#8211)NAMED_UNIT(*)PLANE_ANGLE_UNIT());
#8214=UNCERTAINTY_MEASURE_WITH_UNIT(LENGTH_MEASURE(5.590840656826E-5),#8209,
'distance_accuracy_value',
'Maximum model space distance between geometric entities at asserted connectivities');
#8216=CARTESIAN_POINT('',(0.E0,0.E0,0.E0));
#8217=DIRECTION('',(0.E0,0.E0,1.E0));
#8218=DIRECTION('',(1.E0,0.E0,0.E0));
#8221=PRODUCT_DEFINITION_CONTEXT('part definition',#233,'design');
#8222=PRODUCT_CONTEXT('',#233,'mechanical');
#8223=PRODUCT('SOLDER_BALL_AF48','SOLDER_BALL_AF48','NOT SPECIFIED',(#8222));
#8224=PRODUCT_DEFINITION_FORMATION('14','LAST_VERSION',#8223);
#8229=GENERAL_PROPERTY('','DESCRIPTION','user defined attribute');
#8230=GENERAL_PROPERTY_ASSOCIATION('user defined attribute','',#8229,#8228);
#8231=DESCRIPTIVE_REPRESENTATION_ITEM('DESCRIPTION','');
#8235=GENERAL_PROPERTY('','MODELED_BY','user defined attribute');
#8236=GENERAL_PROPERTY_ASSOCIATION('user defined attribute','',#8235,#8234);
#8237=DESCRIPTIVE_REPRESENTATION_ITEM('MODELED_BY','');
#8241=GENERAL_PROPERTY('','BALL_HEIGTH','user defined attribute');
#8242=GENERAL_PROPERTY_ASSOCIATION('user defined attribute','',#8241,#8240);
#8243=VALUE_REPRESENTATION_ITEM('BALL_HEIGTH',NUMERIC_MEASURE(1.75E-1));
#8246=DESCRIPTIVE_REPRESENTATION_ITEM('attribute description','Real Number');
#8252=CARTESIAN_POINT('',(2.4E0,-2.4E0,2.58E-1));
#8253=DIRECTION('',(0.E0,1.E0,0.E0));
#8254=DIRECTION('',(1.E0,0.E0,0.E0));
#8255=AXIS2_PLACEMENT_3D('',#8252,#8253,#8254);
#8256=ITEM_DEFINED_TRANSFORMATION('','',#8219,#8255);
#8257=(REPRESENTATION_RELATIONSHIP('','',#8220,#316)REPRESENTATION_RELATIONSHIP_WITH_TRANSFORMATION(#8256)SHAPE_REPRESENTATION_RELATIONSHIP());
#8258=CONTEXT_DEPENDENT_SHAPE_REPRESENTATION(#8257,#8251);
#8261=CARTESIAN_POINT('centre point',(3.2E0,-2.4E0,1.500754717015E-1));
#8265=CARTESIAN_POINT('',(3.2E0,-2.4E0,2.58E-1));
#8266=DIRECTION('',(0.E0,1.E0,0.E0));
#8267=DIRECTION('',(1.E0,0.E0,0.E0));
#8268=AXIS2_PLACEMENT_3D('',#8265,#8266,#8267);
#8269=ITEM_DEFINED_TRANSFORMATION('','',#1132,#8268);
#8270=(REPRESENTATION_RELATIONSHIP('','',#1133,#316)REPRESENTATION_RELATIONSHIP_WITH_TRANSFORMATION(#8269)SHAPE_REPRESENTATION_RELATIONSHIP());
#8271=CONTEXT_DEPENDENT_SHAPE_REPRESENTATION(#8270,#8260);
#8274=CARTESIAN_POINT('centre point',(4.E0,-2.4E0,1.500754717015E-1));
#8278=CARTESIAN_POINT('',(4.E0,-2.4E0,2.58E-1));
#8279=DIRECTION('',(0.E0,1.E0,0.E0));
#8280=DIRECTION('',(1.E0,0.E0,0.E0));
#8281=AXIS2_PLACEMENT_3D('',#8278,#8279,#8280);
#8282=ITEM_DEFINED_TRANSFORMATION('','',#1132,#8281);
#8283=(REPRESENTATION_RELATIONSHIP('','',#1133,#316)REPRESENTATION_RELATIONSHIP_WITH_TRANSFORMATION(#8282)SHAPE_REPRESENTATION_RELATIONSHIP());
#8284=CONTEXT_DEPENDENT_SHAPE_REPRESENTATION(#8283,#8273);
#8287=CARTESIAN_POINT('centre point',(4.8E0,-2.4E0,1.500754717015E-1));
#8291=CARTESIAN_POINT('',(4.8E0,-2.4E0,2.58E-1));
#8292=DIRECTION('',(0.E0,1.E0,0.E0));
#8293=DIRECTION('',(1.E0,0.E0,0.E0));
#8294=AXIS2_PLACEMENT_3D('',#8291,#8292,#8293);
#8295=ITEM_DEFINED_TRANSFORMATION('','',#1132,#8294);
#8296=(REPRESENTATION_RELATIONSHIP('','',#1133,#316)REPRESENTATION_RELATIONSHIP_WITH_TRANSFORMATION(#8295)SHAPE_REPRESENTATION_RELATIONSHIP());
#8297=CONTEXT_DEPENDENT_SHAPE_REPRESENTATION(#8296,#8286);
#8300=CARTESIAN_POINT('centre point',(5.6E0,-2.4E0,1.500754717015E-1));
#8304=CARTESIAN_POINT('',(5.6E0,-2.4E0,2.58E-1));
#8305=DIRECTION('',(0.E0,1.E0,0.E0));
#8306=DIRECTION('',(1.E0,0.E0,0.E0));
#8307=AXIS2_PLACEMENT_3D('',#8304,#8305,#8306);
#8308=ITEM_DEFINED_TRANSFORMATION('','',#1132,#8307);
#8309=(REPRESENTATION_RELATIONSHIP('','',#1133,#316)REPRESENTATION_RELATIONSHIP_WITH_TRANSFORMATION(#8308)SHAPE_REPRESENTATION_RELATIONSHIP());
#8310=CONTEXT_DEPENDENT_SHAPE_REPRESENTATION(#8309,#8299);
#8313=CARTESIAN_POINT('centre point',(-5.6E0,-3.2E0,1.500754717015E-1));
#8317=CARTESIAN_POINT('',(-5.6E0,-3.2E0,2.58E-1));
#8318=DIRECTION('',(0.E0,1.E0,0.E0));
#8319=DIRECTION('',(1.E0,0.E0,0.E0));
#8320=AXIS2_PLACEMENT_3D('',#8317,#8318,#8319);
#8321=ITEM_DEFINED_TRANSFORMATION('','',#1132,#8320);
#8322=(REPRESENTATION_RELATIONSHIP('','',#1133,#316)REPRESENTATION_RELATIONSHIP_WITH_TRANSFORMATION(#8321)SHAPE_REPRESENTATION_RELATIONSHIP());
#8323=CONTEXT_DEPENDENT_SHAPE_REPRESENTATION(#8322,#8312);
#8326=CARTESIAN_POINT('centre point',(-4.8E0,-3.2E0,1.500754717015E-1));
#8330=CARTESIAN_POINT('',(-4.8E0,-3.2E0,2.58E-1));
#8331=DIRECTION('',(0.E0,1.E0,0.E0));
#8332=DIRECTION('',(1.E0,0.E0,0.E0));
#8333=AXIS2_PLACEMENT_3D('',#8330,#8331,#8332);
#8334=ITEM_DEFINED_TRANSFORMATION('','',#1132,#8333);
#8335=(REPRESENTATION_RELATIONSHIP('','',#1133,#316)REPRESENTATION_RELATIONSHIP_WITH_TRANSFORMATION(#8334)SHAPE_REPRESENTATION_RELATIONSHIP());
#8336=CONTEXT_DEPENDENT_SHAPE_REPRESENTATION(#8335,#8325);
#8339=CARTESIAN_POINT('centre point',(-4.E0,-3.2E0,1.500754717015E-1));
#8343=CARTESIAN_POINT('',(-4.E0,-3.2E0,2.58E-1));
#8344=DIRECTION('',(0.E0,1.E0,0.E0));
#8345=DIRECTION('',(1.E0,0.E0,0.E0));
#8346=AXIS2_PLACEMENT_3D('',#8343,#8344,#8345);
#8347=ITEM_DEFINED_TRANSFORMATION('','',#1132,#8346);
#8348=(REPRESENTATION_RELATIONSHIP('','',#1133,#316)REPRESENTATION_RELATIONSHIP_WITH_TRANSFORMATION(#8347)SHAPE_REPRESENTATION_RELATIONSHIP());
#8349=CONTEXT_DEPENDENT_SHAPE_REPRESENTATION(#8348,#8338);
#8352=CARTESIAN_POINT('centre point',(-3.2E0,-3.2E0,1.500754717015E-1));
#8356=CARTESIAN_POINT('',(-3.2E0,-3.2E0,2.58E-1));
#8357=DIRECTION('',(0.E0,1.E0,0.E0));
#8358=DIRECTION('',(1.E0,0.E0,0.E0));
#8359=AXIS2_PLACEMENT_3D('',#8356,#8357,#8358);
#8360=ITEM_DEFINED_TRANSFORMATION('','',#1132,#8359);
#8361=(REPRESENTATION_RELATIONSHIP('','',#1133,#316)REPRESENTATION_RELATIONSHIP_WITH_TRANSFORMATION(#8360)SHAPE_REPRESENTATION_RELATIONSHIP());
#8362=CONTEXT_DEPENDENT_SHAPE_REPRESENTATION(#8361,#8351);
#8365=CARTESIAN_POINT('centre point',(-2.4E0,-3.2E0,1.500754717015E-1));
#8369=CARTESIAN_POINT('',(-2.4E0,-3.2E0,2.58E-1));
#8370=DIRECTION('',(0.E0,1.E0,0.E0));
#8371=DIRECTION('',(1.E0,0.E0,0.E0));
#8372=AXIS2_PLACEMENT_3D('',#8369,#8370,#8371);
#8373=ITEM_DEFINED_TRANSFORMATION('','',#1132,#8372);
#8374=(REPRESENTATION_RELATIONSHIP('','',#1133,#316)REPRESENTATION_RELATIONSHIP_WITH_TRANSFORMATION(#8373)SHAPE_REPRESENTATION_RELATIONSHIP());
#8375=CONTEXT_DEPENDENT_SHAPE_REPRESENTATION(#8374,#8364);
#8378=CARTESIAN_POINT('centre point',(-1.6E0,-3.2E0,1.500754717015E-1));
#8382=CARTESIAN_POINT('',(-1.6E0,-3.2E0,2.58E-1));
#8383=DIRECTION('',(0.E0,1.E0,0.E0));
#8384=DIRECTION('',(1.E0,0.E0,0.E0));
#8385=AXIS2_PLACEMENT_3D('',#8382,#8383,#8384);
#8386=ITEM_DEFINED_TRANSFORMATION('','',#1132,#8385);
#8387=(REPRESENTATION_RELATIONSHIP('','',#1133,#316)REPRESENTATION_RELATIONSHIP_WITH_TRANSFORMATION(#8386)SHAPE_REPRESENTATION_RELATIONSHIP());
#8388=CONTEXT_DEPENDENT_SHAPE_REPRESENTATION(#8387,#8377);
#8391=CARTESIAN_POINT('centre point',(-8.E-1,-3.2E0,1.500754717015E-1));
#8395=CARTESIAN_POINT('',(-8.E-1,-3.2E0,2.58E-1));
#8396=DIRECTION('',(0.E0,1.E0,0.E0));
#8397=DIRECTION('',(1.E0,0.E0,0.E0));
#8398=AXIS2_PLACEMENT_3D('',#8395,#8396,#8397);
#8399=ITEM_DEFINED_TRANSFORMATION('','',#1132,#8398);
#8400=(REPRESENTATION_RELATIONSHIP('','',#1133,#316)REPRESENTATION_RELATIONSHIP_WITH_TRANSFORMATION(#8399)SHAPE_REPRESENTATION_RELATIONSHIP());
#8401=CONTEXT_DEPENDENT_SHAPE_REPRESENTATION(#8400,#8390);
#8404=CARTESIAN_POINT('centre point',(0.E0,-3.2E0,1.500754717015E-1));
#8408=CARTESIAN_POINT('',(0.E0,-3.2E0,2.58E-1));
#8409=DIRECTION('',(0.E0,1.E0,0.E0));
#8410=DIRECTION('',(1.E0,0.E0,0.E0));
#8411=AXIS2_PLACEMENT_3D('',#8408,#8409,#8410);
#8412=ITEM_DEFINED_TRANSFORMATION('','',#1132,#8411);
#8413=(REPRESENTATION_RELATIONSHIP('','',#1133,#316)REPRESENTATION_RELATIONSHIP_WITH_TRANSFORMATION(#8412)SHAPE_REPRESENTATION_RELATIONSHIP());
#8414=CONTEXT_DEPENDENT_SHAPE_REPRESENTATION(#8413,#8403);
#8417=CARTESIAN_POINT('centre point',(8.E-1,-3.2E0,1.500754717015E-1));
#8421=CARTESIAN_POINT('',(8.E-1,-3.2E0,2.58E-1));
#8422=DIRECTION('',(0.E0,1.E0,0.E0));
#8423=DIRECTION('',(1.E0,0.E0,0.E0));
#8424=AXIS2_PLACEMENT_3D('',#8421,#8422,#8423);
#8425=ITEM_DEFINED_TRANSFORMATION('','',#1132,#8424);
#8426=(REPRESENTATION_RELATIONSHIP('','',#1133,#316)REPRESENTATION_RELATIONSHIP_WITH_TRANSFORMATION(#8425)SHAPE_REPRESENTATION_RELATIONSHIP());
#8427=CONTEXT_DEPENDENT_SHAPE_REPRESENTATION(#8426,#8416);
#8430=CARTESIAN_POINT('centre point',(1.6E0,-3.2E0,1.500754717015E-1));
#8434=CARTESIAN_POINT('',(1.6E0,-3.2E0,2.58E-1));
#8435=DIRECTION('',(0.E0,1.E0,0.E0));
#8436=DIRECTION('',(1.E0,0.E0,0.E0));
#8437=AXIS2_PLACEMENT_3D('',#8434,#8435,#8436);
#8438=ITEM_DEFINED_TRANSFORMATION('','',#1132,#8437);
#8439=(REPRESENTATION_RELATIONSHIP('','',#1133,#316)REPRESENTATION_RELATIONSHIP_WITH_TRANSFORMATION(#8438)SHAPE_REPRESENTATION_RELATIONSHIP());
#8440=CONTEXT_DEPENDENT_SHAPE_REPRESENTATION(#8439,#8429);
#8443=CARTESIAN_POINT('centre point',(2.4E0,-3.2E0,1.500754717015E-1));
#8447=CARTESIAN_POINT('',(2.4E0,-3.2E0,2.58E-1));
#8448=DIRECTION('',(0.E0,1.E0,0.E0));
#8449=DIRECTION('',(1.E0,0.E0,0.E0));
#8450=AXIS2_PLACEMENT_3D('',#8447,#8448,#8449);
#8451=ITEM_DEFINED_TRANSFORMATION('','',#1132,#8450);
#8452=(REPRESENTATION_RELATIONSHIP('','',#1133,#316)REPRESENTATION_RELATIONSHIP_WITH_TRANSFORMATION(#8451)SHAPE_REPRESENTATION_RELATIONSHIP());
#8453=CONTEXT_DEPENDENT_SHAPE_REPRESENTATION(#8452,#8442);
#8456=CARTESIAN_POINT('centre point',(3.2E0,-3.2E0,1.500754717015E-1));
#8460=CARTESIAN_POINT('',(3.2E0,-3.2E0,2.58E-1));
#8461=DIRECTION('',(0.E0,1.E0,0.E0));
#8462=DIRECTION('',(1.E0,0.E0,0.E0));
#8463=AXIS2_PLACEMENT_3D('',#8460,#8461,#8462);
#8464=ITEM_DEFINED_TRANSFORMATION('','',#1132,#8463);
#8465=(REPRESENTATION_RELATIONSHIP('','',#1133,#316)REPRESENTATION_RELATIONSHIP_WITH_TRANSFORMATION(#8464)SHAPE_REPRESENTATION_RELATIONSHIP());
#8466=CONTEXT_DEPENDENT_SHAPE_REPRESENTATION(#8465,#8455);
#8469=CARTESIAN_POINT('centre point',(4.E0,-3.2E0,1.500754717015E-1));
#8473=CARTESIAN_POINT('',(4.E0,-3.2E0,2.58E-1));
#8474=DIRECTION('',(0.E0,1.E0,0.E0));
#8475=DIRECTION('',(1.E0,0.E0,0.E0));
#8476=AXIS2_PLACEMENT_3D('',#8473,#8474,#8475);
#8477=ITEM_DEFINED_TRANSFORMATION('','',#1132,#8476);
#8478=(REPRESENTATION_RELATIONSHIP('','',#1133,#316)REPRESENTATION_RELATIONSHIP_WITH_TRANSFORMATION(#8477)SHAPE_REPRESENTATION_RELATIONSHIP());
#8479=CONTEXT_DEPENDENT_SHAPE_REPRESENTATION(#8478,#8468);
#8482=CARTESIAN_POINT('centre point',(4.8E0,-3.2E0,1.500754717015E-1));
#8486=CARTESIAN_POINT('',(4.8E0,-3.2E0,2.58E-1));
#8487=DIRECTION('',(0.E0,1.E0,0.E0));
#8488=DIRECTION('',(1.E0,0.E0,0.E0));
#8489=AXIS2_PLACEMENT_3D('',#8486,#8487,#8488);
#8490=ITEM_DEFINED_TRANSFORMATION('','',#1132,#8489);
#8491=(REPRESENTATION_RELATIONSHIP('','',#1133,#316)REPRESENTATION_RELATIONSHIP_WITH_TRANSFORMATION(#8490)SHAPE_REPRESENTATION_RELATIONSHIP());
#8492=CONTEXT_DEPENDENT_SHAPE_REPRESENTATION(#8491,#8481);
#8495=CARTESIAN_POINT('centre point',(5.6E0,-3.2E0,1.500754717015E-1));
#8499=CARTESIAN_POINT('',(5.6E0,-3.2E0,2.58E-1));
#8500=DIRECTION('',(0.E0,1.E0,0.E0));
#8501=DIRECTION('',(1.E0,0.E0,0.E0));
#8502=AXIS2_PLACEMENT_3D('',#8499,#8500,#8501);
#8503=ITEM_DEFINED_TRANSFORMATION('','',#1132,#8502);
#8504=(REPRESENTATION_RELATIONSHIP('','',#1133,#316)REPRESENTATION_RELATIONSHIP_WITH_TRANSFORMATION(#8503)SHAPE_REPRESENTATION_RELATIONSHIP());
#8505=CONTEXT_DEPENDENT_SHAPE_REPRESENTATION(#8504,#8494);
#8508=CARTESIAN_POINT('centre point',(-5.6E0,-4.E0,1.500754717015E-1));
#8512=CARTESIAN_POINT('',(-5.6E0,-4.E0,2.58E-1));
#8513=DIRECTION('',(0.E0,1.E0,0.E0));
#8514=DIRECTION('',(1.E0,0.E0,0.E0));
#8515=AXIS2_PLACEMENT_3D('',#8512,#8513,#8514);
#8516=ITEM_DEFINED_TRANSFORMATION('','',#1132,#8515);
#8517=(REPRESENTATION_RELATIONSHIP('','',#1133,#316)REPRESENTATION_RELATIONSHIP_WITH_TRANSFORMATION(#8516)SHAPE_REPRESENTATION_RELATIONSHIP());
#8518=CONTEXT_DEPENDENT_SHAPE_REPRESENTATION(#8517,#8507);
#8521=CARTESIAN_POINT('centre point',(-4.8E0,-4.E0,1.500754717015E-1));
#8525=CARTESIAN_POINT('',(-4.8E0,-4.E0,2.58E-1));
#8526=DIRECTION('',(0.E0,1.E0,0.E0));
#8527=DIRECTION('',(1.E0,0.E0,0.E0));
#8528=AXIS2_PLACEMENT_3D('',#8525,#8526,#8527);
#8529=ITEM_DEFINED_TRANSFORMATION('','',#1132,#8528);
#8530=(REPRESENTATION_RELATIONSHIP('','',#1133,#316)REPRESENTATION_RELATIONSHIP_WITH_TRANSFORMATION(#8529)SHAPE_REPRESENTATION_RELATIONSHIP());
#8531=CONTEXT_DEPENDENT_SHAPE_REPRESENTATION(#8530,#8520);
#8534=CARTESIAN_POINT('centre point',(-4.E0,-4.E0,1.500754717015E-1));
#8538=CARTESIAN_POINT('',(-4.E0,-4.E0,2.58E-1));
#8539=DIRECTION('',(0.E0,1.E0,0.E0));
#8540=DIRECTION('',(1.E0,0.E0,0.E0));
#8541=AXIS2_PLACEMENT_3D('',#8538,#8539,#8540);
#8542=ITEM_DEFINED_TRANSFORMATION('','',#1132,#8541);
#8543=(REPRESENTATION_RELATIONSHIP('','',#1133,#316)REPRESENTATION_RELATIONSHIP_WITH_TRANSFORMATION(#8542)SHAPE_REPRESENTATION_RELATIONSHIP());
#8544=CONTEXT_DEPENDENT_SHAPE_REPRESENTATION(#8543,#8533);
#8547=CARTESIAN_POINT('centre point',(-3.2E0,-4.E0,1.500754717015E-1));
#8551=CARTESIAN_POINT('',(-3.2E0,-4.E0,2.58E-1));
#8552=DIRECTION('',(0.E0,1.E0,0.E0));
#8553=DIRECTION('',(1.E0,0.E0,0.E0));
#8554=AXIS2_PLACEMENT_3D('',#8551,#8552,#8553);
#8555=ITEM_DEFINED_TRANSFORMATION('','',#1132,#8554);
#8556=(REPRESENTATION_RELATIONSHIP('','',#1133,#316)REPRESENTATION_RELATIONSHIP_WITH_TRANSFORMATION(#8555)SHAPE_REPRESENTATION_RELATIONSHIP());
#8557=CONTEXT_DEPENDENT_SHAPE_REPRESENTATION(#8556,#8546);
#8560=CARTESIAN_POINT('centre point',(-2.4E0,-4.E0,1.500754717015E-1));
#8564=CARTESIAN_POINT('',(-2.4E0,-4.E0,2.58E-1));
#8565=DIRECTION('',(0.E0,1.E0,0.E0));
#8566=DIRECTION('',(1.E0,0.E0,0.E0));
#8567=AXIS2_PLACEMENT_3D('',#8564,#8565,#8566);
#8568=ITEM_DEFINED_TRANSFORMATION('','',#1132,#8567);
#8569=(REPRESENTATION_RELATIONSHIP('','',#1133,#316)REPRESENTATION_RELATIONSHIP_WITH_TRANSFORMATION(#8568)SHAPE_REPRESENTATION_RELATIONSHIP());
#8570=CONTEXT_DEPENDENT_SHAPE_REPRESENTATION(#8569,#8559);
#8573=CARTESIAN_POINT('centre point',(-1.6E0,-4.E0,1.500754717015E-1));
#8577=CARTESIAN_POINT('',(-1.6E0,-4.E0,2.58E-1));
#8578=DIRECTION('',(0.E0,1.E0,0.E0));
#8579=DIRECTION('',(1.E0,0.E0,0.E0));
#8580=AXIS2_PLACEMENT_3D('',#8577,#8578,#8579);
#8581=ITEM_DEFINED_TRANSFORMATION('','',#1132,#8580);
#8582=(REPRESENTATION_RELATIONSHIP('','',#1133,#316)REPRESENTATION_RELATIONSHIP_WITH_TRANSFORMATION(#8581)SHAPE_REPRESENTATION_RELATIONSHIP());
#8583=CONTEXT_DEPENDENT_SHAPE_REPRESENTATION(#8582,#8572);
#8586=CARTESIAN_POINT('centre point',(-8.E-1,-4.E0,1.500754717015E-1));
#8590=CARTESIAN_POINT('',(-8.E-1,-4.E0,2.58E-1));
#8591=DIRECTION('',(0.E0,1.E0,0.E0));
#8592=DIRECTION('',(1.E0,0.E0,0.E0));
#8593=AXIS2_PLACEMENT_3D('',#8590,#8591,#8592);
#8594=ITEM_DEFINED_TRANSFORMATION('','',#1132,#8593);
#8595=(REPRESENTATION_RELATIONSHIP('','',#1133,#316)REPRESENTATION_RELATIONSHIP_WITH_TRANSFORMATION(#8594)SHAPE_REPRESENTATION_RELATIONSHIP());
#8596=CONTEXT_DEPENDENT_SHAPE_REPRESENTATION(#8595,#8585);
#8599=CARTESIAN_POINT('centre point',(0.E0,-4.E0,1.500754717015E-1));
#8603=CARTESIAN_POINT('',(0.E0,-4.E0,2.58E-1));
#8604=DIRECTION('',(0.E0,1.E0,0.E0));
#8605=DIRECTION('',(1.E0,0.E0,0.E0));
#8606=AXIS2_PLACEMENT_3D('',#8603,#8604,#8605);
#8607=ITEM_DEFINED_TRANSFORMATION('','',#1132,#8606);
#8608=(REPRESENTATION_RELATIONSHIP('','',#1133,#316)REPRESENTATION_RELATIONSHIP_WITH_TRANSFORMATION(#8607)SHAPE_REPRESENTATION_RELATIONSHIP());
#8609=CONTEXT_DEPENDENT_SHAPE_REPRESENTATION(#8608,#8598);
#8612=CARTESIAN_POINT('centre point',(8.E-1,-4.E0,1.500754717015E-1));
#8616=CARTESIAN_POINT('',(8.E-1,-4.E0,2.58E-1));
#8617=DIRECTION('',(0.E0,1.E0,0.E0));
#8618=DIRECTION('',(1.E0,0.E0,0.E0));
#8619=AXIS2_PLACEMENT_3D('',#8616,#8617,#8618);
#8620=ITEM_DEFINED_TRANSFORMATION('','',#1132,#8619);
#8621=(REPRESENTATION_RELATIONSHIP('','',#1133,#316)REPRESENTATION_RELATIONSHIP_WITH_TRANSFORMATION(#8620)SHAPE_REPRESENTATION_RELATIONSHIP());
#8622=CONTEXT_DEPENDENT_SHAPE_REPRESENTATION(#8621,#8611);
#8625=CARTESIAN_POINT('centre point',(1.6E0,-4.E0,1.500754717015E-1));
#8629=CARTESIAN_POINT('',(1.6E0,-4.E0,2.58E-1));
#8630=DIRECTION('',(0.E0,1.E0,0.E0));
#8631=DIRECTION('',(1.E0,0.E0,0.E0));
#8632=AXIS2_PLACEMENT_3D('',#8629,#8630,#8631);
#8633=ITEM_DEFINED_TRANSFORMATION('','',#1132,#8632);
#8634=(REPRESENTATION_RELATIONSHIP('','',#1133,#316)REPRESENTATION_RELATIONSHIP_WITH_TRANSFORMATION(#8633)SHAPE_REPRESENTATION_RELATIONSHIP());
#8635=CONTEXT_DEPENDENT_SHAPE_REPRESENTATION(#8634,#8624);
#8638=CARTESIAN_POINT('centre point',(2.4E0,-4.E0,1.500754717015E-1));
#8642=CARTESIAN_POINT('',(2.4E0,-4.E0,2.58E-1));
#8643=DIRECTION('',(0.E0,1.E0,0.E0));
#8644=DIRECTION('',(1.E0,0.E0,0.E0));
#8645=AXIS2_PLACEMENT_3D('',#8642,#8643,#8644);
#8646=ITEM_DEFINED_TRANSFORMATION('','',#1132,#8645);
#8647=(REPRESENTATION_RELATIONSHIP('','',#1133,#316)REPRESENTATION_RELATIONSHIP_WITH_TRANSFORMATION(#8646)SHAPE_REPRESENTATION_RELATIONSHIP());
#8648=CONTEXT_DEPENDENT_SHAPE_REPRESENTATION(#8647,#8637);
#8651=CARTESIAN_POINT('centre point',(3.2E0,-4.E0,1.500754717015E-1));
#8655=CARTESIAN_POINT('',(3.2E0,-4.E0,2.58E-1));
#8656=DIRECTION('',(0.E0,1.E0,0.E0));
#8657=DIRECTION('',(1.E0,0.E0,0.E0));
#8658=AXIS2_PLACEMENT_3D('',#8655,#8656,#8657);
#8659=ITEM_DEFINED_TRANSFORMATION('','',#1132,#8658);
#8660=(REPRESENTATION_RELATIONSHIP('','',#1133,#316)REPRESENTATION_RELATIONSHIP_WITH_TRANSFORMATION(#8659)SHAPE_REPRESENTATION_RELATIONSHIP());
#8661=CONTEXT_DEPENDENT_SHAPE_REPRESENTATION(#8660,#8650);
#8664=CARTESIAN_POINT('centre point',(4.E0,-4.E0,1.500754717015E-1));
#8668=CARTESIAN_POINT('',(4.E0,-4.E0,2.58E-1));
#8669=DIRECTION('',(0.E0,1.E0,0.E0));
#8670=DIRECTION('',(1.E0,0.E0,0.E0));
#8671=AXIS2_PLACEMENT_3D('',#8668,#8669,#8670);
#8672=ITEM_DEFINED_TRANSFORMATION('','',#1132,#8671);
#8673=(REPRESENTATION_RELATIONSHIP('','',#1133,#316)REPRESENTATION_RELATIONSHIP_WITH_TRANSFORMATION(#8672)SHAPE_REPRESENTATION_RELATIONSHIP());
#8674=CONTEXT_DEPENDENT_SHAPE_REPRESENTATION(#8673,#8663);
#8677=CARTESIAN_POINT('centre point',(4.8E0,-4.E0,1.500754717015E-1));
#8681=CARTESIAN_POINT('',(4.8E0,-4.E0,2.58E-1));
#8682=DIRECTION('',(0.E0,1.E0,0.E0));
#8683=DIRECTION('',(1.E0,0.E0,0.E0));
#8684=AXIS2_PLACEMENT_3D('',#8681,#8682,#8683);
#8685=ITEM_DEFINED_TRANSFORMATION('','',#1132,#8684);
#8686=(REPRESENTATION_RELATIONSHIP('','',#1133,#316)REPRESENTATION_RELATIONSHIP_WITH_TRANSFORMATION(#8685)SHAPE_REPRESENTATION_RELATIONSHIP());
#8687=CONTEXT_DEPENDENT_SHAPE_REPRESENTATION(#8686,#8676);
#8690=CARTESIAN_POINT('centre point',(5.6E0,-4.E0,1.500754717015E-1));
#8694=CARTESIAN_POINT('',(5.6E0,-4.E0,2.58E-1));
#8695=DIRECTION('',(0.E0,1.E0,0.E0));
#8696=DIRECTION('',(1.E0,0.E0,0.E0));
#8697=AXIS2_PLACEMENT_3D('',#8694,#8695,#8696);
#8698=ITEM_DEFINED_TRANSFORMATION('','',#1132,#8697);
#8699=(REPRESENTATION_RELATIONSHIP('','',#1133,#316)REPRESENTATION_RELATIONSHIP_WITH_TRANSFORMATION(#8698)SHAPE_REPRESENTATION_RELATIONSHIP());
#8700=CONTEXT_DEPENDENT_SHAPE_REPRESENTATION(#8699,#8689);
#8703=CARTESIAN_POINT('centre point',(-5.6E0,-4.8E0,1.500754717015E-1));
#8707=CARTESIAN_POINT('',(-5.6E0,-4.8E0,2.58E-1));
#8708=DIRECTION('',(0.E0,1.E0,0.E0));
#8709=DIRECTION('',(1.E0,0.E0,0.E0));
#8710=AXIS2_PLACEMENT_3D('',#8707,#8708,#8709);
#8711=ITEM_DEFINED_TRANSFORMATION('','',#1132,#8710);
#8712=(REPRESENTATION_RELATIONSHIP('','',#1133,#316)REPRESENTATION_RELATIONSHIP_WITH_TRANSFORMATION(#8711)SHAPE_REPRESENTATION_RELATIONSHIP());
#8713=CONTEXT_DEPENDENT_SHAPE_REPRESENTATION(#8712,#8702);
#8716=CARTESIAN_POINT('centre point',(-4.8E0,-4.8E0,1.500754717015E-1));
#8720=CARTESIAN_POINT('',(-4.8E0,-4.8E0,2.58E-1));
#8721=DIRECTION('',(0.E0,1.E0,0.E0));
#8722=DIRECTION('',(1.E0,0.E0,0.E0));
#8723=AXIS2_PLACEMENT_3D('',#8720,#8721,#8722);
#8724=ITEM_DEFINED_TRANSFORMATION('','',#1132,#8723);
#8725=(REPRESENTATION_RELATIONSHIP('','',#1133,#316)REPRESENTATION_RELATIONSHIP_WITH_TRANSFORMATION(#8724)SHAPE_REPRESENTATION_RELATIONSHIP());
#8726=CONTEXT_DEPENDENT_SHAPE_REPRESENTATION(#8725,#8715);
#8729=CARTESIAN_POINT('centre point',(-4.E0,-4.8E0,1.500754717015E-1));
#8733=CARTESIAN_POINT('',(-4.E0,-4.8E0,2.58E-1));
#8734=DIRECTION('',(0.E0,1.E0,0.E0));
#8735=DIRECTION('',(1.E0,0.E0,0.E0));
#8736=AXIS2_PLACEMENT_3D('',#8733,#8734,#8735);
#8737=ITEM_DEFINED_TRANSFORMATION('','',#1132,#8736);
#8738=(REPRESENTATION_RELATIONSHIP('','',#1133,#316)REPRESENTATION_RELATIONSHIP_WITH_TRANSFORMATION(#8737)SHAPE_REPRESENTATION_RELATIONSHIP());
#8739=CONTEXT_DEPENDENT_SHAPE_REPRESENTATION(#8738,#8728);
#8742=CARTESIAN_POINT('centre point',(-3.2E0,-4.8E0,1.500754717015E-1));
#8746=CARTESIAN_POINT('',(-3.2E0,-4.8E0,2.58E-1));
#8747=DIRECTION('',(0.E0,1.E0,0.E0));
#8748=DIRECTION('',(1.E0,0.E0,0.E0));
#8749=AXIS2_PLACEMENT_3D('',#8746,#8747,#8748);
#8750=ITEM_DEFINED_TRANSFORMATION('','',#1132,#8749);
#8751=(REPRESENTATION_RELATIONSHIP('','',#1133,#316)REPRESENTATION_RELATIONSHIP_WITH_TRANSFORMATION(#8750)SHAPE_REPRESENTATION_RELATIONSHIP());
#8752=CONTEXT_DEPENDENT_SHAPE_REPRESENTATION(#8751,#8741);
#8755=CARTESIAN_POINT('centre point',(-2.4E0,-4.8E0,1.500754717015E-1));
#8759=CARTESIAN_POINT('',(-2.4E0,-4.8E0,2.58E-1));
#8760=DIRECTION('',(0.E0,1.E0,0.E0));
#8761=DIRECTION('',(1.E0,0.E0,0.E0));
#8762=AXIS2_PLACEMENT_3D('',#8759,#8760,#8761);
#8763=ITEM_DEFINED_TRANSFORMATION('','',#1132,#8762);
#8764=(REPRESENTATION_RELATIONSHIP('','',#1133,#316)REPRESENTATION_RELATIONSHIP_WITH_TRANSFORMATION(#8763)SHAPE_REPRESENTATION_RELATIONSHIP());
#8765=CONTEXT_DEPENDENT_SHAPE_REPRESENTATION(#8764,#8754);
#8768=CARTESIAN_POINT('centre point',(-1.6E0,-4.8E0,1.500754717015E-1));
#8772=CARTESIAN_POINT('',(-1.6E0,-4.8E0,2.58E-1));
#8773=DIRECTION('',(0.E0,1.E0,0.E0));
#8774=DIRECTION('',(1.E0,0.E0,0.E0));
#8775=AXIS2_PLACEMENT_3D('',#8772,#8773,#8774);
#8776=ITEM_DEFINED_TRANSFORMATION('','',#1132,#8775);
#8777=(REPRESENTATION_RELATIONSHIP('','',#1133,#316)REPRESENTATION_RELATIONSHIP_WITH_TRANSFORMATION(#8776)SHAPE_REPRESENTATION_RELATIONSHIP());
#8778=CONTEXT_DEPENDENT_SHAPE_REPRESENTATION(#8777,#8767);
#8781=CARTESIAN_POINT('centre point',(-8.E-1,-4.8E0,1.500754717015E-1));
#8785=CARTESIAN_POINT('',(-8.E-1,-4.8E0,2.58E-1));
#8786=DIRECTION('',(0.E0,1.E0,0.E0));
#8787=DIRECTION('',(1.E0,0.E0,0.E0));
#8788=AXIS2_PLACEMENT_3D('',#8785,#8786,#8787);
#8789=ITEM_DEFINED_TRANSFORMATION('','',#1132,#8788);
#8790=(REPRESENTATION_RELATIONSHIP('','',#1133,#316)REPRESENTATION_RELATIONSHIP_WITH_TRANSFORMATION(#8789)SHAPE_REPRESENTATION_RELATIONSHIP());
#8791=CONTEXT_DEPENDENT_SHAPE_REPRESENTATION(#8790,#8780);
#8794=CARTESIAN_POINT('centre point',(0.E0,-4.8E0,1.500754717015E-1));
#8798=CARTESIAN_POINT('',(0.E0,-4.8E0,2.58E-1));
#8799=DIRECTION('',(0.E0,1.E0,0.E0));
#8800=DIRECTION('',(1.E0,0.E0,0.E0));
#8801=AXIS2_PLACEMENT_3D('',#8798,#8799,#8800);
#8802=ITEM_DEFINED_TRANSFORMATION('','',#1132,#8801);
#8803=(REPRESENTATION_RELATIONSHIP('','',#1133,#316)REPRESENTATION_RELATIONSHIP_WITH_TRANSFORMATION(#8802)SHAPE_REPRESENTATION_RELATIONSHIP());
#8804=CONTEXT_DEPENDENT_SHAPE_REPRESENTATION(#8803,#8793);
#8807=CARTESIAN_POINT('centre point',(8.E-1,-4.8E0,1.500754717015E-1));
#8811=CARTESIAN_POINT('',(8.E-1,-4.8E0,2.58E-1));
#8812=DIRECTION('',(0.E0,1.E0,0.E0));
#8813=DIRECTION('',(1.E0,0.E0,0.E0));
#8814=AXIS2_PLACEMENT_3D('',#8811,#8812,#8813);
#8815=ITEM_DEFINED_TRANSFORMATION('','',#1132,#8814);
#8816=(REPRESENTATION_RELATIONSHIP('','',#1133,#316)REPRESENTATION_RELATIONSHIP_WITH_TRANSFORMATION(#8815)SHAPE_REPRESENTATION_RELATIONSHIP());
#8817=CONTEXT_DEPENDENT_SHAPE_REPRESENTATION(#8816,#8806);
#8820=CARTESIAN_POINT('centre point',(1.6E0,-4.8E0,1.500754717015E-1));
#8824=CARTESIAN_POINT('',(1.6E0,-4.8E0,2.58E-1));
#8825=DIRECTION('',(0.E0,1.E0,0.E0));
#8826=DIRECTION('',(1.E0,0.E0,0.E0));
#8827=AXIS2_PLACEMENT_3D('',#8824,#8825,#8826);
#8828=ITEM_DEFINED_TRANSFORMATION('','',#1132,#8827);
#8829=(REPRESENTATION_RELATIONSHIP('','',#1133,#316)REPRESENTATION_RELATIONSHIP_WITH_TRANSFORMATION(#8828)SHAPE_REPRESENTATION_RELATIONSHIP());
#8830=CONTEXT_DEPENDENT_SHAPE_REPRESENTATION(#8829,#8819);
#8833=CARTESIAN_POINT('centre point',(2.4E0,-4.8E0,1.500754717015E-1));
#8837=CARTESIAN_POINT('',(2.4E0,-4.8E0,2.58E-1));
#8838=DIRECTION('',(0.E0,1.E0,0.E0));
#8839=DIRECTION('',(1.E0,0.E0,0.E0));
#8840=AXIS2_PLACEMENT_3D('',#8837,#8838,#8839);
#8841=ITEM_DEFINED_TRANSFORMATION('','',#1132,#8840);
#8842=(REPRESENTATION_RELATIONSHIP('','',#1133,#316)REPRESENTATION_RELATIONSHIP_WITH_TRANSFORMATION(#8841)SHAPE_REPRESENTATION_RELATIONSHIP());
#8843=CONTEXT_DEPENDENT_SHAPE_REPRESENTATION(#8842,#8832);
#8846=CARTESIAN_POINT('centre point',(3.2E0,-4.8E0,1.500754717015E-1));
#8850=CARTESIAN_POINT('',(3.2E0,-4.8E0,2.58E-1));
#8851=DIRECTION('',(0.E0,1.E0,0.E0));
#8852=DIRECTION('',(1.E0,0.E0,0.E0));
#8853=AXIS2_PLACEMENT_3D('',#8850,#8851,#8852);
#8854=ITEM_DEFINED_TRANSFORMATION('','',#1132,#8853);
#8855=(REPRESENTATION_RELATIONSHIP('','',#1133,#316)REPRESENTATION_RELATIONSHIP_WITH_TRANSFORMATION(#8854)SHAPE_REPRESENTATION_RELATIONSHIP());
#8856=CONTEXT_DEPENDENT_SHAPE_REPRESENTATION(#8855,#8845);
#8859=CARTESIAN_POINT('centre point',(4.E0,-4.8E0,1.500754717015E-1));
#8863=CARTESIAN_POINT('',(4.E0,-4.8E0,2.58E-1));
#8864=DIRECTION('',(0.E0,1.E0,0.E0));
#8865=DIRECTION('',(1.E0,0.E0,0.E0));
#8866=AXIS2_PLACEMENT_3D('',#8863,#8864,#8865);
#8867=ITEM_DEFINED_TRANSFORMATION('','',#1132,#8866);
#8868=(REPRESENTATION_RELATIONSHIP('','',#1133,#316)REPRESENTATION_RELATIONSHIP_WITH_TRANSFORMATION(#8867)SHAPE_REPRESENTATION_RELATIONSHIP());
#8869=CONTEXT_DEPENDENT_SHAPE_REPRESENTATION(#8868,#8858);
#8872=CARTESIAN_POINT('centre point',(4.8E0,-4.8E0,1.500754717015E-1));
#8876=CARTESIAN_POINT('',(4.8E0,-4.8E0,2.58E-1));
#8877=DIRECTION('',(0.E0,1.E0,0.E0));
#8878=DIRECTION('',(1.E0,0.E0,0.E0));
#8879=AXIS2_PLACEMENT_3D('',#8876,#8877,#8878);
#8880=ITEM_DEFINED_TRANSFORMATION('','',#1132,#8879);
#8881=(REPRESENTATION_RELATIONSHIP('','',#1133,#316)REPRESENTATION_RELATIONSHIP_WITH_TRANSFORMATION(#8880)SHAPE_REPRESENTATION_RELATIONSHIP());
#8882=CONTEXT_DEPENDENT_SHAPE_REPRESENTATION(#8881,#8871);
#8885=CARTESIAN_POINT('centre point',(5.6E0,-4.8E0,1.500754717015E-1));
#8889=CARTESIAN_POINT('',(5.6E0,-4.8E0,2.58E-1));
#8890=DIRECTION('',(0.E0,1.E0,0.E0));
#8891=DIRECTION('',(1.E0,0.E0,0.E0));
#8892=AXIS2_PLACEMENT_3D('',#8889,#8890,#8891);
#8893=ITEM_DEFINED_TRANSFORMATION('','',#1132,#8892);
#8894=(REPRESENTATION_RELATIONSHIP('','',#1133,#316)REPRESENTATION_RELATIONSHIP_WITH_TRANSFORMATION(#8893)SHAPE_REPRESENTATION_RELATIONSHIP());
#8895=CONTEXT_DEPENDENT_SHAPE_REPRESENTATION(#8894,#8884);
#8898=CARTESIAN_POINT('centre point',(-5.6E0,-5.6E0,1.500754717015E-1));
#8902=CARTESIAN_POINT('',(-5.6E0,-5.6E0,2.58E-1));
#8903=DIRECTION('',(0.E0,1.E0,0.E0));
#8904=DIRECTION('',(1.E0,0.E0,0.E0));
#8905=AXIS2_PLACEMENT_3D('',#8902,#8903,#8904);
#8906=ITEM_DEFINED_TRANSFORMATION('','',#1132,#8905);
#8907=(REPRESENTATION_RELATIONSHIP('','',#1133,#316)REPRESENTATION_RELATIONSHIP_WITH_TRANSFORMATION(#8906)SHAPE_REPRESENTATION_RELATIONSHIP());
#8908=CONTEXT_DEPENDENT_SHAPE_REPRESENTATION(#8907,#8897);
#8911=CARTESIAN_POINT('centre point',(-4.8E0,-5.6E0,1.500754717015E-1));
#8915=CARTESIAN_POINT('',(-4.8E0,-5.6E0,2.58E-1));
#8916=DIRECTION('',(0.E0,1.E0,0.E0));
#8917=DIRECTION('',(1.E0,0.E0,0.E0));
#8918=AXIS2_PLACEMENT_3D('',#8915,#8916,#8917);
#8919=ITEM_DEFINED_TRANSFORMATION('','',#1132,#8918);
#8920=(REPRESENTATION_RELATIONSHIP('','',#1133,#316)REPRESENTATION_RELATIONSHIP_WITH_TRANSFORMATION(#8919)SHAPE_REPRESENTATION_RELATIONSHIP());
#8921=CONTEXT_DEPENDENT_SHAPE_REPRESENTATION(#8920,#8910);
#8924=CARTESIAN_POINT('centre point',(-4.E0,-5.6E0,1.500754717015E-1));
#8928=CARTESIAN_POINT('',(-4.E0,-5.6E0,2.58E-1));
#8929=DIRECTION('',(0.E0,1.E0,0.E0));
#8930=DIRECTION('',(1.E0,0.E0,0.E0));
#8931=AXIS2_PLACEMENT_3D('',#8928,#8929,#8930);
#8932=ITEM_DEFINED_TRANSFORMATION('','',#1132,#8931);
#8933=(REPRESENTATION_RELATIONSHIP('','',#1133,#316)REPRESENTATION_RELATIONSHIP_WITH_TRANSFORMATION(#8932)SHAPE_REPRESENTATION_RELATIONSHIP());
#8934=CONTEXT_DEPENDENT_SHAPE_REPRESENTATION(#8933,#8923);
#8937=CARTESIAN_POINT('centre point',(-3.2E0,-5.6E0,1.500754717015E-1));
#8941=CARTESIAN_POINT('',(-3.2E0,-5.6E0,2.58E-1));
#8942=DIRECTION('',(0.E0,1.E0,0.E0));
#8943=DIRECTION('',(1.E0,0.E0,0.E0));
#8944=AXIS2_PLACEMENT_3D('',#8941,#8942,#8943);
#8945=ITEM_DEFINED_TRANSFORMATION('','',#1132,#8944);
#8946=(REPRESENTATION_RELATIONSHIP('','',#1133,#316)REPRESENTATION_RELATIONSHIP_WITH_TRANSFORMATION(#8945)SHAPE_REPRESENTATION_RELATIONSHIP());
#8947=CONTEXT_DEPENDENT_SHAPE_REPRESENTATION(#8946,#8936);
#8950=CARTESIAN_POINT('centre point',(-2.4E0,-5.6E0,1.500754717015E-1));
#8954=CARTESIAN_POINT('',(-2.4E0,-5.6E0,2.58E-1));
#8955=DIRECTION('',(0.E0,1.E0,0.E0));
#8956=DIRECTION('',(1.E0,0.E0,0.E0));
#8957=AXIS2_PLACEMENT_3D('',#8954,#8955,#8956);
#8958=ITEM_DEFINED_TRANSFORMATION('','',#1132,#8957);
#8959=(REPRESENTATION_RELATIONSHIP('','',#1133,#316)REPRESENTATION_RELATIONSHIP_WITH_TRANSFORMATION(#8958)SHAPE_REPRESENTATION_RELATIONSHIP());
#8960=CONTEXT_DEPENDENT_SHAPE_REPRESENTATION(#8959,#8949);
#8963=CARTESIAN_POINT('centre point',(-1.6E0,-5.6E0,1.500754717015E-1));
#8967=CARTESIAN_POINT('',(-1.6E0,-5.6E0,2.58E-1));
#8968=DIRECTION('',(0.E0,1.E0,0.E0));
#8969=DIRECTION('',(1.E0,0.E0,0.E0));
#8970=AXIS2_PLACEMENT_3D('',#8967,#8968,#8969);
#8971=ITEM_DEFINED_TRANSFORMATION('','',#1132,#8970);
#8972=(REPRESENTATION_RELATIONSHIP('','',#1133,#316)REPRESENTATION_RELATIONSHIP_WITH_TRANSFORMATION(#8971)SHAPE_REPRESENTATION_RELATIONSHIP());
#8973=CONTEXT_DEPENDENT_SHAPE_REPRESENTATION(#8972,#8962);
#8976=CARTESIAN_POINT('centre point',(-8.E-1,-5.6E0,1.500754717015E-1));
#8980=CARTESIAN_POINT('',(-8.E-1,-5.6E0,2.58E-1));
#8981=DIRECTION('',(0.E0,1.E0,0.E0));
#8982=DIRECTION('',(1.E0,0.E0,0.E0));
#8983=AXIS2_PLACEMENT_3D('',#8980,#8981,#8982);
#8984=ITEM_DEFINED_TRANSFORMATION('','',#1132,#8983);
#8985=(REPRESENTATION_RELATIONSHIP('','',#1133,#316)REPRESENTATION_RELATIONSHIP_WITH_TRANSFORMATION(#8984)SHAPE_REPRESENTATION_RELATIONSHIP());
#8986=CONTEXT_DEPENDENT_SHAPE_REPRESENTATION(#8985,#8975);
#8989=CARTESIAN_POINT('centre point',(0.E0,-5.6E0,1.500754717015E-1));
#8993=CARTESIAN_POINT('',(0.E0,-5.6E0,2.58E-1));
#8994=DIRECTION('',(0.E0,1.E0,0.E0));
#8995=DIRECTION('',(1.E0,0.E0,0.E0));
#8996=AXIS2_PLACEMENT_3D('',#8993,#8994,#8995);
#8997=ITEM_DEFINED_TRANSFORMATION('','',#1132,#8996);
#8998=(REPRESENTATION_RELATIONSHIP('','',#1133,#316)REPRESENTATION_RELATIONSHIP_WITH_TRANSFORMATION(#8997)SHAPE_REPRESENTATION_RELATIONSHIP());
#8999=CONTEXT_DEPENDENT_SHAPE_REPRESENTATION(#8998,#8988);
#9002=CARTESIAN_POINT('centre point',(8.E-1,-5.6E0,1.500754717015E-1));
#9006=CARTESIAN_POINT('',(8.E-1,-5.6E0,2.58E-1));
#9007=DIRECTION('',(0.E0,1.E0,0.E0));
#9008=DIRECTION('',(1.E0,0.E0,0.E0));
#9009=AXIS2_PLACEMENT_3D('',#9006,#9007,#9008);
#9010=ITEM_DEFINED_TRANSFORMATION('','',#1132,#9009);
#9011=(REPRESENTATION_RELATIONSHIP('','',#1133,#316)REPRESENTATION_RELATIONSHIP_WITH_TRANSFORMATION(#9010)SHAPE_REPRESENTATION_RELATIONSHIP());
#9012=CONTEXT_DEPENDENT_SHAPE_REPRESENTATION(#9011,#9001);
#9015=CARTESIAN_POINT('centre point',(1.6E0,-5.6E0,1.500754717015E-1));
#9019=CARTESIAN_POINT('',(1.6E0,-5.6E0,2.58E-1));
#9020=DIRECTION('',(0.E0,1.E0,0.E0));
#9021=DIRECTION('',(1.E0,0.E0,0.E0));
#9022=AXIS2_PLACEMENT_3D('',#9019,#9020,#9021);
#9023=ITEM_DEFINED_TRANSFORMATION('','',#1132,#9022);
#9024=(REPRESENTATION_RELATIONSHIP('','',#1133,#316)REPRESENTATION_RELATIONSHIP_WITH_TRANSFORMATION(#9023)SHAPE_REPRESENTATION_RELATIONSHIP());
#9025=CONTEXT_DEPENDENT_SHAPE_REPRESENTATION(#9024,#9014);
#9028=CARTESIAN_POINT('centre point',(2.4E0,-5.6E0,1.500754717015E-1));
#9032=CARTESIAN_POINT('',(2.4E0,-5.6E0,2.58E-1));
#9033=DIRECTION('',(0.E0,1.E0,0.E0));
#9034=DIRECTION('',(1.E0,0.E0,0.E0));
#9035=AXIS2_PLACEMENT_3D('',#9032,#9033,#9034);
#9036=ITEM_DEFINED_TRANSFORMATION('','',#1132,#9035);
#9037=(REPRESENTATION_RELATIONSHIP('','',#1133,#316)REPRESENTATION_RELATIONSHIP_WITH_TRANSFORMATION(#9036)SHAPE_REPRESENTATION_RELATIONSHIP());
#9038=CONTEXT_DEPENDENT_SHAPE_REPRESENTATION(#9037,#9027);
#9041=CARTESIAN_POINT('centre point',(3.2E0,-5.6E0,1.500754717015E-1));
#9045=CARTESIAN_POINT('',(3.2E0,-5.6E0,2.58E-1));
#9046=DIRECTION('',(0.E0,1.E0,0.E0));
#9047=DIRECTION('',(1.E0,0.E0,0.E0));
#9048=AXIS2_PLACEMENT_3D('',#9045,#9046,#9047);
#9049=ITEM_DEFINED_TRANSFORMATION('','',#1132,#9048);
#9050=(REPRESENTATION_RELATIONSHIP('','',#1133,#316)REPRESENTATION_RELATIONSHIP_WITH_TRANSFORMATION(#9049)SHAPE_REPRESENTATION_RELATIONSHIP());
#9051=CONTEXT_DEPENDENT_SHAPE_REPRESENTATION(#9050,#9040);
#9054=CARTESIAN_POINT('centre point',(4.E0,-5.6E0,1.500754717015E-1));
#9058=CARTESIAN_POINT('',(4.E0,-5.6E0,2.58E-1));
#9059=DIRECTION('',(0.E0,1.E0,0.E0));
#9060=DIRECTION('',(1.E0,0.E0,0.E0));
#9061=AXIS2_PLACEMENT_3D('',#9058,#9059,#9060);
#9062=ITEM_DEFINED_TRANSFORMATION('','',#1132,#9061);
#9063=(REPRESENTATION_RELATIONSHIP('','',#1133,#316)REPRESENTATION_RELATIONSHIP_WITH_TRANSFORMATION(#9062)SHAPE_REPRESENTATION_RELATIONSHIP());
#9064=CONTEXT_DEPENDENT_SHAPE_REPRESENTATION(#9063,#9053);
#9067=CARTESIAN_POINT('centre point',(4.8E0,-5.6E0,1.500754717015E-1));
#9071=CARTESIAN_POINT('',(4.8E0,-5.6E0,2.58E-1));
#9072=DIRECTION('',(0.E0,1.E0,0.E0));
#9073=DIRECTION('',(1.E0,0.E0,0.E0));
#9074=AXIS2_PLACEMENT_3D('',#9071,#9072,#9073);
#9075=ITEM_DEFINED_TRANSFORMATION('','',#1132,#9074);
#9076=(REPRESENTATION_RELATIONSHIP('','',#1133,#316)REPRESENTATION_RELATIONSHIP_WITH_TRANSFORMATION(#9075)SHAPE_REPRESENTATION_RELATIONSHIP());
#9077=CONTEXT_DEPENDENT_SHAPE_REPRESENTATION(#9076,#9066);
#9080=CARTESIAN_POINT('centre point',(5.6E0,-5.6E0,1.500754717015E-1));
#9084=CARTESIAN_POINT('',(5.6E0,-5.6E0,2.58E-1));
#9085=DIRECTION('',(0.E0,1.E0,0.E0));
#9086=DIRECTION('',(1.E0,0.E0,0.E0));
#9087=AXIS2_PLACEMENT_3D('',#9084,#9085,#9086);
#9088=ITEM_DEFINED_TRANSFORMATION('','',#1132,#9087);
#9089=(REPRESENTATION_RELATIONSHIP('','',#1133,#316)REPRESENTATION_RELATIONSHIP_WITH_TRANSFORMATION(#9088)SHAPE_REPRESENTATION_RELATIONSHIP());
#9090=CONTEXT_DEPENDENT_SHAPE_REPRESENTATION(#9089,#9079);
#9093=PLANE_ANGLE_MEASURE_WITH_UNIT(PLANE_ANGLE_MEASURE(1.745329251994E-2),
#9092);
#9094=(CONVERSION_BASED_UNIT('DEGREE',#9093)NAMED_UNIT(*)PLANE_ANGLE_UNIT());
#9096=UNCERTAINTY_MEASURE_WITH_UNIT(LENGTH_MEASURE(5.628939957994E-4),#9091,
'distance_accuracy_value',
'Maximum model space distance between geometric entities at asserted connectivities');
#9098=CARTESIAN_POINT('',(0.E0,0.E0,0.E0));
#9099=DIRECTION('',(0.E0,0.E0,1.E0));
#9100=DIRECTION('',(1.E0,0.E0,0.E0));
#9103=PRODUCT_CONTEXT('',#233,'mechanical');
#9104=PRODUCT('PIN1_AREA','PIN1_AREA','NOT SPECIFIED',(#9103));
#9105=PRODUCT_DEFINITION_FORMATION('28','LAST_VERSION',#9104);
#9110=GENERAL_PROPERTY('','DESCRIPTION','user defined attribute');
#9111=GENERAL_PROPERTY_ASSOCIATION('user defined attribute','',#9110,#9109);
#9112=DESCRIPTIVE_REPRESENTATION_ITEM('DESCRIPTION','');
#9116=GENERAL_PROPERTY('','MODELED_BY','user defined attribute');
#9117=GENERAL_PROPERTY_ASSOCIATION('user defined attribute','',#9116,#9115);
#9118=DESCRIPTIVE_REPRESENTATION_ITEM('MODELED_BY','');
#9122=GENERAL_PROPERTY('','REV','user defined attribute');
#9123=GENERAL_PROPERTY_ASSOCIATION('user defined attribute','',#9122,#9121);
#9124=DESCRIPTIVE_REPRESENTATION_ITEM('REV','');
#9128=GENERAL_PROPERTY('','TITLE','user defined attribute');
#9129=GENERAL_PROPERTY_ASSOCIATION('user defined attribute','',#9128,#9127);
#9131=GENERAL_PROPERTY('','DWG_NO','user defined attribute');
#9132=GENERAL_PROPERTY_ASSOCIATION('user defined attribute','',#9131,#9130);
#9133=DESCRIPTIVE_REPRESENTATION_ITEM('DWG_NO','');
#9137=GENERAL_PROPERTY('','AUTHOR','user defined attribute');
#9138=GENERAL_PROPERTY_ASSOCIATION('user defined attribute','',#9137,#9136);
#9139=DESCRIPTIVE_REPRESENTATION_ITEM('AUTHOR','');
#9143=GENERAL_PROPERTY('','DATE','user defined attribute');
#9144=GENERAL_PROPERTY_ASSOCIATION('user defined attribute','',#9143,#9142);
#9145=DESCRIPTIVE_REPRESENTATION_ITEM('DATE','');
#9149=GENERAL_PROPERTY('','DESIGNER','user defined attribute');
#9150=GENERAL_PROPERTY_ASSOCIATION('user defined attribute','',#9149,#9148);
#9151=DESCRIPTIVE_REPRESENTATION_ITEM('DESIGNER','');
#9155=GENERAL_PROPERTY('','DES_DATE','user defined attribute');
#9156=GENERAL_PROPERTY_ASSOCIATION('user defined attribute','',#9155,#9154);
#9157=DESCRIPTIVE_REPRESENTATION_ITEM('DES_DATE','');
#9161=GENERAL_PROPERTY('','DCHK','user defined attribute');
#9162=GENERAL_PROPERTY_ASSOCIATION('user defined attribute','',#9161,#9160);
#9163=DESCRIPTIVE_REPRESENTATION_ITEM('DCHK','');
#9167=GENERAL_PROPERTY('','DCHK_DATE','user defined attribute');
#9168=GENERAL_PROPERTY_ASSOCIATION('user defined attribute','',#9167,#9166);
#9169=DESCRIPTIVE_REPRESENTATION_ITEM('DCHK_DATE','');
#9173=GENERAL_PROPERTY('','ECHK','user defined attribute');
#9174=GENERAL_PROPERTY_ASSOCIATION('user defined attribute','',#9173,#9172);
#9175=DESCRIPTIVE_REPRESENTATION_ITEM('ECHK','');
#9179=GENERAL_PROPERTY('','ECHK_DATE','user defined attribute');
#9180=GENERAL_PROPERTY_ASSOCIATION('user defined attribute','',#9179,#9178);
#9181=DESCRIPTIVE_REPRESENTATION_ITEM('ECHK_DATE','');
#9185=GENERAL_PROPERTY('','APPROVER','user defined attribute');
#9186=GENERAL_PROPERTY_ASSOCIATION('user defined attribute','',#9185,#9184);
#9187=DESCRIPTIVE_REPRESENTATION_ITEM('APPROVER','');
#9191=GENERAL_PROPERTY('','APP_DATE','user defined attribute');
#9192=GENERAL_PROPERTY_ASSOCIATION('user defined attribute','',#9191,#9190);
#9193=DESCRIPTIVE_REPRESENTATION_ITEM('APP_DATE','');
#9197=GENERAL_PROPERTY('','RELEASED','user defined attribute');
#9198=GENERAL_PROPERTY_ASSOCIATION('user defined attribute','',#9197,#9196);
#9199=DESCRIPTIVE_REPRESENTATION_ITEM('RELEASED','');
#9203=GENERAL_PROPERTY('','REL_DATE','user defined attribute');
#9204=GENERAL_PROPERTY_ASSOCIATION('user defined attribute','',#9203,#9202);
#9205=DESCRIPTIVE_REPRESENTATION_ITEM('REL_DATE','');
#9209=GENERAL_PROPERTY('','ASSY1','user defined attribute');
#9210=GENERAL_PROPERTY_ASSOCIATION('user defined attribute','',#9209,#9208);
#9211=DESCRIPTIVE_REPRESENTATION_ITEM('ASSY1','');
#9215=GENERAL_PROPERTY('','ASSY2','user defined attribute');
#9216=GENERAL_PROPERTY_ASSOCIATION('user defined attribute','',#9215,#9214);
#9217=DESCRIPTIVE_REPRESENTATION_ITEM('ASSY2','');
#9221=GENERAL_PROPERTY('','ASSY3','user defined attribute');
#9222=GENERAL_PROPERTY_ASSOCIATION('user defined attribute','',#9221,#9220);
#9223=DESCRIPTIVE_REPRESENTATION_ITEM('ASSY3','');
#9227=GENERAL_PROPERTY('','ASSY4','user defined attribute');
#9228=GENERAL_PROPERTY_ASSOCIATION('user defined attribute','',#9227,#9226);
#9229=DESCRIPTIVE_REPRESENTATION_ITEM('ASSY4','');
#9233=GENERAL_PROPERTY('','MATERIAL','user defined attribute');
#9234=GENERAL_PROPERTY_ASSOCIATION('user defined attribute','',#9233,#9232);
#9236=GENERAL_PROPERTY('','PROCESSES','user defined attribute');
#9237=GENERAL_PROPERTY_ASSOCIATION('user defined attribute','',#9236,#9235);
#9239=GENERAL_PROPERTY('','TOLX_MM','user defined attribute');
#9240=GENERAL_PROPERTY_ASSOCIATION('user defined attribute','',#9239,#9238);
#9241=DESCRIPTIVE_REPRESENTATION_ITEM('TOLX_MM','');
#9245=GENERAL_PROPERTY('','TOLXX_MM','user defined attribute');
#9246=GENERAL_PROPERTY_ASSOCIATION('user defined attribute','',#9245,#9244);
#9247=DESCRIPTIVE_REPRESENTATION_ITEM('TOLXX_MM','');
#9251=GENERAL_PROPERTY('','TOLXXX_MM','user defined attribute');
#9252=GENERAL_PROPERTY_ASSOCIATION('user defined attribute','',#9251,#9250);
#9253=DESCRIPTIVE_REPRESENTATION_ITEM('TOLXXX_MM','');
#9257=GENERAL_PROPERTY('','TOLX_IN','user defined attribute');
#9258=GENERAL_PROPERTY_ASSOCIATION('user defined attribute','',#9257,#9256);
#9259=DESCRIPTIVE_REPRESENTATION_ITEM('TOLX_IN','');
#9263=GENERAL_PROPERTY('','TOLXX_IN','user defined attribute');
#9264=GENERAL_PROPERTY_ASSOCIATION('user defined attribute','',#9263,#9262);
#9265=DESCRIPTIVE_REPRESENTATION_ITEM('TOLXX_IN','');
#9269=GENERAL_PROPERTY('','TOLXXX_IN','user defined attribute');
#9270=GENERAL_PROPERTY_ASSOCIATION('user defined attribute','',#9269,#9268);
#9271=DESCRIPTIVE_REPRESENTATION_ITEM('TOLXXX_IN','');
#9275=GENERAL_PROPERTY('','TOLXXXX_IN','user defined attribute');
#9276=GENERAL_PROPERTY_ASSOCIATION('user defined attribute','',#9275,#9274);
#9277=DESCRIPTIVE_REPRESENTATION_ITEM('TOLXXXX_IN','');
#9282=CARTESIAN_POINT('',(0.E0,0.E0,1.2E0));
#9283=DIRECTION('',(0.E0,-1.E0,0.E0));
#9284=DIRECTION('',(1.E0,0.E0,0.E0));
#9285=AXIS2_PLACEMENT_3D('',#9282,#9283,#9284);
#9286=ITEM_DEFINED_TRANSFORMATION('','',#9101,#9285);
#9287=(REPRESENTATION_RELATIONSHIP('','',#9102,#316)REPRESENTATION_RELATIONSHIP_WITH_TRANSFORMATION(#9286)SHAPE_REPRESENTATION_RELATIONSHIP());
#9288=CONTEXT_DEPENDENT_SHAPE_REPRESENTATION(#9287,#9281);
#9291=PLANE_ANGLE_MEASURE_WITH_UNIT(PLANE_ANGLE_MEASURE(1.745329251994E-2),
#9290);
#9292=(CONVERSION_BASED_UNIT('DEGREE',#9291)NAMED_UNIT(*)PLANE_ANGLE_UNIT());
#9294=UNCERTAINTY_MEASURE_WITH_UNIT(LENGTH_MEASURE(1.866908180810E-3),#9289,
'distance_accuracy_value',
'Maximum model space distance between geometric entities at asserted connectivities');
#9296=CARTESIAN_POINT('',(0.E0,0.E0,0.E0));
#9297=DIRECTION('',(0.E0,0.E0,1.E0));
#9298=DIRECTION('',(1.E0,0.E0,0.E0));
#9300=MECHANICAL_DESIGN_GEOMETRIC_PRESENTATION_REPRESENTATION('',(#35,#42,#49,
#56,#63,#70,#77,#84,#91,#98,#105,#112,#27,#337,#344,#351,#358,#365,#372,#379,
#386,#393,#400,#407,#414,#458,#330,#645,#652,#659,#666,#673,#680,#687,#694,#701,
#708,#715,#722,#729,#736,#743,#750,#757,#764,#771,#778,#785,#638,#1047,#1055,
#1063,#1071,#1039,#2542,#2550,#2558,#2566,#2534,#2719,#2727,#2735,#2743,#2711,
#2895,#2903,#2911,#2919,#2887,#3072,#3080,#3088,#3096,#3064,#3248,#3256,#3264,
#3272,#3240,#3628,#3636,#3644,#3652,#3620,#3804,#3812,#3820,#3828,#3796,#3981,
#3989,#3997,#4005,#3973,#4157,#4165,#4173,#4181,#4149,#4334,#4342,#4350,#4358,
#4326,#4713,#4721,#4729,#4737,#4705,#4890,#4898,#4906,#4914,#4882,#5066,#5074,
#5082,#5090,#5058,#5243,#5251,#5259,#5267,#5235,#5419,#5427,#5435,#5443,#5411,
#5799,#5807,#5815,#5823,#5791,#5975,#5983,#5991,#5999,#5967,#6152,#6160,#6168,
#6176,#6144,#6328,#6336,#6344,#6352,#6320,#6505,#6513,#6521,#6529,#6497,#6884,
#6892,#6900,#6908,#6876,#7061,#7069,#7077,#7085,#7053,#7237,#7245,#7253,#7261,
#7229,#7414,#7422,#7430,#7438,#7406,#7590,#7598,#7606,#7614,#7582),#9295);
#9301=PRODUCT_DEFINITION_CONTEXT('part definition',#233,'design');
#9302=PRODUCT_CONTEXT('',#233,'mechanical');
#9303=PRODUCT('ZEZ0201A_ASM','ZEZ0201A_ASM','NOT SPECIFIED',(#9302));
#9304=PRODUCT_DEFINITION_FORMATION('120','LAST_VERSION',#9303);
#9307=DERIVED_UNIT_ELEMENT(#9306,2.E0);
#9308=DERIVED_UNIT((#9307));
#9309=MEASURE_REPRESENTATION_ITEM('surface area measure',AREA_MEASURE(
1.135162245220E3),#9308);
#9314=DERIVED_UNIT_ELEMENT(#9313,3.E0);
#9315=DERIVED_UNIT((#9314));
#9316=MEASURE_REPRESENTATION_ITEM('volume measure',VOLUME_MEASURE(
1.629685963834E2),#9315);
#9320=CARTESIAN_POINT('centre point',(2.422501484507E-6,-2.422501484510E-6,
7.156054099448E-1));
#9324=PRODUCT_RELATED_PRODUCT_CATEGORY('part','',(#9303,#237,#548,#975,#1135,
#2048,#2097,#2147,#2196,#2246,#2295,#2345,#2498,#2631,#2807,#2984,#3160,#3337,
#3430,#3584,#3716,#3893,#4069,#4246,#4422,#4516,#4669,#4802,#4978,#5155,#5331,
#5508,#5601,#5755,#5887,#6064,#6240,#6417,#6593,#6687,#6840,#6973,#7149,#7326,
#7502,#7679,#7772,#7926,#7975,#8025,#8074,#8124,#8173,#8223,#9104));
#9326=GENERAL_PROPERTY('','DESCRIPTION','user defined attribute');
#9327=GENERAL_PROPERTY_ASSOCIATION('user defined attribute','',#9326,#9325);
#9328=DESCRIPTIVE_REPRESENTATION_ITEM('DESCRIPTION','');
#9332=GENERAL_PROPERTY('','MODELED_BY','user defined attribute');
#9333=GENERAL_PROPERTY_ASSOCIATION('user defined attribute','',#9332,#9331);
#9334=DESCRIPTIVE_REPRESENTATION_ITEM('MODELED_BY','');
#9338=GENERAL_PROPERTY('','REV','user defined attribute');
#9339=GENERAL_PROPERTY_ASSOCIATION('user defined attribute','',#9338,#9337);
#9340=DESCRIPTIVE_REPRESENTATION_ITEM('REV','A');
#9344=GENERAL_PROPERTY('','TITLE','user defined attribute');
#9345=GENERAL_PROPERTY_ASSOCIATION('user defined attribute','',#9344,#9343);
#9347=GENERAL_PROPERTY('','DWG_NO','user defined attribute');
#9348=GENERAL_PROPERTY_ASSOCIATION('user defined attribute','',#9347,#9346);
#9349=DESCRIPTIVE_REPRESENTATION_ITEM('DWG_NO','4221521');
#9353=GENERAL_PROPERTY('','AUTHOR','user defined attribute');
#9354=GENERAL_PROPERTY_ASSOCIATION('user defined attribute','',#9353,#9352);
#9355=DESCRIPTIVE_REPRESENTATION_ITEM('AUTHOR','T. LEQUANG');
#9359=GENERAL_PROPERTY('','DATE','user defined attribute');
#9360=GENERAL_PROPERTY_ASSOCIATION('user defined attribute','',#9359,#9358);
#9361=DESCRIPTIVE_REPRESENTATION_ITEM('DATE','03/26/2015');
#9365=GENERAL_PROPERTY('','DESIGNER','user defined attribute');
#9366=GENERAL_PROPERTY_ASSOCIATION('user defined attribute','',#9365,#9364);
#9367=DESCRIPTIVE_REPRESENTATION_ITEM('DESIGNER','');
#9371=GENERAL_PROPERTY('','DES_DATE','user defined attribute');
#9372=GENERAL_PROPERTY_ASSOCIATION('user defined attribute','',#9371,#9370);
#9373=DESCRIPTIVE_REPRESENTATION_ITEM('DES_DATE','');
#9377=GENERAL_PROPERTY('','DCHK','user defined attribute');
#9378=GENERAL_PROPERTY_ASSOCIATION('user defined attribute','',#9377,#9376);
#9379=DESCRIPTIVE_REPRESENTATION_ITEM('DCHK','K. SINCERBOX & V. PAKU');
#9383=GENERAL_PROPERTY('','DCHK_DATE','user defined attribute');
#9384=GENERAL_PROPERTY_ASSOCIATION('user defined attribute','',#9383,#9382);
#9385=DESCRIPTIVE_REPRESENTATION_ITEM('DCHK_DATE','03/26/2015');
#9389=GENERAL_PROPERTY('','ECHK','user defined attribute');
#9390=GENERAL_PROPERTY_ASSOCIATION('user defined attribute','',#9389,#9388);
#9391=DESCRIPTIVE_REPRESENTATION_ITEM('ECHK','M. AVERY');
#9395=GENERAL_PROPERTY('','ECHK_DATE','user defined attribute');
#9396=GENERAL_PROPERTY_ASSOCIATION('user defined attribute','',#9395,#9394);
#9397=DESCRIPTIVE_REPRESENTATION_ITEM('ECHK_DATE','03/26/2015');
#9401=GENERAL_PROPERTY('','APPROVER','user defined attribute');
#9402=GENERAL_PROPERTY_ASSOCIATION('user defined attribute','',#9401,#9400);
#9403=DESCRIPTIVE_REPRESENTATION_ITEM('APPROVER','J. HOLLOWAY & E. REY');
#9407=GENERAL_PROPERTY('','APP_DATE','user defined attribute');
#9408=GENERAL_PROPERTY_ASSOCIATION('user defined attribute','',#9407,#9406);
#9409=DESCRIPTIVE_REPRESENTATION_ITEM('APP_DATE','03/26/2015');
#9413=GENERAL_PROPERTY('','RELEASED','user defined attribute');
#9414=GENERAL_PROPERTY_ASSOCIATION('user defined attribute','',#9413,#9412);
#9415=DESCRIPTIVE_REPRESENTATION_ITEM('RELEASED','WDM');
#9419=GENERAL_PROPERTY('','REL_DATE','user defined attribute');
#9420=GENERAL_PROPERTY_ASSOCIATION('user defined attribute','',#9419,#9418);
#9421=DESCRIPTIVE_REPRESENTATION_ITEM('REL_DATE','03/26/2015');
#9425=GENERAL_PROPERTY('','DESG','user defined attribute');
#9426=GENERAL_PROPERTY_ASSOCIATION('user defined attribute','',#9425,#9424);
#9427=DESCRIPTIVE_REPRESENTATION_ITEM('DESG','ZEZ0201A');
#9431=GENERAL_PROPERTY('','INDUSTRY_NAME','user defined attribute');
#9432=GENERAL_PROPERTY_ASSOCIATION('user defined attribute','',#9431,#9430);
#9433=DESCRIPTIVE_REPRESENTATION_ITEM('INDUSTRY_NAME',
'PLASTIC BALL GRID ARRAY');
#9437=GENERAL_PROPERTY('','TI_PACKAGE_NAME','user defined attribute');
#9438=GENERAL_PROPERTY_ASSOCIATION('user defined attribute','',#9437,#9436);
#9439=DESCRIPTIVE_REPRESENTATION_ITEM('TI_PACKAGE_NAME',
'NFBGA - 1 mm max height');
#9443=GENERAL_PROPERTY('','BALL_COUNT','user defined attribute');
#9444=GENERAL_PROPERTY_ASSOCIATION('user defined attribute','',#9443,#9442);
#9445=VALUE_REPRESENTATION_ITEM('BALL_COUNT',COUNT_MEASURE(201));
#9448=DESCRIPTIVE_REPRESENTATION_ITEM('attribute description','Integer');
#9453=GENERAL_PROPERTY('','PITCH','user defined attribute');
#9454=GENERAL_PROPERTY_ASSOCIATION('user defined attribute','',#9453,#9452);
#9455=DESCRIPTIVE_REPRESENTATION_ITEM('PITCH','0.8 MM');
#9459=GENERAL_PROPERTY('','MAX_PKG_HEIGHT','user defined attribute');
#9460=GENERAL_PROPERTY_ASSOCIATION('user defined attribute','',#9459,#9458);
#9461=VALUE_REPRESENTATION_ITEM('MAX_PKG_HEIGHT',NUMERIC_MEASURE(1.E0));
#9464=DESCRIPTIVE_REPRESENTATION_ITEM('attribute description','Real Number');
#9469=GENERAL_PROPERTY('','STENCIL_OPENING','user defined attribute');
#9470=GENERAL_PROPERTY_ASSOCIATION('user defined attribute','',#9469,#9468);
#9471=VALUE_REPRESENTATION_ITEM('STENCIL_OPENING',NUMERIC_MEASURE(4.E-1));
#9474=DESCRIPTIVE_REPRESENTATION_ITEM('attribute description','Real Number');
#9479=GENERAL_PROPERTY('','FOOTPRINT_PAD','user defined attribute');
#9480=GENERAL_PROPERTY_ASSOCIATION('user defined attribute','',#9479,#9478);
#9481=VALUE_REPRESENTATION_ITEM('FOOTPRINT_PAD',NUMERIC_MEASURE(4.E-1));
#9484=DESCRIPTIVE_REPRESENTATION_ITEM('attribute description','Real Number');
#9489=GENERAL_PROPERTY('','FOOTPRINT_PAD_DIA','user defined attribute');
#9490=GENERAL_PROPERTY_ASSOCIATION('user defined attribute','',#9489,#9488);
#9491=VALUE_REPRESENTATION_ITEM('FOOTPRINT_PAD_DIA',NUMERIC_MEASURE(4.E-1));
#9494=DESCRIPTIVE_REPRESENTATION_ITEM('attribute description','Real Number');
#9499=GENERAL_PROPERTY('','D','user defined attribute');
#9500=GENERAL_PROPERTY_ASSOCIATION('user defined attribute','',#9499,#9498);
#9501=VALUE_REPRESENTATION_ITEM('D',NUMERIC_MEASURE(1.3E1));
#9504=DESCRIPTIVE_REPRESENTATION_ITEM('attribute description','Real Number');
#9509=GENERAL_PROPERTY('','E','user defined attribute');
#9510=GENERAL_PROPERTY_ASSOCIATION('user defined attribute','',#9509,#9508);
#9511=VALUE_REPRESENTATION_ITEM('E',NUMERIC_MEASURE(1.3E1));
#9514=DESCRIPTIVE_REPRESENTATION_ITEM('attribute description','Real Number');
#9519=GENERAL_PROPERTY('','PKG_NAME','user defined attribute');
#9520=GENERAL_PROPERTY_ASSOCIATION('user defined attribute','',#9519,#9518);
#9521=DESCRIPTIVE_REPRESENTATION_ITEM('PKG_NAME','NFBGA');
#9525=GENERAL_PROPERTY('','MM_YYYY','user defined attribute');
#9526=GENERAL_PROPERTY_ASSOCIATION('user defined attribute','',#9525,#9524);
#9527=DESCRIPTIVE_REPRESENTATION_ITEM('MM_YYYY','03/2015');
#9531=GENERAL_PROPERTY('','A_MAX','user defined attribute');
#9532=GENERAL_PROPERTY_ASSOCIATION('user defined attribute','',#9531,#9530);
#9533=VALUE_REPRESENTATION_ITEM('A_MAX',NUMERIC_MEASURE(1.E0));
#9536=DESCRIPTIVE_REPRESENTATION_ITEM('attribute description','Real Number');
#1=COLOUR_RGB('',0.E0,4.3E-1,1.E0);
#2=COLOUR_RGB('',0.E0,6.6E-1,0.E0);
#3=COLOUR_RGB('',1.29412E-1,5.E-2,1.E-1);
#4=COLOUR_RGB('',1.80392E-1,2.7451E-1,9.8039E-2);
#5=COLOUR_RGB('',2.54902E-1,5.4902E-1,0.E0);
#6=COLOUR_RGB('',2.7451E-1,2.7451E-1,2.7451E-1);
#7=COLOUR_RGB('',3.E-1,1.29412E-1,2.5098E-1);
#8=COLOUR_RGB('',3.13725E-1,3.13725E-1,3.13725E-1);
#9=COLOUR_RGB('',3.5E-1,3.5E-1,3.5E-1);
#10=COLOUR_RGB('',3.92157E-1,3.92157E-1,3.92157E-1);
#11=COLOUR_RGB('',5.7E-1,0.E0,1.E0);
#12=COLOUR_RGB('',5.9E-1,3.E-1,0.E0);
#13=COLOUR_RGB('',6.E-1,6.E-1,6.E-1);
#14=COLOUR_RGB('',6.9E-1,0.E0,0.E0);
#15=COLOUR_RGB('',6.952E-1,7.426E-1,7.9E-1);
#16=COLOUR_RGB('',7.E-1,7.E-1,7.E-1);
#17=COLOUR_RGB('',7.45098E-1,3.92157E-1,2.94118E-1);
#18=COLOUR_RGB('',8.27451E-1,3.29412E-1,7.0588E-2);
#19=COLOUR_RGB('',8.39216E-1,8.90196E-1,7.68627E-1);
#20=COLOUR_RGB('',8.7E-1,7.5E-1,4.9E-1);
#21=COLOUR_RGB('',8.9E-1,9.2E-1,9.4E-1);
#22=COLOUR_RGB('',9.80392E-1,9.80392E-1,9.80392E-1);
#23=COLOUR_RGB('',9.9E-1,1.E0,0.E0);
#24=COLOUR_RGB('',1.E0,5.E-1,0.E0);
#25=COLOUR_RGB('',1.E0,7.84314E-1,0.E0);
#26=DRAUGHTING_PRE_DEFINED_COLOUR('white');
#134=EDGE_CURVE('',#115,#116,#31,.T.);
#136=EDGE_CURVE('',#116,#118,#39,.T.);
#138=EDGE_CURVE('',#118,#120,#46,.T.);
#140=EDGE_CURVE('',#120,#115,#53,.T.);
#144=ADVANCED_FACE('',(#143),#133,.F.);
#151=EDGE_CURVE('',#115,#123,#60,.T.);
#153=EDGE_CURVE('',#123,#124,#88,.T.);
#155=EDGE_CURVE('',#116,#124,#81,.T.);
#159=ADVANCED_FACE('',(#158),#149,.T.);
#166=EDGE_CURVE('',#120,#128,#67,.T.);
#168=EDGE_CURVE('',#128,#123,#95,.T.);
#173=ADVANCED_FACE('',(#172),#164,.T.);
#180=EDGE_CURVE('',#118,#126,#74,.T.);
#182=EDGE_CURVE('',#126,#128,#102,.T.);
#187=ADVANCED_FACE('',(#186),#178,.T.);
#195=EDGE_CURVE('',#124,#126,#109,.T.);
#200=ADVANCED_FACE('',(#199),#192,.T.);
#212=ADVANCED_FACE('',(#211),#205,.T.);
#221=(LENGTH_UNIT()NAMED_UNIT(*)SI_UNIT(.MILLI.,.METRE.));
#222=(NAMED_UNIT(*)PLANE_ANGLE_UNIT()SI_UNIT($,.RADIAN.));
#225=(NAMED_UNIT(*)SI_UNIT($,.STERADIAN.)SOLID_ANGLE_UNIT());
#227=(GEOMETRIC_REPRESENTATION_CONTEXT(3)GLOBAL_UNCERTAINTY_ASSIGNED_CONTEXT((
#226))GLOBAL_UNIT_ASSIGNED_CONTEXT((#221,#224,#225))REPRESENTATION_CONTEXT
('ID1','3'));
#231=AXIS2_PLACEMENT_3D('',#228,#229,#230);
#232=ADVANCED_BREP_SHAPE_REPRESENTATION('',(#231,#214),#227);
#239=PRODUCT_DEFINITION('part definition','',#238,#235);
#240=PRODUCT_DEFINITION_SHAPE('','SHAPE FOR BODY.',#239);
#241=SHAPE_ASPECT('','solid data associated with BODY',#240,.F.);
#242=PROPERTY_DEFINITION('',
'shape for solid data with which properties are associated',#241);
#243=SHAPE_REPRESENTATION('',(#214),#227);
#244=SHAPE_DEFINITION_REPRESENTATION(#242,#243);
#245=(LENGTH_UNIT()NAMED_UNIT(*)SI_UNIT(.MILLI.,.METRE.));
#249=PROPERTY_DEFINITION('geometric validation property','area of BODY',#241);
#250=REPRESENTATION('surface area',(#248),#227);
#251=PROPERTY_DEFINITION_REPRESENTATION(#249,#250);
#252=(LENGTH_UNIT()NAMED_UNIT(*)SI_UNIT(.MILLI.,.METRE.));
#256=PROPERTY_DEFINITION('geometric validation property','volume of BODY',#241);
#257=REPRESENTATION('volume',(#255),#227);
#258=PROPERTY_DEFINITION_REPRESENTATION(#256,#257);
#260=PROPERTY_DEFINITION('geometric validation property','centroid of BODY',
#241);
#261=REPRESENTATION('centroid',(#259),#227);
#262=PROPERTY_DEFINITION_REPRESENTATION(#260,#261);
#263=(LENGTH_UNIT()NAMED_UNIT(*)SI_UNIT(.MILLI.,.METRE.));
#267=PROPERTY_DEFINITION('geometric validation property','area of BODY',#240);
#268=REPRESENTATION('surface area',(#266),#227);
#269=PROPERTY_DEFINITION_REPRESENTATION(#267,#268);
#270=(LENGTH_UNIT()NAMED_UNIT(*)SI_UNIT(.MILLI.,.METRE.));
#274=PROPERTY_DEFINITION('geometric validation property','volume of BODY',#240);
#275=REPRESENTATION('volume',(#273),#227);
#276=PROPERTY_DEFINITION_REPRESENTATION(#274,#275);
#278=PROPERTY_DEFINITION('geometric validation property','centroid of BODY',
#240);
#279=REPRESENTATION('centroid',(#277),#227);
#280=PROPERTY_DEFINITION_REPRESENTATION(#278,#279);
#281=SHAPE_DEFINITION_REPRESENTATION(#240,#232);
#282=PROPERTY_DEFINITION('DESCRIPTION','user defined attribute',#239);
#286=REPRESENTATION('',(#285),#227);
#287=PROPERTY_DEFINITION_REPRESENTATION(#282,#286);
#288=PROPERTY_DEFINITION('MODELED_BY','user defined attribute',#239);
#292=REPRESENTATION('',(#291),#227);
#293=PROPERTY_DEFINITION_REPRESENTATION(#288,#292);
#294=PROPERTY_DEFINITION('LENGTH','user defined attribute',#239);
#298=REPRESENTATION('',(#297),#227);
#299=PROPERTY_DEFINITION_REPRESENTATION(#294,#298);
#301=REPRESENTATION('',(#300),#227);
#302=PROPERTY_DEFINITION('attribute type designation','Real Number',#295);
#303=PROPERTY_DEFINITION_REPRESENTATION(#302,#301);
#304=PROPERTY_DEFINITION('WIDTH','user defined attribute',#239);
#308=REPRESENTATION('',(#307),#227);
#309=PROPERTY_DEFINITION_REPRESENTATION(#304,#308);
#311=REPRESENTATION('',(#310),#227);
#312=PROPERTY_DEFINITION('attribute type designation','Real Number',#305);
#313=PROPERTY_DEFINITION_REPRESENTATION(#312,#311);
#314=SHAPE_DEFINITION_REPRESENTATION(#315,#316);
#315=PRODUCT_DEFINITION_SHAPE('','SHAPE FOR ZEZ0201A_ASM.',#9305);
#316=SHAPE_REPRESENTATION('',(#326,#634,#1035,#1211,#1224,#1237,#1250,#1263,
#1276,#1289,#1302,#1315,#1328,#1341,#1354,#1367,#1380,#1393,#1406,#1419,#1432,
#1445,#1458,#1471,#1484,#1497,#1510,#1523,#1536,#1549,#1562,#1575,#1588,#1601,
#1614,#1627,#1640,#1653,#1666,#1679,#1692,#1705,#1718,#1731,#1744,#1757,#1770,
#1783,#1796,#1809,#1822,#1835,#1848,#1861,#1874,#1887,#1900,#1913,#1926,#1939,
#1952,#1965,#1978,#1991,#2004,#2017,#2030,#2080,#2129,#2179,#2228,#2278,#2327,
#2377,#2390,#2403,#2416,#2429,#2442,#2455,#2468,#2481,#2530,#2707,#2883,#3060,
#3236,#3413,#3462,#3475,#3488,#3501,#3514,#3527,#3540,#3553,#3566,#3616,#3792,
#3969,#4145,#4322,#4498,#4548,#4561,#4574,#4587,#4600,#4613,#4626,#4639,#4652,
#4701,#4878,#5054,#5231,#5407,#5584,#5633,#5646,#5659,#5672,#5685,#5698,#5711,
#5724,#5737,#5787,#5963,#6140,#6316,#6493,#6669,#6719,#6732,#6745,#6758,#6771,
#6784,#6797,#6810,#6823,#6872,#7049,#7225,#7402,#7578,#7755,#7804,#7817,#7830,
#7843,#7856,#7869,#7882,#7895,#7908,#7958,#8007,#8057,#8106,#8156,#8205,#8255,
#8268,#8281,#8294,#8307,#8320,#8333,#8346,#8359,#8372,#8385,#8398,#8411,#8424,
#8437,#8450,#8463,#8476,#8489,#8502,#8515,#8528,#8541,#8554,#8567,#8580,#8593,
#8606,#8619,#8632,#8645,#8658,#8671,#8684,#8697,#8710,#8723,#8736,#8749,#8762,
#8775,#8788,#8801,#8814,#8827,#8840,#8853,#8866,#8879,#8892,#8905,#8918,#8931,
#8944,#8957,#8970,#8983,#8996,#9009,#9022,#9035,#9048,#9061,#9074,#9087,#9285,
#9299),#9295);
#317=NEXT_ASSEMBLY_USAGE_OCCURRENCE('6','Next assembly relationship','BODY',
#9305,#239,$);
#318=PRODUCT_DEFINITION_SHAPE('Placement #6',
'Placement of BODY with respect to ZEZ0201A_ASM',#317);
#320=PROPERTY_DEFINITION('geometric validation property','centroid of BODY',
#318);
#321=REPRESENTATION('centroid',(#319),#227);
#322=PROPERTY_DEFINITION_REPRESENTATION(#320,#321);
#436=EDGE_CURVE('',#417,#418,#334,.T.);
#438=EDGE_CURVE('',#418,#420,#341,.T.);
#440=EDGE_CURVE('',#420,#422,#348,.T.);
#442=EDGE_CURVE('',#422,#417,#355,.T.);
#446=ADVANCED_FACE('',(#445),#435,.F.);
#465=EDGE_CURVE('',#417,#425,#362,.T.);
#467=EDGE_CURVE('',#425,#426,#390,.T.);
#469=EDGE_CURVE('',#418,#426,#383,.T.);
#473=ADVANCED_FACE('',(#472),#463,.T.);
#480=EDGE_CURVE('',#422,#430,#369,.T.);
#482=EDGE_CURVE('',#430,#425,#397,.T.);
#487=ADVANCED_FACE('',(#486),#478,.T.);
#494=EDGE_CURVE('',#420,#428,#376,.T.);
#496=EDGE_CURVE('',#428,#430,#404,.T.);
#501=ADVANCED_FACE('',(#500),#492,.T.);
#509=EDGE_CURVE('',#426,#428,#411,.T.);
#514=ADVANCED_FACE('',(#513),#506,.T.);
#526=ADVANCED_FACE('',(#525),#519,.T.);
#535=(LENGTH_UNIT()NAMED_UNIT(*)SI_UNIT(.MILLI.,.METRE.));
#536=(NAMED_UNIT(*)PLANE_ANGLE_UNIT()SI_UNIT($,.RADIAN.));
#539=(NAMED_UNIT(*)SI_UNIT($,.STERADIAN.)SOLID_ANGLE_UNIT());
#541=(GEOMETRIC_REPRESENTATION_CONTEXT(3)GLOBAL_UNCERTAINTY_ASSIGNED_CONTEXT((
#540))GLOBAL_UNIT_ASSIGNED_CONTEXT((#535,#538,#539))REPRESENTATION_CONTEXT
('ID2','3'));
#545=AXIS2_PLACEMENT_3D('',#542,#543,#544);
#546=ADVANCED_BREP_SHAPE_REPRESENTATION('',(#545,#528),#541);
#550=PRODUCT_DEFINITION('part definition','',#549,#235);
#551=PRODUCT_DEFINITION_SHAPE('','SHAPE FOR SUBSTRATE_FBGA_AF0.',#550);
#552=SHAPE_ASPECT('','solid data associated with SUBSTRATE_FBGA_AF0',#551,.F.);
#553=PROPERTY_DEFINITION('',
'shape for solid data with which properties are associated',#552);
#554=SHAPE_REPRESENTATION('',(#528),#541);
#555=SHAPE_DEFINITION_REPRESENTATION(#553,#554);
#556=(LENGTH_UNIT()NAMED_UNIT(*)SI_UNIT(.MILLI.,.METRE.));
#560=PROPERTY_DEFINITION('geometric validation property',
'area of SUBSTRATE_FBGA_AF0',#552);
#561=REPRESENTATION('surface area',(#559),#541);
#562=PROPERTY_DEFINITION_REPRESENTATION(#560,#561);
#563=(LENGTH_UNIT()NAMED_UNIT(*)SI_UNIT(.MILLI.,.METRE.));
#567=PROPERTY_DEFINITION('geometric validation property',
'volume of SUBSTRATE_FBGA_AF0',#552);
#568=REPRESENTATION('volume',(#566),#541);
#569=PROPERTY_DEFINITION_REPRESENTATION(#567,#568);
#571=PROPERTY_DEFINITION('geometric validation property',
'centroid of SUBSTRATE_FBGA_AF0',#552);
#572=REPRESENTATION('centroid',(#570),#541);
#573=PROPERTY_DEFINITION_REPRESENTATION(#571,#572);
#574=(LENGTH_UNIT()NAMED_UNIT(*)SI_UNIT(.MILLI.,.METRE.));
#578=PROPERTY_DEFINITION('geometric validation property',
'area of SUBSTRATE_FBGA_AF0',#551);
#579=REPRESENTATION('surface area',(#577),#541);
#580=PROPERTY_DEFINITION_REPRESENTATION(#578,#579);
#581=(LENGTH_UNIT()NAMED_UNIT(*)SI_UNIT(.MILLI.,.METRE.));
#585=PROPERTY_DEFINITION('geometric validation property',
'volume of SUBSTRATE_FBGA_AF0',#551);
#586=REPRESENTATION('volume',(#584),#541);
#587=PROPERTY_DEFINITION_REPRESENTATION(#585,#586);
#589=PROPERTY_DEFINITION('geometric validation property',
'centroid of SUBSTRATE_FBGA_AF0',#551);
#590=REPRESENTATION('centroid',(#588),#541);
#591=PROPERTY_DEFINITION_REPRESENTATION(#589,#590);
#592=SHAPE_DEFINITION_REPRESENTATION(#551,#546);
#593=PROPERTY_DEFINITION('DESCRIPTION','user defined attribute',#550);
#597=REPRESENTATION('',(#596),#541);
#598=PROPERTY_DEFINITION_REPRESENTATION(#593,#597);
#599=PROPERTY_DEFINITION('MODELED_BY','user defined attribute',#550);
#603=REPRESENTATION('',(#602),#541);
#604=PROPERTY_DEFINITION_REPRESENTATION(#599,#603);
#605=PROPERTY_DEFINITION('LENGTH','user defined attribute',#550);
#609=REPRESENTATION('',(#608),#541);
#610=PROPERTY_DEFINITION_REPRESENTATION(#605,#609);
#612=REPRESENTATION('',(#611),#541);
#613=PROPERTY_DEFINITION('attribute type designation','Real Number',#606);
#614=PROPERTY_DEFINITION_REPRESENTATION(#613,#612);
#615=PROPERTY_DEFINITION('WIDTH','user defined attribute',#550);
#619=REPRESENTATION('',(#618),#541);
#620=PROPERTY_DEFINITION_REPRESENTATION(#615,#619);
#622=REPRESENTATION('',(#621),#541);
#623=PROPERTY_DEFINITION('attribute type designation','Real Number',#616);
#624=PROPERTY_DEFINITION_REPRESENTATION(#623,#622);
#625=NEXT_ASSEMBLY_USAGE_OCCURRENCE('7','Next assembly relationship',
'SUBSTRATE_FBGA',#9305,#550,$);
#626=PRODUCT_DEFINITION_SHAPE('Placement #7',
'Placement of SUBSTRATE_FBGA_AF0 with respect to ZEZ0201A_ASM',#625);
#628=PROPERTY_DEFINITION('geometric validation property',
'centroid of SUBSTRATE_FBGA',#626);
#629=REPRESENTATION('centroid',(#627),#541);
#630=PROPERTY_DEFINITION_REPRESENTATION(#628,#629);
#819=EDGE_CURVE('',#788,#789,#642,.T.);
#821=EDGE_CURVE('',#789,#791,#649,.T.);
#823=EDGE_CURVE('',#791,#793,#656,.T.);
#825=EDGE_CURVE('',#793,#788,#663,.T.);
#829=EDGE_CURVE('',#804,#805,#670,.T.);
#831=EDGE_CURVE('',#807,#804,#677,.T.);
#833=EDGE_CURVE('',#805,#807,#684,.T.);
#837=ADVANCED_FACE('',(#828,#836),#818,.F.);
#844=EDGE_CURVE('',#788,#796,#691,.T.);
#846=EDGE_CURVE('',#796,#797,#719,.T.);
#848=EDGE_CURVE('',#789,#797,#712,.T.);
#852=ADVANCED_FACE('',(#851),#842,.T.);
#859=EDGE_CURVE('',#793,#801,#698,.T.);
#861=EDGE_CURVE('',#801,#796,#726,.T.);
#866=ADVANCED_FACE('',(#865),#857,.T.);
#873=EDGE_CURVE('',#791,#799,#705,.T.);
#875=EDGE_CURVE('',#799,#801,#733,.T.);
#880=ADVANCED_FACE('',(#879),#871,.T.);
#888=EDGE_CURVE('',#797,#799,#740,.T.);
#893=ADVANCED_FACE('',(#892),#885,.T.);
#905=EDGE_CURVE('',#810,#811,#747,.T.);
#907=EDGE_CURVE('',#811,#813,#754,.T.);
#909=EDGE_CURVE('',#813,#810,#761,.T.);
#913=ADVANCED_FACE('',(#904,#912),#898,.T.);
#920=EDGE_CURVE('',#805,#811,#775,.T.);
#923=EDGE_CURVE('',#804,#810,#768,.T.);
#927=ADVANCED_FACE('',(#926),#918,.F.);
#934=EDGE_CURVE('',#807,#813,#782,.T.);
#940=ADVANCED_FACE('',(#939),#932,.F.);
#952=ADVANCED_FACE('',(#951),#945,.F.);
#961=(LENGTH_UNIT()NAMED_UNIT(*)SI_UNIT(.MILLI.,.METRE.));
#962=(NAMED_UNIT(*)PLANE_ANGLE_UNIT()SI_UNIT($,.RADIAN.));
#965=(NAMED_UNIT(*)SI_UNIT($,.STERADIAN.)SOLID_ANGLE_UNIT());
#967=(GEOMETRIC_REPRESENTATION_CONTEXT(3)GLOBAL_UNCERTAINTY_ASSIGNED_CONTEXT((
#966))GLOBAL_UNIT_ASSIGNED_CONTEXT((#961,#964,#965))REPRESENTATION_CONTEXT
('ID3','3'));
#971=AXIS2_PLACEMENT_3D('',#968,#969,#970);
#972=ADVANCED_BREP_SHAPE_REPRESENTATION('',(#971,#954),#967);
#977=PRODUCT_DEFINITION('part definition','',#976,#973);
#978=PRODUCT_DEFINITION_SHAPE('','SHAPE FOR SMASK_BTM_FBGA_AF0.',#977);
#979=SHAPE_ASPECT('','solid data associated with SMASK_BTM_FBGA_AF0',#978,.F.);
#980=PROPERTY_DEFINITION('',
'shape for solid data with which properties are associated',#979);
#981=SHAPE_REPRESENTATION('',(#954),#967);
#982=SHAPE_DEFINITION_REPRESENTATION(#980,#981);
#983=(LENGTH_UNIT()NAMED_UNIT(*)SI_UNIT(.MILLI.,.METRE.));
#987=PROPERTY_DEFINITION('geometric validation property',
'area of SMASK_BTM_FBGA_AF0',#979);
#988=REPRESENTATION('surface area',(#986),#967);
#989=PROPERTY_DEFINITION_REPRESENTATION(#987,#988);
#990=(LENGTH_UNIT()NAMED_UNIT(*)SI_UNIT(.MILLI.,.METRE.));
#994=PROPERTY_DEFINITION('geometric validation property',
'volume of SMASK_BTM_FBGA_AF0',#979);
#995=REPRESENTATION('volume',(#993),#967);
#996=PROPERTY_DEFINITION_REPRESENTATION(#994,#995);
#998=PROPERTY_DEFINITION('geometric validation property',
'centroid of SMASK_BTM_FBGA_AF0',#979);
#999=REPRESENTATION('centroid',(#997),#967);
#1000=PROPERTY_DEFINITION_REPRESENTATION(#998,#999);
#1001=(LENGTH_UNIT()NAMED_UNIT(*)SI_UNIT(.MILLI.,.METRE.));
#1005=PROPERTY_DEFINITION('geometric validation property',
'area of SMASK_BTM_FBGA_AF0',#978);
#1006=REPRESENTATION('surface area',(#1004),#967);
#1007=PROPERTY_DEFINITION_REPRESENTATION(#1005,#1006);
#1008=(LENGTH_UNIT()NAMED_UNIT(*)SI_UNIT(.MILLI.,.METRE.));
#1012=PROPERTY_DEFINITION('geometric validation property',
'volume of SMASK_BTM_FBGA_AF0',#978);
#1013=REPRESENTATION('volume',(#1011),#967);
#1014=PROPERTY_DEFINITION_REPRESENTATION(#1012,#1013);
#1016=PROPERTY_DEFINITION('geometric validation property',
'centroid of SMASK_BTM_FBGA_AF0',#978);
#1017=REPRESENTATION('centroid',(#1015),#967);
#1018=PROPERTY_DEFINITION_REPRESENTATION(#1016,#1017);
#1019=SHAPE_DEFINITION_REPRESENTATION(#978,#972);
#1020=PROPERTY_DEFINITION('DRAWN_BY','user defined attribute',#977);
#1024=REPRESENTATION('',(#1023),#967);
#1025=PROPERTY_DEFINITION_REPRESENTATION(#1020,#1024);
#1026=NEXT_ASSEMBLY_USAGE_OCCURRENCE('8','Next assembly relationship',
'SMASK_BTM_FBGA',#9305,#977,$);
#1027=PRODUCT_DEFINITION_SHAPE('Placement #8',
'Placement of SMASK_BTM_FBGA_AF0 with respect to ZEZ0201A_ASM',#1026);
#1029=PROPERTY_DEFINITION('geometric validation property',
'centroid of SMASK_BTM_FBGA',#1027);
#1030=REPRESENTATION('centroid',(#1028),#967);
#1031=PROPERTY_DEFINITION_REPRESENTATION(#1029,#1030);
#1044=CIRCLE('',#1043,1.529705854078E-1);
#1052=CIRCLE('',#1051,1.75E-1);
#1060=CIRCLE('',#1059,1.75E-1);
#1068=CIRCLE('',#1067,1.529705854078E-1);
#1083=EDGE_CURVE('',#1074,#1075,#1052,.T.);
#1085=EDGE_CURVE('',#1074,#1077,#1044,.T.);
#1087=EDGE_CURVE('',#1077,#1075,#1060,.T.);
#1091=ADVANCED_FACE('',(#1090),#1082,.T.);
#1099=EDGE_CURVE('',#1074,#1077,#1068,.T.);
#1103=ADVANCED_FACE('',(#1102),#1096,.T.);
#1113=ADVANCED_FACE('',(#1112),#1108,.T.);
#1122=(LENGTH_UNIT()NAMED_UNIT(*)SI_UNIT(.MILLI.,.METRE.));
#1123=(NAMED_UNIT(*)PLANE_ANGLE_UNIT()SI_UNIT($,.RADIAN.));
#1126=(NAMED_UNIT(*)SI_UNIT($,.STERADIAN.)SOLID_ANGLE_UNIT());
#1128=(GEOMETRIC_REPRESENTATION_CONTEXT(3)GLOBAL_UNCERTAINTY_ASSIGNED_CONTEXT((
#1127))GLOBAL_UNIT_ASSIGNED_CONTEXT((#1122,#1125,#1126))REPRESENTATION_CONTEXT(
'ID4','3'));
#1132=AXIS2_PLACEMENT_3D('',#1129,#1130,#1131);
#1133=ADVANCED_BREP_SHAPE_REPRESENTATION('',(#1132,#1115),#1128);
#1137=PRODUCT_DEFINITION('part definition','',#1136,#973);
#1138=PRODUCT_DEFINITION_SHAPE('','SHAPE FOR SOLDER_BALL.',#1137);
#1139=SHAPE_ASPECT('','solid data associated with SOLDER_BALL',#1138,.F.);
#1140=PROPERTY_DEFINITION('',
'shape for solid data with which properties are associated',#1139);
#1141=SHAPE_REPRESENTATION('',(#1115),#1128);
#1142=SHAPE_DEFINITION_REPRESENTATION(#1140,#1141);
#1143=(LENGTH_UNIT()NAMED_UNIT(*)SI_UNIT(.MILLI.,.METRE.));
#1147=PROPERTY_DEFINITION('geometric validation property','area of SOLDER_BALL',
#1139);
#1148=REPRESENTATION('surface area',(#1146),#1128);
#1149=PROPERTY_DEFINITION_REPRESENTATION(#1147,#1148);
#1150=(LENGTH_UNIT()NAMED_UNIT(*)SI_UNIT(.MILLI.,.METRE.));
#1154=PROPERTY_DEFINITION('geometric validation property',
'volume of SOLDER_BALL',#1139);
#1155=REPRESENTATION('volume',(#1153),#1128);
#1156=PROPERTY_DEFINITION_REPRESENTATION(#1154,#1155);
#1158=PROPERTY_DEFINITION('geometric validation property',
'centroid of SOLDER_BALL',#1139);
#1159=REPRESENTATION('centroid',(#1157),#1128);
#1160=PROPERTY_DEFINITION_REPRESENTATION(#1158,#1159);
#1161=(LENGTH_UNIT()NAMED_UNIT(*)SI_UNIT(.MILLI.,.METRE.));
#1165=PROPERTY_DEFINITION('geometric validation property','area of SOLDER_BALL',
#1138);
#1166=REPRESENTATION('surface area',(#1164),#1128);
#1167=PROPERTY_DEFINITION_REPRESENTATION(#1165,#1166);
#1168=(LENGTH_UNIT()NAMED_UNIT(*)SI_UNIT(.MILLI.,.METRE.));
#1172=PROPERTY_DEFINITION('geometric validation property',
'volume of SOLDER_BALL',#1138);
#1173=REPRESENTATION('volume',(#1171),#1128);
#1174=PROPERTY_DEFINITION_REPRESENTATION(#1172,#1173);
#1176=PROPERTY_DEFINITION('geometric validation property',
'centroid of SOLDER_BALL',#1138);
#1177=REPRESENTATION('centroid',(#1175),#1128);
#1178=PROPERTY_DEFINITION_REPRESENTATION(#1176,#1177);
#1179=SHAPE_DEFINITION_REPRESENTATION(#1138,#1133);
#1180=PROPERTY_DEFINITION('DESCRIPTION','user defined attribute',#1137);
#1184=REPRESENTATION('',(#1183),#1128);
#1185=PROPERTY_DEFINITION_REPRESENTATION(#1180,#1184);
#1186=PROPERTY_DEFINITION('MODELED_BY','user defined attribute',#1137);
#1190=REPRESENTATION('',(#1189),#1128);
#1191=PROPERTY_DEFINITION_REPRESENTATION(#1186,#1190);
#1192=PROPERTY_DEFINITION('BALL_HEIGTH','user defined attribute',#1137);
#1196=REPRESENTATION('',(#1195),#1128);
#1197=PROPERTY_DEFINITION_REPRESENTATION(#1192,#1196);
#1199=REPRESENTATION('',(#1198),#1128);
#1200=PROPERTY_DEFINITION('attribute type designation','Real Number',#1193);
#1201=PROPERTY_DEFINITION_REPRESENTATION(#1200,#1199);
#1202=NEXT_ASSEMBLY_USAGE_OCCURRENCE('9','Next assembly relationship',
'SOLDER_BALL',#9305,#1137,$);
#1203=PRODUCT_DEFINITION_SHAPE('Placement #9',
'Placement of SOLDER_BALL with respect to ZEZ0201A_ASM',#1202);
#1205=PROPERTY_DEFINITION('geometric validation property',
'centroid of SOLDER_BALL',#1203);
#1206=REPRESENTATION('centroid',(#1204),#1128);
#1207=PROPERTY_DEFINITION_REPRESENTATION(#1205,#1206);
#1215=NEXT_ASSEMBLY_USAGE_OCCURRENCE('10','Next assembly relationship',
'SOLDER_BALL',#9305,#1137,$);
#1216=PRODUCT_DEFINITION_SHAPE('Placement #10',
'Placement of SOLDER_BALL with respect to ZEZ0201A_ASM',#1215);
#1218=PROPERTY_DEFINITION('geometric validation property',
'centroid of SOLDER_BALL',#1216);
#1219=REPRESENTATION('centroid',(#1217),#1128);
#1220=PROPERTY_DEFINITION_REPRESENTATION(#1218,#1219);
#1228=NEXT_ASSEMBLY_USAGE_OCCURRENCE('11','Next assembly relationship',
'SOLDER_BALL',#9305,#1137,$);
#1229=PRODUCT_DEFINITION_SHAPE('Placement #11',
'Placement of SOLDER_BALL with respect to ZEZ0201A_ASM',#1228);
#1231=PROPERTY_DEFINITION('geometric validation property',
'centroid of SOLDER_BALL',#1229);
#1232=REPRESENTATION('centroid',(#1230),#1128);
#1233=PROPERTY_DEFINITION_REPRESENTATION(#1231,#1232);
#1241=NEXT_ASSEMBLY_USAGE_OCCURRENCE('12','Next assembly relationship',
'SOLDER_BALL',#9305,#1137,$);
#1242=PRODUCT_DEFINITION_SHAPE('Placement #12',
'Placement of SOLDER_BALL with respect to ZEZ0201A_ASM',#1241);
#1244=PROPERTY_DEFINITION('geometric validation property',
'centroid of SOLDER_BALL',#1242);
#1245=REPRESENTATION('centroid',(#1243),#1128);
#1246=PROPERTY_DEFINITION_REPRESENTATION(#1244,#1245);
#1254=NEXT_ASSEMBLY_USAGE_OCCURRENCE('13','Next assembly relationship',
'SOLDER_BALL',#9305,#1137,$);
#1255=PRODUCT_DEFINITION_SHAPE('Placement #13',
'Placement of SOLDER_BALL with respect to ZEZ0201A_ASM',#1254);
#1257=PROPERTY_DEFINITION('geometric validation property',
'centroid of SOLDER_BALL',#1255);
#1258=REPRESENTATION('centroid',(#1256),#1128);
#1259=PROPERTY_DEFINITION_REPRESENTATION(#1257,#1258);
#1267=NEXT_ASSEMBLY_USAGE_OCCURRENCE('14','Next assembly relationship',
'SOLDER_BALL',#9305,#1137,$);
#1268=PRODUCT_DEFINITION_SHAPE('Placement #14',
'Placement of SOLDER_BALL with respect to ZEZ0201A_ASM',#1267);
#1270=PROPERTY_DEFINITION('geometric validation property',
'centroid of SOLDER_BALL',#1268);
#1271=REPRESENTATION('centroid',(#1269),#1128);
#1272=PROPERTY_DEFINITION_REPRESENTATION(#1270,#1271);
#1280=NEXT_ASSEMBLY_USAGE_OCCURRENCE('15','Next assembly relationship',
'SOLDER_BALL',#9305,#1137,$);
#1281=PRODUCT_DEFINITION_SHAPE('Placement #15',
'Placement of SOLDER_BALL with respect to ZEZ0201A_ASM',#1280);
#1283=PROPERTY_DEFINITION('geometric validation property',
'centroid of SOLDER_BALL',#1281);
#1284=REPRESENTATION('centroid',(#1282),#1128);
#1285=PROPERTY_DEFINITION_REPRESENTATION(#1283,#1284);
#1293=NEXT_ASSEMBLY_USAGE_OCCURRENCE('16','Next assembly relationship',
'SOLDER_BALL',#9305,#1137,$);
#1294=PRODUCT_DEFINITION_SHAPE('Placement #16',
'Placement of SOLDER_BALL with respect to ZEZ0201A_ASM',#1293);
#1296=PROPERTY_DEFINITION('geometric validation property',
'centroid of SOLDER_BALL',#1294);
#1297=REPRESENTATION('centroid',(#1295),#1128);
#1298=PROPERTY_DEFINITION_REPRESENTATION(#1296,#1297);
#1306=NEXT_ASSEMBLY_USAGE_OCCURRENCE('17','Next assembly relationship',
'SOLDER_BALL',#9305,#1137,$);
#1307=PRODUCT_DEFINITION_SHAPE('Placement #17',
'Placement of SOLDER_BALL with respect to ZEZ0201A_ASM',#1306);
#1309=PROPERTY_DEFINITION('geometric validation property',
'centroid of SOLDER_BALL',#1307);
#1310=REPRESENTATION('centroid',(#1308),#1128);
#1311=PROPERTY_DEFINITION_REPRESENTATION(#1309,#1310);
#1319=NEXT_ASSEMBLY_USAGE_OCCURRENCE('18','Next assembly relationship',
'SOLDER_BALL',#9305,#1137,$);
#1320=PRODUCT_DEFINITION_SHAPE('Placement #18',
'Placement of SOLDER_BALL with respect to ZEZ0201A_ASM',#1319);
#1322=PROPERTY_DEFINITION('geometric validation property',
'centroid of SOLDER_BALL',#1320);
#1323=REPRESENTATION('centroid',(#1321),#1128);
#1324=PROPERTY_DEFINITION_REPRESENTATION(#1322,#1323);
#1332=NEXT_ASSEMBLY_USAGE_OCCURRENCE('19','Next assembly relationship',
'SOLDER_BALL',#9305,#1137,$);
#1333=PRODUCT_DEFINITION_SHAPE('Placement #19',
'Placement of SOLDER_BALL with respect to ZEZ0201A_ASM',#1332);
#1335=PROPERTY_DEFINITION('geometric validation property',
'centroid of SOLDER_BALL',#1333);
#1336=REPRESENTATION('centroid',(#1334),#1128);
#1337=PROPERTY_DEFINITION_REPRESENTATION(#1335,#1336);
#1345=NEXT_ASSEMBLY_USAGE_OCCURRENCE('20','Next assembly relationship',
'SOLDER_BALL',#9305,#1137,$);
#1346=PRODUCT_DEFINITION_SHAPE('Placement #20',
'Placement of SOLDER_BALL with respect to ZEZ0201A_ASM',#1345);
#1348=PROPERTY_DEFINITION('geometric validation property',
'centroid of SOLDER_BALL',#1346);
#1349=REPRESENTATION('centroid',(#1347),#1128);
#1350=PROPERTY_DEFINITION_REPRESENTATION(#1348,#1349);
#1358=NEXT_ASSEMBLY_USAGE_OCCURRENCE('21','Next assembly relationship',
'SOLDER_BALL',#9305,#1137,$);
#1359=PRODUCT_DEFINITION_SHAPE('Placement #21',
'Placement of SOLDER_BALL with respect to ZEZ0201A_ASM',#1358);
#1361=PROPERTY_DEFINITION('geometric validation property',
'centroid of SOLDER_BALL',#1359);
#1362=REPRESENTATION('centroid',(#1360),#1128);
#1363=PROPERTY_DEFINITION_REPRESENTATION(#1361,#1362);
#1371=NEXT_ASSEMBLY_USAGE_OCCURRENCE('22','Next assembly relationship',
'SOLDER_BALL',#9305,#1137,$);
#1372=PRODUCT_DEFINITION_SHAPE('Placement #22',
'Placement of SOLDER_BALL with respect to ZEZ0201A_ASM',#1371);
#1374=PROPERTY_DEFINITION('geometric validation property',
'centroid of SOLDER_BALL',#1372);
#1375=REPRESENTATION('centroid',(#1373),#1128);
#1376=PROPERTY_DEFINITION_REPRESENTATION(#1374,#1375);
#1384=NEXT_ASSEMBLY_USAGE_OCCURRENCE('23','Next assembly relationship',
'SOLDER_BALL',#9305,#1137,$);
#1385=PRODUCT_DEFINITION_SHAPE('Placement #23',
'Placement of SOLDER_BALL with respect to ZEZ0201A_ASM',#1384);
#1387=PROPERTY_DEFINITION('geometric validation property',
'centroid of SOLDER_BALL',#1385);
#1388=REPRESENTATION('centroid',(#1386),#1128);
#1389=PROPERTY_DEFINITION_REPRESENTATION(#1387,#1388);
#1397=NEXT_ASSEMBLY_USAGE_OCCURRENCE('24','Next assembly relationship',
'SOLDER_BALL',#9305,#1137,$);
#1398=PRODUCT_DEFINITION_SHAPE('Placement #24',
'Placement of SOLDER_BALL with respect to ZEZ0201A_ASM',#1397);
#1400=PROPERTY_DEFINITION('geometric validation property',
'centroid of SOLDER_BALL',#1398);
#1401=REPRESENTATION('centroid',(#1399),#1128);
#1402=PROPERTY_DEFINITION_REPRESENTATION(#1400,#1401);
#1410=NEXT_ASSEMBLY_USAGE_OCCURRENCE('25','Next assembly relationship',
'SOLDER_BALL',#9305,#1137,$);
#1411=PRODUCT_DEFINITION_SHAPE('Placement #25',
'Placement of SOLDER_BALL with respect to ZEZ0201A_ASM',#1410);
#1413=PROPERTY_DEFINITION('geometric validation property',
'centroid of SOLDER_BALL',#1411);
#1414=REPRESENTATION('centroid',(#1412),#1128);
#1415=PROPERTY_DEFINITION_REPRESENTATION(#1413,#1414);
#1423=NEXT_ASSEMBLY_USAGE_OCCURRENCE('26','Next assembly relationship',
'SOLDER_BALL',#9305,#1137,$);
#1424=PRODUCT_DEFINITION_SHAPE('Placement #26',
'Placement of SOLDER_BALL with respect to ZEZ0201A_ASM',#1423);
#1426=PROPERTY_DEFINITION('geometric validation property',
'centroid of SOLDER_BALL',#1424);
#1427=REPRESENTATION('centroid',(#1425),#1128);
#1428=PROPERTY_DEFINITION_REPRESENTATION(#1426,#1427);
#1436=NEXT_ASSEMBLY_USAGE_OCCURRENCE('27','Next assembly relationship',
'SOLDER_BALL',#9305,#1137,$);
#1437=PRODUCT_DEFINITION_SHAPE('Placement #27',
'Placement of SOLDER_BALL with respect to ZEZ0201A_ASM',#1436);
#1439=PROPERTY_DEFINITION('geometric validation property',
'centroid of SOLDER_BALL',#1437);
#1440=REPRESENTATION('centroid',(#1438),#1128);
#1441=PROPERTY_DEFINITION_REPRESENTATION(#1439,#1440);
#1449=NEXT_ASSEMBLY_USAGE_OCCURRENCE('28','Next assembly relationship',
'SOLDER_BALL',#9305,#1137,$);
#1450=PRODUCT_DEFINITION_SHAPE('Placement #28',
'Placement of SOLDER_BALL with respect to ZEZ0201A_ASM',#1449);
#1452=PROPERTY_DEFINITION('geometric validation property',
'centroid of SOLDER_BALL',#1450);
#1453=REPRESENTATION('centroid',(#1451),#1128);
#1454=PROPERTY_DEFINITION_REPRESENTATION(#1452,#1453);
#1462=NEXT_ASSEMBLY_USAGE_OCCURRENCE('29','Next assembly relationship',
'SOLDER_BALL',#9305,#1137,$);
#1463=PRODUCT_DEFINITION_SHAPE('Placement #29',
'Placement of SOLDER_BALL with respect to ZEZ0201A_ASM',#1462);
#1465=PROPERTY_DEFINITION('geometric validation property',
'centroid of SOLDER_BALL',#1463);
#1466=REPRESENTATION('centroid',(#1464),#1128);
#1467=PROPERTY_DEFINITION_REPRESENTATION(#1465,#1466);
#1475=NEXT_ASSEMBLY_USAGE_OCCURRENCE('30','Next assembly relationship',
'SOLDER_BALL',#9305,#1137,$);
#1476=PRODUCT_DEFINITION_SHAPE('Placement #30',
'Placement of SOLDER_BALL with respect to ZEZ0201A_ASM',#1475);
#1478=PROPERTY_DEFINITION('geometric validation property',
'centroid of SOLDER_BALL',#1476);
#1479=REPRESENTATION('centroid',(#1477),#1128);
#1480=PROPERTY_DEFINITION_REPRESENTATION(#1478,#1479);
#1488=NEXT_ASSEMBLY_USAGE_OCCURRENCE('31','Next assembly relationship',
'SOLDER_BALL',#9305,#1137,$);
#1489=PRODUCT_DEFINITION_SHAPE('Placement #31',
'Placement of SOLDER_BALL with respect to ZEZ0201A_ASM',#1488);
#1491=PROPERTY_DEFINITION('geometric validation property',
'centroid of SOLDER_BALL',#1489);
#1492=REPRESENTATION('centroid',(#1490),#1128);
#1493=PROPERTY_DEFINITION_REPRESENTATION(#1491,#1492);
#1501=NEXT_ASSEMBLY_USAGE_OCCURRENCE('32','Next assembly relationship',
'SOLDER_BALL',#9305,#1137,$);
#1502=PRODUCT_DEFINITION_SHAPE('Placement #32',
'Placement of SOLDER_BALL with respect to ZEZ0201A_ASM',#1501);
#1504=PROPERTY_DEFINITION('geometric validation property',
'centroid of SOLDER_BALL',#1502);
#1505=REPRESENTATION('centroid',(#1503),#1128);
#1506=PROPERTY_DEFINITION_REPRESENTATION(#1504,#1505);
#1514=NEXT_ASSEMBLY_USAGE_OCCURRENCE('33','Next assembly relationship',
'SOLDER_BALL',#9305,#1137,$);
#1515=PRODUCT_DEFINITION_SHAPE('Placement #33',
'Placement of SOLDER_BALL with respect to ZEZ0201A_ASM',#1514);
#1517=PROPERTY_DEFINITION('geometric validation property',
'centroid of SOLDER_BALL',#1515);
#1518=REPRESENTATION('centroid',(#1516),#1128);
#1519=PROPERTY_DEFINITION_REPRESENTATION(#1517,#1518);
#1527=NEXT_ASSEMBLY_USAGE_OCCURRENCE('34','Next assembly relationship',
'SOLDER_BALL',#9305,#1137,$);
#1528=PRODUCT_DEFINITION_SHAPE('Placement #34',
'Placement of SOLDER_BALL with respect to ZEZ0201A_ASM',#1527);
#1530=PROPERTY_DEFINITION('geometric validation property',
'centroid of SOLDER_BALL',#1528);
#1531=REPRESENTATION('centroid',(#1529),#1128);
#1532=PROPERTY_DEFINITION_REPRESENTATION(#1530,#1531);
#1540=NEXT_ASSEMBLY_USAGE_OCCURRENCE('35','Next assembly relationship',
'SOLDER_BALL',#9305,#1137,$);
#1541=PRODUCT_DEFINITION_SHAPE('Placement #35',
'Placement of SOLDER_BALL with respect to ZEZ0201A_ASM',#1540);
#1543=PROPERTY_DEFINITION('geometric validation property',
'centroid of SOLDER_BALL',#1541);
#1544=REPRESENTATION('centroid',(#1542),#1128);
#1545=PROPERTY_DEFINITION_REPRESENTATION(#1543,#1544);
#1553=NEXT_ASSEMBLY_USAGE_OCCURRENCE('36','Next assembly relationship',
'SOLDER_BALL',#9305,#1137,$);
#1554=PRODUCT_DEFINITION_SHAPE('Placement #36',
'Placement of SOLDER_BALL with respect to ZEZ0201A_ASM',#1553);
#1556=PROPERTY_DEFINITION('geometric validation property',
'centroid of SOLDER_BALL',#1554);
#1557=REPRESENTATION('centroid',(#1555),#1128);
#1558=PROPERTY_DEFINITION_REPRESENTATION(#1556,#1557);
#1566=NEXT_ASSEMBLY_USAGE_OCCURRENCE('37','Next assembly relationship',
'SOLDER_BALL',#9305,#1137,$);
#1567=PRODUCT_DEFINITION_SHAPE('Placement #37',
'Placement of SOLDER_BALL with respect to ZEZ0201A_ASM',#1566);
#1569=PROPERTY_DEFINITION('geometric validation property',
'centroid of SOLDER_BALL',#1567);
#1570=REPRESENTATION('centroid',(#1568),#1128);
#1571=PROPERTY_DEFINITION_REPRESENTATION(#1569,#1570);
#1579=NEXT_ASSEMBLY_USAGE_OCCURRENCE('38','Next assembly relationship',
'SOLDER_BALL',#9305,#1137,$);
#1580=PRODUCT_DEFINITION_SHAPE('Placement #38',
'Placement of SOLDER_BALL with respect to ZEZ0201A_ASM',#1579);
#1582=PROPERTY_DEFINITION('geometric validation property',
'centroid of SOLDER_BALL',#1580);
#1583=REPRESENTATION('centroid',(#1581),#1128);
#1584=PROPERTY_DEFINITION_REPRESENTATION(#1582,#1583);
#1592=NEXT_ASSEMBLY_USAGE_OCCURRENCE('39','Next assembly relationship',
'SOLDER_BALL',#9305,#1137,$);
#1593=PRODUCT_DEFINITION_SHAPE('Placement #39',
'Placement of SOLDER_BALL with respect to ZEZ0201A_ASM',#1592);
#1595=PROPERTY_DEFINITION('geometric validation property',
'centroid of SOLDER_BALL',#1593);
#1596=REPRESENTATION('centroid',(#1594),#1128);
#1597=PROPERTY_DEFINITION_REPRESENTATION(#1595,#1596);
#1605=NEXT_ASSEMBLY_USAGE_OCCURRENCE('40','Next assembly relationship',
'SOLDER_BALL',#9305,#1137,$);
#1606=PRODUCT_DEFINITION_SHAPE('Placement #40',
'Placement of SOLDER_BALL with respect to ZEZ0201A_ASM',#1605);
#1608=PROPERTY_DEFINITION('geometric validation property',
'centroid of SOLDER_BALL',#1606);
#1609=REPRESENTATION('centroid',(#1607),#1128);
#1610=PROPERTY_DEFINITION_REPRESENTATION(#1608,#1609);
#1618=NEXT_ASSEMBLY_USAGE_OCCURRENCE('41','Next assembly relationship',
'SOLDER_BALL',#9305,#1137,$);
#1619=PRODUCT_DEFINITION_SHAPE('Placement #41',
'Placement of SOLDER_BALL with respect to ZEZ0201A_ASM',#1618);
#1621=PROPERTY_DEFINITION('geometric validation property',
'centroid of SOLDER_BALL',#1619);
#1622=REPRESENTATION('centroid',(#1620),#1128);
#1623=PROPERTY_DEFINITION_REPRESENTATION(#1621,#1622);
#1631=NEXT_ASSEMBLY_USAGE_OCCURRENCE('42','Next assembly relationship',
'SOLDER_BALL',#9305,#1137,$);
#1632=PRODUCT_DEFINITION_SHAPE('Placement #42',
'Placement of SOLDER_BALL with respect to ZEZ0201A_ASM',#1631);
#1634=PROPERTY_DEFINITION('geometric validation property',
'centroid of SOLDER_BALL',#1632);
#1635=REPRESENTATION('centroid',(#1633),#1128);
#1636=PROPERTY_DEFINITION_REPRESENTATION(#1634,#1635);
#1644=NEXT_ASSEMBLY_USAGE_OCCURRENCE('43','Next assembly relationship',
'SOLDER_BALL',#9305,#1137,$);
#1645=PRODUCT_DEFINITION_SHAPE('Placement #43',
'Placement of SOLDER_BALL with respect to ZEZ0201A_ASM',#1644);
#1647=PROPERTY_DEFINITION('geometric validation property',
'centroid of SOLDER_BALL',#1645);
#1648=REPRESENTATION('centroid',(#1646),#1128);
#1649=PROPERTY_DEFINITION_REPRESENTATION(#1647,#1648);
#1657=NEXT_ASSEMBLY_USAGE_OCCURRENCE('44','Next assembly relationship',
'SOLDER_BALL',#9305,#1137,$);
#1658=PRODUCT_DEFINITION_SHAPE('Placement #44',
'Placement of SOLDER_BALL with respect to ZEZ0201A_ASM',#1657);
#1660=PROPERTY_DEFINITION('geometric validation property',
'centroid of SOLDER_BALL',#1658);
#1661=REPRESENTATION('centroid',(#1659),#1128);
#1662=PROPERTY_DEFINITION_REPRESENTATION(#1660,#1661);
#1670=NEXT_ASSEMBLY_USAGE_OCCURRENCE('45','Next assembly relationship',
'SOLDER_BALL',#9305,#1137,$);
#1671=PRODUCT_DEFINITION_SHAPE('Placement #45',
'Placement of SOLDER_BALL with respect to ZEZ0201A_ASM',#1670);
#1673=PROPERTY_DEFINITION('geometric validation property',
'centroid of SOLDER_BALL',#1671);
#1674=REPRESENTATION('centroid',(#1672),#1128);
#1675=PROPERTY_DEFINITION_REPRESENTATION(#1673,#1674);
#1683=NEXT_ASSEMBLY_USAGE_OCCURRENCE('46','Next assembly relationship',
'SOLDER_BALL',#9305,#1137,$);
#1684=PRODUCT_DEFINITION_SHAPE('Placement #46',
'Placement of SOLDER_BALL with respect to ZEZ0201A_ASM',#1683);
#1686=PROPERTY_DEFINITION('geometric validation property',
'centroid of SOLDER_BALL',#1684);
#1687=REPRESENTATION('centroid',(#1685),#1128);
#1688=PROPERTY_DEFINITION_REPRESENTATION(#1686,#1687);
#1696=NEXT_ASSEMBLY_USAGE_OCCURRENCE('47','Next assembly relationship',
'SOLDER_BALL',#9305,#1137,$);
#1697=PRODUCT_DEFINITION_SHAPE('Placement #47',
'Placement of SOLDER_BALL with respect to ZEZ0201A_ASM',#1696);
#1699=PROPERTY_DEFINITION('geometric validation property',
'centroid of SOLDER_BALL',#1697);
#1700=REPRESENTATION('centroid',(#1698),#1128);
#1701=PROPERTY_DEFINITION_REPRESENTATION(#1699,#1700);
#1709=NEXT_ASSEMBLY_USAGE_OCCURRENCE('48','Next assembly relationship',
'SOLDER_BALL',#9305,#1137,$);
#1710=PRODUCT_DEFINITION_SHAPE('Placement #48',
'Placement of SOLDER_BALL with respect to ZEZ0201A_ASM',#1709);
#1712=PROPERTY_DEFINITION('geometric validation property',
'centroid of SOLDER_BALL',#1710);
#1713=REPRESENTATION('centroid',(#1711),#1128);
#1714=PROPERTY_DEFINITION_REPRESENTATION(#1712,#1713);
#1722=NEXT_ASSEMBLY_USAGE_OCCURRENCE('49','Next assembly relationship',
'SOLDER_BALL',#9305,#1137,$);
#1723=PRODUCT_DEFINITION_SHAPE('Placement #49',
'Placement of SOLDER_BALL with respect to ZEZ0201A_ASM',#1722);
#1725=PROPERTY_DEFINITION('geometric validation property',
'centroid of SOLDER_BALL',#1723);
#1726=REPRESENTATION('centroid',(#1724),#1128);
#1727=PROPERTY_DEFINITION_REPRESENTATION(#1725,#1726);
#1735=NEXT_ASSEMBLY_USAGE_OCCURRENCE('50','Next assembly relationship',
'SOLDER_BALL',#9305,#1137,$);
#1736=PRODUCT_DEFINITION_SHAPE('Placement #50',
'Placement of SOLDER_BALL with respect to ZEZ0201A_ASM',#1735);
#1738=PROPERTY_DEFINITION('geometric validation property',
'centroid of SOLDER_BALL',#1736);
#1739=REPRESENTATION('centroid',(#1737),#1128);
#1740=PROPERTY_DEFINITION_REPRESENTATION(#1738,#1739);
#1748=NEXT_ASSEMBLY_USAGE_OCCURRENCE('51','Next assembly relationship',
'SOLDER_BALL',#9305,#1137,$);
#1749=PRODUCT_DEFINITION_SHAPE('Placement #51',
'Placement of SOLDER_BALL with respect to ZEZ0201A_ASM',#1748);
#1751=PROPERTY_DEFINITION('geometric validation property',
'centroid of SOLDER_BALL',#1749);
#1752=REPRESENTATION('centroid',(#1750),#1128);
#1753=PROPERTY_DEFINITION_REPRESENTATION(#1751,#1752);
#1761=NEXT_ASSEMBLY_USAGE_OCCURRENCE('52','Next assembly relationship',
'SOLDER_BALL',#9305,#1137,$);
#1762=PRODUCT_DEFINITION_SHAPE('Placement #52',
'Placement of SOLDER_BALL with respect to ZEZ0201A_ASM',#1761);
#1764=PROPERTY_DEFINITION('geometric validation property',
'centroid of SOLDER_BALL',#1762);
#1765=REPRESENTATION('centroid',(#1763),#1128);
#1766=PROPERTY_DEFINITION_REPRESENTATION(#1764,#1765);
#1774=NEXT_ASSEMBLY_USAGE_OCCURRENCE('53','Next assembly relationship',
'SOLDER_BALL',#9305,#1137,$);
#1775=PRODUCT_DEFINITION_SHAPE('Placement #53',
'Placement of SOLDER_BALL with respect to ZEZ0201A_ASM',#1774);
#1777=PROPERTY_DEFINITION('geometric validation property',
'centroid of SOLDER_BALL',#1775);
#1778=REPRESENTATION('centroid',(#1776),#1128);
#1779=PROPERTY_DEFINITION_REPRESENTATION(#1777,#1778);
#1787=NEXT_ASSEMBLY_USAGE_OCCURRENCE('54','Next assembly relationship',
'SOLDER_BALL',#9305,#1137,$);
#1788=PRODUCT_DEFINITION_SHAPE('Placement #54',
'Placement of SOLDER_BALL with respect to ZEZ0201A_ASM',#1787);
#1790=PROPERTY_DEFINITION('geometric validation property',
'centroid of SOLDER_BALL',#1788);
#1791=REPRESENTATION('centroid',(#1789),#1128);
#1792=PROPERTY_DEFINITION_REPRESENTATION(#1790,#1791);
#1800=NEXT_ASSEMBLY_USAGE_OCCURRENCE('55','Next assembly relationship',
'SOLDER_BALL',#9305,#1137,$);
#1801=PRODUCT_DEFINITION_SHAPE('Placement #55',
'Placement of SOLDER_BALL with respect to ZEZ0201A_ASM',#1800);
#1803=PROPERTY_DEFINITION('geometric validation property',
'centroid of SOLDER_BALL',#1801);
#1804=REPRESENTATION('centroid',(#1802),#1128);
#1805=PROPERTY_DEFINITION_REPRESENTATION(#1803,#1804);
#1813=NEXT_ASSEMBLY_USAGE_OCCURRENCE('56','Next assembly relationship',
'SOLDER_BALL',#9305,#1137,$);
#1814=PRODUCT_DEFINITION_SHAPE('Placement #56',
'Placement of SOLDER_BALL with respect to ZEZ0201A_ASM',#1813);
#1816=PROPERTY_DEFINITION('geometric validation property',
'centroid of SOLDER_BALL',#1814);
#1817=REPRESENTATION('centroid',(#1815),#1128);
#1818=PROPERTY_DEFINITION_REPRESENTATION(#1816,#1817);
#1826=NEXT_ASSEMBLY_USAGE_OCCURRENCE('57','Next assembly relationship',
'SOLDER_BALL',#9305,#1137,$);
#1827=PRODUCT_DEFINITION_SHAPE('Placement #57',
'Placement of SOLDER_BALL with respect to ZEZ0201A_ASM',#1826);
#1829=PROPERTY_DEFINITION('geometric validation property',
'centroid of SOLDER_BALL',#1827);
#1830=REPRESENTATION('centroid',(#1828),#1128);
#1831=PROPERTY_DEFINITION_REPRESENTATION(#1829,#1830);
#1839=NEXT_ASSEMBLY_USAGE_OCCURRENCE('58','Next assembly relationship',
'SOLDER_BALL',#9305,#1137,$);
#1840=PRODUCT_DEFINITION_SHAPE('Placement #58',
'Placement of SOLDER_BALL with respect to ZEZ0201A_ASM',#1839);
#1842=PROPERTY_DEFINITION('geometric validation property',
'centroid of SOLDER_BALL',#1840);
#1843=REPRESENTATION('centroid',(#1841),#1128);
#1844=PROPERTY_DEFINITION_REPRESENTATION(#1842,#1843);
#1852=NEXT_ASSEMBLY_USAGE_OCCURRENCE('59','Next assembly relationship',
'SOLDER_BALL',#9305,#1137,$);
#1853=PRODUCT_DEFINITION_SHAPE('Placement #59',
'Placement of SOLDER_BALL with respect to ZEZ0201A_ASM',#1852);
#1855=PROPERTY_DEFINITION('geometric validation property',
'centroid of SOLDER_BALL',#1853);
#1856=REPRESENTATION('centroid',(#1854),#1128);
#1857=PROPERTY_DEFINITION_REPRESENTATION(#1855,#1856);
#1865=NEXT_ASSEMBLY_USAGE_OCCURRENCE('60','Next assembly relationship',
'SOLDER_BALL',#9305,#1137,$);
#1866=PRODUCT_DEFINITION_SHAPE('Placement #60',
'Placement of SOLDER_BALL with respect to ZEZ0201A_ASM',#1865);
#1868=PROPERTY_DEFINITION('geometric validation property',
'centroid of SOLDER_BALL',#1866);
#1869=REPRESENTATION('centroid',(#1867),#1128);
#1870=PROPERTY_DEFINITION_REPRESENTATION(#1868,#1869);
#1878=NEXT_ASSEMBLY_USAGE_OCCURRENCE('61','Next assembly relationship',
'SOLDER_BALL',#9305,#1137,$);
#1879=PRODUCT_DEFINITION_SHAPE('Placement #61',
'Placement of SOLDER_BALL with respect to ZEZ0201A_ASM',#1878);
#1881=PROPERTY_DEFINITION('geometric validation property',
'centroid of SOLDER_BALL',#1879);
#1882=REPRESENTATION('centroid',(#1880),#1128);
#1883=PROPERTY_DEFINITION_REPRESENTATION(#1881,#1882);
#1891=NEXT_ASSEMBLY_USAGE_OCCURRENCE('62','Next assembly relationship',
'SOLDER_BALL',#9305,#1137,$);
#1892=PRODUCT_DEFINITION_SHAPE('Placement #62',
'Placement of SOLDER_BALL with respect to ZEZ0201A_ASM',#1891);
#1894=PROPERTY_DEFINITION('geometric validation property',
'centroid of SOLDER_BALL',#1892);
#1895=REPRESENTATION('centroid',(#1893),#1128);
#1896=PROPERTY_DEFINITION_REPRESENTATION(#1894,#1895);
#1904=NEXT_ASSEMBLY_USAGE_OCCURRENCE('63','Next assembly relationship',
'SOLDER_BALL',#9305,#1137,$);
#1905=PRODUCT_DEFINITION_SHAPE('Placement #63',
'Placement of SOLDER_BALL with respect to ZEZ0201A_ASM',#1904);
#1907=PROPERTY_DEFINITION('geometric validation property',
'centroid of SOLDER_BALL',#1905);
#1908=REPRESENTATION('centroid',(#1906),#1128);
#1909=PROPERTY_DEFINITION_REPRESENTATION(#1907,#1908);
#1917=NEXT_ASSEMBLY_USAGE_OCCURRENCE('64','Next assembly relationship',
'SOLDER_BALL',#9305,#1137,$);
#1918=PRODUCT_DEFINITION_SHAPE('Placement #64',
'Placement of SOLDER_BALL with respect to ZEZ0201A_ASM',#1917);
#1920=PROPERTY_DEFINITION('geometric validation property',
'centroid of SOLDER_BALL',#1918);
#1921=REPRESENTATION('centroid',(#1919),#1128);
#1922=PROPERTY_DEFINITION_REPRESENTATION(#1920,#1921);
#1930=NEXT_ASSEMBLY_USAGE_OCCURRENCE('65','Next assembly relationship',
'SOLDER_BALL',#9305,#1137,$);
#1931=PRODUCT_DEFINITION_SHAPE('Placement #65',
'Placement of SOLDER_BALL with respect to ZEZ0201A_ASM',#1930);
#1933=PROPERTY_DEFINITION('geometric validation property',
'centroid of SOLDER_BALL',#1931);
#1934=REPRESENTATION('centroid',(#1932),#1128);
#1935=PROPERTY_DEFINITION_REPRESENTATION(#1933,#1934);
#1943=NEXT_ASSEMBLY_USAGE_OCCURRENCE('66','Next assembly relationship',
'SOLDER_BALL',#9305,#1137,$);
#1944=PRODUCT_DEFINITION_SHAPE('Placement #66',
'Placement of SOLDER_BALL with respect to ZEZ0201A_ASM',#1943);
#1946=PROPERTY_DEFINITION('geometric validation property',
'centroid of SOLDER_BALL',#1944);
#1947=REPRESENTATION('centroid',(#1945),#1128);
#1948=PROPERTY_DEFINITION_REPRESENTATION(#1946,#1947);
#1956=NEXT_ASSEMBLY_USAGE_OCCURRENCE('67','Next assembly relationship',
'SOLDER_BALL',#9305,#1137,$);
#1957=PRODUCT_DEFINITION_SHAPE('Placement #67',
'Placement of SOLDER_BALL with respect to ZEZ0201A_ASM',#1956);
#1959=PROPERTY_DEFINITION('geometric validation property',
'centroid of SOLDER_BALL',#1957);
#1960=REPRESENTATION('centroid',(#1958),#1128);
#1961=PROPERTY_DEFINITION_REPRESENTATION(#1959,#1960);
#1969=NEXT_ASSEMBLY_USAGE_OCCURRENCE('68','Next assembly relationship',
'SOLDER_BALL',#9305,#1137,$);
#1970=PRODUCT_DEFINITION_SHAPE('Placement #68',
'Placement of SOLDER_BALL with respect to ZEZ0201A_ASM',#1969);
#1972=PROPERTY_DEFINITION('geometric validation property',
'centroid of SOLDER_BALL',#1970);
#1973=REPRESENTATION('centroid',(#1971),#1128);
#1974=PROPERTY_DEFINITION_REPRESENTATION(#1972,#1973);
#1982=NEXT_ASSEMBLY_USAGE_OCCURRENCE('69','Next assembly relationship',
'SOLDER_BALL',#9305,#1137,$);
#1983=PRODUCT_DEFINITION_SHAPE('Placement #69',
'Placement of SOLDER_BALL with respect to ZEZ0201A_ASM',#1982);
#1985=PROPERTY_DEFINITION('geometric validation property',
'centroid of SOLDER_BALL',#1983);
#1986=REPRESENTATION('centroid',(#1984),#1128);
#1987=PROPERTY_DEFINITION_REPRESENTATION(#1985,#1986);
#1995=NEXT_ASSEMBLY_USAGE_OCCURRENCE('70','Next assembly relationship',
'SOLDER_BALL',#9305,#1137,$);
#1996=PRODUCT_DEFINITION_SHAPE('Placement #70',
'Placement of SOLDER_BALL with respect to ZEZ0201A_ASM',#1995);
#1998=PROPERTY_DEFINITION('geometric validation property',
'centroid of SOLDER_BALL',#1996);
#1999=REPRESENTATION('centroid',(#1997),#1128);
#2000=PROPERTY_DEFINITION_REPRESENTATION(#1998,#1999);
#2008=NEXT_ASSEMBLY_USAGE_OCCURRENCE('71','Next assembly relationship',
'SOLDER_BALL',#9305,#1137,$);
#2009=PRODUCT_DEFINITION_SHAPE('Placement #71',
'Placement of SOLDER_BALL with respect to ZEZ0201A_ASM',#2008);
#2011=PROPERTY_DEFINITION('geometric validation property',
'centroid of SOLDER_BALL',#2009);
#2012=REPRESENTATION('centroid',(#2010),#1128);
#2013=PROPERTY_DEFINITION_REPRESENTATION(#2011,#2012);
#2021=NEXT_ASSEMBLY_USAGE_OCCURRENCE('72','Next assembly relationship',
'SOLDER_BALL',#9305,#1137,$);
#2022=PRODUCT_DEFINITION_SHAPE('Placement #72',
'Placement of SOLDER_BALL with respect to ZEZ0201A_ASM',#2021);
#2024=PROPERTY_DEFINITION('geometric validation property',
'centroid of SOLDER_BALL',#2022);
#2025=REPRESENTATION('centroid',(#2023),#1128);
#2026=PROPERTY_DEFINITION_REPRESENTATION(#2024,#2025);
#2034=(LENGTH_UNIT()NAMED_UNIT(*)SI_UNIT(.MILLI.,.METRE.));
#2035=(NAMED_UNIT(*)PLANE_ANGLE_UNIT()SI_UNIT($,.RADIAN.));
#2038=(NAMED_UNIT(*)SI_UNIT($,.STERADIAN.)SOLID_ANGLE_UNIT());
#2040=(GEOMETRIC_REPRESENTATION_CONTEXT(3)GLOBAL_UNCERTAINTY_ASSIGNED_CONTEXT((
#2039))GLOBAL_UNIT_ASSIGNED_CONTEXT((#2034,#2037,#2038))REPRESENTATION_CONTEXT(
'ID5','3'));
#2044=AXIS2_PLACEMENT_3D('',#2041,#2042,#2043);
#2045=SHAPE_REPRESENTATION('',(#2044),#2040);
#2050=PRODUCT_DEFINITION('part definition','',#2049,#2046);
#2051=PRODUCT_DEFINITION_SHAPE('','SHAPE FOR SOLDER_BALL_AF0.',#2050);
#2052=SHAPE_DEFINITION_REPRESENTATION(#2051,#2045);
#2053=PROPERTY_DEFINITION('DESCRIPTION','user defined attribute',#2050);
#2057=REPRESENTATION('',(#2056),#2040);
#2058=PROPERTY_DEFINITION_REPRESENTATION(#2053,#2057);
#2059=PROPERTY_DEFINITION('MODELED_BY','user defined attribute',#2050);
#2063=REPRESENTATION('',(#2062),#2040);
#2064=PROPERTY_DEFINITION_REPRESENTATION(#2059,#2063);
#2065=PROPERTY_DEFINITION('BALL_HEIGTH','user defined attribute',#2050);
#2069=REPRESENTATION('',(#2068),#2040);
#2070=PROPERTY_DEFINITION_REPRESENTATION(#2065,#2069);
#2072=REPRESENTATION('',(#2071),#2040);
#2073=PROPERTY_DEFINITION('attribute type designation','Real Number',#2066);
#2074=PROPERTY_DEFINITION_REPRESENTATION(#2073,#2072);
#2075=NEXT_ASSEMBLY_USAGE_OCCURRENCE('73','Next assembly relationship',
'SOLDER_BALL',#9305,#2050,$);
#2076=PRODUCT_DEFINITION_SHAPE('Placement #73',
'Placement of SOLDER_BALL_AF0 with respect to ZEZ0201A_ASM',#2075);
#2084=(LENGTH_UNIT()NAMED_UNIT(*)SI_UNIT(.MILLI.,.METRE.));
#2085=(NAMED_UNIT(*)PLANE_ANGLE_UNIT()SI_UNIT($,.RADIAN.));
#2088=(NAMED_UNIT(*)SI_UNIT($,.STERADIAN.)SOLID_ANGLE_UNIT());
#2090=(GEOMETRIC_REPRESENTATION_CONTEXT(3)GLOBAL_UNCERTAINTY_ASSIGNED_CONTEXT((
#2089))GLOBAL_UNIT_ASSIGNED_CONTEXT((#2084,#2087,#2088))REPRESENTATION_CONTEXT(
'ID6','3'));
#2094=AXIS2_PLACEMENT_3D('',#2091,#2092,#2093);
#2095=SHAPE_REPRESENTATION('',(#2094),#2090);
#2099=PRODUCT_DEFINITION('part definition','',#2098,#2046);
#2100=PRODUCT_DEFINITION_SHAPE('','SHAPE FOR SOLDER_BALL_AF1.',#2099);
#2101=SHAPE_DEFINITION_REPRESENTATION(#2100,#2095);
#2102=PROPERTY_DEFINITION('DESCRIPTION','user defined attribute',#2099);
#2106=REPRESENTATION('',(#2105),#2090);
#2107=PROPERTY_DEFINITION_REPRESENTATION(#2102,#2106);
#2108=PROPERTY_DEFINITION('MODELED_BY','user defined attribute',#2099);
#2112=REPRESENTATION('',(#2111),#2090);
#2113=PROPERTY_DEFINITION_REPRESENTATION(#2108,#2112);
#2114=PROPERTY_DEFINITION('BALL_HEIGTH','user defined attribute',#2099);
#2118=REPRESENTATION('',(#2117),#2090);
#2119=PROPERTY_DEFINITION_REPRESENTATION(#2114,#2118);
#2121=REPRESENTATION('',(#2120),#2090);
#2122=PROPERTY_DEFINITION('attribute type designation','Real Number',#2115);
#2123=PROPERTY_DEFINITION_REPRESENTATION(#2122,#2121);
#2124=NEXT_ASSEMBLY_USAGE_OCCURRENCE('74','Next assembly relationship',
'SOLDER_BALL',#9305,#2099,$);
#2125=PRODUCT_DEFINITION_SHAPE('Placement #74',
'Placement of SOLDER_BALL_AF1 with respect to ZEZ0201A_ASM',#2124);
#2133=(LENGTH_UNIT()NAMED_UNIT(*)SI_UNIT(.MILLI.,.METRE.));
#2134=(NAMED_UNIT(*)PLANE_ANGLE_UNIT()SI_UNIT($,.RADIAN.));
#2137=(NAMED_UNIT(*)SI_UNIT($,.STERADIAN.)SOLID_ANGLE_UNIT());
#2139=(GEOMETRIC_REPRESENTATION_CONTEXT(3)GLOBAL_UNCERTAINTY_ASSIGNED_CONTEXT((
#2138))GLOBAL_UNIT_ASSIGNED_CONTEXT((#2133,#2136,#2137))REPRESENTATION_CONTEXT(
'ID7','3'));
#2143=AXIS2_PLACEMENT_3D('',#2140,#2141,#2142);
#2144=SHAPE_REPRESENTATION('',(#2143),#2139);
#2149=PRODUCT_DEFINITION('part definition','',#2148,#2145);
#2150=PRODUCT_DEFINITION_SHAPE('','SHAPE FOR SOLDER_BALL_AF2.',#2149);
#2151=SHAPE_DEFINITION_REPRESENTATION(#2150,#2144);
#2152=PROPERTY_DEFINITION('DESCRIPTION','user defined attribute',#2149);
#2156=REPRESENTATION('',(#2155),#2139);
#2157=PROPERTY_DEFINITION_REPRESENTATION(#2152,#2156);
#2158=PROPERTY_DEFINITION('MODELED_BY','user defined attribute',#2149);
#2162=REPRESENTATION('',(#2161),#2139);
#2163=PROPERTY_DEFINITION_REPRESENTATION(#2158,#2162);
#2164=PROPERTY_DEFINITION('BALL_HEIGTH','user defined attribute',#2149);
#2168=REPRESENTATION('',(#2167),#2139);
#2169=PROPERTY_DEFINITION_REPRESENTATION(#2164,#2168);
#2171=REPRESENTATION('',(#2170),#2139);
#2172=PROPERTY_DEFINITION('attribute type designation','Real Number',#2165);
#2173=PROPERTY_DEFINITION_REPRESENTATION(#2172,#2171);
#2174=NEXT_ASSEMBLY_USAGE_OCCURRENCE('75','Next assembly relationship',
'SOLDER_BALL',#9305,#2149,$);
#2175=PRODUCT_DEFINITION_SHAPE('Placement #75',
'Placement of SOLDER_BALL_AF2 with respect to ZEZ0201A_ASM',#2174);
#2183=(LENGTH_UNIT()NAMED_UNIT(*)SI_UNIT(.MILLI.,.METRE.));
#2184=(NAMED_UNIT(*)PLANE_ANGLE_UNIT()SI_UNIT($,.RADIAN.));
#2187=(NAMED_UNIT(*)SI_UNIT($,.STERADIAN.)SOLID_ANGLE_UNIT());
#2189=(GEOMETRIC_REPRESENTATION_CONTEXT(3)GLOBAL_UNCERTAINTY_ASSIGNED_CONTEXT((
#2188))GLOBAL_UNIT_ASSIGNED_CONTEXT((#2183,#2186,#2187))REPRESENTATION_CONTEXT(
'ID8','3'));
#2193=AXIS2_PLACEMENT_3D('',#2190,#2191,#2192);
#2194=SHAPE_REPRESENTATION('',(#2193),#2189);
#2198=PRODUCT_DEFINITION('part definition','',#2197,#2145);
#2199=PRODUCT_DEFINITION_SHAPE('','SHAPE FOR SOLDER_BALL_AF3.',#2198);
#2200=SHAPE_DEFINITION_REPRESENTATION(#2199,#2194);
#2201=PROPERTY_DEFINITION('DESCRIPTION','user defined attribute',#2198);
#2205=REPRESENTATION('',(#2204),#2189);
#2206=PROPERTY_DEFINITION_REPRESENTATION(#2201,#2205);
#2207=PROPERTY_DEFINITION('MODELED_BY','user defined attribute',#2198);
#2211=REPRESENTATION('',(#2210),#2189);
#2212=PROPERTY_DEFINITION_REPRESENTATION(#2207,#2211);
#2213=PROPERTY_DEFINITION('BALL_HEIGTH','user defined attribute',#2198);
#2217=REPRESENTATION('',(#2216),#2189);
#2218=PROPERTY_DEFINITION_REPRESENTATION(#2213,#2217);
#2220=REPRESENTATION('',(#2219),#2189);
#2221=PROPERTY_DEFINITION('attribute type designation','Real Number',#2214);
#2222=PROPERTY_DEFINITION_REPRESENTATION(#2221,#2220);
#2223=NEXT_ASSEMBLY_USAGE_OCCURRENCE('76','Next assembly relationship',
'SOLDER_BALL',#9305,#2198,$);
#2224=PRODUCT_DEFINITION_SHAPE('Placement #76',
'Placement of SOLDER_BALL_AF3 with respect to ZEZ0201A_ASM',#2223);
#2232=(LENGTH_UNIT()NAMED_UNIT(*)SI_UNIT(.MILLI.,.METRE.));
#2233=(NAMED_UNIT(*)PLANE_ANGLE_UNIT()SI_UNIT($,.RADIAN.));
#2236=(NAMED_UNIT(*)SI_UNIT($,.STERADIAN.)SOLID_ANGLE_UNIT());
#2238=(GEOMETRIC_REPRESENTATION_CONTEXT(3)GLOBAL_UNCERTAINTY_ASSIGNED_CONTEXT((
#2237))GLOBAL_UNIT_ASSIGNED_CONTEXT((#2232,#2235,#2236))REPRESENTATION_CONTEXT(
'ID9','3'));
#2242=AXIS2_PLACEMENT_3D('',#2239,#2240,#2241);
#2243=SHAPE_REPRESENTATION('',(#2242),#2238);
#2248=PRODUCT_DEFINITION('part definition','',#2247,#2244);
#2249=PRODUCT_DEFINITION_SHAPE('','SHAPE FOR SOLDER_BALL_AF4.',#2248);
#2250=SHAPE_DEFINITION_REPRESENTATION(#2249,#2243);
#2251=PROPERTY_DEFINITION('DESCRIPTION','user defined attribute',#2248);
#2255=REPRESENTATION('',(#2254),#2238);
#2256=PROPERTY_DEFINITION_REPRESENTATION(#2251,#2255);
#2257=PROPERTY_DEFINITION('MODELED_BY','user defined attribute',#2248);
#2261=REPRESENTATION('',(#2260),#2238);
#2262=PROPERTY_DEFINITION_REPRESENTATION(#2257,#2261);
#2263=PROPERTY_DEFINITION('BALL_HEIGTH','user defined attribute',#2248);
#2267=REPRESENTATION('',(#2266),#2238);
#2268=PROPERTY_DEFINITION_REPRESENTATION(#2263,#2267);
#2270=REPRESENTATION('',(#2269),#2238);
#2271=PROPERTY_DEFINITION('attribute type designation','Real Number',#2264);
#2272=PROPERTY_DEFINITION_REPRESENTATION(#2271,#2270);
#2273=NEXT_ASSEMBLY_USAGE_OCCURRENCE('77','Next assembly relationship',
'SOLDER_BALL',#9305,#2248,$);
#2274=PRODUCT_DEFINITION_SHAPE('Placement #77',
'Placement of SOLDER_BALL_AF4 with respect to ZEZ0201A_ASM',#2273);
#2282=(LENGTH_UNIT()NAMED_UNIT(*)SI_UNIT(.MILLI.,.METRE.));
#2283=(NAMED_UNIT(*)PLANE_ANGLE_UNIT()SI_UNIT($,.RADIAN.));
#2286=(NAMED_UNIT(*)SI_UNIT($,.STERADIAN.)SOLID_ANGLE_UNIT());
#2288=(GEOMETRIC_REPRESENTATION_CONTEXT(3)GLOBAL_UNCERTAINTY_ASSIGNED_CONTEXT((
#2287))GLOBAL_UNIT_ASSIGNED_CONTEXT((#2282,#2285,#2286))REPRESENTATION_CONTEXT(
'ID10','3'));
#2292=AXIS2_PLACEMENT_3D('',#2289,#2290,#2291);
#2293=SHAPE_REPRESENTATION('',(#2292),#2288);
#2297=PRODUCT_DEFINITION('part definition','',#2296,#2244);
#2298=PRODUCT_DEFINITION_SHAPE('','SHAPE FOR SOLDER_BALL_AF5.',#2297);
#2299=SHAPE_DEFINITION_REPRESENTATION(#2298,#2293);
#2300=PROPERTY_DEFINITION('DESCRIPTION','user defined attribute',#2297);
#2304=REPRESENTATION('',(#2303),#2288);
#2305=PROPERTY_DEFINITION_REPRESENTATION(#2300,#2304);
#2306=PROPERTY_DEFINITION('MODELED_BY','user defined attribute',#2297);
#2310=REPRESENTATION('',(#2309),#2288);
#2311=PROPERTY_DEFINITION_REPRESENTATION(#2306,#2310);
#2312=PROPERTY_DEFINITION('BALL_HEIGTH','user defined attribute',#2297);
#2316=REPRESENTATION('',(#2315),#2288);
#2317=PROPERTY_DEFINITION_REPRESENTATION(#2312,#2316);
#2319=REPRESENTATION('',(#2318),#2288);
#2320=PROPERTY_DEFINITION('attribute type designation','Real Number',#2313);
#2321=PROPERTY_DEFINITION_REPRESENTATION(#2320,#2319);
#2322=NEXT_ASSEMBLY_USAGE_OCCURRENCE('78','Next assembly relationship',
'SOLDER_BALL',#9305,#2297,$);
#2323=PRODUCT_DEFINITION_SHAPE('Placement #78',
'Placement of SOLDER_BALL_AF5 with respect to ZEZ0201A_ASM',#2322);
#2331=(LENGTH_UNIT()NAMED_UNIT(*)SI_UNIT(.MILLI.,.METRE.));
#2332=(NAMED_UNIT(*)PLANE_ANGLE_UNIT()SI_UNIT($,.RADIAN.));
#2335=(NAMED_UNIT(*)SI_UNIT($,.STERADIAN.)SOLID_ANGLE_UNIT());
#2337=(GEOMETRIC_REPRESENTATION_CONTEXT(3)GLOBAL_UNCERTAINTY_ASSIGNED_CONTEXT((
#2336))GLOBAL_UNIT_ASSIGNED_CONTEXT((#2331,#2334,#2335))REPRESENTATION_CONTEXT(
'ID11','3'));
#2341=AXIS2_PLACEMENT_3D('',#2338,#2339,#2340);
#2342=SHAPE_REPRESENTATION('',(#2341),#2337);
#2347=PRODUCT_DEFINITION('part definition','',#2346,#2343);
#2348=PRODUCT_DEFINITION_SHAPE('','SHAPE FOR SOLDER_BALL_AF6.',#2347);
#2349=SHAPE_DEFINITION_REPRESENTATION(#2348,#2342);
#2350=PROPERTY_DEFINITION('DESCRIPTION','user defined attribute',#2347);
#2354=REPRESENTATION('',(#2353),#2337);
#2355=PROPERTY_DEFINITION_REPRESENTATION(#2350,#2354);
#2356=PROPERTY_DEFINITION('MODELED_BY','user defined attribute',#2347);
#2360=REPRESENTATION('',(#2359),#2337);
#2361=PROPERTY_DEFINITION_REPRESENTATION(#2356,#2360);
#2362=PROPERTY_DEFINITION('BALL_HEIGTH','user defined attribute',#2347);
#2366=REPRESENTATION('',(#2365),#2337);
#2367=PROPERTY_DEFINITION_REPRESENTATION(#2362,#2366);
#2369=REPRESENTATION('',(#2368),#2337);
#2370=PROPERTY_DEFINITION('attribute type designation','Real Number',#2363);
#2371=PROPERTY_DEFINITION_REPRESENTATION(#2370,#2369);
#2372=NEXT_ASSEMBLY_USAGE_OCCURRENCE('79','Next assembly relationship',
'SOLDER_BALL',#9305,#2347,$);
#2373=PRODUCT_DEFINITION_SHAPE('Placement #79',
'Placement of SOLDER_BALL_AF6 with respect to ZEZ0201A_ASM',#2372);
#2381=NEXT_ASSEMBLY_USAGE_OCCURRENCE('80','Next assembly relationship',
'SOLDER_BALL',#9305,#1137,$);
#2382=PRODUCT_DEFINITION_SHAPE('Placement #80',
'Placement of SOLDER_BALL with respect to ZEZ0201A_ASM',#2381);
#2384=PROPERTY_DEFINITION('geometric validation property',
'centroid of SOLDER_BALL',#2382);
#2385=REPRESENTATION('centroid',(#2383),#2337);
#2386=PROPERTY_DEFINITION_REPRESENTATION(#2384,#2385);
#2394=NEXT_ASSEMBLY_USAGE_OCCURRENCE('81','Next assembly relationship',
'SOLDER_BALL',#9305,#1137,$);
#2395=PRODUCT_DEFINITION_SHAPE('Placement #81',
'Placement of SOLDER_BALL with respect to ZEZ0201A_ASM',#2394);
#2397=PROPERTY_DEFINITION('geometric validation property',
'centroid of SOLDER_BALL',#2395);
#2398=REPRESENTATION('centroid',(#2396),#2337);
#2399=PROPERTY_DEFINITION_REPRESENTATION(#2397,#2398);
#2407=NEXT_ASSEMBLY_USAGE_OCCURRENCE('82','Next assembly relationship',
'SOLDER_BALL',#9305,#1137,$);
#2408=PRODUCT_DEFINITION_SHAPE('Placement #82',
'Placement of SOLDER_BALL with respect to ZEZ0201A_ASM',#2407);
#2410=PROPERTY_DEFINITION('geometric validation property',
'centroid of SOLDER_BALL',#2408);
#2411=REPRESENTATION('centroid',(#2409),#2337);
#2412=PROPERTY_DEFINITION_REPRESENTATION(#2410,#2411);
#2420=NEXT_ASSEMBLY_USAGE_OCCURRENCE('83','Next assembly relationship',
'SOLDER_BALL',#9305,#1137,$);
#2421=PRODUCT_DEFINITION_SHAPE('Placement #83',
'Placement of SOLDER_BALL with respect to ZEZ0201A_ASM',#2420);
#2423=PROPERTY_DEFINITION('geometric validation property',
'centroid of SOLDER_BALL',#2421);
#2424=REPRESENTATION('centroid',(#2422),#2337);
#2425=PROPERTY_DEFINITION_REPRESENTATION(#2423,#2424);
#2433=NEXT_ASSEMBLY_USAGE_OCCURRENCE('84','Next assembly relationship',
'SOLDER_BALL',#9305,#1137,$);
#2434=PRODUCT_DEFINITION_SHAPE('Placement #84',
'Placement of SOLDER_BALL with respect to ZEZ0201A_ASM',#2433);
#2436=PROPERTY_DEFINITION('geometric validation property',
'centroid of SOLDER_BALL',#2434);
#2437=REPRESENTATION('centroid',(#2435),#2337);
#2438=PROPERTY_DEFINITION_REPRESENTATION(#2436,#2437);
#2446=NEXT_ASSEMBLY_USAGE_OCCURRENCE('85','Next assembly relationship',
'SOLDER_BALL',#9305,#1137,$);
#2447=PRODUCT_DEFINITION_SHAPE('Placement #85',
'Placement of SOLDER_BALL with respect to ZEZ0201A_ASM',#2446);
#2449=PROPERTY_DEFINITION('geometric validation property',
'centroid of SOLDER_BALL',#2447);
#2450=REPRESENTATION('centroid',(#2448),#2337);
#2451=PROPERTY_DEFINITION_REPRESENTATION(#2449,#2450);
#2459=NEXT_ASSEMBLY_USAGE_OCCURRENCE('86','Next assembly relationship',
'SOLDER_BALL',#9305,#1137,$);
#2460=PRODUCT_DEFINITION_SHAPE('Placement #86',
'Placement of SOLDER_BALL with respect to ZEZ0201A_ASM',#2459);
#2462=PROPERTY_DEFINITION('geometric validation property',
'centroid of SOLDER_BALL',#2460);
#2463=REPRESENTATION('centroid',(#2461),#2337);
#2464=PROPERTY_DEFINITION_REPRESENTATION(#2462,#2463);
#2472=NEXT_ASSEMBLY_USAGE_OCCURRENCE('87','Next assembly relationship',
'SOLDER_BALL',#9305,#1137,$);
#2473=PRODUCT_DEFINITION_SHAPE('Placement #87',
'Placement of SOLDER_BALL with respect to ZEZ0201A_ASM',#2472);
#2475=PROPERTY_DEFINITION('geometric validation property',
'centroid of SOLDER_BALL',#2473);
#2476=REPRESENTATION('centroid',(#2474),#2337);
#2477=PROPERTY_DEFINITION_REPRESENTATION(#2475,#2476);
#2485=(LENGTH_UNIT()NAMED_UNIT(*)SI_UNIT(.MILLI.,.METRE.));
#2486=(NAMED_UNIT(*)PLANE_ANGLE_UNIT()SI_UNIT($,.RADIAN.));
#2489=(NAMED_UNIT(*)SI_UNIT($,.STERADIAN.)SOLID_ANGLE_UNIT());
#2491=(GEOMETRIC_REPRESENTATION_CONTEXT(3)GLOBAL_UNCERTAINTY_ASSIGNED_CONTEXT((
#2490))GLOBAL_UNIT_ASSIGNED_CONTEXT((#2485,#2488,#2489))REPRESENTATION_CONTEXT(
'ID12','3'));
#2495=AXIS2_PLACEMENT_3D('',#2492,#2493,#2494);
#2496=SHAPE_REPRESENTATION('',(#2495),#2491);
#2500=PRODUCT_DEFINITION('part definition','',#2499,#2343);
#2501=PRODUCT_DEFINITION_SHAPE('','SHAPE FOR SOLDER_BALL_AF7.',#2500);
#2502=SHAPE_DEFINITION_REPRESENTATION(#2501,#2496);
#2503=PROPERTY_DEFINITION('DESCRIPTION','user defined attribute',#2500);
#2507=REPRESENTATION('',(#2506),#2491);
#2508=PROPERTY_DEFINITION_REPRESENTATION(#2503,#2507);
#2509=PROPERTY_DEFINITION('MODELED_BY','user defined attribute',#2500);
#2513=REPRESENTATION('',(#2512),#2491);
#2514=PROPERTY_DEFINITION_REPRESENTATION(#2509,#2513);
#2515=PROPERTY_DEFINITION('BALL_HEIGTH','user defined attribute',#2500);
#2519=REPRESENTATION('',(#2518),#2491);
#2520=PROPERTY_DEFINITION_REPRESENTATION(#2515,#2519);
#2522=REPRESENTATION('',(#2521),#2491);
#2523=PROPERTY_DEFINITION('attribute type designation','Real Number',#2516);
#2524=PROPERTY_DEFINITION_REPRESENTATION(#2523,#2522);
#2525=NEXT_ASSEMBLY_USAGE_OCCURRENCE('88','Next assembly relationship',
'SOLDER_BALL',#9305,#2500,$);
#2526=PRODUCT_DEFINITION_SHAPE('Placement #88',
'Placement of SOLDER_BALL_AF7 with respect to ZEZ0201A_ASM',#2525);
#2539=CIRCLE('',#2538,1.529705854078E-1);
#2547=CIRCLE('',#2546,1.75E-1);
#2555=CIRCLE('',#2554,1.75E-1);
#2563=CIRCLE('',#2562,1.529705854078E-1);
#2578=EDGE_CURVE('',#2569,#2570,#2547,.T.);
#2580=EDGE_CURVE('',#2569,#2572,#2539,.T.);
#2582=EDGE_CURVE('',#2572,#2570,#2555,.T.);
#2586=ADVANCED_FACE('',(#2585),#2577,.T.);
#2594=EDGE_CURVE('',#2569,#2572,#2563,.T.);
#2598=ADVANCED_FACE('',(#2597),#2591,.T.);
#2608=ADVANCED_FACE('',(#2607),#2603,.T.);
#2617=(LENGTH_UNIT()NAMED_UNIT(*)SI_UNIT(.MILLI.,.METRE.));
#2618=(NAMED_UNIT(*)PLANE_ANGLE_UNIT()SI_UNIT($,.RADIAN.));
#2621=(NAMED_UNIT(*)SI_UNIT($,.STERADIAN.)SOLID_ANGLE_UNIT());
#2623=(GEOMETRIC_REPRESENTATION_CONTEXT(3)GLOBAL_UNCERTAINTY_ASSIGNED_CONTEXT((
#2622))GLOBAL_UNIT_ASSIGNED_CONTEXT((#2617,#2620,#2621))REPRESENTATION_CONTEXT(
'ID13','3'));
#2627=AXIS2_PLACEMENT_3D('',#2624,#2625,#2626);
#2628=ADVANCED_BREP_SHAPE_REPRESENTATION('',(#2627,#2610),#2623);
#2633=PRODUCT_DEFINITION('part definition','',#2632,#2629);
#2634=PRODUCT_DEFINITION_SHAPE('','SHAPE FOR SOLDER_BALL_AF8.',#2633);
#2635=SHAPE_ASPECT('','solid data associated with SOLDER_BALL_AF8',#2634,.F.);
#2636=PROPERTY_DEFINITION('',
'shape for solid data with which properties are associated',#2635);
#2637=SHAPE_REPRESENTATION('',(#2610),#2623);
#2638=SHAPE_DEFINITION_REPRESENTATION(#2636,#2637);
#2639=(LENGTH_UNIT()NAMED_UNIT(*)SI_UNIT(.MILLI.,.METRE.));
#2643=PROPERTY_DEFINITION('geometric validation property',
'area of SOLDER_BALL_AF8',#2635);
#2644=REPRESENTATION('surface area',(#2642),#2623);
#2645=PROPERTY_DEFINITION_REPRESENTATION(#2643,#2644);
#2646=(LENGTH_UNIT()NAMED_UNIT(*)SI_UNIT(.MILLI.,.METRE.));
#2650=PROPERTY_DEFINITION('geometric validation property',
'volume of SOLDER_BALL_AF8',#2635);
#2651=REPRESENTATION('volume',(#2649),#2623);
#2652=PROPERTY_DEFINITION_REPRESENTATION(#2650,#2651);
#2654=PROPERTY_DEFINITION('geometric validation property',
'centroid of SOLDER_BALL_AF8',#2635);
#2655=REPRESENTATION('centroid',(#2653),#2623);
#2656=PROPERTY_DEFINITION_REPRESENTATION(#2654,#2655);
#2657=(LENGTH_UNIT()NAMED_UNIT(*)SI_UNIT(.MILLI.,.METRE.));
#2661=PROPERTY_DEFINITION('geometric validation property',
'area of SOLDER_BALL_AF8',#2634);
#2662=REPRESENTATION('surface area',(#2660),#2623);
#2663=PROPERTY_DEFINITION_REPRESENTATION(#2661,#2662);
#2664=(LENGTH_UNIT()NAMED_UNIT(*)SI_UNIT(.MILLI.,.METRE.));
#2668=PROPERTY_DEFINITION('geometric validation property',
'volume of SOLDER_BALL_AF8',#2634);
#2669=REPRESENTATION('volume',(#2667),#2623);
#2670=PROPERTY_DEFINITION_REPRESENTATION(#2668,#2669);
#2672=PROPERTY_DEFINITION('geometric validation property',
'centroid of SOLDER_BALL_AF8',#2634);
#2673=REPRESENTATION('centroid',(#2671),#2623);
#2674=PROPERTY_DEFINITION_REPRESENTATION(#2672,#2673);
#2675=SHAPE_DEFINITION_REPRESENTATION(#2634,#2628);
#2676=PROPERTY_DEFINITION('DESCRIPTION','user defined attribute',#2633);
#2680=REPRESENTATION('',(#2679),#2623);
#2681=PROPERTY_DEFINITION_REPRESENTATION(#2676,#2680);
#2682=PROPERTY_DEFINITION('MODELED_BY','user defined attribute',#2633);
#2686=REPRESENTATION('',(#2685),#2623);
#2687=PROPERTY_DEFINITION_REPRESENTATION(#2682,#2686);
#2688=PROPERTY_DEFINITION('BALL_HEIGTH','user defined attribute',#2633);
#2692=REPRESENTATION('',(#2691),#2623);
#2693=PROPERTY_DEFINITION_REPRESENTATION(#2688,#2692);
#2695=REPRESENTATION('',(#2694),#2623);
#2696=PROPERTY_DEFINITION('attribute type designation','Real Number',#2689);
#2697=PROPERTY_DEFINITION_REPRESENTATION(#2696,#2695);
#2698=NEXT_ASSEMBLY_USAGE_OCCURRENCE('89','Next assembly relationship',
'SOLDER_BALL',#9305,#2633,$);
#2699=PRODUCT_DEFINITION_SHAPE('Placement #89',
'Placement of SOLDER_BALL_AF8 with respect to ZEZ0201A_ASM',#2698);
#2701=PROPERTY_DEFINITION('geometric validation property',
'centroid of SOLDER_BALL',#2699);
#2702=REPRESENTATION('centroid',(#2700),#2623);
#2703=PROPERTY_DEFINITION_REPRESENTATION(#2701,#2702);
#2716=CIRCLE('',#2715,1.529705854078E-1);
#2724=CIRCLE('',#2723,1.75E-1);
#2732=CIRCLE('',#2731,1.75E-1);
#2740=CIRCLE('',#2739,1.529705854078E-1);
#2755=EDGE_CURVE('',#2746,#2747,#2724,.T.);
#2757=EDGE_CURVE('',#2746,#2749,#2716,.T.);
#2759=EDGE_CURVE('',#2749,#2747,#2732,.T.);
#2763=ADVANCED_FACE('',(#2762),#2754,.T.);
#2771=EDGE_CURVE('',#2746,#2749,#2740,.T.);
#2775=ADVANCED_FACE('',(#2774),#2768,.T.);
#2785=ADVANCED_FACE('',(#2784),#2780,.T.);
#2794=(LENGTH_UNIT()NAMED_UNIT(*)SI_UNIT(.MILLI.,.METRE.));
#2795=(NAMED_UNIT(*)PLANE_ANGLE_UNIT()SI_UNIT($,.RADIAN.));
#2798=(NAMED_UNIT(*)SI_UNIT($,.STERADIAN.)SOLID_ANGLE_UNIT());
#2800=(GEOMETRIC_REPRESENTATION_CONTEXT(3)GLOBAL_UNCERTAINTY_ASSIGNED_CONTEXT((
#2799))GLOBAL_UNIT_ASSIGNED_CONTEXT((#2794,#2797,#2798))REPRESENTATION_CONTEXT(
'ID14','3'));
#2804=AXIS2_PLACEMENT_3D('',#2801,#2802,#2803);
#2805=ADVANCED_BREP_SHAPE_REPRESENTATION('',(#2804,#2787),#2800);
#2809=PRODUCT_DEFINITION('part definition','',#2808,#2629);
#2810=PRODUCT_DEFINITION_SHAPE('','SHAPE FOR SOLDER_BALL_AF9.',#2809);
#2811=SHAPE_ASPECT('','solid data associated with SOLDER_BALL_AF9',#2810,.F.);
#2812=PROPERTY_DEFINITION('',
'shape for solid data with which properties are associated',#2811);
#2813=SHAPE_REPRESENTATION('',(#2787),#2800);
#2814=SHAPE_DEFINITION_REPRESENTATION(#2812,#2813);
#2815=(LENGTH_UNIT()NAMED_UNIT(*)SI_UNIT(.MILLI.,.METRE.));
#2819=PROPERTY_DEFINITION('geometric validation property',
'area of SOLDER_BALL_AF9',#2811);
#2820=REPRESENTATION('surface area',(#2818),#2800);
#2821=PROPERTY_DEFINITION_REPRESENTATION(#2819,#2820);
#2822=(LENGTH_UNIT()NAMED_UNIT(*)SI_UNIT(.MILLI.,.METRE.));
#2826=PROPERTY_DEFINITION('geometric validation property',
'volume of SOLDER_BALL_AF9',#2811);
#2827=REPRESENTATION('volume',(#2825),#2800);
#2828=PROPERTY_DEFINITION_REPRESENTATION(#2826,#2827);
#2830=PROPERTY_DEFINITION('geometric validation property',
'centroid of SOLDER_BALL_AF9',#2811);
#2831=REPRESENTATION('centroid',(#2829),#2800);
#2832=PROPERTY_DEFINITION_REPRESENTATION(#2830,#2831);
#2833=(LENGTH_UNIT()NAMED_UNIT(*)SI_UNIT(.MILLI.,.METRE.));
#2837=PROPERTY_DEFINITION('geometric validation property',
'area of SOLDER_BALL_AF9',#2810);
#2838=REPRESENTATION('surface area',(#2836),#2800);
#2839=PROPERTY_DEFINITION_REPRESENTATION(#2837,#2838);
#2840=(LENGTH_UNIT()NAMED_UNIT(*)SI_UNIT(.MILLI.,.METRE.));
#2844=PROPERTY_DEFINITION('geometric validation property',
'volume of SOLDER_BALL_AF9',#2810);
#2845=REPRESENTATION('volume',(#2843),#2800);
#2846=PROPERTY_DEFINITION_REPRESENTATION(#2844,#2845);
#2848=PROPERTY_DEFINITION('geometric validation property',
'centroid of SOLDER_BALL_AF9',#2810);
#2849=REPRESENTATION('centroid',(#2847),#2800);
#2850=PROPERTY_DEFINITION_REPRESENTATION(#2848,#2849);
#2851=SHAPE_DEFINITION_REPRESENTATION(#2810,#2805);
#2852=PROPERTY_DEFINITION('DESCRIPTION','user defined attribute',#2809);
#2856=REPRESENTATION('',(#2855),#2800);
#2857=PROPERTY_DEFINITION_REPRESENTATION(#2852,#2856);
#2858=PROPERTY_DEFINITION('MODELED_BY','user defined attribute',#2809);
#2862=REPRESENTATION('',(#2861),#2800);
#2863=PROPERTY_DEFINITION_REPRESENTATION(#2858,#2862);
#2864=PROPERTY_DEFINITION('BALL_HEIGTH','user defined attribute',#2809);
#2868=REPRESENTATION('',(#2867),#2800);
#2869=PROPERTY_DEFINITION_REPRESENTATION(#2864,#2868);
#2871=REPRESENTATION('',(#2870),#2800);
#2872=PROPERTY_DEFINITION('attribute type designation','Real Number',#2865);
#2873=PROPERTY_DEFINITION_REPRESENTATION(#2872,#2871);
#2874=NEXT_ASSEMBLY_USAGE_OCCURRENCE('90','Next assembly relationship',
'SOLDER_BALL',#9305,#2809,$);
#2875=PRODUCT_DEFINITION_SHAPE('Placement #90',
'Placement of SOLDER_BALL_AF9 with respect to ZEZ0201A_ASM',#2874);
#2877=PROPERTY_DEFINITION('geometric validation property',
'centroid of SOLDER_BALL',#2875);
#2878=REPRESENTATION('centroid',(#2876),#2800);
#2879=PROPERTY_DEFINITION_REPRESENTATION(#2877,#2878);
#2892=CIRCLE('',#2891,1.529705854078E-1);
#2900=CIRCLE('',#2899,1.75E-1);
#2908=CIRCLE('',#2907,1.75E-1);
#2916=CIRCLE('',#2915,1.529705854078E-1);
#2931=EDGE_CURVE('',#2922,#2923,#2900,.T.);
#2933=EDGE_CURVE('',#2922,#2925,#2892,.T.);
#2935=EDGE_CURVE('',#2925,#2923,#2908,.T.);
#2939=ADVANCED_FACE('',(#2938),#2930,.T.);
#2947=EDGE_CURVE('',#2922,#2925,#2916,.T.);
#2951=ADVANCED_FACE('',(#2950),#2944,.T.);
#2961=ADVANCED_FACE('',(#2960),#2956,.T.);
#2970=(LENGTH_UNIT()NAMED_UNIT(*)SI_UNIT(.MILLI.,.METRE.));
#2971=(NAMED_UNIT(*)PLANE_ANGLE_UNIT()SI_UNIT($,.RADIAN.));
#2974=(NAMED_UNIT(*)SI_UNIT($,.STERADIAN.)SOLID_ANGLE_UNIT());
#2976=(GEOMETRIC_REPRESENTATION_CONTEXT(3)GLOBAL_UNCERTAINTY_ASSIGNED_CONTEXT((
#2975))GLOBAL_UNIT_ASSIGNED_CONTEXT((#2970,#2973,#2974))REPRESENTATION_CONTEXT(
'ID15','3'));
#2980=AXIS2_PLACEMENT_3D('',#2977,#2978,#2979);
#2981=ADVANCED_BREP_SHAPE_REPRESENTATION('',(#2980,#2963),#2976);
#2986=PRODUCT_DEFINITION('part definition','',#2985,#2982);
#2987=PRODUCT_DEFINITION_SHAPE('','SHAPE FOR SOLDER_BALL_AF10.',#2986);
#2988=SHAPE_ASPECT('','solid data associated with SOLDER_BALL_AF10',#2987,.F.);
#2989=PROPERTY_DEFINITION('',
'shape for solid data with which properties are associated',#2988);
#2990=SHAPE_REPRESENTATION('',(#2963),#2976);
#2991=SHAPE_DEFINITION_REPRESENTATION(#2989,#2990);
#2992=(LENGTH_UNIT()NAMED_UNIT(*)SI_UNIT(.MILLI.,.METRE.));
#2996=PROPERTY_DEFINITION('geometric validation property',
'area of SOLDER_BALL_AF10',#2988);
#2997=REPRESENTATION('surface area',(#2995),#2976);
#2998=PROPERTY_DEFINITION_REPRESENTATION(#2996,#2997);
#2999=(LENGTH_UNIT()NAMED_UNIT(*)SI_UNIT(.MILLI.,.METRE.));
#3003=PROPERTY_DEFINITION('geometric validation property',
'volume of SOLDER_BALL_AF10',#2988);
#3004=REPRESENTATION('volume',(#3002),#2976);
#3005=PROPERTY_DEFINITION_REPRESENTATION(#3003,#3004);
#3007=PROPERTY_DEFINITION('geometric validation property',
'centroid of SOLDER_BALL_AF10',#2988);
#3008=REPRESENTATION('centroid',(#3006),#2976);
#3009=PROPERTY_DEFINITION_REPRESENTATION(#3007,#3008);
#3010=(LENGTH_UNIT()NAMED_UNIT(*)SI_UNIT(.MILLI.,.METRE.));
#3014=PROPERTY_DEFINITION('geometric validation property',
'area of SOLDER_BALL_AF10',#2987);
#3015=REPRESENTATION('surface area',(#3013),#2976);
#3016=PROPERTY_DEFINITION_REPRESENTATION(#3014,#3015);
#3017=(LENGTH_UNIT()NAMED_UNIT(*)SI_UNIT(.MILLI.,.METRE.));
#3021=PROPERTY_DEFINITION('geometric validation property',
'volume of SOLDER_BALL_AF10',#2987);
#3022=REPRESENTATION('volume',(#3020),#2976);
#3023=PROPERTY_DEFINITION_REPRESENTATION(#3021,#3022);
#3025=PROPERTY_DEFINITION('geometric validation property',
'centroid of SOLDER_BALL_AF10',#2987);
#3026=REPRESENTATION('centroid',(#3024),#2976);
#3027=PROPERTY_DEFINITION_REPRESENTATION(#3025,#3026);
#3028=SHAPE_DEFINITION_REPRESENTATION(#2987,#2981);
#3029=PROPERTY_DEFINITION('DESCRIPTION','user defined attribute',#2986);
#3033=REPRESENTATION('',(#3032),#2976);
#3034=PROPERTY_DEFINITION_REPRESENTATION(#3029,#3033);
#3035=PROPERTY_DEFINITION('MODELED_BY','user defined attribute',#2986);
#3039=REPRESENTATION('',(#3038),#2976);
#3040=PROPERTY_DEFINITION_REPRESENTATION(#3035,#3039);
#3041=PROPERTY_DEFINITION('BALL_HEIGTH','user defined attribute',#2986);
#3045=REPRESENTATION('',(#3044),#2976);
#3046=PROPERTY_DEFINITION_REPRESENTATION(#3041,#3045);
#3048=REPRESENTATION('',(#3047),#2976);
#3049=PROPERTY_DEFINITION('attribute type designation','Real Number',#3042);
#3050=PROPERTY_DEFINITION_REPRESENTATION(#3049,#3048);
#3051=NEXT_ASSEMBLY_USAGE_OCCURRENCE('91','Next assembly relationship',
'SOLDER_BALL',#9305,#2986,$);
#3052=PRODUCT_DEFINITION_SHAPE('Placement #91',
'Placement of SOLDER_BALL_AF10 with respect to ZEZ0201A_ASM',#3051);
#3054=PROPERTY_DEFINITION('geometric validation property',
'centroid of SOLDER_BALL',#3052);
#3055=REPRESENTATION('centroid',(#3053),#2976);
#3056=PROPERTY_DEFINITION_REPRESENTATION(#3054,#3055);
#3069=CIRCLE('',#3068,1.529705854078E-1);
#3077=CIRCLE('',#3076,1.75E-1);
#3085=CIRCLE('',#3084,1.75E-1);
#3093=CIRCLE('',#3092,1.529705854078E-1);
#3108=EDGE_CURVE('',#3099,#3100,#3077,.T.);
#3110=EDGE_CURVE('',#3099,#3102,#3069,.T.);
#3112=EDGE_CURVE('',#3102,#3100,#3085,.T.);
#3116=ADVANCED_FACE('',(#3115),#3107,.T.);
#3124=EDGE_CURVE('',#3099,#3102,#3093,.T.);
#3128=ADVANCED_FACE('',(#3127),#3121,.T.);
#3138=ADVANCED_FACE('',(#3137),#3133,.T.);
#3147=(LENGTH_UNIT()NAMED_UNIT(*)SI_UNIT(.MILLI.,.METRE.));
#3148=(NAMED_UNIT(*)PLANE_ANGLE_UNIT()SI_UNIT($,.RADIAN.));
#3151=(NAMED_UNIT(*)SI_UNIT($,.STERADIAN.)SOLID_ANGLE_UNIT());
#3153=(GEOMETRIC_REPRESENTATION_CONTEXT(3)GLOBAL_UNCERTAINTY_ASSIGNED_CONTEXT((
#3152))GLOBAL_UNIT_ASSIGNED_CONTEXT((#3147,#3150,#3151))REPRESENTATION_CONTEXT(
'ID16','3'));
#3157=AXIS2_PLACEMENT_3D('',#3154,#3155,#3156);
#3158=ADVANCED_BREP_SHAPE_REPRESENTATION('',(#3157,#3140),#3153);
#3162=PRODUCT_DEFINITION('part definition','',#3161,#2982);
#3163=PRODUCT_DEFINITION_SHAPE('','SHAPE FOR SOLDER_BALL_AF11.',#3162);
#3164=SHAPE_ASPECT('','solid data associated with SOLDER_BALL_AF11',#3163,.F.);
#3165=PROPERTY_DEFINITION('',
'shape for solid data with which properties are associated',#3164);
#3166=SHAPE_REPRESENTATION('',(#3140),#3153);
#3167=SHAPE_DEFINITION_REPRESENTATION(#3165,#3166);
#3168=(LENGTH_UNIT()NAMED_UNIT(*)SI_UNIT(.MILLI.,.METRE.));
#3172=PROPERTY_DEFINITION('geometric validation property',
'area of SOLDER_BALL_AF11',#3164);
#3173=REPRESENTATION('surface area',(#3171),#3153);
#3174=PROPERTY_DEFINITION_REPRESENTATION(#3172,#3173);
#3175=(LENGTH_UNIT()NAMED_UNIT(*)SI_UNIT(.MILLI.,.METRE.));
#3179=PROPERTY_DEFINITION('geometric validation property',
'volume of SOLDER_BALL_AF11',#3164);
#3180=REPRESENTATION('volume',(#3178),#3153);
#3181=PROPERTY_DEFINITION_REPRESENTATION(#3179,#3180);
#3183=PROPERTY_DEFINITION('geometric validation property',
'centroid of SOLDER_BALL_AF11',#3164);
#3184=REPRESENTATION('centroid',(#3182),#3153);
#3185=PROPERTY_DEFINITION_REPRESENTATION(#3183,#3184);
#3186=(LENGTH_UNIT()NAMED_UNIT(*)SI_UNIT(.MILLI.,.METRE.));
#3190=PROPERTY_DEFINITION('geometric validation property',
'area of SOLDER_BALL_AF11',#3163);
#3191=REPRESENTATION('surface area',(#3189),#3153);
#3192=PROPERTY_DEFINITION_REPRESENTATION(#3190,#3191);
#3193=(LENGTH_UNIT()NAMED_UNIT(*)SI_UNIT(.MILLI.,.METRE.));
#3197=PROPERTY_DEFINITION('geometric validation property',
'volume of SOLDER_BALL_AF11',#3163);
#3198=REPRESENTATION('volume',(#3196),#3153);
#3199=PROPERTY_DEFINITION_REPRESENTATION(#3197,#3198);
#3201=PROPERTY_DEFINITION('geometric validation property',
'centroid of SOLDER_BALL_AF11',#3163);
#3202=REPRESENTATION('centroid',(#3200),#3153);
#3203=PROPERTY_DEFINITION_REPRESENTATION(#3201,#3202);
#3204=SHAPE_DEFINITION_REPRESENTATION(#3163,#3158);
#3205=PROPERTY_DEFINITION('DESCRIPTION','user defined attribute',#3162);
#3209=REPRESENTATION('',(#3208),#3153);
#3210=PROPERTY_DEFINITION_REPRESENTATION(#3205,#3209);
#3211=PROPERTY_DEFINITION('MODELED_BY','user defined attribute',#3162);
#3215=REPRESENTATION('',(#3214),#3153);
#3216=PROPERTY_DEFINITION_REPRESENTATION(#3211,#3215);
#3217=PROPERTY_DEFINITION('BALL_HEIGTH','user defined attribute',#3162);
#3221=REPRESENTATION('',(#3220),#3153);
#3222=PROPERTY_DEFINITION_REPRESENTATION(#3217,#3221);
#3224=REPRESENTATION('',(#3223),#3153);
#3225=PROPERTY_DEFINITION('attribute type designation','Real Number',#3218);
#3226=PROPERTY_DEFINITION_REPRESENTATION(#3225,#3224);
#3227=NEXT_ASSEMBLY_USAGE_OCCURRENCE('92','Next assembly relationship',
'SOLDER_BALL',#9305,#3162,$);
#3228=PRODUCT_DEFINITION_SHAPE('Placement #92',
'Placement of SOLDER_BALL_AF11 with respect to ZEZ0201A_ASM',#3227);
#3230=PROPERTY_DEFINITION('geometric validation property',
'centroid of SOLDER_BALL',#3228);
#3231=REPRESENTATION('centroid',(#3229),#3153);
#3232=PROPERTY_DEFINITION_REPRESENTATION(#3230,#3231);
#3245=CIRCLE('',#3244,1.529705854078E-1);
#3253=CIRCLE('',#3252,1.75E-1);
#3261=CIRCLE('',#3260,1.75E-1);
#3269=CIRCLE('',#3268,1.529705854078E-1);
#3284=EDGE_CURVE('',#3275,#3276,#3253,.T.);
#3286=EDGE_CURVE('',#3275,#3278,#3245,.T.);
#3288=EDGE_CURVE('',#3278,#3276,#3261,.T.);
#3292=ADVANCED_FACE('',(#3291),#3283,.T.);
#3300=EDGE_CURVE('',#3275,#3278,#3269,.T.);
#3304=ADVANCED_FACE('',(#3303),#3297,.T.);
#3314=ADVANCED_FACE('',(#3313),#3309,.T.);
#3323=(LENGTH_UNIT()NAMED_UNIT(*)SI_UNIT(.MILLI.,.METRE.));
#3324=(NAMED_UNIT(*)PLANE_ANGLE_UNIT()SI_UNIT($,.RADIAN.));
#3327=(NAMED_UNIT(*)SI_UNIT($,.STERADIAN.)SOLID_ANGLE_UNIT());
#3329=(GEOMETRIC_REPRESENTATION_CONTEXT(3)GLOBAL_UNCERTAINTY_ASSIGNED_CONTEXT((
#3328))GLOBAL_UNIT_ASSIGNED_CONTEXT((#3323,#3326,#3327))REPRESENTATION_CONTEXT(
'ID17','3'));
#3333=AXIS2_PLACEMENT_3D('',#3330,#3331,#3332);
#3334=ADVANCED_BREP_SHAPE_REPRESENTATION('',(#3333,#3316),#3329);
#3339=PRODUCT_DEFINITION('part definition','',#3338,#3335);
#3340=PRODUCT_DEFINITION_SHAPE('','SHAPE FOR SOLDER_BALL_AF12.',#3339);
#3341=SHAPE_ASPECT('','solid data associated with SOLDER_BALL_AF12',#3340,.F.);
#3342=PROPERTY_DEFINITION('',
'shape for solid data with which properties are associated',#3341);
#3343=SHAPE_REPRESENTATION('',(#3316),#3329);
#3344=SHAPE_DEFINITION_REPRESENTATION(#3342,#3343);
#3345=(LENGTH_UNIT()NAMED_UNIT(*)SI_UNIT(.MILLI.,.METRE.));
#3349=PROPERTY_DEFINITION('geometric validation property',
'area of SOLDER_BALL_AF12',#3341);
#3350=REPRESENTATION('surface area',(#3348),#3329);
#3351=PROPERTY_DEFINITION_REPRESENTATION(#3349,#3350);
#3352=(LENGTH_UNIT()NAMED_UNIT(*)SI_UNIT(.MILLI.,.METRE.));
#3356=PROPERTY_DEFINITION('geometric validation property',
'volume of SOLDER_BALL_AF12',#3341);
#3357=REPRESENTATION('volume',(#3355),#3329);
#3358=PROPERTY_DEFINITION_REPRESENTATION(#3356,#3357);
#3360=PROPERTY_DEFINITION('geometric validation property',
'centroid of SOLDER_BALL_AF12',#3341);
#3361=REPRESENTATION('centroid',(#3359),#3329);
#3362=PROPERTY_DEFINITION_REPRESENTATION(#3360,#3361);
#3363=(LENGTH_UNIT()NAMED_UNIT(*)SI_UNIT(.MILLI.,.METRE.));
#3367=PROPERTY_DEFINITION('geometric validation property',
'area of SOLDER_BALL_AF12',#3340);
#3368=REPRESENTATION('surface area',(#3366),#3329);
#3369=PROPERTY_DEFINITION_REPRESENTATION(#3367,#3368);
#3370=(LENGTH_UNIT()NAMED_UNIT(*)SI_UNIT(.MILLI.,.METRE.));
#3374=PROPERTY_DEFINITION('geometric validation property',
'volume of SOLDER_BALL_AF12',#3340);
#3375=REPRESENTATION('volume',(#3373),#3329);
#3376=PROPERTY_DEFINITION_REPRESENTATION(#3374,#3375);
#3378=PROPERTY_DEFINITION('geometric validation property',
'centroid of SOLDER_BALL_AF12',#3340);
#3379=REPRESENTATION('centroid',(#3377),#3329);
#3380=PROPERTY_DEFINITION_REPRESENTATION(#3378,#3379);
#3381=SHAPE_DEFINITION_REPRESENTATION(#3340,#3334);
#3382=PROPERTY_DEFINITION('DESCRIPTION','user defined attribute',#3339);
#3386=REPRESENTATION('',(#3385),#3329);
#3387=PROPERTY_DEFINITION_REPRESENTATION(#3382,#3386);
#3388=PROPERTY_DEFINITION('MODELED_BY','user defined attribute',#3339);
#3392=REPRESENTATION('',(#3391),#3329);
#3393=PROPERTY_DEFINITION_REPRESENTATION(#3388,#3392);
#3394=PROPERTY_DEFINITION('BALL_HEIGTH','user defined attribute',#3339);
#3398=REPRESENTATION('',(#3397),#3329);
#3399=PROPERTY_DEFINITION_REPRESENTATION(#3394,#3398);
#3401=REPRESENTATION('',(#3400),#3329);
#3402=PROPERTY_DEFINITION('attribute type designation','Real Number',#3395);
#3403=PROPERTY_DEFINITION_REPRESENTATION(#3402,#3401);
#3404=NEXT_ASSEMBLY_USAGE_OCCURRENCE('93','Next assembly relationship',
'SOLDER_BALL',#9305,#3339,$);
#3405=PRODUCT_DEFINITION_SHAPE('Placement #93',
'Placement of SOLDER_BALL_AF12 with respect to ZEZ0201A_ASM',#3404);
#3407=PROPERTY_DEFINITION('geometric validation property',
'centroid of SOLDER_BALL',#3405);
#3408=REPRESENTATION('centroid',(#3406),#3329);
#3409=PROPERTY_DEFINITION_REPRESENTATION(#3407,#3408);
#3417=(LENGTH_UNIT()NAMED_UNIT(*)SI_UNIT(.MILLI.,.METRE.));
#3418=(NAMED_UNIT(*)PLANE_ANGLE_UNIT()SI_UNIT($,.RADIAN.));
#3421=(NAMED_UNIT(*)SI_UNIT($,.STERADIAN.)SOLID_ANGLE_UNIT());
#3423=(GEOMETRIC_REPRESENTATION_CONTEXT(3)GLOBAL_UNCERTAINTY_ASSIGNED_CONTEXT((
#3422))GLOBAL_UNIT_ASSIGNED_CONTEXT((#3417,#3420,#3421))REPRESENTATION_CONTEXT(
'ID18','3'));
#3427=AXIS2_PLACEMENT_3D('',#3424,#3425,#3426);
#3428=SHAPE_REPRESENTATION('',(#3427),#3423);
#3432=PRODUCT_DEFINITION('part definition','',#3431,#3335);
#3433=PRODUCT_DEFINITION_SHAPE('','SHAPE FOR SOLDER_BALL_AF13.',#3432);
#3434=SHAPE_DEFINITION_REPRESENTATION(#3433,#3428);
#3435=PROPERTY_DEFINITION('DESCRIPTION','user defined attribute',#3432);
#3439=REPRESENTATION('',(#3438),#3423);
#3440=PROPERTY_DEFINITION_REPRESENTATION(#3435,#3439);
#3441=PROPERTY_DEFINITION('MODELED_BY','user defined attribute',#3432);
#3445=REPRESENTATION('',(#3444),#3423);
#3446=PROPERTY_DEFINITION_REPRESENTATION(#3441,#3445);
#3447=PROPERTY_DEFINITION('BALL_HEIGTH','user defined attribute',#3432);
#3451=REPRESENTATION('',(#3450),#3423);
#3452=PROPERTY_DEFINITION_REPRESENTATION(#3447,#3451);
#3454=REPRESENTATION('',(#3453),#3423);
#3455=PROPERTY_DEFINITION('attribute type designation','Real Number',#3448);
#3456=PROPERTY_DEFINITION_REPRESENTATION(#3455,#3454);
#3457=NEXT_ASSEMBLY_USAGE_OCCURRENCE('94','Next assembly relationship',
'SOLDER_BALL',#9305,#3432,$);
#3458=PRODUCT_DEFINITION_SHAPE('Placement #94',
'Placement of SOLDER_BALL_AF13 with respect to ZEZ0201A_ASM',#3457);
#3466=NEXT_ASSEMBLY_USAGE_OCCURRENCE('95','Next assembly relationship',
'SOLDER_BALL',#9305,#1137,$);
#3467=PRODUCT_DEFINITION_SHAPE('Placement #95',
'Placement of SOLDER_BALL with respect to ZEZ0201A_ASM',#3466);
#3469=PROPERTY_DEFINITION('geometric validation property',
'centroid of SOLDER_BALL',#3467);
#3470=REPRESENTATION('centroid',(#3468),#3423);
#3471=PROPERTY_DEFINITION_REPRESENTATION(#3469,#3470);
#3479=NEXT_ASSEMBLY_USAGE_OCCURRENCE('96','Next assembly relationship',
'SOLDER_BALL',#9305,#1137,$);
#3480=PRODUCT_DEFINITION_SHAPE('Placement #96',
'Placement of SOLDER_BALL with respect to ZEZ0201A_ASM',#3479);
#3482=PROPERTY_DEFINITION('geometric validation property',
'centroid of SOLDER_BALL',#3480);
#3483=REPRESENTATION('centroid',(#3481),#3423);
#3484=PROPERTY_DEFINITION_REPRESENTATION(#3482,#3483);
#3492=NEXT_ASSEMBLY_USAGE_OCCURRENCE('97','Next assembly relationship',
'SOLDER_BALL',#9305,#1137,$);
#3493=PRODUCT_DEFINITION_SHAPE('Placement #97',
'Placement of SOLDER_BALL with respect to ZEZ0201A_ASM',#3492);
#3495=PROPERTY_DEFINITION('geometric validation property',
'centroid of SOLDER_BALL',#3493);
#3496=REPRESENTATION('centroid',(#3494),#3423);
#3497=PROPERTY_DEFINITION_REPRESENTATION(#3495,#3496);
#3505=NEXT_ASSEMBLY_USAGE_OCCURRENCE('98','Next assembly relationship',
'SOLDER_BALL',#9305,#1137,$);
#3506=PRODUCT_DEFINITION_SHAPE('Placement #98',
'Placement of SOLDER_BALL with respect to ZEZ0201A_ASM',#3505);
#3508=PROPERTY_DEFINITION('geometric validation property',
'centroid of SOLDER_BALL',#3506);
#3509=REPRESENTATION('centroid',(#3507),#3423);
#3510=PROPERTY_DEFINITION_REPRESENTATION(#3508,#3509);
#3518=NEXT_ASSEMBLY_USAGE_OCCURRENCE('99','Next assembly relationship',
'SOLDER_BALL',#9305,#1137,$);
#3519=PRODUCT_DEFINITION_SHAPE('Placement #99',
'Placement of SOLDER_BALL with respect to ZEZ0201A_ASM',#3518);
#3521=PROPERTY_DEFINITION('geometric validation property',
'centroid of SOLDER_BALL',#3519);
#3522=REPRESENTATION('centroid',(#3520),#3423);
#3523=PROPERTY_DEFINITION_REPRESENTATION(#3521,#3522);
#3531=NEXT_ASSEMBLY_USAGE_OCCURRENCE('100','Next assembly relationship',
'SOLDER_BALL',#9305,#1137,$);
#3532=PRODUCT_DEFINITION_SHAPE('Placement #100',
'Placement of SOLDER_BALL with respect to ZEZ0201A_ASM',#3531);
#3534=PROPERTY_DEFINITION('geometric validation property',
'centroid of SOLDER_BALL',#3532);
#3535=REPRESENTATION('centroid',(#3533),#3423);
#3536=PROPERTY_DEFINITION_REPRESENTATION(#3534,#3535);
#3544=NEXT_ASSEMBLY_USAGE_OCCURRENCE('101','Next assembly relationship',
'SOLDER_BALL',#9305,#1137,$);
#3545=PRODUCT_DEFINITION_SHAPE('Placement #101',
'Placement of SOLDER_BALL with respect to ZEZ0201A_ASM',#3544);
#3547=PROPERTY_DEFINITION('geometric validation property',
'centroid of SOLDER_BALL',#3545);
#3548=REPRESENTATION('centroid',(#3546),#3423);
#3549=PROPERTY_DEFINITION_REPRESENTATION(#3547,#3548);
#3557=NEXT_ASSEMBLY_USAGE_OCCURRENCE('102','Next assembly relationship',
'SOLDER_BALL',#9305,#1137,$);
#3558=PRODUCT_DEFINITION_SHAPE('Placement #102',
'Placement of SOLDER_BALL with respect to ZEZ0201A_ASM',#3557);
#3560=PROPERTY_DEFINITION('geometric validation property',
'centroid of SOLDER_BALL',#3558);
#3561=REPRESENTATION('centroid',(#3559),#3423);
#3562=PROPERTY_DEFINITION_REPRESENTATION(#3560,#3561);
#3570=(LENGTH_UNIT()NAMED_UNIT(*)SI_UNIT(.MILLI.,.METRE.));
#3571=(NAMED_UNIT(*)PLANE_ANGLE_UNIT()SI_UNIT($,.RADIAN.));
#3574=(NAMED_UNIT(*)SI_UNIT($,.STERADIAN.)SOLID_ANGLE_UNIT());
#3576=(GEOMETRIC_REPRESENTATION_CONTEXT(3)GLOBAL_UNCERTAINTY_ASSIGNED_CONTEXT((
#3575))GLOBAL_UNIT_ASSIGNED_CONTEXT((#3570,#3573,#3574))REPRESENTATION_CONTEXT(
'ID19','3'));
#3580=AXIS2_PLACEMENT_3D('',#3577,#3578,#3579);
#3581=SHAPE_REPRESENTATION('',(#3580),#3576);
#3586=PRODUCT_DEFINITION('part definition','',#3585,#3582);
#3587=PRODUCT_DEFINITION_SHAPE('','SHAPE FOR SOLDER_BALL_AF14.',#3586);
#3588=SHAPE_DEFINITION_REPRESENTATION(#3587,#3581);
#3589=PROPERTY_DEFINITION('DESCRIPTION','user defined attribute',#3586);
#3593=REPRESENTATION('',(#3592),#3576);
#3594=PROPERTY_DEFINITION_REPRESENTATION(#3589,#3593);
#3595=PROPERTY_DEFINITION('MODELED_BY','user defined attribute',#3586);
#3599=REPRESENTATION('',(#3598),#3576);
#3600=PROPERTY_DEFINITION_REPRESENTATION(#3595,#3599);
#3601=PROPERTY_DEFINITION('BALL_HEIGTH','user defined attribute',#3586);
#3605=REPRESENTATION('',(#3604),#3576);
#3606=PROPERTY_DEFINITION_REPRESENTATION(#3601,#3605);
#3608=REPRESENTATION('',(#3607),#3576);
#3609=PROPERTY_DEFINITION('attribute type designation','Real Number',#3602);
#3610=PROPERTY_DEFINITION_REPRESENTATION(#3609,#3608);
#3611=NEXT_ASSEMBLY_USAGE_OCCURRENCE('103','Next assembly relationship',
'SOLDER_BALL',#9305,#3586,$);
#3612=PRODUCT_DEFINITION_SHAPE('Placement #103',
'Placement of SOLDER_BALL_AF14 with respect to ZEZ0201A_ASM',#3611);
#3625=CIRCLE('',#3624,1.529705854078E-1);
#3633=CIRCLE('',#3632,1.75E-1);
#3641=CIRCLE('',#3640,1.75E-1);
#3649=CIRCLE('',#3648,1.529705854078E-1);
#3664=EDGE_CURVE('',#3655,#3656,#3633,.T.);
#3666=EDGE_CURVE('',#3655,#3658,#3625,.T.);
#3668=EDGE_CURVE('',#3658,#3656,#3641,.T.);
#3672=ADVANCED_FACE('',(#3671),#3663,.T.);
#3680=EDGE_CURVE('',#3655,#3658,#3649,.T.);
#3684=ADVANCED_FACE('',(#3683),#3677,.T.);
#3694=ADVANCED_FACE('',(#3693),#3689,.T.);
#3703=(LENGTH_UNIT()NAMED_UNIT(*)SI_UNIT(.MILLI.,.METRE.));
#3704=(NAMED_UNIT(*)PLANE_ANGLE_UNIT()SI_UNIT($,.RADIAN.));
#3707=(NAMED_UNIT(*)SI_UNIT($,.STERADIAN.)SOLID_ANGLE_UNIT());
#3709=(GEOMETRIC_REPRESENTATION_CONTEXT(3)GLOBAL_UNCERTAINTY_ASSIGNED_CONTEXT((
#3708))GLOBAL_UNIT_ASSIGNED_CONTEXT((#3703,#3706,#3707))REPRESENTATION_CONTEXT(
'ID20','3'));
#3713=AXIS2_PLACEMENT_3D('',#3710,#3711,#3712);
#3714=ADVANCED_BREP_SHAPE_REPRESENTATION('',(#3713,#3696),#3709);
#3718=PRODUCT_DEFINITION('part definition','',#3717,#3582);
#3719=PRODUCT_DEFINITION_SHAPE('','SHAPE FOR SOLDER_BALL_AF15.',#3718);
#3720=SHAPE_ASPECT('','solid data associated with SOLDER_BALL_AF15',#3719,.F.);
#3721=PROPERTY_DEFINITION('',
'shape for solid data with which properties are associated',#3720);
#3722=SHAPE_REPRESENTATION('',(#3696),#3709);
#3723=SHAPE_DEFINITION_REPRESENTATION(#3721,#3722);
#3724=(LENGTH_UNIT()NAMED_UNIT(*)SI_UNIT(.MILLI.,.METRE.));
#3728=PROPERTY_DEFINITION('geometric validation property',
'area of SOLDER_BALL_AF15',#3720);
#3729=REPRESENTATION('surface area',(#3727),#3709);
#3730=PROPERTY_DEFINITION_REPRESENTATION(#3728,#3729);
#3731=(LENGTH_UNIT()NAMED_UNIT(*)SI_UNIT(.MILLI.,.METRE.));
#3735=PROPERTY_DEFINITION('geometric validation property',
'volume of SOLDER_BALL_AF15',#3720);
#3736=REPRESENTATION('volume',(#3734),#3709);
#3737=PROPERTY_DEFINITION_REPRESENTATION(#3735,#3736);
#3739=PROPERTY_DEFINITION('geometric validation property',
'centroid of SOLDER_BALL_AF15',#3720);
#3740=REPRESENTATION('centroid',(#3738),#3709);
#3741=PROPERTY_DEFINITION_REPRESENTATION(#3739,#3740);
#3742=(LENGTH_UNIT()NAMED_UNIT(*)SI_UNIT(.MILLI.,.METRE.));
#3746=PROPERTY_DEFINITION('geometric validation property',
'area of SOLDER_BALL_AF15',#3719);
#3747=REPRESENTATION('surface area',(#3745),#3709);
#3748=PROPERTY_DEFINITION_REPRESENTATION(#3746,#3747);
#3749=(LENGTH_UNIT()NAMED_UNIT(*)SI_UNIT(.MILLI.,.METRE.));
#3753=PROPERTY_DEFINITION('geometric validation property',
'volume of SOLDER_BALL_AF15',#3719);
#3754=REPRESENTATION('volume',(#3752),#3709);
#3755=PROPERTY_DEFINITION_REPRESENTATION(#3753,#3754);
#3757=PROPERTY_DEFINITION('geometric validation property',
'centroid of SOLDER_BALL_AF15',#3719);
#3758=REPRESENTATION('centroid',(#3756),#3709);
#3759=PROPERTY_DEFINITION_REPRESENTATION(#3757,#3758);
#3760=SHAPE_DEFINITION_REPRESENTATION(#3719,#3714);
#3761=PROPERTY_DEFINITION('DESCRIPTION','user defined attribute',#3718);
#3765=REPRESENTATION('',(#3764),#3709);
#3766=PROPERTY_DEFINITION_REPRESENTATION(#3761,#3765);
#3767=PROPERTY_DEFINITION('MODELED_BY','user defined attribute',#3718);
#3771=REPRESENTATION('',(#3770),#3709);
#3772=PROPERTY_DEFINITION_REPRESENTATION(#3767,#3771);
#3773=PROPERTY_DEFINITION('BALL_HEIGTH','user defined attribute',#3718);
#3777=REPRESENTATION('',(#3776),#3709);
#3778=PROPERTY_DEFINITION_REPRESENTATION(#3773,#3777);
#3780=REPRESENTATION('',(#3779),#3709);
#3781=PROPERTY_DEFINITION('attribute type designation','Real Number',#3774);
#3782=PROPERTY_DEFINITION_REPRESENTATION(#3781,#3780);
#3783=NEXT_ASSEMBLY_USAGE_OCCURRENCE('104','Next assembly relationship',
'SOLDER_BALL',#9305,#3718,$);
#3784=PRODUCT_DEFINITION_SHAPE('Placement #104',
'Placement of SOLDER_BALL_AF15 with respect to ZEZ0201A_ASM',#3783);
#3786=PROPERTY_DEFINITION('geometric validation property',
'centroid of SOLDER_BALL',#3784);
#3787=REPRESENTATION('centroid',(#3785),#3709);
#3788=PROPERTY_DEFINITION_REPRESENTATION(#3786,#3787);
#3801=CIRCLE('',#3800,1.529705854078E-1);
#3809=CIRCLE('',#3808,1.75E-1);
#3817=CIRCLE('',#3816,1.75E-1);
#3825=CIRCLE('',#3824,1.529705854078E-1);
#3840=EDGE_CURVE('',#3831,#3832,#3809,.T.);
#3842=EDGE_CURVE('',#3831,#3834,#3801,.T.);
#3844=EDGE_CURVE('',#3834,#3832,#3817,.T.);
#3848=ADVANCED_FACE('',(#3847),#3839,.T.);
#3856=EDGE_CURVE('',#3831,#3834,#3825,.T.);
#3860=ADVANCED_FACE('',(#3859),#3853,.T.);
#3870=ADVANCED_FACE('',(#3869),#3865,.T.);
#3879=(LENGTH_UNIT()NAMED_UNIT(*)SI_UNIT(.MILLI.,.METRE.));
#3880=(NAMED_UNIT(*)PLANE_ANGLE_UNIT()SI_UNIT($,.RADIAN.));
#3883=(NAMED_UNIT(*)SI_UNIT($,.STERADIAN.)SOLID_ANGLE_UNIT());
#3885=(GEOMETRIC_REPRESENTATION_CONTEXT(3)GLOBAL_UNCERTAINTY_ASSIGNED_CONTEXT((
#3884))GLOBAL_UNIT_ASSIGNED_CONTEXT((#3879,#3882,#3883))REPRESENTATION_CONTEXT(
'ID21','3'));
#3889=AXIS2_PLACEMENT_3D('',#3886,#3887,#3888);
#3890=ADVANCED_BREP_SHAPE_REPRESENTATION('',(#3889,#3872),#3885);
#3895=PRODUCT_DEFINITION('part definition','',#3894,#3891);
#3896=PRODUCT_DEFINITION_SHAPE('','SHAPE FOR SOLDER_BALL_AF16.',#3895);
#3897=SHAPE_ASPECT('','solid data associated with SOLDER_BALL_AF16',#3896,.F.);
#3898=PROPERTY_DEFINITION('',
'shape for solid data with which properties are associated',#3897);
#3899=SHAPE_REPRESENTATION('',(#3872),#3885);
#3900=SHAPE_DEFINITION_REPRESENTATION(#3898,#3899);
#3901=(LENGTH_UNIT()NAMED_UNIT(*)SI_UNIT(.MILLI.,.METRE.));
#3905=PROPERTY_DEFINITION('geometric validation property',
'area of SOLDER_BALL_AF16',#3897);
#3906=REPRESENTATION('surface area',(#3904),#3885);
#3907=PROPERTY_DEFINITION_REPRESENTATION(#3905,#3906);
#3908=(LENGTH_UNIT()NAMED_UNIT(*)SI_UNIT(.MILLI.,.METRE.));
#3912=PROPERTY_DEFINITION('geometric validation property',
'volume of SOLDER_BALL_AF16',#3897);
#3913=REPRESENTATION('volume',(#3911),#3885);
#3914=PROPERTY_DEFINITION_REPRESENTATION(#3912,#3913);
#3916=PROPERTY_DEFINITION('geometric validation property',
'centroid of SOLDER_BALL_AF16',#3897);
#3917=REPRESENTATION('centroid',(#3915),#3885);
#3918=PROPERTY_DEFINITION_REPRESENTATION(#3916,#3917);
#3919=(LENGTH_UNIT()NAMED_UNIT(*)SI_UNIT(.MILLI.,.METRE.));
#3923=PROPERTY_DEFINITION('geometric validation property',
'area of SOLDER_BALL_AF16',#3896);
#3924=REPRESENTATION('surface area',(#3922),#3885);
#3925=PROPERTY_DEFINITION_REPRESENTATION(#3923,#3924);
#3926=(LENGTH_UNIT()NAMED_UNIT(*)SI_UNIT(.MILLI.,.METRE.));
#3930=PROPERTY_DEFINITION('geometric validation property',
'volume of SOLDER_BALL_AF16',#3896);
#3931=REPRESENTATION('volume',(#3929),#3885);
#3932=PROPERTY_DEFINITION_REPRESENTATION(#3930,#3931);
#3934=PROPERTY_DEFINITION('geometric validation property',
'centroid of SOLDER_BALL_AF16',#3896);
#3935=REPRESENTATION('centroid',(#3933),#3885);
#3936=PROPERTY_DEFINITION_REPRESENTATION(#3934,#3935);
#3937=SHAPE_DEFINITION_REPRESENTATION(#3896,#3890);
#3938=PROPERTY_DEFINITION('DESCRIPTION','user defined attribute',#3895);
#3942=REPRESENTATION('',(#3941),#3885);
#3943=PROPERTY_DEFINITION_REPRESENTATION(#3938,#3942);
#3944=PROPERTY_DEFINITION('MODELED_BY','user defined attribute',#3895);
#3948=REPRESENTATION('',(#3947),#3885);
#3949=PROPERTY_DEFINITION_REPRESENTATION(#3944,#3948);
#3950=PROPERTY_DEFINITION('BALL_HEIGTH','user defined attribute',#3895);
#3954=REPRESENTATION('',(#3953),#3885);
#3955=PROPERTY_DEFINITION_REPRESENTATION(#3950,#3954);
#3957=REPRESENTATION('',(#3956),#3885);
#3958=PROPERTY_DEFINITION('attribute type designation','Real Number',#3951);
#3959=PROPERTY_DEFINITION_REPRESENTATION(#3958,#3957);
#3960=NEXT_ASSEMBLY_USAGE_OCCURRENCE('105','Next assembly relationship',
'SOLDER_BALL',#9305,#3895,$);
#3961=PRODUCT_DEFINITION_SHAPE('Placement #105',
'Placement of SOLDER_BALL_AF16 with respect to ZEZ0201A_ASM',#3960);
#3963=PROPERTY_DEFINITION('geometric validation property',
'centroid of SOLDER_BALL',#3961);
#3964=REPRESENTATION('centroid',(#3962),#3885);
#3965=PROPERTY_DEFINITION_REPRESENTATION(#3963,#3964);
#3978=CIRCLE('',#3977,1.529705854078E-1);
#3986=CIRCLE('',#3985,1.75E-1);
#3994=CIRCLE('',#3993,1.75E-1);
#4002=CIRCLE('',#4001,1.529705854078E-1);
#4017=EDGE_CURVE('',#4008,#4009,#3986,.T.);
#4019=EDGE_CURVE('',#4008,#4011,#3978,.T.);
#4021=EDGE_CURVE('',#4011,#4009,#3994,.T.);
#4025=ADVANCED_FACE('',(#4024),#4016,.T.);
#4033=EDGE_CURVE('',#4008,#4011,#4002,.T.);
#4037=ADVANCED_FACE('',(#4036),#4030,.T.);
#4047=ADVANCED_FACE('',(#4046),#4042,.T.);
#4056=(LENGTH_UNIT()NAMED_UNIT(*)SI_UNIT(.MILLI.,.METRE.));
#4057=(NAMED_UNIT(*)PLANE_ANGLE_UNIT()SI_UNIT($,.RADIAN.));
#4060=(NAMED_UNIT(*)SI_UNIT($,.STERADIAN.)SOLID_ANGLE_UNIT());
#4062=(GEOMETRIC_REPRESENTATION_CONTEXT(3)GLOBAL_UNCERTAINTY_ASSIGNED_CONTEXT((
#4061))GLOBAL_UNIT_ASSIGNED_CONTEXT((#4056,#4059,#4060))REPRESENTATION_CONTEXT(
'ID22','3'));
#4066=AXIS2_PLACEMENT_3D('',#4063,#4064,#4065);
#4067=ADVANCED_BREP_SHAPE_REPRESENTATION('',(#4066,#4049),#4062);
#4071=PRODUCT_DEFINITION('part definition','',#4070,#3891);
#4072=PRODUCT_DEFINITION_SHAPE('','SHAPE FOR SOLDER_BALL_AF17.',#4071);
#4073=SHAPE_ASPECT('','solid data associated with SOLDER_BALL_AF17',#4072,.F.);
#4074=PROPERTY_DEFINITION('',
'shape for solid data with which properties are associated',#4073);
#4075=SHAPE_REPRESENTATION('',(#4049),#4062);
#4076=SHAPE_DEFINITION_REPRESENTATION(#4074,#4075);
#4077=(LENGTH_UNIT()NAMED_UNIT(*)SI_UNIT(.MILLI.,.METRE.));
#4081=PROPERTY_DEFINITION('geometric validation property',
'area of SOLDER_BALL_AF17',#4073);
#4082=REPRESENTATION('surface area',(#4080),#4062);
#4083=PROPERTY_DEFINITION_REPRESENTATION(#4081,#4082);
#4084=(LENGTH_UNIT()NAMED_UNIT(*)SI_UNIT(.MILLI.,.METRE.));
#4088=PROPERTY_DEFINITION('geometric validation property',
'volume of SOLDER_BALL_AF17',#4073);
#4089=REPRESENTATION('volume',(#4087),#4062);
#4090=PROPERTY_DEFINITION_REPRESENTATION(#4088,#4089);
#4092=PROPERTY_DEFINITION('geometric validation property',
'centroid of SOLDER_BALL_AF17',#4073);
#4093=REPRESENTATION('centroid',(#4091),#4062);
#4094=PROPERTY_DEFINITION_REPRESENTATION(#4092,#4093);
#4095=(LENGTH_UNIT()NAMED_UNIT(*)SI_UNIT(.MILLI.,.METRE.));
#4099=PROPERTY_DEFINITION('geometric validation property',
'area of SOLDER_BALL_AF17',#4072);
#4100=REPRESENTATION('surface area',(#4098),#4062);
#4101=PROPERTY_DEFINITION_REPRESENTATION(#4099,#4100);
#4102=(LENGTH_UNIT()NAMED_UNIT(*)SI_UNIT(.MILLI.,.METRE.));
#4106=PROPERTY_DEFINITION('geometric validation property',
'volume of SOLDER_BALL_AF17',#4072);
#4107=REPRESENTATION('volume',(#4105),#4062);
#4108=PROPERTY_DEFINITION_REPRESENTATION(#4106,#4107);
#4110=PROPERTY_DEFINITION('geometric validation property',
'centroid of SOLDER_BALL_AF17',#4072);
#4111=REPRESENTATION('centroid',(#4109),#4062);
#4112=PROPERTY_DEFINITION_REPRESENTATION(#4110,#4111);
#4113=SHAPE_DEFINITION_REPRESENTATION(#4072,#4067);
#4114=PROPERTY_DEFINITION('DESCRIPTION','user defined attribute',#4071);
#4118=REPRESENTATION('',(#4117),#4062);
#4119=PROPERTY_DEFINITION_REPRESENTATION(#4114,#4118);
#4120=PROPERTY_DEFINITION('MODELED_BY','user defined attribute',#4071);
#4124=REPRESENTATION('',(#4123),#4062);
#4125=PROPERTY_DEFINITION_REPRESENTATION(#4120,#4124);
#4126=PROPERTY_DEFINITION('BALL_HEIGTH','user defined attribute',#4071);
#4130=REPRESENTATION('',(#4129),#4062);
#4131=PROPERTY_DEFINITION_REPRESENTATION(#4126,#4130);
#4133=REPRESENTATION('',(#4132),#4062);
#4134=PROPERTY_DEFINITION('attribute type designation','Real Number',#4127);
#4135=PROPERTY_DEFINITION_REPRESENTATION(#4134,#4133);
#4136=NEXT_ASSEMBLY_USAGE_OCCURRENCE('106','Next assembly relationship',
'SOLDER_BALL',#9305,#4071,$);
#4137=PRODUCT_DEFINITION_SHAPE('Placement #106',
'Placement of SOLDER_BALL_AF17 with respect to ZEZ0201A_ASM',#4136);
#4139=PROPERTY_DEFINITION('geometric validation property',
'centroid of SOLDER_BALL',#4137);
#4140=REPRESENTATION('centroid',(#4138),#4062);
#4141=PROPERTY_DEFINITION_REPRESENTATION(#4139,#4140);
#4154=CIRCLE('',#4153,1.529705854078E-1);
#4162=CIRCLE('',#4161,1.75E-1);
#4170=CIRCLE('',#4169,1.75E-1);
#4178=CIRCLE('',#4177,1.529705854078E-1);
#4193=EDGE_CURVE('',#4184,#4185,#4162,.T.);
#4195=EDGE_CURVE('',#4184,#4187,#4154,.T.);
#4197=EDGE_CURVE('',#4187,#4185,#4170,.T.);
#4201=ADVANCED_FACE('',(#4200),#4192,.T.);
#4209=EDGE_CURVE('',#4184,#4187,#4178,.T.);
#4213=ADVANCED_FACE('',(#4212),#4206,.T.);
#4223=ADVANCED_FACE('',(#4222),#4218,.T.);
#4232=(LENGTH_UNIT()NAMED_UNIT(*)SI_UNIT(.MILLI.,.METRE.));
#4233=(NAMED_UNIT(*)PLANE_ANGLE_UNIT()SI_UNIT($,.RADIAN.));
#4236=(NAMED_UNIT(*)SI_UNIT($,.STERADIAN.)SOLID_ANGLE_UNIT());
#4238=(GEOMETRIC_REPRESENTATION_CONTEXT(3)GLOBAL_UNCERTAINTY_ASSIGNED_CONTEXT((
#4237))GLOBAL_UNIT_ASSIGNED_CONTEXT((#4232,#4235,#4236))REPRESENTATION_CONTEXT(
'ID23','3'));
#4242=AXIS2_PLACEMENT_3D('',#4239,#4240,#4241);
#4243=ADVANCED_BREP_SHAPE_REPRESENTATION('',(#4242,#4225),#4238);
#4248=PRODUCT_DEFINITION('part definition','',#4247,#4244);
#4249=PRODUCT_DEFINITION_SHAPE('','SHAPE FOR SOLDER_BALL_AF18.',#4248);
#4250=SHAPE_ASPECT('','solid data associated with SOLDER_BALL_AF18',#4249,.F.);
#4251=PROPERTY_DEFINITION('',
'shape for solid data with which properties are associated',#4250);
#4252=SHAPE_REPRESENTATION('',(#4225),#4238);
#4253=SHAPE_DEFINITION_REPRESENTATION(#4251,#4252);
#4254=(LENGTH_UNIT()NAMED_UNIT(*)SI_UNIT(.MILLI.,.METRE.));
#4258=PROPERTY_DEFINITION('geometric validation property',
'area of SOLDER_BALL_AF18',#4250);
#4259=REPRESENTATION('surface area',(#4257),#4238);
#4260=PROPERTY_DEFINITION_REPRESENTATION(#4258,#4259);
#4261=(LENGTH_UNIT()NAMED_UNIT(*)SI_UNIT(.MILLI.,.METRE.));
#4265=PROPERTY_DEFINITION('geometric validation property',
'volume of SOLDER_BALL_AF18',#4250);
#4266=REPRESENTATION('volume',(#4264),#4238);
#4267=PROPERTY_DEFINITION_REPRESENTATION(#4265,#4266);
#4269=PROPERTY_DEFINITION('geometric validation property',
'centroid of SOLDER_BALL_AF18',#4250);
#4270=REPRESENTATION('centroid',(#4268),#4238);
#4271=PROPERTY_DEFINITION_REPRESENTATION(#4269,#4270);
#4272=(LENGTH_UNIT()NAMED_UNIT(*)SI_UNIT(.MILLI.,.METRE.));
#4276=PROPERTY_DEFINITION('geometric validation property',
'area of SOLDER_BALL_AF18',#4249);
#4277=REPRESENTATION('surface area',(#4275),#4238);
#4278=PROPERTY_DEFINITION_REPRESENTATION(#4276,#4277);
#4279=(LENGTH_UNIT()NAMED_UNIT(*)SI_UNIT(.MILLI.,.METRE.));
#4283=PROPERTY_DEFINITION('geometric validation property',
'volume of SOLDER_BALL_AF18',#4249);
#4284=REPRESENTATION('volume',(#4282),#4238);
#4285=PROPERTY_DEFINITION_REPRESENTATION(#4283,#4284);
#4287=PROPERTY_DEFINITION('geometric validation property',
'centroid of SOLDER_BALL_AF18',#4249);
#4288=REPRESENTATION('centroid',(#4286),#4238);
#4289=PROPERTY_DEFINITION_REPRESENTATION(#4287,#4288);
#4290=SHAPE_DEFINITION_REPRESENTATION(#4249,#4243);
#4291=PROPERTY_DEFINITION('DESCRIPTION','user defined attribute',#4248);
#4295=REPRESENTATION('',(#4294),#4238);
#4296=PROPERTY_DEFINITION_REPRESENTATION(#4291,#4295);
#4297=PROPERTY_DEFINITION('MODELED_BY','user defined attribute',#4248);
#4301=REPRESENTATION('',(#4300),#4238);
#4302=PROPERTY_DEFINITION_REPRESENTATION(#4297,#4301);
#4303=PROPERTY_DEFINITION('BALL_HEIGTH','user defined attribute',#4248);
#4307=REPRESENTATION('',(#4306),#4238);
#4308=PROPERTY_DEFINITION_REPRESENTATION(#4303,#4307);
#4310=REPRESENTATION('',(#4309),#4238);
#4311=PROPERTY_DEFINITION('attribute type designation','Real Number',#4304);
#4312=PROPERTY_DEFINITION_REPRESENTATION(#4311,#4310);
#4313=NEXT_ASSEMBLY_USAGE_OCCURRENCE('107','Next assembly relationship',
'SOLDER_BALL',#9305,#4248,$);
#4314=PRODUCT_DEFINITION_SHAPE('Placement #107',
'Placement of SOLDER_BALL_AF18 with respect to ZEZ0201A_ASM',#4313);
#4316=PROPERTY_DEFINITION('geometric validation property',
'centroid of SOLDER_BALL',#4314);
#4317=REPRESENTATION('centroid',(#4315),#4238);
#4318=PROPERTY_DEFINITION_REPRESENTATION(#4316,#4317);
#4331=CIRCLE('',#4330,1.529705854078E-1);
#4339=CIRCLE('',#4338,1.75E-1);
#4347=CIRCLE('',#4346,1.75E-1);
#4355=CIRCLE('',#4354,1.529705854078E-1);
#4370=EDGE_CURVE('',#4361,#4362,#4339,.T.);
#4372=EDGE_CURVE('',#4361,#4364,#4331,.T.);
#4374=EDGE_CURVE('',#4364,#4362,#4347,.T.);
#4378=ADVANCED_FACE('',(#4377),#4369,.T.);
#4386=EDGE_CURVE('',#4361,#4364,#4355,.T.);
#4390=ADVANCED_FACE('',(#4389),#4383,.T.);
#4400=ADVANCED_FACE('',(#4399),#4395,.T.);
#4409=(LENGTH_UNIT()NAMED_UNIT(*)SI_UNIT(.MILLI.,.METRE.));
#4410=(NAMED_UNIT(*)PLANE_ANGLE_UNIT()SI_UNIT($,.RADIAN.));
#4413=(NAMED_UNIT(*)SI_UNIT($,.STERADIAN.)SOLID_ANGLE_UNIT());
#4415=(GEOMETRIC_REPRESENTATION_CONTEXT(3)GLOBAL_UNCERTAINTY_ASSIGNED_CONTEXT((
#4414))GLOBAL_UNIT_ASSIGNED_CONTEXT((#4409,#4412,#4413))REPRESENTATION_CONTEXT(
'ID24','3'));
#4419=AXIS2_PLACEMENT_3D('',#4416,#4417,#4418);
#4420=ADVANCED_BREP_SHAPE_REPRESENTATION('',(#4419,#4402),#4415);
#4424=PRODUCT_DEFINITION('part definition','',#4423,#4244);
#4425=PRODUCT_DEFINITION_SHAPE('','SHAPE FOR SOLDER_BALL_AF19.',#4424);
#4426=SHAPE_ASPECT('','solid data associated with SOLDER_BALL_AF19',#4425,.F.);
#4427=PROPERTY_DEFINITION('',
'shape for solid data with which properties are associated',#4426);
#4428=SHAPE_REPRESENTATION('',(#4402),#4415);
#4429=SHAPE_DEFINITION_REPRESENTATION(#4427,#4428);
#4430=(LENGTH_UNIT()NAMED_UNIT(*)SI_UNIT(.MILLI.,.METRE.));
#4434=PROPERTY_DEFINITION('geometric validation property',
'area of SOLDER_BALL_AF19',#4426);
#4435=REPRESENTATION('surface area',(#4433),#4415);
#4436=PROPERTY_DEFINITION_REPRESENTATION(#4434,#4435);
#4437=(LENGTH_UNIT()NAMED_UNIT(*)SI_UNIT(.MILLI.,.METRE.));
#4441=PROPERTY_DEFINITION('geometric validation property',
'volume of SOLDER_BALL_AF19',#4426);
#4442=REPRESENTATION('volume',(#4440),#4415);
#4443=PROPERTY_DEFINITION_REPRESENTATION(#4441,#4442);
#4445=PROPERTY_DEFINITION('geometric validation property',
'centroid of SOLDER_BALL_AF19',#4426);
#4446=REPRESENTATION('centroid',(#4444),#4415);
#4447=PROPERTY_DEFINITION_REPRESENTATION(#4445,#4446);
#4448=(LENGTH_UNIT()NAMED_UNIT(*)SI_UNIT(.MILLI.,.METRE.));
#4452=PROPERTY_DEFINITION('geometric validation property',
'area of SOLDER_BALL_AF19',#4425);
#4453=REPRESENTATION('surface area',(#4451),#4415);
#4454=PROPERTY_DEFINITION_REPRESENTATION(#4452,#4453);
#4455=(LENGTH_UNIT()NAMED_UNIT(*)SI_UNIT(.MILLI.,.METRE.));
#4459=PROPERTY_DEFINITION('geometric validation property',
'volume of SOLDER_BALL_AF19',#4425);
#4460=REPRESENTATION('volume',(#4458),#4415);
#4461=PROPERTY_DEFINITION_REPRESENTATION(#4459,#4460);
#4463=PROPERTY_DEFINITION('geometric validation property',
'centroid of SOLDER_BALL_AF19',#4425);
#4464=REPRESENTATION('centroid',(#4462),#4415);
#4465=PROPERTY_DEFINITION_REPRESENTATION(#4463,#4464);
#4466=SHAPE_DEFINITION_REPRESENTATION(#4425,#4420);
#4467=PROPERTY_DEFINITION('DESCRIPTION','user defined attribute',#4424);
#4471=REPRESENTATION('',(#4470),#4415);
#4472=PROPERTY_DEFINITION_REPRESENTATION(#4467,#4471);
#4473=PROPERTY_DEFINITION('MODELED_BY','user defined attribute',#4424);
#4477=REPRESENTATION('',(#4476),#4415);
#4478=PROPERTY_DEFINITION_REPRESENTATION(#4473,#4477);
#4479=PROPERTY_DEFINITION('BALL_HEIGTH','user defined attribute',#4424);
#4483=REPRESENTATION('',(#4482),#4415);
#4484=PROPERTY_DEFINITION_REPRESENTATION(#4479,#4483);
#4486=REPRESENTATION('',(#4485),#4415);
#4487=PROPERTY_DEFINITION('attribute type designation','Real Number',#4480);
#4488=PROPERTY_DEFINITION_REPRESENTATION(#4487,#4486);
#4489=NEXT_ASSEMBLY_USAGE_OCCURRENCE('108','Next assembly relationship',
'SOLDER_BALL',#9305,#4424,$);
#4490=PRODUCT_DEFINITION_SHAPE('Placement #108',
'Placement of SOLDER_BALL_AF19 with respect to ZEZ0201A_ASM',#4489);
#4492=PROPERTY_DEFINITION('geometric validation property',
'centroid of SOLDER_BALL',#4490);
#4493=REPRESENTATION('centroid',(#4491),#4415);
#4494=PROPERTY_DEFINITION_REPRESENTATION(#4492,#4493);
#4502=(LENGTH_UNIT()NAMED_UNIT(*)SI_UNIT(.MILLI.,.METRE.));
#4503=(NAMED_UNIT(*)PLANE_ANGLE_UNIT()SI_UNIT($,.RADIAN.));
#4506=(NAMED_UNIT(*)SI_UNIT($,.STERADIAN.)SOLID_ANGLE_UNIT());
#4508=(GEOMETRIC_REPRESENTATION_CONTEXT(3)GLOBAL_UNCERTAINTY_ASSIGNED_CONTEXT((
#4507))GLOBAL_UNIT_ASSIGNED_CONTEXT((#4502,#4505,#4506))REPRESENTATION_CONTEXT(
'ID25','3'));
#4512=AXIS2_PLACEMENT_3D('',#4509,#4510,#4511);
#4513=SHAPE_REPRESENTATION('',(#4512),#4508);
#4518=PRODUCT_DEFINITION('part definition','',#4517,#4514);
#4519=PRODUCT_DEFINITION_SHAPE('','SHAPE FOR SOLDER_BALL_AF20.',#4518);
#4520=SHAPE_DEFINITION_REPRESENTATION(#4519,#4513);
#4521=PROPERTY_DEFINITION('DESCRIPTION','user defined attribute',#4518);
#4525=REPRESENTATION('',(#4524),#4508);
#4526=PROPERTY_DEFINITION_REPRESENTATION(#4521,#4525);
#4527=PROPERTY_DEFINITION('MODELED_BY','user defined attribute',#4518);
#4531=REPRESENTATION('',(#4530),#4508);
#4532=PROPERTY_DEFINITION_REPRESENTATION(#4527,#4531);
#4533=PROPERTY_DEFINITION('BALL_HEIGTH','user defined attribute',#4518);
#4537=REPRESENTATION('',(#4536),#4508);
#4538=PROPERTY_DEFINITION_REPRESENTATION(#4533,#4537);
#4540=REPRESENTATION('',(#4539),#4508);
#4541=PROPERTY_DEFINITION('attribute type designation','Real Number',#4534);
#4542=PROPERTY_DEFINITION_REPRESENTATION(#4541,#4540);
#4543=NEXT_ASSEMBLY_USAGE_OCCURRENCE('109','Next assembly relationship',
'SOLDER_BALL',#9305,#4518,$);
#4544=PRODUCT_DEFINITION_SHAPE('Placement #109',
'Placement of SOLDER_BALL_AF20 with respect to ZEZ0201A_ASM',#4543);
#4552=NEXT_ASSEMBLY_USAGE_OCCURRENCE('110','Next assembly relationship',
'SOLDER_BALL',#9305,#1137,$);
#4553=PRODUCT_DEFINITION_SHAPE('Placement #110',
'Placement of SOLDER_BALL with respect to ZEZ0201A_ASM',#4552);
#4555=PROPERTY_DEFINITION('geometric validation property',
'centroid of SOLDER_BALL',#4553);
#4556=REPRESENTATION('centroid',(#4554),#4508);
#4557=PROPERTY_DEFINITION_REPRESENTATION(#4555,#4556);
#4565=NEXT_ASSEMBLY_USAGE_OCCURRENCE('111','Next assembly relationship',
'SOLDER_BALL',#9305,#1137,$);
#4566=PRODUCT_DEFINITION_SHAPE('Placement #111',
'Placement of SOLDER_BALL with respect to ZEZ0201A_ASM',#4565);
#4568=PROPERTY_DEFINITION('geometric validation property',
'centroid of SOLDER_BALL',#4566);
#4569=REPRESENTATION('centroid',(#4567),#4508);
#4570=PROPERTY_DEFINITION_REPRESENTATION(#4568,#4569);
#4578=NEXT_ASSEMBLY_USAGE_OCCURRENCE('112','Next assembly relationship',
'SOLDER_BALL',#9305,#1137,$);
#4579=PRODUCT_DEFINITION_SHAPE('Placement #112',
'Placement of SOLDER_BALL with respect to ZEZ0201A_ASM',#4578);
#4581=PROPERTY_DEFINITION('geometric validation property',
'centroid of SOLDER_BALL',#4579);
#4582=REPRESENTATION('centroid',(#4580),#4508);
#4583=PROPERTY_DEFINITION_REPRESENTATION(#4581,#4582);
#4591=NEXT_ASSEMBLY_USAGE_OCCURRENCE('113','Next assembly relationship',
'SOLDER_BALL',#9305,#1137,$);
#4592=PRODUCT_DEFINITION_SHAPE('Placement #113',
'Placement of SOLDER_BALL with respect to ZEZ0201A_ASM',#4591);
#4594=PROPERTY_DEFINITION('geometric validation property',
'centroid of SOLDER_BALL',#4592);
#4595=REPRESENTATION('centroid',(#4593),#4508);
#4596=PROPERTY_DEFINITION_REPRESENTATION(#4594,#4595);
#4604=NEXT_ASSEMBLY_USAGE_OCCURRENCE('114','Next assembly relationship',
'SOLDER_BALL',#9305,#1137,$);
#4605=PRODUCT_DEFINITION_SHAPE('Placement #114',
'Placement of SOLDER_BALL with respect to ZEZ0201A_ASM',#4604);
#4607=PROPERTY_DEFINITION('geometric validation property',
'centroid of SOLDER_BALL',#4605);
#4608=REPRESENTATION('centroid',(#4606),#4508);
#4609=PROPERTY_DEFINITION_REPRESENTATION(#4607,#4608);
#4617=NEXT_ASSEMBLY_USAGE_OCCURRENCE('115','Next assembly relationship',
'SOLDER_BALL',#9305,#1137,$);
#4618=PRODUCT_DEFINITION_SHAPE('Placement #115',
'Placement of SOLDER_BALL with respect to ZEZ0201A_ASM',#4617);
#4620=PROPERTY_DEFINITION('geometric validation property',
'centroid of SOLDER_BALL',#4618);
#4621=REPRESENTATION('centroid',(#4619),#4508);
#4622=PROPERTY_DEFINITION_REPRESENTATION(#4620,#4621);
#4630=NEXT_ASSEMBLY_USAGE_OCCURRENCE('116','Next assembly relationship',
'SOLDER_BALL',#9305,#1137,$);
#4631=PRODUCT_DEFINITION_SHAPE('Placement #116',
'Placement of SOLDER_BALL with respect to ZEZ0201A_ASM',#4630);
#4633=PROPERTY_DEFINITION('geometric validation property',
'centroid of SOLDER_BALL',#4631);
#4634=REPRESENTATION('centroid',(#4632),#4508);
#4635=PROPERTY_DEFINITION_REPRESENTATION(#4633,#4634);
#4643=NEXT_ASSEMBLY_USAGE_OCCURRENCE('117','Next assembly relationship',
'SOLDER_BALL',#9305,#1137,$);
#4644=PRODUCT_DEFINITION_SHAPE('Placement #117',
'Placement of SOLDER_BALL with respect to ZEZ0201A_ASM',#4643);
#4646=PROPERTY_DEFINITION('geometric validation property',
'centroid of SOLDER_BALL',#4644);
#4647=REPRESENTATION('centroid',(#4645),#4508);
#4648=PROPERTY_DEFINITION_REPRESENTATION(#4646,#4647);
#4656=(LENGTH_UNIT()NAMED_UNIT(*)SI_UNIT(.MILLI.,.METRE.));
#4657=(NAMED_UNIT(*)PLANE_ANGLE_UNIT()SI_UNIT($,.RADIAN.));
#4660=(NAMED_UNIT(*)SI_UNIT($,.STERADIAN.)SOLID_ANGLE_UNIT());
#4662=(GEOMETRIC_REPRESENTATION_CONTEXT(3)GLOBAL_UNCERTAINTY_ASSIGNED_CONTEXT((
#4661))GLOBAL_UNIT_ASSIGNED_CONTEXT((#4656,#4659,#4660))REPRESENTATION_CONTEXT(
'ID26','3'));
#4666=AXIS2_PLACEMENT_3D('',#4663,#4664,#4665);
#4667=SHAPE_REPRESENTATION('',(#4666),#4662);
#4671=PRODUCT_DEFINITION('part definition','',#4670,#4514);
#4672=PRODUCT_DEFINITION_SHAPE('','SHAPE FOR SOLDER_BALL_AF21.',#4671);
#4673=SHAPE_DEFINITION_REPRESENTATION(#4672,#4667);
#4674=PROPERTY_DEFINITION('DESCRIPTION','user defined attribute',#4671);
#4678=REPRESENTATION('',(#4677),#4662);
#4679=PROPERTY_DEFINITION_REPRESENTATION(#4674,#4678);
#4680=PROPERTY_DEFINITION('MODELED_BY','user defined attribute',#4671);
#4684=REPRESENTATION('',(#4683),#4662);
#4685=PROPERTY_DEFINITION_REPRESENTATION(#4680,#4684);
#4686=PROPERTY_DEFINITION('BALL_HEIGTH','user defined attribute',#4671);
#4690=REPRESENTATION('',(#4689),#4662);
#4691=PROPERTY_DEFINITION_REPRESENTATION(#4686,#4690);
#4693=REPRESENTATION('',(#4692),#4662);
#4694=PROPERTY_DEFINITION('attribute type designation','Real Number',#4687);
#4695=PROPERTY_DEFINITION_REPRESENTATION(#4694,#4693);
#4696=NEXT_ASSEMBLY_USAGE_OCCURRENCE('118','Next assembly relationship',
'SOLDER_BALL',#9305,#4671,$);
#4697=PRODUCT_DEFINITION_SHAPE('Placement #118',
'Placement of SOLDER_BALL_AF21 with respect to ZEZ0201A_ASM',#4696);
#4710=CIRCLE('',#4709,1.529705854078E-1);
#4718=CIRCLE('',#4717,1.75E-1);
#4726=CIRCLE('',#4725,1.75E-1);
#4734=CIRCLE('',#4733,1.529705854078E-1);
#4749=EDGE_CURVE('',#4740,#4741,#4718,.T.);
#4751=EDGE_CURVE('',#4740,#4743,#4710,.T.);
#4753=EDGE_CURVE('',#4743,#4741,#4726,.T.);
#4757=ADVANCED_FACE('',(#4756),#4748,.T.);
#4765=EDGE_CURVE('',#4740,#4743,#4734,.T.);
#4769=ADVANCED_FACE('',(#4768),#4762,.T.);
#4779=ADVANCED_FACE('',(#4778),#4774,.T.);
#4788=(LENGTH_UNIT()NAMED_UNIT(*)SI_UNIT(.MILLI.,.METRE.));
#4789=(NAMED_UNIT(*)PLANE_ANGLE_UNIT()SI_UNIT($,.RADIAN.));
#4792=(NAMED_UNIT(*)SI_UNIT($,.STERADIAN.)SOLID_ANGLE_UNIT());
#4794=(GEOMETRIC_REPRESENTATION_CONTEXT(3)GLOBAL_UNCERTAINTY_ASSIGNED_CONTEXT((
#4793))GLOBAL_UNIT_ASSIGNED_CONTEXT((#4788,#4791,#4792))REPRESENTATION_CONTEXT(
'ID27','3'));
#4798=AXIS2_PLACEMENT_3D('',#4795,#4796,#4797);
#4799=ADVANCED_BREP_SHAPE_REPRESENTATION('',(#4798,#4781),#4794);
#4804=PRODUCT_DEFINITION('part definition','',#4803,#4800);
#4805=PRODUCT_DEFINITION_SHAPE('','SHAPE FOR SOLDER_BALL_AF22.',#4804);
#4806=SHAPE_ASPECT('','solid data associated with SOLDER_BALL_AF22',#4805,.F.);
#4807=PROPERTY_DEFINITION('',
'shape for solid data with which properties are associated',#4806);
#4808=SHAPE_REPRESENTATION('',(#4781),#4794);
#4809=SHAPE_DEFINITION_REPRESENTATION(#4807,#4808);
#4810=(LENGTH_UNIT()NAMED_UNIT(*)SI_UNIT(.MILLI.,.METRE.));
#4814=PROPERTY_DEFINITION('geometric validation property',
'area of SOLDER_BALL_AF22',#4806);
#4815=REPRESENTATION('surface area',(#4813),#4794);
#4816=PROPERTY_DEFINITION_REPRESENTATION(#4814,#4815);
#4817=(LENGTH_UNIT()NAMED_UNIT(*)SI_UNIT(.MILLI.,.METRE.));
#4821=PROPERTY_DEFINITION('geometric validation property',
'volume of SOLDER_BALL_AF22',#4806);
#4822=REPRESENTATION('volume',(#4820),#4794);
#4823=PROPERTY_DEFINITION_REPRESENTATION(#4821,#4822);
#4825=PROPERTY_DEFINITION('geometric validation property',
'centroid of SOLDER_BALL_AF22',#4806);
#4826=REPRESENTATION('centroid',(#4824),#4794);
#4827=PROPERTY_DEFINITION_REPRESENTATION(#4825,#4826);
#4828=(LENGTH_UNIT()NAMED_UNIT(*)SI_UNIT(.MILLI.,.METRE.));
#4832=PROPERTY_DEFINITION('geometric validation property',
'area of SOLDER_BALL_AF22',#4805);
#4833=REPRESENTATION('surface area',(#4831),#4794);
#4834=PROPERTY_DEFINITION_REPRESENTATION(#4832,#4833);
#4835=(LENGTH_UNIT()NAMED_UNIT(*)SI_UNIT(.MILLI.,.METRE.));
#4839=PROPERTY_DEFINITION('geometric validation property',
'volume of SOLDER_BALL_AF22',#4805);
#4840=REPRESENTATION('volume',(#4838),#4794);
#4841=PROPERTY_DEFINITION_REPRESENTATION(#4839,#4840);
#4843=PROPERTY_DEFINITION('geometric validation property',
'centroid of SOLDER_BALL_AF22',#4805);
#4844=REPRESENTATION('centroid',(#4842),#4794);
#4845=PROPERTY_DEFINITION_REPRESENTATION(#4843,#4844);
#4846=SHAPE_DEFINITION_REPRESENTATION(#4805,#4799);
#4847=PROPERTY_DEFINITION('DESCRIPTION','user defined attribute',#4804);
#4851=REPRESENTATION('',(#4850),#4794);
#4852=PROPERTY_DEFINITION_REPRESENTATION(#4847,#4851);
#4853=PROPERTY_DEFINITION('MODELED_BY','user defined attribute',#4804);
#4857=REPRESENTATION('',(#4856),#4794);
#4858=PROPERTY_DEFINITION_REPRESENTATION(#4853,#4857);
#4859=PROPERTY_DEFINITION('BALL_HEIGTH','user defined attribute',#4804);
#4863=REPRESENTATION('',(#4862),#4794);
#4864=PROPERTY_DEFINITION_REPRESENTATION(#4859,#4863);
#4866=REPRESENTATION('',(#4865),#4794);
#4867=PROPERTY_DEFINITION('attribute type designation','Real Number',#4860);
#4868=PROPERTY_DEFINITION_REPRESENTATION(#4867,#4866);
#4869=NEXT_ASSEMBLY_USAGE_OCCURRENCE('119','Next assembly relationship',
'SOLDER_BALL',#9305,#4804,$);
#4870=PRODUCT_DEFINITION_SHAPE('Placement #119',
'Placement of SOLDER_BALL_AF22 with respect to ZEZ0201A_ASM',#4869);
#4872=PROPERTY_DEFINITION('geometric validation property',
'centroid of SOLDER_BALL',#4870);
#4873=REPRESENTATION('centroid',(#4871),#4794);
#4874=PROPERTY_DEFINITION_REPRESENTATION(#4872,#4873);
#4887=CIRCLE('',#4886,1.529705854078E-1);
#4895=CIRCLE('',#4894,1.75E-1);
#4903=CIRCLE('',#4902,1.75E-1);
#4911=CIRCLE('',#4910,1.529705854078E-1);
#4926=EDGE_CURVE('',#4917,#4918,#4895,.T.);
#4928=EDGE_CURVE('',#4917,#4920,#4887,.T.);
#4930=EDGE_CURVE('',#4920,#4918,#4903,.T.);
#4934=ADVANCED_FACE('',(#4933),#4925,.T.);
#4942=EDGE_CURVE('',#4917,#4920,#4911,.T.);
#4946=ADVANCED_FACE('',(#4945),#4939,.T.);
#4956=ADVANCED_FACE('',(#4955),#4951,.T.);
#4965=(LENGTH_UNIT()NAMED_UNIT(*)SI_UNIT(.MILLI.,.METRE.));
#4966=(NAMED_UNIT(*)PLANE_ANGLE_UNIT()SI_UNIT($,.RADIAN.));
#4969=(NAMED_UNIT(*)SI_UNIT($,.STERADIAN.)SOLID_ANGLE_UNIT());
#4971=(GEOMETRIC_REPRESENTATION_CONTEXT(3)GLOBAL_UNCERTAINTY_ASSIGNED_CONTEXT((
#4970))GLOBAL_UNIT_ASSIGNED_CONTEXT((#4965,#4968,#4969))REPRESENTATION_CONTEXT(
'ID28','3'));
#4975=AXIS2_PLACEMENT_3D('',#4972,#4973,#4974);
#4976=ADVANCED_BREP_SHAPE_REPRESENTATION('',(#4975,#4958),#4971);
#4980=PRODUCT_DEFINITION('part definition','',#4979,#4800);
#4981=PRODUCT_DEFINITION_SHAPE('','SHAPE FOR SOLDER_BALL_AF23.',#4980);
#4982=SHAPE_ASPECT('','solid data associated with SOLDER_BALL_AF23',#4981,.F.);
#4983=PROPERTY_DEFINITION('',
'shape for solid data with which properties are associated',#4982);
#4984=SHAPE_REPRESENTATION('',(#4958),#4971);
#4985=SHAPE_DEFINITION_REPRESENTATION(#4983,#4984);
#4986=(LENGTH_UNIT()NAMED_UNIT(*)SI_UNIT(.MILLI.,.METRE.));
#4990=PROPERTY_DEFINITION('geometric validation property',
'area of SOLDER_BALL_AF23',#4982);
#4991=REPRESENTATION('surface area',(#4989),#4971);
#4992=PROPERTY_DEFINITION_REPRESENTATION(#4990,#4991);
#4993=(LENGTH_UNIT()NAMED_UNIT(*)SI_UNIT(.MILLI.,.METRE.));
#4997=PROPERTY_DEFINITION('geometric validation property',
'volume of SOLDER_BALL_AF23',#4982);
#4998=REPRESENTATION('volume',(#4996),#4971);
#4999=PROPERTY_DEFINITION_REPRESENTATION(#4997,#4998);
#5001=PROPERTY_DEFINITION('geometric validation property',
'centroid of SOLDER_BALL_AF23',#4982);
#5002=REPRESENTATION('centroid',(#5000),#4971);
#5003=PROPERTY_DEFINITION_REPRESENTATION(#5001,#5002);
#5004=(LENGTH_UNIT()NAMED_UNIT(*)SI_UNIT(.MILLI.,.METRE.));
#5008=PROPERTY_DEFINITION('geometric validation property',
'area of SOLDER_BALL_AF23',#4981);
#5009=REPRESENTATION('surface area',(#5007),#4971);
#5010=PROPERTY_DEFINITION_REPRESENTATION(#5008,#5009);
#5011=(LENGTH_UNIT()NAMED_UNIT(*)SI_UNIT(.MILLI.,.METRE.));
#5015=PROPERTY_DEFINITION('geometric validation property',
'volume of SOLDER_BALL_AF23',#4981);
#5016=REPRESENTATION('volume',(#5014),#4971);
#5017=PROPERTY_DEFINITION_REPRESENTATION(#5015,#5016);
#5019=PROPERTY_DEFINITION('geometric validation property',
'centroid of SOLDER_BALL_AF23',#4981);
#5020=REPRESENTATION('centroid',(#5018),#4971);
#5021=PROPERTY_DEFINITION_REPRESENTATION(#5019,#5020);
#5022=SHAPE_DEFINITION_REPRESENTATION(#4981,#4976);
#5023=PROPERTY_DEFINITION('DESCRIPTION','user defined attribute',#4980);
#5027=REPRESENTATION('',(#5026),#4971);
#5028=PROPERTY_DEFINITION_REPRESENTATION(#5023,#5027);
#5029=PROPERTY_DEFINITION('MODELED_BY','user defined attribute',#4980);
#5033=REPRESENTATION('',(#5032),#4971);
#5034=PROPERTY_DEFINITION_REPRESENTATION(#5029,#5033);
#5035=PROPERTY_DEFINITION('BALL_HEIGTH','user defined attribute',#4980);
#5039=REPRESENTATION('',(#5038),#4971);
#5040=PROPERTY_DEFINITION_REPRESENTATION(#5035,#5039);
#5042=REPRESENTATION('',(#5041),#4971);
#5043=PROPERTY_DEFINITION('attribute type designation','Real Number',#5036);
#5044=PROPERTY_DEFINITION_REPRESENTATION(#5043,#5042);
#5045=NEXT_ASSEMBLY_USAGE_OCCURRENCE('120','Next assembly relationship',
'SOLDER_BALL',#9305,#4980,$);
#5046=PRODUCT_DEFINITION_SHAPE('Placement #120',
'Placement of SOLDER_BALL_AF23 with respect to ZEZ0201A_ASM',#5045);
#5048=PROPERTY_DEFINITION('geometric validation property',
'centroid of SOLDER_BALL',#5046);
#5049=REPRESENTATION('centroid',(#5047),#4971);
#5050=PROPERTY_DEFINITION_REPRESENTATION(#5048,#5049);
#5063=CIRCLE('',#5062,1.529705854078E-1);
#5071=CIRCLE('',#5070,1.75E-1);
#5079=CIRCLE('',#5078,1.75E-1);
#5087=CIRCLE('',#5086,1.529705854078E-1);
#5102=EDGE_CURVE('',#5093,#5094,#5071,.T.);
#5104=EDGE_CURVE('',#5093,#5096,#5063,.T.);
#5106=EDGE_CURVE('',#5096,#5094,#5079,.T.);
#5110=ADVANCED_FACE('',(#5109),#5101,.T.);
#5118=EDGE_CURVE('',#5093,#5096,#5087,.T.);
#5122=ADVANCED_FACE('',(#5121),#5115,.T.);
#5132=ADVANCED_FACE('',(#5131),#5127,.T.);
#5141=(LENGTH_UNIT()NAMED_UNIT(*)SI_UNIT(.MILLI.,.METRE.));
#5142=(NAMED_UNIT(*)PLANE_ANGLE_UNIT()SI_UNIT($,.RADIAN.));
#5145=(NAMED_UNIT(*)SI_UNIT($,.STERADIAN.)SOLID_ANGLE_UNIT());
#5147=(GEOMETRIC_REPRESENTATION_CONTEXT(3)GLOBAL_UNCERTAINTY_ASSIGNED_CONTEXT((
#5146))GLOBAL_UNIT_ASSIGNED_CONTEXT((#5141,#5144,#5145))REPRESENTATION_CONTEXT(
'ID29','3'));
#5151=AXIS2_PLACEMENT_3D('',#5148,#5149,#5150);
#5152=ADVANCED_BREP_SHAPE_REPRESENTATION('',(#5151,#5134),#5147);
#5157=PRODUCT_DEFINITION('part definition','',#5156,#5153);
#5158=PRODUCT_DEFINITION_SHAPE('','SHAPE FOR SOLDER_BALL_AF24.',#5157);
#5159=SHAPE_ASPECT('','solid data associated with SOLDER_BALL_AF24',#5158,.F.);
#5160=PROPERTY_DEFINITION('',
'shape for solid data with which properties are associated',#5159);
#5161=SHAPE_REPRESENTATION('',(#5134),#5147);
#5162=SHAPE_DEFINITION_REPRESENTATION(#5160,#5161);
#5163=(LENGTH_UNIT()NAMED_UNIT(*)SI_UNIT(.MILLI.,.METRE.));
#5167=PROPERTY_DEFINITION('geometric validation property',
'area of SOLDER_BALL_AF24',#5159);
#5168=REPRESENTATION('surface area',(#5166),#5147);
#5169=PROPERTY_DEFINITION_REPRESENTATION(#5167,#5168);
#5170=(LENGTH_UNIT()NAMED_UNIT(*)SI_UNIT(.MILLI.,.METRE.));
#5174=PROPERTY_DEFINITION('geometric validation property',
'volume of SOLDER_BALL_AF24',#5159);
#5175=REPRESENTATION('volume',(#5173),#5147);
#5176=PROPERTY_DEFINITION_REPRESENTATION(#5174,#5175);
#5178=PROPERTY_DEFINITION('geometric validation property',
'centroid of SOLDER_BALL_AF24',#5159);
#5179=REPRESENTATION('centroid',(#5177),#5147);
#5180=PROPERTY_DEFINITION_REPRESENTATION(#5178,#5179);
#5181=(LENGTH_UNIT()NAMED_UNIT(*)SI_UNIT(.MILLI.,.METRE.));
#5185=PROPERTY_DEFINITION('geometric validation property',
'area of SOLDER_BALL_AF24',#5158);
#5186=REPRESENTATION('surface area',(#5184),#5147);
#5187=PROPERTY_DEFINITION_REPRESENTATION(#5185,#5186);
#5188=(LENGTH_UNIT()NAMED_UNIT(*)SI_UNIT(.MILLI.,.METRE.));
#5192=PROPERTY_DEFINITION('geometric validation property',
'volume of SOLDER_BALL_AF24',#5158);
#5193=REPRESENTATION('volume',(#5191),#5147);
#5194=PROPERTY_DEFINITION_REPRESENTATION(#5192,#5193);
#5196=PROPERTY_DEFINITION('geometric validation property',
'centroid of SOLDER_BALL_AF24',#5158);
#5197=REPRESENTATION('centroid',(#5195),#5147);
#5198=PROPERTY_DEFINITION_REPRESENTATION(#5196,#5197);
#5199=SHAPE_DEFINITION_REPRESENTATION(#5158,#5152);
#5200=PROPERTY_DEFINITION('DESCRIPTION','user defined attribute',#5157);
#5204=REPRESENTATION('',(#5203),#5147);
#5205=PROPERTY_DEFINITION_REPRESENTATION(#5200,#5204);
#5206=PROPERTY_DEFINITION('MODELED_BY','user defined attribute',#5157);
#5210=REPRESENTATION('',(#5209),#5147);
#5211=PROPERTY_DEFINITION_REPRESENTATION(#5206,#5210);
#5212=PROPERTY_DEFINITION('BALL_HEIGTH','user defined attribute',#5157);
#5216=REPRESENTATION('',(#5215),#5147);
#5217=PROPERTY_DEFINITION_REPRESENTATION(#5212,#5216);
#5219=REPRESENTATION('',(#5218),#5147);
#5220=PROPERTY_DEFINITION('attribute type designation','Real Number',#5213);
#5221=PROPERTY_DEFINITION_REPRESENTATION(#5220,#5219);
#5222=NEXT_ASSEMBLY_USAGE_OCCURRENCE('121','Next assembly relationship',
'SOLDER_BALL',#9305,#5157,$);
#5223=PRODUCT_DEFINITION_SHAPE('Placement #121',
'Placement of SOLDER_BALL_AF24 with respect to ZEZ0201A_ASM',#5222);
#5225=PROPERTY_DEFINITION('geometric validation property',
'centroid of SOLDER_BALL',#5223);
#5226=REPRESENTATION('centroid',(#5224),#5147);
#5227=PROPERTY_DEFINITION_REPRESENTATION(#5225,#5226);
#5240=CIRCLE('',#5239,1.529705854078E-1);
#5248=CIRCLE('',#5247,1.75E-1);
#5256=CIRCLE('',#5255,1.75E-1);
#5264=CIRCLE('',#5263,1.529705854078E-1);
#5279=EDGE_CURVE('',#5270,#5271,#5248,.T.);
#5281=EDGE_CURVE('',#5270,#5273,#5240,.T.);
#5283=EDGE_CURVE('',#5273,#5271,#5256,.T.);
#5287=ADVANCED_FACE('',(#5286),#5278,.T.);
#5295=EDGE_CURVE('',#5270,#5273,#5264,.T.);
#5299=ADVANCED_FACE('',(#5298),#5292,.T.);
#5309=ADVANCED_FACE('',(#5308),#5304,.T.);
#5318=(LENGTH_UNIT()NAMED_UNIT(*)SI_UNIT(.MILLI.,.METRE.));
#5319=(NAMED_UNIT(*)PLANE_ANGLE_UNIT()SI_UNIT($,.RADIAN.));
#5322=(NAMED_UNIT(*)SI_UNIT($,.STERADIAN.)SOLID_ANGLE_UNIT());
#5324=(GEOMETRIC_REPRESENTATION_CONTEXT(3)GLOBAL_UNCERTAINTY_ASSIGNED_CONTEXT((
#5323))GLOBAL_UNIT_ASSIGNED_CONTEXT((#5318,#5321,#5322))REPRESENTATION_CONTEXT(
'ID30','3'));
#5328=AXIS2_PLACEMENT_3D('',#5325,#5326,#5327);
#5329=ADVANCED_BREP_SHAPE_REPRESENTATION('',(#5328,#5311),#5324);
#5333=PRODUCT_DEFINITION('part definition','',#5332,#5153);
#5334=PRODUCT_DEFINITION_SHAPE('','SHAPE FOR SOLDER_BALL_AF25.',#5333);
#5335=SHAPE_ASPECT('','solid data associated with SOLDER_BALL_AF25',#5334,.F.);
#5336=PROPERTY_DEFINITION('',
'shape for solid data with which properties are associated',#5335);
#5337=SHAPE_REPRESENTATION('',(#5311),#5324);
#5338=SHAPE_DEFINITION_REPRESENTATION(#5336,#5337);
#5339=(LENGTH_UNIT()NAMED_UNIT(*)SI_UNIT(.MILLI.,.METRE.));
#5343=PROPERTY_DEFINITION('geometric validation property',
'area of SOLDER_BALL_AF25',#5335);
#5344=REPRESENTATION('surface area',(#5342),#5324);
#5345=PROPERTY_DEFINITION_REPRESENTATION(#5343,#5344);
#5346=(LENGTH_UNIT()NAMED_UNIT(*)SI_UNIT(.MILLI.,.METRE.));
#5350=PROPERTY_DEFINITION('geometric validation property',
'volume of SOLDER_BALL_AF25',#5335);
#5351=REPRESENTATION('volume',(#5349),#5324);
#5352=PROPERTY_DEFINITION_REPRESENTATION(#5350,#5351);
#5354=PROPERTY_DEFINITION('geometric validation property',
'centroid of SOLDER_BALL_AF25',#5335);
#5355=REPRESENTATION('centroid',(#5353),#5324);
#5356=PROPERTY_DEFINITION_REPRESENTATION(#5354,#5355);
#5357=(LENGTH_UNIT()NAMED_UNIT(*)SI_UNIT(.MILLI.,.METRE.));
#5361=PROPERTY_DEFINITION('geometric validation property',
'area of SOLDER_BALL_AF25',#5334);
#5362=REPRESENTATION('surface area',(#5360),#5324);
#5363=PROPERTY_DEFINITION_REPRESENTATION(#5361,#5362);
#5364=(LENGTH_UNIT()NAMED_UNIT(*)SI_UNIT(.MILLI.,.METRE.));
#5368=PROPERTY_DEFINITION('geometric validation property',
'volume of SOLDER_BALL_AF25',#5334);
#5369=REPRESENTATION('volume',(#5367),#5324);
#5370=PROPERTY_DEFINITION_REPRESENTATION(#5368,#5369);
#5372=PROPERTY_DEFINITION('geometric validation property',
'centroid of SOLDER_BALL_AF25',#5334);
#5373=REPRESENTATION('centroid',(#5371),#5324);
#5374=PROPERTY_DEFINITION_REPRESENTATION(#5372,#5373);
#5375=SHAPE_DEFINITION_REPRESENTATION(#5334,#5329);
#5376=PROPERTY_DEFINITION('DESCRIPTION','user defined attribute',#5333);
#5380=REPRESENTATION('',(#5379),#5324);
#5381=PROPERTY_DEFINITION_REPRESENTATION(#5376,#5380);
#5382=PROPERTY_DEFINITION('MODELED_BY','user defined attribute',#5333);
#5386=REPRESENTATION('',(#5385),#5324);
#5387=PROPERTY_DEFINITION_REPRESENTATION(#5382,#5386);
#5388=PROPERTY_DEFINITION('BALL_HEIGTH','user defined attribute',#5333);
#5392=REPRESENTATION('',(#5391),#5324);
#5393=PROPERTY_DEFINITION_REPRESENTATION(#5388,#5392);
#5395=REPRESENTATION('',(#5394),#5324);
#5396=PROPERTY_DEFINITION('attribute type designation','Real Number',#5389);
#5397=PROPERTY_DEFINITION_REPRESENTATION(#5396,#5395);
#5398=NEXT_ASSEMBLY_USAGE_OCCURRENCE('122','Next assembly relationship',
'SOLDER_BALL',#9305,#5333,$);
#5399=PRODUCT_DEFINITION_SHAPE('Placement #122',
'Placement of SOLDER_BALL_AF25 with respect to ZEZ0201A_ASM',#5398);
#5401=PROPERTY_DEFINITION('geometric validation property',
'centroid of SOLDER_BALL',#5399);
#5402=REPRESENTATION('centroid',(#5400),#5324);
#5403=PROPERTY_DEFINITION_REPRESENTATION(#5401,#5402);
#5416=CIRCLE('',#5415,1.529705854078E-1);
#5424=CIRCLE('',#5423,1.75E-1);
#5432=CIRCLE('',#5431,1.75E-1);
#5440=CIRCLE('',#5439,1.529705854078E-1);
#5455=EDGE_CURVE('',#5446,#5447,#5424,.T.);
#5457=EDGE_CURVE('',#5446,#5449,#5416,.T.);
#5459=EDGE_CURVE('',#5449,#5447,#5432,.T.);
#5463=ADVANCED_FACE('',(#5462),#5454,.T.);
#5471=EDGE_CURVE('',#5446,#5449,#5440,.T.);
#5475=ADVANCED_FACE('',(#5474),#5468,.T.);
#5485=ADVANCED_FACE('',(#5484),#5480,.T.);
#5494=(LENGTH_UNIT()NAMED_UNIT(*)SI_UNIT(.MILLI.,.METRE.));
#5495=(NAMED_UNIT(*)PLANE_ANGLE_UNIT()SI_UNIT($,.RADIAN.));
#5498=(NAMED_UNIT(*)SI_UNIT($,.STERADIAN.)SOLID_ANGLE_UNIT());
#5500=(GEOMETRIC_REPRESENTATION_CONTEXT(3)GLOBAL_UNCERTAINTY_ASSIGNED_CONTEXT((
#5499))GLOBAL_UNIT_ASSIGNED_CONTEXT((#5494,#5497,#5498))REPRESENTATION_CONTEXT(
'ID31','3'));
#5504=AXIS2_PLACEMENT_3D('',#5501,#5502,#5503);
#5505=ADVANCED_BREP_SHAPE_REPRESENTATION('',(#5504,#5487),#5500);
#5510=PRODUCT_DEFINITION('part definition','',#5509,#5506);
#5511=PRODUCT_DEFINITION_SHAPE('','SHAPE FOR SOLDER_BALL_AF26.',#5510);
#5512=SHAPE_ASPECT('','solid data associated with SOLDER_BALL_AF26',#5511,.F.);
#5513=PROPERTY_DEFINITION('',
'shape for solid data with which properties are associated',#5512);
#5514=SHAPE_REPRESENTATION('',(#5487),#5500);
#5515=SHAPE_DEFINITION_REPRESENTATION(#5513,#5514);
#5516=(LENGTH_UNIT()NAMED_UNIT(*)SI_UNIT(.MILLI.,.METRE.));
#5520=PROPERTY_DEFINITION('geometric validation property',
'area of SOLDER_BALL_AF26',#5512);
#5521=REPRESENTATION('surface area',(#5519),#5500);
#5522=PROPERTY_DEFINITION_REPRESENTATION(#5520,#5521);
#5523=(LENGTH_UNIT()NAMED_UNIT(*)SI_UNIT(.MILLI.,.METRE.));
#5527=PROPERTY_DEFINITION('geometric validation property',
'volume of SOLDER_BALL_AF26',#5512);
#5528=REPRESENTATION('volume',(#5526),#5500);
#5529=PROPERTY_DEFINITION_REPRESENTATION(#5527,#5528);
#5531=PROPERTY_DEFINITION('geometric validation property',
'centroid of SOLDER_BALL_AF26',#5512);
#5532=REPRESENTATION('centroid',(#5530),#5500);
#5533=PROPERTY_DEFINITION_REPRESENTATION(#5531,#5532);
#5534=(LENGTH_UNIT()NAMED_UNIT(*)SI_UNIT(.MILLI.,.METRE.));
#5538=PROPERTY_DEFINITION('geometric validation property',
'area of SOLDER_BALL_AF26',#5511);
#5539=REPRESENTATION('surface area',(#5537),#5500);
#5540=PROPERTY_DEFINITION_REPRESENTATION(#5538,#5539);
#5541=(LENGTH_UNIT()NAMED_UNIT(*)SI_UNIT(.MILLI.,.METRE.));
#5545=PROPERTY_DEFINITION('geometric validation property',
'volume of SOLDER_BALL_AF26',#5511);
#5546=REPRESENTATION('volume',(#5544),#5500);
#5547=PROPERTY_DEFINITION_REPRESENTATION(#5545,#5546);
#5549=PROPERTY_DEFINITION('geometric validation property',
'centroid of SOLDER_BALL_AF26',#5511);
#5550=REPRESENTATION('centroid',(#5548),#5500);
#5551=PROPERTY_DEFINITION_REPRESENTATION(#5549,#5550);
#5552=SHAPE_DEFINITION_REPRESENTATION(#5511,#5505);
#5553=PROPERTY_DEFINITION('DESCRIPTION','user defined attribute',#5510);
#5557=REPRESENTATION('',(#5556),#5500);
#5558=PROPERTY_DEFINITION_REPRESENTATION(#5553,#5557);
#5559=PROPERTY_DEFINITION('MODELED_BY','user defined attribute',#5510);
#5563=REPRESENTATION('',(#5562),#5500);
#5564=PROPERTY_DEFINITION_REPRESENTATION(#5559,#5563);
#5565=PROPERTY_DEFINITION('BALL_HEIGTH','user defined attribute',#5510);
#5569=REPRESENTATION('',(#5568),#5500);
#5570=PROPERTY_DEFINITION_REPRESENTATION(#5565,#5569);
#5572=REPRESENTATION('',(#5571),#5500);
#5573=PROPERTY_DEFINITION('attribute type designation','Real Number',#5566);
#5574=PROPERTY_DEFINITION_REPRESENTATION(#5573,#5572);
#5575=NEXT_ASSEMBLY_USAGE_OCCURRENCE('123','Next assembly relationship',
'SOLDER_BALL',#9305,#5510,$);
#5576=PRODUCT_DEFINITION_SHAPE('Placement #123',
'Placement of SOLDER_BALL_AF26 with respect to ZEZ0201A_ASM',#5575);
#5578=PROPERTY_DEFINITION('geometric validation property',
'centroid of SOLDER_BALL',#5576);
#5579=REPRESENTATION('centroid',(#5577),#5500);
#5580=PROPERTY_DEFINITION_REPRESENTATION(#5578,#5579);
#5588=(LENGTH_UNIT()NAMED_UNIT(*)SI_UNIT(.MILLI.,.METRE.));
#5589=(NAMED_UNIT(*)PLANE_ANGLE_UNIT()SI_UNIT($,.RADIAN.));
#5592=(NAMED_UNIT(*)SI_UNIT($,.STERADIAN.)SOLID_ANGLE_UNIT());
#5594=(GEOMETRIC_REPRESENTATION_CONTEXT(3)GLOBAL_UNCERTAINTY_ASSIGNED_CONTEXT((
#5593))GLOBAL_UNIT_ASSIGNED_CONTEXT((#5588,#5591,#5592))REPRESENTATION_CONTEXT(
'ID32','3'));
#5598=AXIS2_PLACEMENT_3D('',#5595,#5596,#5597);
#5599=SHAPE_REPRESENTATION('',(#5598),#5594);
#5603=PRODUCT_DEFINITION('part definition','',#5602,#5506);
#5604=PRODUCT_DEFINITION_SHAPE('','SHAPE FOR SOLDER_BALL_AF27.',#5603);
#5605=SHAPE_DEFINITION_REPRESENTATION(#5604,#5599);
#5606=PROPERTY_DEFINITION('DESCRIPTION','user defined attribute',#5603);
#5610=REPRESENTATION('',(#5609),#5594);
#5611=PROPERTY_DEFINITION_REPRESENTATION(#5606,#5610);
#5612=PROPERTY_DEFINITION('MODELED_BY','user defined attribute',#5603);
#5616=REPRESENTATION('',(#5615),#5594);
#5617=PROPERTY_DEFINITION_REPRESENTATION(#5612,#5616);
#5618=PROPERTY_DEFINITION('BALL_HEIGTH','user defined attribute',#5603);
#5622=REPRESENTATION('',(#5621),#5594);
#5623=PROPERTY_DEFINITION_REPRESENTATION(#5618,#5622);
#5625=REPRESENTATION('',(#5624),#5594);
#5626=PROPERTY_DEFINITION('attribute type designation','Real Number',#5619);
#5627=PROPERTY_DEFINITION_REPRESENTATION(#5626,#5625);
#5628=NEXT_ASSEMBLY_USAGE_OCCURRENCE('124','Next assembly relationship',
'SOLDER_BALL',#9305,#5603,$);
#5629=PRODUCT_DEFINITION_SHAPE('Placement #124',
'Placement of SOLDER_BALL_AF27 with respect to ZEZ0201A_ASM',#5628);
#5637=NEXT_ASSEMBLY_USAGE_OCCURRENCE('125','Next assembly relationship',
'SOLDER_BALL',#9305,#1137,$);
#5638=PRODUCT_DEFINITION_SHAPE('Placement #125',
'Placement of SOLDER_BALL with respect to ZEZ0201A_ASM',#5637);
#5640=PROPERTY_DEFINITION('geometric validation property',
'centroid of SOLDER_BALL',#5638);
#5641=REPRESENTATION('centroid',(#5639),#5594);
#5642=PROPERTY_DEFINITION_REPRESENTATION(#5640,#5641);
#5650=NEXT_ASSEMBLY_USAGE_OCCURRENCE('126','Next assembly relationship',
'SOLDER_BALL',#9305,#1137,$);
#5651=PRODUCT_DEFINITION_SHAPE('Placement #126',
'Placement of SOLDER_BALL with respect to ZEZ0201A_ASM',#5650);
#5653=PROPERTY_DEFINITION('geometric validation property',
'centroid of SOLDER_BALL',#5651);
#5654=REPRESENTATION('centroid',(#5652),#5594);
#5655=PROPERTY_DEFINITION_REPRESENTATION(#5653,#5654);
#5663=NEXT_ASSEMBLY_USAGE_OCCURRENCE('127','Next assembly relationship',
'SOLDER_BALL',#9305,#1137,$);
#5664=PRODUCT_DEFINITION_SHAPE('Placement #127',
'Placement of SOLDER_BALL with respect to ZEZ0201A_ASM',#5663);
#5666=PROPERTY_DEFINITION('geometric validation property',
'centroid of SOLDER_BALL',#5664);
#5667=REPRESENTATION('centroid',(#5665),#5594);
#5668=PROPERTY_DEFINITION_REPRESENTATION(#5666,#5667);
#5676=NEXT_ASSEMBLY_USAGE_OCCURRENCE('128','Next assembly relationship',
'SOLDER_BALL',#9305,#1137,$);
#5677=PRODUCT_DEFINITION_SHAPE('Placement #128',
'Placement of SOLDER_BALL with respect to ZEZ0201A_ASM',#5676);
#5679=PROPERTY_DEFINITION('geometric validation property',
'centroid of SOLDER_BALL',#5677);
#5680=REPRESENTATION('centroid',(#5678),#5594);
#5681=PROPERTY_DEFINITION_REPRESENTATION(#5679,#5680);
#5689=NEXT_ASSEMBLY_USAGE_OCCURRENCE('129','Next assembly relationship',
'SOLDER_BALL',#9305,#1137,$);
#5690=PRODUCT_DEFINITION_SHAPE('Placement #129',
'Placement of SOLDER_BALL with respect to ZEZ0201A_ASM',#5689);
#5692=PROPERTY_DEFINITION('geometric validation property',
'centroid of SOLDER_BALL',#5690);
#5693=REPRESENTATION('centroid',(#5691),#5594);
#5694=PROPERTY_DEFINITION_REPRESENTATION(#5692,#5693);
#5702=NEXT_ASSEMBLY_USAGE_OCCURRENCE('130','Next assembly relationship',
'SOLDER_BALL',#9305,#1137,$);
#5703=PRODUCT_DEFINITION_SHAPE('Placement #130',
'Placement of SOLDER_BALL with respect to ZEZ0201A_ASM',#5702);
#5705=PROPERTY_DEFINITION('geometric validation property',
'centroid of SOLDER_BALL',#5703);
#5706=REPRESENTATION('centroid',(#5704),#5594);
#5707=PROPERTY_DEFINITION_REPRESENTATION(#5705,#5706);
#5715=NEXT_ASSEMBLY_USAGE_OCCURRENCE('131','Next assembly relationship',
'SOLDER_BALL',#9305,#1137,$);
#5716=PRODUCT_DEFINITION_SHAPE('Placement #131',
'Placement of SOLDER_BALL with respect to ZEZ0201A_ASM',#5715);
#5718=PROPERTY_DEFINITION('geometric validation property',
'centroid of SOLDER_BALL',#5716);
#5719=REPRESENTATION('centroid',(#5717),#5594);
#5720=PROPERTY_DEFINITION_REPRESENTATION(#5718,#5719);
#5728=NEXT_ASSEMBLY_USAGE_OCCURRENCE('132','Next assembly relationship',
'SOLDER_BALL',#9305,#1137,$);
#5729=PRODUCT_DEFINITION_SHAPE('Placement #132',
'Placement of SOLDER_BALL with respect to ZEZ0201A_ASM',#5728);
#5731=PROPERTY_DEFINITION('geometric validation property',
'centroid of SOLDER_BALL',#5729);
#5732=REPRESENTATION('centroid',(#5730),#5594);
#5733=PROPERTY_DEFINITION_REPRESENTATION(#5731,#5732);
#5741=(LENGTH_UNIT()NAMED_UNIT(*)SI_UNIT(.MILLI.,.METRE.));
#5742=(NAMED_UNIT(*)PLANE_ANGLE_UNIT()SI_UNIT($,.RADIAN.));
#5745=(NAMED_UNIT(*)SI_UNIT($,.STERADIAN.)SOLID_ANGLE_UNIT());
#5747=(GEOMETRIC_REPRESENTATION_CONTEXT(3)GLOBAL_UNCERTAINTY_ASSIGNED_CONTEXT((
#5746))GLOBAL_UNIT_ASSIGNED_CONTEXT((#5741,#5744,#5745))REPRESENTATION_CONTEXT(
'ID33','3'));
#5751=AXIS2_PLACEMENT_3D('',#5748,#5749,#5750);
#5752=SHAPE_REPRESENTATION('',(#5751),#5747);
#5757=PRODUCT_DEFINITION('part definition','',#5756,#5753);
#5758=PRODUCT_DEFINITION_SHAPE('','SHAPE FOR SOLDER_BALL_AF28.',#5757);
#5759=SHAPE_DEFINITION_REPRESENTATION(#5758,#5752);
#5760=PROPERTY_DEFINITION('DESCRIPTION','user defined attribute',#5757);
#5764=REPRESENTATION('',(#5763),#5747);
#5765=PROPERTY_DEFINITION_REPRESENTATION(#5760,#5764);
#5766=PROPERTY_DEFINITION('MODELED_BY','user defined attribute',#5757);
#5770=REPRESENTATION('',(#5769),#5747);
#5771=PROPERTY_DEFINITION_REPRESENTATION(#5766,#5770);
#5772=PROPERTY_DEFINITION('BALL_HEIGTH','user defined attribute',#5757);
#5776=REPRESENTATION('',(#5775),#5747);
#5777=PROPERTY_DEFINITION_REPRESENTATION(#5772,#5776);
#5779=REPRESENTATION('',(#5778),#5747);
#5780=PROPERTY_DEFINITION('attribute type designation','Real Number',#5773);
#5781=PROPERTY_DEFINITION_REPRESENTATION(#5780,#5779);
#5782=NEXT_ASSEMBLY_USAGE_OCCURRENCE('133','Next assembly relationship',
'SOLDER_BALL',#9305,#5757,$);
#5783=PRODUCT_DEFINITION_SHAPE('Placement #133',
'Placement of SOLDER_BALL_AF28 with respect to ZEZ0201A_ASM',#5782);
#5796=CIRCLE('',#5795,1.529705854078E-1);
#5804=CIRCLE('',#5803,1.75E-1);
#5812=CIRCLE('',#5811,1.75E-1);
#5820=CIRCLE('',#5819,1.529705854078E-1);
#5835=EDGE_CURVE('',#5826,#5827,#5804,.T.);
#5837=EDGE_CURVE('',#5826,#5829,#5796,.T.);
#5839=EDGE_CURVE('',#5829,#5827,#5812,.T.);
#5843=ADVANCED_FACE('',(#5842),#5834,.T.);
#5851=EDGE_CURVE('',#5826,#5829,#5820,.T.);
#5855=ADVANCED_FACE('',(#5854),#5848,.T.);
#5865=ADVANCED_FACE('',(#5864),#5860,.T.);
#5874=(LENGTH_UNIT()NAMED_UNIT(*)SI_UNIT(.MILLI.,.METRE.));
#5875=(NAMED_UNIT(*)PLANE_ANGLE_UNIT()SI_UNIT($,.RADIAN.));
#5878=(NAMED_UNIT(*)SI_UNIT($,.STERADIAN.)SOLID_ANGLE_UNIT());
#5880=(GEOMETRIC_REPRESENTATION_CONTEXT(3)GLOBAL_UNCERTAINTY_ASSIGNED_CONTEXT((
#5879))GLOBAL_UNIT_ASSIGNED_CONTEXT((#5874,#5877,#5878))REPRESENTATION_CONTEXT(
'ID34','3'));
#5884=AXIS2_PLACEMENT_3D('',#5881,#5882,#5883);
#5885=ADVANCED_BREP_SHAPE_REPRESENTATION('',(#5884,#5867),#5880);
#5889=PRODUCT_DEFINITION('part definition','',#5888,#5753);
#5890=PRODUCT_DEFINITION_SHAPE('','SHAPE FOR SOLDER_BALL_AF29.',#5889);
#5891=SHAPE_ASPECT('','solid data associated with SOLDER_BALL_AF29',#5890,.F.);
#5892=PROPERTY_DEFINITION('',
'shape for solid data with which properties are associated',#5891);
#5893=SHAPE_REPRESENTATION('',(#5867),#5880);
#5894=SHAPE_DEFINITION_REPRESENTATION(#5892,#5893);
#5895=(LENGTH_UNIT()NAMED_UNIT(*)SI_UNIT(.MILLI.,.METRE.));
#5899=PROPERTY_DEFINITION('geometric validation property',
'area of SOLDER_BALL_AF29',#5891);
#5900=REPRESENTATION('surface area',(#5898),#5880);
#5901=PROPERTY_DEFINITION_REPRESENTATION(#5899,#5900);
#5902=(LENGTH_UNIT()NAMED_UNIT(*)SI_UNIT(.MILLI.,.METRE.));
#5906=PROPERTY_DEFINITION('geometric validation property',
'volume of SOLDER_BALL_AF29',#5891);
#5907=REPRESENTATION('volume',(#5905),#5880);
#5908=PROPERTY_DEFINITION_REPRESENTATION(#5906,#5907);
#5910=PROPERTY_DEFINITION('geometric validation property',
'centroid of SOLDER_BALL_AF29',#5891);
#5911=REPRESENTATION('centroid',(#5909),#5880);
#5912=PROPERTY_DEFINITION_REPRESENTATION(#5910,#5911);
#5913=(LENGTH_UNIT()NAMED_UNIT(*)SI_UNIT(.MILLI.,.METRE.));
#5917=PROPERTY_DEFINITION('geometric validation property',
'area of SOLDER_BALL_AF29',#5890);
#5918=REPRESENTATION('surface area',(#5916),#5880);
#5919=PROPERTY_DEFINITION_REPRESENTATION(#5917,#5918);
#5920=(LENGTH_UNIT()NAMED_UNIT(*)SI_UNIT(.MILLI.,.METRE.));
#5924=PROPERTY_DEFINITION('geometric validation property',
'volume of SOLDER_BALL_AF29',#5890);
#5925=REPRESENTATION('volume',(#5923),#5880);
#5926=PROPERTY_DEFINITION_REPRESENTATION(#5924,#5925);
#5928=PROPERTY_DEFINITION('geometric validation property',
'centroid of SOLDER_BALL_AF29',#5890);
#5929=REPRESENTATION('centroid',(#5927),#5880);
#5930=PROPERTY_DEFINITION_REPRESENTATION(#5928,#5929);
#5931=SHAPE_DEFINITION_REPRESENTATION(#5890,#5885);
#5932=PROPERTY_DEFINITION('DESCRIPTION','user defined attribute',#5889);
#5936=REPRESENTATION('',(#5935),#5880);
#5937=PROPERTY_DEFINITION_REPRESENTATION(#5932,#5936);
#5938=PROPERTY_DEFINITION('MODELED_BY','user defined attribute',#5889);
#5942=REPRESENTATION('',(#5941),#5880);
#5943=PROPERTY_DEFINITION_REPRESENTATION(#5938,#5942);
#5944=PROPERTY_DEFINITION('BALL_HEIGTH','user defined attribute',#5889);
#5948=REPRESENTATION('',(#5947),#5880);
#5949=PROPERTY_DEFINITION_REPRESENTATION(#5944,#5948);
#5951=REPRESENTATION('',(#5950),#5880);
#5952=PROPERTY_DEFINITION('attribute type designation','Real Number',#5945);
#5953=PROPERTY_DEFINITION_REPRESENTATION(#5952,#5951);
#5954=NEXT_ASSEMBLY_USAGE_OCCURRENCE('134','Next assembly relationship',
'SOLDER_BALL',#9305,#5889,$);
#5955=PRODUCT_DEFINITION_SHAPE('Placement #134',
'Placement of SOLDER_BALL_AF29 with respect to ZEZ0201A_ASM',#5954);
#5957=PROPERTY_DEFINITION('geometric validation property',
'centroid of SOLDER_BALL',#5955);
#5958=REPRESENTATION('centroid',(#5956),#5880);
#5959=PROPERTY_DEFINITION_REPRESENTATION(#5957,#5958);
#5972=CIRCLE('',#5971,1.529705854078E-1);
#5980=CIRCLE('',#5979,1.75E-1);
#5988=CIRCLE('',#5987,1.75E-1);
#5996=CIRCLE('',#5995,1.529705854078E-1);
#6011=EDGE_CURVE('',#6002,#6003,#5980,.T.);
#6013=EDGE_CURVE('',#6002,#6005,#5972,.T.);
#6015=EDGE_CURVE('',#6005,#6003,#5988,.T.);
#6019=ADVANCED_FACE('',(#6018),#6010,.T.);
#6027=EDGE_CURVE('',#6002,#6005,#5996,.T.);
#6031=ADVANCED_FACE('',(#6030),#6024,.T.);
#6041=ADVANCED_FACE('',(#6040),#6036,.T.);
#6050=(LENGTH_UNIT()NAMED_UNIT(*)SI_UNIT(.MILLI.,.METRE.));
#6051=(NAMED_UNIT(*)PLANE_ANGLE_UNIT()SI_UNIT($,.RADIAN.));
#6054=(NAMED_UNIT(*)SI_UNIT($,.STERADIAN.)SOLID_ANGLE_UNIT());
#6056=(GEOMETRIC_REPRESENTATION_CONTEXT(3)GLOBAL_UNCERTAINTY_ASSIGNED_CONTEXT((
#6055))GLOBAL_UNIT_ASSIGNED_CONTEXT((#6050,#6053,#6054))REPRESENTATION_CONTEXT(
'ID35','3'));
#6060=AXIS2_PLACEMENT_3D('',#6057,#6058,#6059);
#6061=ADVANCED_BREP_SHAPE_REPRESENTATION('',(#6060,#6043),#6056);
#6066=PRODUCT_DEFINITION('part definition','',#6065,#6062);
#6067=PRODUCT_DEFINITION_SHAPE('','SHAPE FOR SOLDER_BALL_AF30.',#6066);
#6068=SHAPE_ASPECT('','solid data associated with SOLDER_BALL_AF30',#6067,.F.);
#6069=PROPERTY_DEFINITION('',
'shape for solid data with which properties are associated',#6068);
#6070=SHAPE_REPRESENTATION('',(#6043),#6056);
#6071=SHAPE_DEFINITION_REPRESENTATION(#6069,#6070);
#6072=(LENGTH_UNIT()NAMED_UNIT(*)SI_UNIT(.MILLI.,.METRE.));
#6076=PROPERTY_DEFINITION('geometric validation property',
'area of SOLDER_BALL_AF30',#6068);
#6077=REPRESENTATION('surface area',(#6075),#6056);
#6078=PROPERTY_DEFINITION_REPRESENTATION(#6076,#6077);
#6079=(LENGTH_UNIT()NAMED_UNIT(*)SI_UNIT(.MILLI.,.METRE.));
#6083=PROPERTY_DEFINITION('geometric validation property',
'volume of SOLDER_BALL_AF30',#6068);
#6084=REPRESENTATION('volume',(#6082),#6056);
#6085=PROPERTY_DEFINITION_REPRESENTATION(#6083,#6084);
#6087=PROPERTY_DEFINITION('geometric validation property',
'centroid of SOLDER_BALL_AF30',#6068);
#6088=REPRESENTATION('centroid',(#6086),#6056);
#6089=PROPERTY_DEFINITION_REPRESENTATION(#6087,#6088);
#6090=(LENGTH_UNIT()NAMED_UNIT(*)SI_UNIT(.MILLI.,.METRE.));
#6094=PROPERTY_DEFINITION('geometric validation property',
'area of SOLDER_BALL_AF30',#6067);
#6095=REPRESENTATION('surface area',(#6093),#6056);
#6096=PROPERTY_DEFINITION_REPRESENTATION(#6094,#6095);
#6097=(LENGTH_UNIT()NAMED_UNIT(*)SI_UNIT(.MILLI.,.METRE.));
#6101=PROPERTY_DEFINITION('geometric validation property',
'volume of SOLDER_BALL_AF30',#6067);
#6102=REPRESENTATION('volume',(#6100),#6056);
#6103=PROPERTY_DEFINITION_REPRESENTATION(#6101,#6102);
#6105=PROPERTY_DEFINITION('geometric validation property',
'centroid of SOLDER_BALL_AF30',#6067);
#6106=REPRESENTATION('centroid',(#6104),#6056);
#6107=PROPERTY_DEFINITION_REPRESENTATION(#6105,#6106);
#6108=SHAPE_DEFINITION_REPRESENTATION(#6067,#6061);
#6109=PROPERTY_DEFINITION('DESCRIPTION','user defined attribute',#6066);
#6113=REPRESENTATION('',(#6112),#6056);
#6114=PROPERTY_DEFINITION_REPRESENTATION(#6109,#6113);
#6115=PROPERTY_DEFINITION('MODELED_BY','user defined attribute',#6066);
#6119=REPRESENTATION('',(#6118),#6056);
#6120=PROPERTY_DEFINITION_REPRESENTATION(#6115,#6119);
#6121=PROPERTY_DEFINITION('BALL_HEIGTH','user defined attribute',#6066);
#6125=REPRESENTATION('',(#6124),#6056);
#6126=PROPERTY_DEFINITION_REPRESENTATION(#6121,#6125);
#6128=REPRESENTATION('',(#6127),#6056);
#6129=PROPERTY_DEFINITION('attribute type designation','Real Number',#6122);
#6130=PROPERTY_DEFINITION_REPRESENTATION(#6129,#6128);
#6131=NEXT_ASSEMBLY_USAGE_OCCURRENCE('135','Next assembly relationship',
'SOLDER_BALL',#9305,#6066,$);
#6132=PRODUCT_DEFINITION_SHAPE('Placement #135',
'Placement of SOLDER_BALL_AF30 with respect to ZEZ0201A_ASM',#6131);
#6134=PROPERTY_DEFINITION('geometric validation property',
'centroid of SOLDER_BALL',#6132);
#6135=REPRESENTATION('centroid',(#6133),#6056);
#6136=PROPERTY_DEFINITION_REPRESENTATION(#6134,#6135);
#6149=CIRCLE('',#6148,1.529705854078E-1);
#6157=CIRCLE('',#6156,1.75E-1);
#6165=CIRCLE('',#6164,1.75E-1);
#6173=CIRCLE('',#6172,1.529705854078E-1);
#6188=EDGE_CURVE('',#6179,#6180,#6157,.T.);
#6190=EDGE_CURVE('',#6179,#6182,#6149,.T.);
#6192=EDGE_CURVE('',#6182,#6180,#6165,.T.);
#6196=ADVANCED_FACE('',(#6195),#6187,.T.);
#6204=EDGE_CURVE('',#6179,#6182,#6173,.T.);
#6208=ADVANCED_FACE('',(#6207),#6201,.T.);
#6218=ADVANCED_FACE('',(#6217),#6213,.T.);
#6227=(LENGTH_UNIT()NAMED_UNIT(*)SI_UNIT(.MILLI.,.METRE.));
#6228=(NAMED_UNIT(*)PLANE_ANGLE_UNIT()SI_UNIT($,.RADIAN.));
#6231=(NAMED_UNIT(*)SI_UNIT($,.STERADIAN.)SOLID_ANGLE_UNIT());
#6233=(GEOMETRIC_REPRESENTATION_CONTEXT(3)GLOBAL_UNCERTAINTY_ASSIGNED_CONTEXT((
#6232))GLOBAL_UNIT_ASSIGNED_CONTEXT((#6227,#6230,#6231))REPRESENTATION_CONTEXT(
'ID36','3'));
#6237=AXIS2_PLACEMENT_3D('',#6234,#6235,#6236);
#6238=ADVANCED_BREP_SHAPE_REPRESENTATION('',(#6237,#6220),#6233);
#6242=PRODUCT_DEFINITION('part definition','',#6241,#6062);
#6243=PRODUCT_DEFINITION_SHAPE('','SHAPE FOR SOLDER_BALL_AF31.',#6242);
#6244=SHAPE_ASPECT('','solid data associated with SOLDER_BALL_AF31',#6243,.F.);
#6245=PROPERTY_DEFINITION('',
'shape for solid data with which properties are associated',#6244);
#6246=SHAPE_REPRESENTATION('',(#6220),#6233);
#6247=SHAPE_DEFINITION_REPRESENTATION(#6245,#6246);
#6248=(LENGTH_UNIT()NAMED_UNIT(*)SI_UNIT(.MILLI.,.METRE.));
#6252=PROPERTY_DEFINITION('geometric validation property',
'area of SOLDER_BALL_AF31',#6244);
#6253=REPRESENTATION('surface area',(#6251),#6233);
#6254=PROPERTY_DEFINITION_REPRESENTATION(#6252,#6253);
#6255=(LENGTH_UNIT()NAMED_UNIT(*)SI_UNIT(.MILLI.,.METRE.));
#6259=PROPERTY_DEFINITION('geometric validation property',
'volume of SOLDER_BALL_AF31',#6244);
#6260=REPRESENTATION('volume',(#6258),#6233);
#6261=PROPERTY_DEFINITION_REPRESENTATION(#6259,#6260);
#6263=PROPERTY_DEFINITION('geometric validation property',
'centroid of SOLDER_BALL_AF31',#6244);
#6264=REPRESENTATION('centroid',(#6262),#6233);
#6265=PROPERTY_DEFINITION_REPRESENTATION(#6263,#6264);
#6266=(LENGTH_UNIT()NAMED_UNIT(*)SI_UNIT(.MILLI.,.METRE.));
#6270=PROPERTY_DEFINITION('geometric validation property',
'area of SOLDER_BALL_AF31',#6243);
#6271=REPRESENTATION('surface area',(#6269),#6233);
#6272=PROPERTY_DEFINITION_REPRESENTATION(#6270,#6271);
#6273=(LENGTH_UNIT()NAMED_UNIT(*)SI_UNIT(.MILLI.,.METRE.));
#6277=PROPERTY_DEFINITION('geometric validation property',
'volume of SOLDER_BALL_AF31',#6243);
#6278=REPRESENTATION('volume',(#6276),#6233);
#6279=PROPERTY_DEFINITION_REPRESENTATION(#6277,#6278);
#6281=PROPERTY_DEFINITION('geometric validation property',
'centroid of SOLDER_BALL_AF31',#6243);
#6282=REPRESENTATION('centroid',(#6280),#6233);
#6283=PROPERTY_DEFINITION_REPRESENTATION(#6281,#6282);
#6284=SHAPE_DEFINITION_REPRESENTATION(#6243,#6238);
#6285=PROPERTY_DEFINITION('DESCRIPTION','user defined attribute',#6242);
#6289=REPRESENTATION('',(#6288),#6233);
#6290=PROPERTY_DEFINITION_REPRESENTATION(#6285,#6289);
#6291=PROPERTY_DEFINITION('MODELED_BY','user defined attribute',#6242);
#6295=REPRESENTATION('',(#6294),#6233);
#6296=PROPERTY_DEFINITION_REPRESENTATION(#6291,#6295);
#6297=PROPERTY_DEFINITION('BALL_HEIGTH','user defined attribute',#6242);
#6301=REPRESENTATION('',(#6300),#6233);
#6302=PROPERTY_DEFINITION_REPRESENTATION(#6297,#6301);
#6304=REPRESENTATION('',(#6303),#6233);
#6305=PROPERTY_DEFINITION('attribute type designation','Real Number',#6298);
#6306=PROPERTY_DEFINITION_REPRESENTATION(#6305,#6304);
#6307=NEXT_ASSEMBLY_USAGE_OCCURRENCE('136','Next assembly relationship',
'SOLDER_BALL',#9305,#6242,$);
#6308=PRODUCT_DEFINITION_SHAPE('Placement #136',
'Placement of SOLDER_BALL_AF31 with respect to ZEZ0201A_ASM',#6307);
#6310=PROPERTY_DEFINITION('geometric validation property',
'centroid of SOLDER_BALL',#6308);
#6311=REPRESENTATION('centroid',(#6309),#6233);
#6312=PROPERTY_DEFINITION_REPRESENTATION(#6310,#6311);
#6325=CIRCLE('',#6324,1.529705854078E-1);
#6333=CIRCLE('',#6332,1.75E-1);
#6341=CIRCLE('',#6340,1.75E-1);
#6349=CIRCLE('',#6348,1.529705854078E-1);
#6364=EDGE_CURVE('',#6355,#6356,#6333,.T.);
#6366=EDGE_CURVE('',#6355,#6358,#6325,.T.);
#6368=EDGE_CURVE('',#6358,#6356,#6341,.T.);
#6372=ADVANCED_FACE('',(#6371),#6363,.T.);
#6380=EDGE_CURVE('',#6355,#6358,#6349,.T.);
#6384=ADVANCED_FACE('',(#6383),#6377,.T.);
#6394=ADVANCED_FACE('',(#6393),#6389,.T.);
#6403=(LENGTH_UNIT()NAMED_UNIT(*)SI_UNIT(.MILLI.,.METRE.));
#6404=(NAMED_UNIT(*)PLANE_ANGLE_UNIT()SI_UNIT($,.RADIAN.));
#6407=(NAMED_UNIT(*)SI_UNIT($,.STERADIAN.)SOLID_ANGLE_UNIT());
#6409=(GEOMETRIC_REPRESENTATION_CONTEXT(3)GLOBAL_UNCERTAINTY_ASSIGNED_CONTEXT((
#6408))GLOBAL_UNIT_ASSIGNED_CONTEXT((#6403,#6406,#6407))REPRESENTATION_CONTEXT(
'ID37','3'));
#6413=AXIS2_PLACEMENT_3D('',#6410,#6411,#6412);
#6414=ADVANCED_BREP_SHAPE_REPRESENTATION('',(#6413,#6396),#6409);
#6419=PRODUCT_DEFINITION('part definition','',#6418,#6415);
#6420=PRODUCT_DEFINITION_SHAPE('','SHAPE FOR SOLDER_BALL_AF32.',#6419);
#6421=SHAPE_ASPECT('','solid data associated with SOLDER_BALL_AF32',#6420,.F.);
#6422=PROPERTY_DEFINITION('',
'shape for solid data with which properties are associated',#6421);
#6423=SHAPE_REPRESENTATION('',(#6396),#6409);
#6424=SHAPE_DEFINITION_REPRESENTATION(#6422,#6423);
#6425=(LENGTH_UNIT()NAMED_UNIT(*)SI_UNIT(.MILLI.,.METRE.));
#6429=PROPERTY_DEFINITION('geometric validation property',
'area of SOLDER_BALL_AF32',#6421);
#6430=REPRESENTATION('surface area',(#6428),#6409);
#6431=PROPERTY_DEFINITION_REPRESENTATION(#6429,#6430);
#6432=(LENGTH_UNIT()NAMED_UNIT(*)SI_UNIT(.MILLI.,.METRE.));
#6436=PROPERTY_DEFINITION('geometric validation property',
'volume of SOLDER_BALL_AF32',#6421);
#6437=REPRESENTATION('volume',(#6435),#6409);
#6438=PROPERTY_DEFINITION_REPRESENTATION(#6436,#6437);
#6440=PROPERTY_DEFINITION('geometric validation property',
'centroid of SOLDER_BALL_AF32',#6421);
#6441=REPRESENTATION('centroid',(#6439),#6409);
#6442=PROPERTY_DEFINITION_REPRESENTATION(#6440,#6441);
#6443=(LENGTH_UNIT()NAMED_UNIT(*)SI_UNIT(.MILLI.,.METRE.));
#6447=PROPERTY_DEFINITION('geometric validation property',
'area of SOLDER_BALL_AF32',#6420);
#6448=REPRESENTATION('surface area',(#6446),#6409);
#6449=PROPERTY_DEFINITION_REPRESENTATION(#6447,#6448);
#6450=(LENGTH_UNIT()NAMED_UNIT(*)SI_UNIT(.MILLI.,.METRE.));
#6454=PROPERTY_DEFINITION('geometric validation property',
'volume of SOLDER_BALL_AF32',#6420);
#6455=REPRESENTATION('volume',(#6453),#6409);
#6456=PROPERTY_DEFINITION_REPRESENTATION(#6454,#6455);
#6458=PROPERTY_DEFINITION('geometric validation property',
'centroid of SOLDER_BALL_AF32',#6420);
#6459=REPRESENTATION('centroid',(#6457),#6409);
#6460=PROPERTY_DEFINITION_REPRESENTATION(#6458,#6459);
#6461=SHAPE_DEFINITION_REPRESENTATION(#6420,#6414);
#6462=PROPERTY_DEFINITION('DESCRIPTION','user defined attribute',#6419);
#6466=REPRESENTATION('',(#6465),#6409);
#6467=PROPERTY_DEFINITION_REPRESENTATION(#6462,#6466);
#6468=PROPERTY_DEFINITION('MODELED_BY','user defined attribute',#6419);
#6472=REPRESENTATION('',(#6471),#6409);
#6473=PROPERTY_DEFINITION_REPRESENTATION(#6468,#6472);
#6474=PROPERTY_DEFINITION('BALL_HEIGTH','user defined attribute',#6419);
#6478=REPRESENTATION('',(#6477),#6409);
#6479=PROPERTY_DEFINITION_REPRESENTATION(#6474,#6478);
#6481=REPRESENTATION('',(#6480),#6409);
#6482=PROPERTY_DEFINITION('attribute type designation','Real Number',#6475);
#6483=PROPERTY_DEFINITION_REPRESENTATION(#6482,#6481);
#6484=NEXT_ASSEMBLY_USAGE_OCCURRENCE('137','Next assembly relationship',
'SOLDER_BALL',#9305,#6419,$);
#6485=PRODUCT_DEFINITION_SHAPE('Placement #137',
'Placement of SOLDER_BALL_AF32 with respect to ZEZ0201A_ASM',#6484);
#6487=PROPERTY_DEFINITION('geometric validation property',
'centroid of SOLDER_BALL',#6485);
#6488=REPRESENTATION('centroid',(#6486),#6409);
#6489=PROPERTY_DEFINITION_REPRESENTATION(#6487,#6488);
#6502=CIRCLE('',#6501,1.529705854078E-1);
#6510=CIRCLE('',#6509,1.75E-1);
#6518=CIRCLE('',#6517,1.75E-1);
#6526=CIRCLE('',#6525,1.529705854078E-1);
#6541=EDGE_CURVE('',#6532,#6533,#6510,.T.);
#6543=EDGE_CURVE('',#6532,#6535,#6502,.T.);
#6545=EDGE_CURVE('',#6535,#6533,#6518,.T.);
#6549=ADVANCED_FACE('',(#6548),#6540,.T.);
#6557=EDGE_CURVE('',#6532,#6535,#6526,.T.);
#6561=ADVANCED_FACE('',(#6560),#6554,.T.);
#6571=ADVANCED_FACE('',(#6570),#6566,.T.);
#6580=(LENGTH_UNIT()NAMED_UNIT(*)SI_UNIT(.MILLI.,.METRE.));
#6581=(NAMED_UNIT(*)PLANE_ANGLE_UNIT()SI_UNIT($,.RADIAN.));
#6584=(NAMED_UNIT(*)SI_UNIT($,.STERADIAN.)SOLID_ANGLE_UNIT());
#6586=(GEOMETRIC_REPRESENTATION_CONTEXT(3)GLOBAL_UNCERTAINTY_ASSIGNED_CONTEXT((
#6585))GLOBAL_UNIT_ASSIGNED_CONTEXT((#6580,#6583,#6584))REPRESENTATION_CONTEXT(
'ID38','3'));
#6590=AXIS2_PLACEMENT_3D('',#6587,#6588,#6589);
#6591=ADVANCED_BREP_SHAPE_REPRESENTATION('',(#6590,#6573),#6586);
#6595=PRODUCT_DEFINITION('part definition','',#6594,#6415);
#6596=PRODUCT_DEFINITION_SHAPE('','SHAPE FOR SOLDER_BALL_AF33.',#6595);
#6597=SHAPE_ASPECT('','solid data associated with SOLDER_BALL_AF33',#6596,.F.);
#6598=PROPERTY_DEFINITION('',
'shape for solid data with which properties are associated',#6597);
#6599=SHAPE_REPRESENTATION('',(#6573),#6586);
#6600=SHAPE_DEFINITION_REPRESENTATION(#6598,#6599);
#6601=(LENGTH_UNIT()NAMED_UNIT(*)SI_UNIT(.MILLI.,.METRE.));
#6605=PROPERTY_DEFINITION('geometric validation property',
'area of SOLDER_BALL_AF33',#6597);
#6606=REPRESENTATION('surface area',(#6604),#6586);
#6607=PROPERTY_DEFINITION_REPRESENTATION(#6605,#6606);
#6608=(LENGTH_UNIT()NAMED_UNIT(*)SI_UNIT(.MILLI.,.METRE.));
#6612=PROPERTY_DEFINITION('geometric validation property',
'volume of SOLDER_BALL_AF33',#6597);
#6613=REPRESENTATION('volume',(#6611),#6586);
#6614=PROPERTY_DEFINITION_REPRESENTATION(#6612,#6613);
#6616=PROPERTY_DEFINITION('geometric validation property',
'centroid of SOLDER_BALL_AF33',#6597);
#6617=REPRESENTATION('centroid',(#6615),#6586);
#6618=PROPERTY_DEFINITION_REPRESENTATION(#6616,#6617);
#6619=(LENGTH_UNIT()NAMED_UNIT(*)SI_UNIT(.MILLI.,.METRE.));
#6623=PROPERTY_DEFINITION('geometric validation property',
'area of SOLDER_BALL_AF33',#6596);
#6624=REPRESENTATION('surface area',(#6622),#6586);
#6625=PROPERTY_DEFINITION_REPRESENTATION(#6623,#6624);
#6626=(LENGTH_UNIT()NAMED_UNIT(*)SI_UNIT(.MILLI.,.METRE.));
#6630=PROPERTY_DEFINITION('geometric validation property',
'volume of SOLDER_BALL_AF33',#6596);
#6631=REPRESENTATION('volume',(#6629),#6586);
#6632=PROPERTY_DEFINITION_REPRESENTATION(#6630,#6631);
#6634=PROPERTY_DEFINITION('geometric validation property',
'centroid of SOLDER_BALL_AF33',#6596);
#6635=REPRESENTATION('centroid',(#6633),#6586);
#6636=PROPERTY_DEFINITION_REPRESENTATION(#6634,#6635);
#6637=SHAPE_DEFINITION_REPRESENTATION(#6596,#6591);
#6638=PROPERTY_DEFINITION('DESCRIPTION','user defined attribute',#6595);
#6642=REPRESENTATION('',(#6641),#6586);
#6643=PROPERTY_DEFINITION_REPRESENTATION(#6638,#6642);
#6644=PROPERTY_DEFINITION('MODELED_BY','user defined attribute',#6595);
#6648=REPRESENTATION('',(#6647),#6586);
#6649=PROPERTY_DEFINITION_REPRESENTATION(#6644,#6648);
#6650=PROPERTY_DEFINITION('BALL_HEIGTH','user defined attribute',#6595);
#6654=REPRESENTATION('',(#6653),#6586);
#6655=PROPERTY_DEFINITION_REPRESENTATION(#6650,#6654);
#6657=REPRESENTATION('',(#6656),#6586);
#6658=PROPERTY_DEFINITION('attribute type designation','Real Number',#6651);
#6659=PROPERTY_DEFINITION_REPRESENTATION(#6658,#6657);
#6660=NEXT_ASSEMBLY_USAGE_OCCURRENCE('138','Next assembly relationship',
'SOLDER_BALL',#9305,#6595,$);
#6661=PRODUCT_DEFINITION_SHAPE('Placement #138',
'Placement of SOLDER_BALL_AF33 with respect to ZEZ0201A_ASM',#6660);
#6663=PROPERTY_DEFINITION('geometric validation property',
'centroid of SOLDER_BALL',#6661);
#6664=REPRESENTATION('centroid',(#6662),#6586);
#6665=PROPERTY_DEFINITION_REPRESENTATION(#6663,#6664);
#6673=(LENGTH_UNIT()NAMED_UNIT(*)SI_UNIT(.MILLI.,.METRE.));
#6674=(NAMED_UNIT(*)PLANE_ANGLE_UNIT()SI_UNIT($,.RADIAN.));
#6677=(NAMED_UNIT(*)SI_UNIT($,.STERADIAN.)SOLID_ANGLE_UNIT());
#6679=(GEOMETRIC_REPRESENTATION_CONTEXT(3)GLOBAL_UNCERTAINTY_ASSIGNED_CONTEXT((
#6678))GLOBAL_UNIT_ASSIGNED_CONTEXT((#6673,#6676,#6677))REPRESENTATION_CONTEXT(
'ID39','3'));
#6683=AXIS2_PLACEMENT_3D('',#6680,#6681,#6682);
#6684=SHAPE_REPRESENTATION('',(#6683),#6679);
#6689=PRODUCT_DEFINITION('part definition','',#6688,#6685);
#6690=PRODUCT_DEFINITION_SHAPE('','SHAPE FOR SOLDER_BALL_AF34.',#6689);
#6691=SHAPE_DEFINITION_REPRESENTATION(#6690,#6684);
#6692=PROPERTY_DEFINITION('DESCRIPTION','user defined attribute',#6689);
#6696=REPRESENTATION('',(#6695),#6679);
#6697=PROPERTY_DEFINITION_REPRESENTATION(#6692,#6696);
#6698=PROPERTY_DEFINITION('MODELED_BY','user defined attribute',#6689);
#6702=REPRESENTATION('',(#6701),#6679);
#6703=PROPERTY_DEFINITION_REPRESENTATION(#6698,#6702);
#6704=PROPERTY_DEFINITION('BALL_HEIGTH','user defined attribute',#6689);
#6708=REPRESENTATION('',(#6707),#6679);
#6709=PROPERTY_DEFINITION_REPRESENTATION(#6704,#6708);
#6711=REPRESENTATION('',(#6710),#6679);
#6712=PROPERTY_DEFINITION('attribute type designation','Real Number',#6705);
#6713=PROPERTY_DEFINITION_REPRESENTATION(#6712,#6711);
#6714=NEXT_ASSEMBLY_USAGE_OCCURRENCE('139','Next assembly relationship',
'SOLDER_BALL',#9305,#6689,$);
#6715=PRODUCT_DEFINITION_SHAPE('Placement #139',
'Placement of SOLDER_BALL_AF34 with respect to ZEZ0201A_ASM',#6714);
#6723=NEXT_ASSEMBLY_USAGE_OCCURRENCE('140','Next assembly relationship',
'SOLDER_BALL',#9305,#1137,$);
#6724=PRODUCT_DEFINITION_SHAPE('Placement #140',
'Placement of SOLDER_BALL with respect to ZEZ0201A_ASM',#6723);
#6726=PROPERTY_DEFINITION('geometric validation property',
'centroid of SOLDER_BALL',#6724);
#6727=REPRESENTATION('centroid',(#6725),#6679);
#6728=PROPERTY_DEFINITION_REPRESENTATION(#6726,#6727);
#6736=NEXT_ASSEMBLY_USAGE_OCCURRENCE('141','Next assembly relationship',
'SOLDER_BALL',#9305,#1137,$);
#6737=PRODUCT_DEFINITION_SHAPE('Placement #141',
'Placement of SOLDER_BALL with respect to ZEZ0201A_ASM',#6736);
#6739=PROPERTY_DEFINITION('geometric validation property',
'centroid of SOLDER_BALL',#6737);
#6740=REPRESENTATION('centroid',(#6738),#6679);
#6741=PROPERTY_DEFINITION_REPRESENTATION(#6739,#6740);
#6749=NEXT_ASSEMBLY_USAGE_OCCURRENCE('142','Next assembly relationship',
'SOLDER_BALL',#9305,#1137,$);
#6750=PRODUCT_DEFINITION_SHAPE('Placement #142',
'Placement of SOLDER_BALL with respect to ZEZ0201A_ASM',#6749);
#6752=PROPERTY_DEFINITION('geometric validation property',
'centroid of SOLDER_BALL',#6750);
#6753=REPRESENTATION('centroid',(#6751),#6679);
#6754=PROPERTY_DEFINITION_REPRESENTATION(#6752,#6753);
#6762=NEXT_ASSEMBLY_USAGE_OCCURRENCE('143','Next assembly relationship',
'SOLDER_BALL',#9305,#1137,$);
#6763=PRODUCT_DEFINITION_SHAPE('Placement #143',
'Placement of SOLDER_BALL with respect to ZEZ0201A_ASM',#6762);
#6765=PROPERTY_DEFINITION('geometric validation property',
'centroid of SOLDER_BALL',#6763);
#6766=REPRESENTATION('centroid',(#6764),#6679);
#6767=PROPERTY_DEFINITION_REPRESENTATION(#6765,#6766);
#6775=NEXT_ASSEMBLY_USAGE_OCCURRENCE('144','Next assembly relationship',
'SOLDER_BALL',#9305,#1137,$);
#6776=PRODUCT_DEFINITION_SHAPE('Placement #144',
'Placement of SOLDER_BALL with respect to ZEZ0201A_ASM',#6775);
#6778=PROPERTY_DEFINITION('geometric validation property',
'centroid of SOLDER_BALL',#6776);
#6779=REPRESENTATION('centroid',(#6777),#6679);
#6780=PROPERTY_DEFINITION_REPRESENTATION(#6778,#6779);
#6788=NEXT_ASSEMBLY_USAGE_OCCURRENCE('145','Next assembly relationship',
'SOLDER_BALL',#9305,#1137,$);
#6789=PRODUCT_DEFINITION_SHAPE('Placement #145',
'Placement of SOLDER_BALL with respect to ZEZ0201A_ASM',#6788);
#6791=PROPERTY_DEFINITION('geometric validation property',
'centroid of SOLDER_BALL',#6789);
#6792=REPRESENTATION('centroid',(#6790),#6679);
#6793=PROPERTY_DEFINITION_REPRESENTATION(#6791,#6792);
#6801=NEXT_ASSEMBLY_USAGE_OCCURRENCE('146','Next assembly relationship',
'SOLDER_BALL',#9305,#1137,$);
#6802=PRODUCT_DEFINITION_SHAPE('Placement #146',
'Placement of SOLDER_BALL with respect to ZEZ0201A_ASM',#6801);
#6804=PROPERTY_DEFINITION('geometric validation property',
'centroid of SOLDER_BALL',#6802);
#6805=REPRESENTATION('centroid',(#6803),#6679);
#6806=PROPERTY_DEFINITION_REPRESENTATION(#6804,#6805);
#6814=NEXT_ASSEMBLY_USAGE_OCCURRENCE('147','Next assembly relationship',
'SOLDER_BALL',#9305,#1137,$);
#6815=PRODUCT_DEFINITION_SHAPE('Placement #147',
'Placement of SOLDER_BALL with respect to ZEZ0201A_ASM',#6814);
#6817=PROPERTY_DEFINITION('geometric validation property',
'centroid of SOLDER_BALL',#6815);
#6818=REPRESENTATION('centroid',(#6816),#6679);
#6819=PROPERTY_DEFINITION_REPRESENTATION(#6817,#6818);
#6827=(LENGTH_UNIT()NAMED_UNIT(*)SI_UNIT(.MILLI.,.METRE.));
#6828=(NAMED_UNIT(*)PLANE_ANGLE_UNIT()SI_UNIT($,.RADIAN.));
#6831=(NAMED_UNIT(*)SI_UNIT($,.STERADIAN.)SOLID_ANGLE_UNIT());
#6833=(GEOMETRIC_REPRESENTATION_CONTEXT(3)GLOBAL_UNCERTAINTY_ASSIGNED_CONTEXT((
#6832))GLOBAL_UNIT_ASSIGNED_CONTEXT((#6827,#6830,#6831))REPRESENTATION_CONTEXT(
'ID40','3'));
#6837=AXIS2_PLACEMENT_3D('',#6834,#6835,#6836);
#6838=SHAPE_REPRESENTATION('',(#6837),#6833);
#6842=PRODUCT_DEFINITION('part definition','',#6841,#6685);
#6843=PRODUCT_DEFINITION_SHAPE('','SHAPE FOR SOLDER_BALL_AF35.',#6842);
#6844=SHAPE_DEFINITION_REPRESENTATION(#6843,#6838);
#6845=PROPERTY_DEFINITION('DESCRIPTION','user defined attribute',#6842);
#6849=REPRESENTATION('',(#6848),#6833);
#6850=PROPERTY_DEFINITION_REPRESENTATION(#6845,#6849);
#6851=PROPERTY_DEFINITION('MODELED_BY','user defined attribute',#6842);
#6855=REPRESENTATION('',(#6854),#6833);
#6856=PROPERTY_DEFINITION_REPRESENTATION(#6851,#6855);
#6857=PROPERTY_DEFINITION('BALL_HEIGTH','user defined attribute',#6842);
#6861=REPRESENTATION('',(#6860),#6833);
#6862=PROPERTY_DEFINITION_REPRESENTATION(#6857,#6861);
#6864=REPRESENTATION('',(#6863),#6833);
#6865=PROPERTY_DEFINITION('attribute type designation','Real Number',#6858);
#6866=PROPERTY_DEFINITION_REPRESENTATION(#6865,#6864);
#6867=NEXT_ASSEMBLY_USAGE_OCCURRENCE('148','Next assembly relationship',
'SOLDER_BALL',#9305,#6842,$);
#6868=PRODUCT_DEFINITION_SHAPE('Placement #148',
'Placement of SOLDER_BALL_AF35 with respect to ZEZ0201A_ASM',#6867);
#6881=CIRCLE('',#6880,1.529705854078E-1);
#6889=CIRCLE('',#6888,1.75E-1);
#6897=CIRCLE('',#6896,1.75E-1);
#6905=CIRCLE('',#6904,1.529705854078E-1);
#6920=EDGE_CURVE('',#6911,#6912,#6889,.T.);
#6922=EDGE_CURVE('',#6911,#6914,#6881,.T.);
#6924=EDGE_CURVE('',#6914,#6912,#6897,.T.);
#6928=ADVANCED_FACE('',(#6927),#6919,.T.);
#6936=EDGE_CURVE('',#6911,#6914,#6905,.T.);
#6940=ADVANCED_FACE('',(#6939),#6933,.T.);
#6950=ADVANCED_FACE('',(#6949),#6945,.T.);
#6959=(LENGTH_UNIT()NAMED_UNIT(*)SI_UNIT(.MILLI.,.METRE.));
#6960=(NAMED_UNIT(*)PLANE_ANGLE_UNIT()SI_UNIT($,.RADIAN.));
#6963=(NAMED_UNIT(*)SI_UNIT($,.STERADIAN.)SOLID_ANGLE_UNIT());
#6965=(GEOMETRIC_REPRESENTATION_CONTEXT(3)GLOBAL_UNCERTAINTY_ASSIGNED_CONTEXT((
#6964))GLOBAL_UNIT_ASSIGNED_CONTEXT((#6959,#6962,#6963))REPRESENTATION_CONTEXT(
'ID41','3'));
#6969=AXIS2_PLACEMENT_3D('',#6966,#6967,#6968);
#6970=ADVANCED_BREP_SHAPE_REPRESENTATION('',(#6969,#6952),#6965);
#6975=PRODUCT_DEFINITION('part definition','',#6974,#6971);
#6976=PRODUCT_DEFINITION_SHAPE('','SHAPE FOR SOLDER_BALL_AF36.',#6975);
#6977=SHAPE_ASPECT('','solid data associated with SOLDER_BALL_AF36',#6976,.F.);
#6978=PROPERTY_DEFINITION('',
'shape for solid data with which properties are associated',#6977);
#6979=SHAPE_REPRESENTATION('',(#6952),#6965);
#6980=SHAPE_DEFINITION_REPRESENTATION(#6978,#6979);
#6981=(LENGTH_UNIT()NAMED_UNIT(*)SI_UNIT(.MILLI.,.METRE.));
#6985=PROPERTY_DEFINITION('geometric validation property',
'area of SOLDER_BALL_AF36',#6977);
#6986=REPRESENTATION('surface area',(#6984),#6965);
#6987=PROPERTY_DEFINITION_REPRESENTATION(#6985,#6986);
#6988=(LENGTH_UNIT()NAMED_UNIT(*)SI_UNIT(.MILLI.,.METRE.));
#6992=PROPERTY_DEFINITION('geometric validation property',
'volume of SOLDER_BALL_AF36',#6977);
#6993=REPRESENTATION('volume',(#6991),#6965);
#6994=PROPERTY_DEFINITION_REPRESENTATION(#6992,#6993);
#6996=PROPERTY_DEFINITION('geometric validation property',
'centroid of SOLDER_BALL_AF36',#6977);
#6997=REPRESENTATION('centroid',(#6995),#6965);
#6998=PROPERTY_DEFINITION_REPRESENTATION(#6996,#6997);
#6999=(LENGTH_UNIT()NAMED_UNIT(*)SI_UNIT(.MILLI.,.METRE.));
#7003=PROPERTY_DEFINITION('geometric validation property',
'area of SOLDER_BALL_AF36',#6976);
#7004=REPRESENTATION('surface area',(#7002),#6965);
#7005=PROPERTY_DEFINITION_REPRESENTATION(#7003,#7004);
#7006=(LENGTH_UNIT()NAMED_UNIT(*)SI_UNIT(.MILLI.,.METRE.));
#7010=PROPERTY_DEFINITION('geometric validation property',
'volume of SOLDER_BALL_AF36',#6976);
#7011=REPRESENTATION('volume',(#7009),#6965);
#7012=PROPERTY_DEFINITION_REPRESENTATION(#7010,#7011);
#7014=PROPERTY_DEFINITION('geometric validation property',
'centroid of SOLDER_BALL_AF36',#6976);
#7015=REPRESENTATION('centroid',(#7013),#6965);
#7016=PROPERTY_DEFINITION_REPRESENTATION(#7014,#7015);
#7017=SHAPE_DEFINITION_REPRESENTATION(#6976,#6970);
#7018=PROPERTY_DEFINITION('DESCRIPTION','user defined attribute',#6975);
#7022=REPRESENTATION('',(#7021),#6965);
#7023=PROPERTY_DEFINITION_REPRESENTATION(#7018,#7022);
#7024=PROPERTY_DEFINITION('MODELED_BY','user defined attribute',#6975);
#7028=REPRESENTATION('',(#7027),#6965);
#7029=PROPERTY_DEFINITION_REPRESENTATION(#7024,#7028);
#7030=PROPERTY_DEFINITION('BALL_HEIGTH','user defined attribute',#6975);
#7034=REPRESENTATION('',(#7033),#6965);
#7035=PROPERTY_DEFINITION_REPRESENTATION(#7030,#7034);
#7037=REPRESENTATION('',(#7036),#6965);
#7038=PROPERTY_DEFINITION('attribute type designation','Real Number',#7031);
#7039=PROPERTY_DEFINITION_REPRESENTATION(#7038,#7037);
#7040=NEXT_ASSEMBLY_USAGE_OCCURRENCE('149','Next assembly relationship',
'SOLDER_BALL',#9305,#6975,$);
#7041=PRODUCT_DEFINITION_SHAPE('Placement #149',
'Placement of SOLDER_BALL_AF36 with respect to ZEZ0201A_ASM',#7040);
#7043=PROPERTY_DEFINITION('geometric validation property',
'centroid of SOLDER_BALL',#7041);
#7044=REPRESENTATION('centroid',(#7042),#6965);
#7045=PROPERTY_DEFINITION_REPRESENTATION(#7043,#7044);
#7058=CIRCLE('',#7057,1.529705854078E-1);
#7066=CIRCLE('',#7065,1.75E-1);
#7074=CIRCLE('',#7073,1.75E-1);
#7082=CIRCLE('',#7081,1.529705854078E-1);
#7097=EDGE_CURVE('',#7088,#7089,#7066,.T.);
#7099=EDGE_CURVE('',#7088,#7091,#7058,.T.);
#7101=EDGE_CURVE('',#7091,#7089,#7074,.T.);
#7105=ADVANCED_FACE('',(#7104),#7096,.T.);
#7113=EDGE_CURVE('',#7088,#7091,#7082,.T.);
#7117=ADVANCED_FACE('',(#7116),#7110,.T.);
#7127=ADVANCED_FACE('',(#7126),#7122,.T.);
#7136=(LENGTH_UNIT()NAMED_UNIT(*)SI_UNIT(.MILLI.,.METRE.));
#7137=(NAMED_UNIT(*)PLANE_ANGLE_UNIT()SI_UNIT($,.RADIAN.));
#7140=(NAMED_UNIT(*)SI_UNIT($,.STERADIAN.)SOLID_ANGLE_UNIT());
#7142=(GEOMETRIC_REPRESENTATION_CONTEXT(3)GLOBAL_UNCERTAINTY_ASSIGNED_CONTEXT((
#7141))GLOBAL_UNIT_ASSIGNED_CONTEXT((#7136,#7139,#7140))REPRESENTATION_CONTEXT(
'ID42','3'));
#7146=AXIS2_PLACEMENT_3D('',#7143,#7144,#7145);
#7147=ADVANCED_BREP_SHAPE_REPRESENTATION('',(#7146,#7129),#7142);
#7151=PRODUCT_DEFINITION('part definition','',#7150,#6971);
#7152=PRODUCT_DEFINITION_SHAPE('','SHAPE FOR SOLDER_BALL_AF37.',#7151);
#7153=SHAPE_ASPECT('','solid data associated with SOLDER_BALL_AF37',#7152,.F.);
#7154=PROPERTY_DEFINITION('',
'shape for solid data with which properties are associated',#7153);
#7155=SHAPE_REPRESENTATION('',(#7129),#7142);
#7156=SHAPE_DEFINITION_REPRESENTATION(#7154,#7155);
#7157=(LENGTH_UNIT()NAMED_UNIT(*)SI_UNIT(.MILLI.,.METRE.));
#7161=PROPERTY_DEFINITION('geometric validation property',
'area of SOLDER_BALL_AF37',#7153);
#7162=REPRESENTATION('surface area',(#7160),#7142);
#7163=PROPERTY_DEFINITION_REPRESENTATION(#7161,#7162);
#7164=(LENGTH_UNIT()NAMED_UNIT(*)SI_UNIT(.MILLI.,.METRE.));
#7168=PROPERTY_DEFINITION('geometric validation property',
'volume of SOLDER_BALL_AF37',#7153);
#7169=REPRESENTATION('volume',(#7167),#7142);
#7170=PROPERTY_DEFINITION_REPRESENTATION(#7168,#7169);
#7172=PROPERTY_DEFINITION('geometric validation property',
'centroid of SOLDER_BALL_AF37',#7153);
#7173=REPRESENTATION('centroid',(#7171),#7142);
#7174=PROPERTY_DEFINITION_REPRESENTATION(#7172,#7173);
#7175=(LENGTH_UNIT()NAMED_UNIT(*)SI_UNIT(.MILLI.,.METRE.));
#7179=PROPERTY_DEFINITION('geometric validation property',
'area of SOLDER_BALL_AF37',#7152);
#7180=REPRESENTATION('surface area',(#7178),#7142);
#7181=PROPERTY_DEFINITION_REPRESENTATION(#7179,#7180);
#7182=(LENGTH_UNIT()NAMED_UNIT(*)SI_UNIT(.MILLI.,.METRE.));
#7186=PROPERTY_DEFINITION('geometric validation property',
'volume of SOLDER_BALL_AF37',#7152);
#7187=REPRESENTATION('volume',(#7185),#7142);
#7188=PROPERTY_DEFINITION_REPRESENTATION(#7186,#7187);
#7190=PROPERTY_DEFINITION('geometric validation property',
'centroid of SOLDER_BALL_AF37',#7152);
#7191=REPRESENTATION('centroid',(#7189),#7142);
#7192=PROPERTY_DEFINITION_REPRESENTATION(#7190,#7191);
#7193=SHAPE_DEFINITION_REPRESENTATION(#7152,#7147);
#7194=PROPERTY_DEFINITION('DESCRIPTION','user defined attribute',#7151);
#7198=REPRESENTATION('',(#7197),#7142);
#7199=PROPERTY_DEFINITION_REPRESENTATION(#7194,#7198);
#7200=PROPERTY_DEFINITION('MODELED_BY','user defined attribute',#7151);
#7204=REPRESENTATION('',(#7203),#7142);
#7205=PROPERTY_DEFINITION_REPRESENTATION(#7200,#7204);
#7206=PROPERTY_DEFINITION('BALL_HEIGTH','user defined attribute',#7151);
#7210=REPRESENTATION('',(#7209),#7142);
#7211=PROPERTY_DEFINITION_REPRESENTATION(#7206,#7210);
#7213=REPRESENTATION('',(#7212),#7142);
#7214=PROPERTY_DEFINITION('attribute type designation','Real Number',#7207);
#7215=PROPERTY_DEFINITION_REPRESENTATION(#7214,#7213);
#7216=NEXT_ASSEMBLY_USAGE_OCCURRENCE('150','Next assembly relationship',
'SOLDER_BALL',#9305,#7151,$);
#7217=PRODUCT_DEFINITION_SHAPE('Placement #150',
'Placement of SOLDER_BALL_AF37 with respect to ZEZ0201A_ASM',#7216);
#7219=PROPERTY_DEFINITION('geometric validation property',
'centroid of SOLDER_BALL',#7217);
#7220=REPRESENTATION('centroid',(#7218),#7142);
#7221=PROPERTY_DEFINITION_REPRESENTATION(#7219,#7220);
#7234=CIRCLE('',#7233,1.529705854078E-1);
#7242=CIRCLE('',#7241,1.75E-1);
#7250=CIRCLE('',#7249,1.75E-1);
#7258=CIRCLE('',#7257,1.529705854078E-1);
#7273=EDGE_CURVE('',#7264,#7265,#7242,.T.);
#7275=EDGE_CURVE('',#7264,#7267,#7234,.T.);
#7277=EDGE_CURVE('',#7267,#7265,#7250,.T.);
#7281=ADVANCED_FACE('',(#7280),#7272,.T.);
#7289=EDGE_CURVE('',#7264,#7267,#7258,.T.);
#7293=ADVANCED_FACE('',(#7292),#7286,.T.);
#7303=ADVANCED_FACE('',(#7302),#7298,.T.);
#7312=(LENGTH_UNIT()NAMED_UNIT(*)SI_UNIT(.MILLI.,.METRE.));
#7313=(NAMED_UNIT(*)PLANE_ANGLE_UNIT()SI_UNIT($,.RADIAN.));
#7316=(NAMED_UNIT(*)SI_UNIT($,.STERADIAN.)SOLID_ANGLE_UNIT());
#7318=(GEOMETRIC_REPRESENTATION_CONTEXT(3)GLOBAL_UNCERTAINTY_ASSIGNED_CONTEXT((
#7317))GLOBAL_UNIT_ASSIGNED_CONTEXT((#7312,#7315,#7316))REPRESENTATION_CONTEXT(
'ID43','3'));
#7322=AXIS2_PLACEMENT_3D('',#7319,#7320,#7321);
#7323=ADVANCED_BREP_SHAPE_REPRESENTATION('',(#7322,#7305),#7318);
#7328=PRODUCT_DEFINITION('part definition','',#7327,#7324);
#7329=PRODUCT_DEFINITION_SHAPE('','SHAPE FOR SOLDER_BALL_AF38.',#7328);
#7330=SHAPE_ASPECT('','solid data associated with SOLDER_BALL_AF38',#7329,.F.);
#7331=PROPERTY_DEFINITION('',
'shape for solid data with which properties are associated',#7330);
#7332=SHAPE_REPRESENTATION('',(#7305),#7318);
#7333=SHAPE_DEFINITION_REPRESENTATION(#7331,#7332);
#7334=(LENGTH_UNIT()NAMED_UNIT(*)SI_UNIT(.MILLI.,.METRE.));
#7338=PROPERTY_DEFINITION('geometric validation property',
'area of SOLDER_BALL_AF38',#7330);
#7339=REPRESENTATION('surface area',(#7337),#7318);
#7340=PROPERTY_DEFINITION_REPRESENTATION(#7338,#7339);
#7341=(LENGTH_UNIT()NAMED_UNIT(*)SI_UNIT(.MILLI.,.METRE.));
#7345=PROPERTY_DEFINITION('geometric validation property',
'volume of SOLDER_BALL_AF38',#7330);
#7346=REPRESENTATION('volume',(#7344),#7318);
#7347=PROPERTY_DEFINITION_REPRESENTATION(#7345,#7346);
#7349=PROPERTY_DEFINITION('geometric validation property',
'centroid of SOLDER_BALL_AF38',#7330);
#7350=REPRESENTATION('centroid',(#7348),#7318);
#7351=PROPERTY_DEFINITION_REPRESENTATION(#7349,#7350);
#7352=(LENGTH_UNIT()NAMED_UNIT(*)SI_UNIT(.MILLI.,.METRE.));
#7356=PROPERTY_DEFINITION('geometric validation property',
'area of SOLDER_BALL_AF38',#7329);
#7357=REPRESENTATION('surface area',(#7355),#7318);
#7358=PROPERTY_DEFINITION_REPRESENTATION(#7356,#7357);
#7359=(LENGTH_UNIT()NAMED_UNIT(*)SI_UNIT(.MILLI.,.METRE.));
#7363=PROPERTY_DEFINITION('geometric validation property',
'volume of SOLDER_BALL_AF38',#7329);
#7364=REPRESENTATION('volume',(#7362),#7318);
#7365=PROPERTY_DEFINITION_REPRESENTATION(#7363,#7364);
#7367=PROPERTY_DEFINITION('geometric validation property',
'centroid of SOLDER_BALL_AF38',#7329);
#7368=REPRESENTATION('centroid',(#7366),#7318);
#7369=PROPERTY_DEFINITION_REPRESENTATION(#7367,#7368);
#7370=SHAPE_DEFINITION_REPRESENTATION(#7329,#7323);
#7371=PROPERTY_DEFINITION('DESCRIPTION','user defined attribute',#7328);
#7375=REPRESENTATION('',(#7374),#7318);
#7376=PROPERTY_DEFINITION_REPRESENTATION(#7371,#7375);
#7377=PROPERTY_DEFINITION('MODELED_BY','user defined attribute',#7328);
#7381=REPRESENTATION('',(#7380),#7318);
#7382=PROPERTY_DEFINITION_REPRESENTATION(#7377,#7381);
#7383=PROPERTY_DEFINITION('BALL_HEIGTH','user defined attribute',#7328);
#7387=REPRESENTATION('',(#7386),#7318);
#7388=PROPERTY_DEFINITION_REPRESENTATION(#7383,#7387);
#7390=REPRESENTATION('',(#7389),#7318);
#7391=PROPERTY_DEFINITION('attribute type designation','Real Number',#7384);
#7392=PROPERTY_DEFINITION_REPRESENTATION(#7391,#7390);
#7393=NEXT_ASSEMBLY_USAGE_OCCURRENCE('151','Next assembly relationship',
'SOLDER_BALL',#9305,#7328,$);
#7394=PRODUCT_DEFINITION_SHAPE('Placement #151',
'Placement of SOLDER_BALL_AF38 with respect to ZEZ0201A_ASM',#7393);
#7396=PROPERTY_DEFINITION('geometric validation property',
'centroid of SOLDER_BALL',#7394);
#7397=REPRESENTATION('centroid',(#7395),#7318);
#7398=PROPERTY_DEFINITION_REPRESENTATION(#7396,#7397);
#7411=CIRCLE('',#7410,1.529705854078E-1);
#7419=CIRCLE('',#7418,1.75E-1);
#7427=CIRCLE('',#7426,1.75E-1);
#7435=CIRCLE('',#7434,1.529705854078E-1);
#7450=EDGE_CURVE('',#7441,#7442,#7419,.T.);
#7452=EDGE_CURVE('',#7441,#7444,#7411,.T.);
#7454=EDGE_CURVE('',#7444,#7442,#7427,.T.);
#7458=ADVANCED_FACE('',(#7457),#7449,.T.);
#7466=EDGE_CURVE('',#7441,#7444,#7435,.T.);
#7470=ADVANCED_FACE('',(#7469),#7463,.T.);
#7480=ADVANCED_FACE('',(#7479),#7475,.T.);
#7489=(LENGTH_UNIT()NAMED_UNIT(*)SI_UNIT(.MILLI.,.METRE.));
#7490=(NAMED_UNIT(*)PLANE_ANGLE_UNIT()SI_UNIT($,.RADIAN.));
#7493=(NAMED_UNIT(*)SI_UNIT($,.STERADIAN.)SOLID_ANGLE_UNIT());
#7495=(GEOMETRIC_REPRESENTATION_CONTEXT(3)GLOBAL_UNCERTAINTY_ASSIGNED_CONTEXT((
#7494))GLOBAL_UNIT_ASSIGNED_CONTEXT((#7489,#7492,#7493))REPRESENTATION_CONTEXT(
'ID44','3'));
#7499=AXIS2_PLACEMENT_3D('',#7496,#7497,#7498);
#7500=ADVANCED_BREP_SHAPE_REPRESENTATION('',(#7499,#7482),#7495);
#7504=PRODUCT_DEFINITION('part definition','',#7503,#7324);
#7505=PRODUCT_DEFINITION_SHAPE('','SHAPE FOR SOLDER_BALL_AF39.',#7504);
#7506=SHAPE_ASPECT('','solid data associated with SOLDER_BALL_AF39',#7505,.F.);
#7507=PROPERTY_DEFINITION('',
'shape for solid data with which properties are associated',#7506);
#7508=SHAPE_REPRESENTATION('',(#7482),#7495);
#7509=SHAPE_DEFINITION_REPRESENTATION(#7507,#7508);
#7510=(LENGTH_UNIT()NAMED_UNIT(*)SI_UNIT(.MILLI.,.METRE.));
#7514=PROPERTY_DEFINITION('geometric validation property',
'area of SOLDER_BALL_AF39',#7506);
#7515=REPRESENTATION('surface area',(#7513),#7495);
#7516=PROPERTY_DEFINITION_REPRESENTATION(#7514,#7515);
#7517=(LENGTH_UNIT()NAMED_UNIT(*)SI_UNIT(.MILLI.,.METRE.));
#7521=PROPERTY_DEFINITION('geometric validation property',
'volume of SOLDER_BALL_AF39',#7506);
#7522=REPRESENTATION('volume',(#7520),#7495);
#7523=PROPERTY_DEFINITION_REPRESENTATION(#7521,#7522);
#7525=PROPERTY_DEFINITION('geometric validation property',
'centroid of SOLDER_BALL_AF39',#7506);
#7526=REPRESENTATION('centroid',(#7524),#7495);
#7527=PROPERTY_DEFINITION_REPRESENTATION(#7525,#7526);
#7528=(LENGTH_UNIT()NAMED_UNIT(*)SI_UNIT(.MILLI.,.METRE.));
#7532=PROPERTY_DEFINITION('geometric validation property',
'area of SOLDER_BALL_AF39',#7505);
#7533=REPRESENTATION('surface area',(#7531),#7495);
#7534=PROPERTY_DEFINITION_REPRESENTATION(#7532,#7533);
#7535=(LENGTH_UNIT()NAMED_UNIT(*)SI_UNIT(.MILLI.,.METRE.));
#7539=PROPERTY_DEFINITION('geometric validation property',
'volume of SOLDER_BALL_AF39',#7505);
#7540=REPRESENTATION('volume',(#7538),#7495);
#7541=PROPERTY_DEFINITION_REPRESENTATION(#7539,#7540);
#7543=PROPERTY_DEFINITION('geometric validation property',
'centroid of SOLDER_BALL_AF39',#7505);
#7544=REPRESENTATION('centroid',(#7542),#7495);
#7545=PROPERTY_DEFINITION_REPRESENTATION(#7543,#7544);
#7546=SHAPE_DEFINITION_REPRESENTATION(#7505,#7500);
#7547=PROPERTY_DEFINITION('DESCRIPTION','user defined attribute',#7504);
#7551=REPRESENTATION('',(#7550),#7495);
#7552=PROPERTY_DEFINITION_REPRESENTATION(#7547,#7551);
#7553=PROPERTY_DEFINITION('MODELED_BY','user defined attribute',#7504);
#7557=REPRESENTATION('',(#7556),#7495);
#7558=PROPERTY_DEFINITION_REPRESENTATION(#7553,#7557);
#7559=PROPERTY_DEFINITION('BALL_HEIGTH','user defined attribute',#7504);
#7563=REPRESENTATION('',(#7562),#7495);
#7564=PROPERTY_DEFINITION_REPRESENTATION(#7559,#7563);
#7566=REPRESENTATION('',(#7565),#7495);
#7567=PROPERTY_DEFINITION('attribute type designation','Real Number',#7560);
#7568=PROPERTY_DEFINITION_REPRESENTATION(#7567,#7566);
#7569=NEXT_ASSEMBLY_USAGE_OCCURRENCE('152','Next assembly relationship',
'SOLDER_BALL',#9305,#7504,$);
#7570=PRODUCT_DEFINITION_SHAPE('Placement #152',
'Placement of SOLDER_BALL_AF39 with respect to ZEZ0201A_ASM',#7569);
#7572=PROPERTY_DEFINITION('geometric validation property',
'centroid of SOLDER_BALL',#7570);
#7573=REPRESENTATION('centroid',(#7571),#7495);
#7574=PROPERTY_DEFINITION_REPRESENTATION(#7572,#7573);
#7587=CIRCLE('',#7586,1.529705854078E-1);
#7595=CIRCLE('',#7594,1.75E-1);
#7603=CIRCLE('',#7602,1.75E-1);
#7611=CIRCLE('',#7610,1.529705854078E-1);
#7626=EDGE_CURVE('',#7617,#7618,#7595,.T.);
#7628=EDGE_CURVE('',#7617,#7620,#7587,.T.);
#7630=EDGE_CURVE('',#7620,#7618,#7603,.T.);
#7634=ADVANCED_FACE('',(#7633),#7625,.T.);
#7642=EDGE_CURVE('',#7617,#7620,#7611,.T.);
#7646=ADVANCED_FACE('',(#7645),#7639,.T.);
#7656=ADVANCED_FACE('',(#7655),#7651,.T.);
#7665=(LENGTH_UNIT()NAMED_UNIT(*)SI_UNIT(.MILLI.,.METRE.));
#7666=(NAMED_UNIT(*)PLANE_ANGLE_UNIT()SI_UNIT($,.RADIAN.));
#7669=(NAMED_UNIT(*)SI_UNIT($,.STERADIAN.)SOLID_ANGLE_UNIT());
#7671=(GEOMETRIC_REPRESENTATION_CONTEXT(3)GLOBAL_UNCERTAINTY_ASSIGNED_CONTEXT((
#7670))GLOBAL_UNIT_ASSIGNED_CONTEXT((#7665,#7668,#7669))REPRESENTATION_CONTEXT(
'ID45','3'));
#7675=AXIS2_PLACEMENT_3D('',#7672,#7673,#7674);
#7676=ADVANCED_BREP_SHAPE_REPRESENTATION('',(#7675,#7658),#7671);
#7681=PRODUCT_DEFINITION('part definition','',#7680,#7677);
#7682=PRODUCT_DEFINITION_SHAPE('','SHAPE FOR SOLDER_BALL_AF40.',#7681);
#7683=SHAPE_ASPECT('','solid data associated with SOLDER_BALL_AF40',#7682,.F.);
#7684=PROPERTY_DEFINITION('',
'shape for solid data with which properties are associated',#7683);
#7685=SHAPE_REPRESENTATION('',(#7658),#7671);
#7686=SHAPE_DEFINITION_REPRESENTATION(#7684,#7685);
#7687=(LENGTH_UNIT()NAMED_UNIT(*)SI_UNIT(.MILLI.,.METRE.));
#7691=PROPERTY_DEFINITION('geometric validation property',
'area of SOLDER_BALL_AF40',#7683);
#7692=REPRESENTATION('surface area',(#7690),#7671);
#7693=PROPERTY_DEFINITION_REPRESENTATION(#7691,#7692);
#7694=(LENGTH_UNIT()NAMED_UNIT(*)SI_UNIT(.MILLI.,.METRE.));
#7698=PROPERTY_DEFINITION('geometric validation property',
'volume of SOLDER_BALL_AF40',#7683);
#7699=REPRESENTATION('volume',(#7697),#7671);
#7700=PROPERTY_DEFINITION_REPRESENTATION(#7698,#7699);
#7702=PROPERTY_DEFINITION('geometric validation property',
'centroid of SOLDER_BALL_AF40',#7683);
#7703=REPRESENTATION('centroid',(#7701),#7671);
#7704=PROPERTY_DEFINITION_REPRESENTATION(#7702,#7703);
#7705=(LENGTH_UNIT()NAMED_UNIT(*)SI_UNIT(.MILLI.,.METRE.));
#7709=PROPERTY_DEFINITION('geometric validation property',
'area of SOLDER_BALL_AF40',#7682);
#7710=REPRESENTATION('surface area',(#7708),#7671);
#7711=PROPERTY_DEFINITION_REPRESENTATION(#7709,#7710);
#7712=(LENGTH_UNIT()NAMED_UNIT(*)SI_UNIT(.MILLI.,.METRE.));
#7716=PROPERTY_DEFINITION('geometric validation property',
'volume of SOLDER_BALL_AF40',#7682);
#7717=REPRESENTATION('volume',(#7715),#7671);
#7718=PROPERTY_DEFINITION_REPRESENTATION(#7716,#7717);
#7720=PROPERTY_DEFINITION('geometric validation property',
'centroid of SOLDER_BALL_AF40',#7682);
#7721=REPRESENTATION('centroid',(#7719),#7671);
#7722=PROPERTY_DEFINITION_REPRESENTATION(#7720,#7721);
#7723=SHAPE_DEFINITION_REPRESENTATION(#7682,#7676);
#7724=PROPERTY_DEFINITION('DESCRIPTION','user defined attribute',#7681);
#7728=REPRESENTATION('',(#7727),#7671);
#7729=PROPERTY_DEFINITION_REPRESENTATION(#7724,#7728);
#7730=PROPERTY_DEFINITION('MODELED_BY','user defined attribute',#7681);
#7734=REPRESENTATION('',(#7733),#7671);
#7735=PROPERTY_DEFINITION_REPRESENTATION(#7730,#7734);
#7736=PROPERTY_DEFINITION('BALL_HEIGTH','user defined attribute',#7681);
#7740=REPRESENTATION('',(#7739),#7671);
#7741=PROPERTY_DEFINITION_REPRESENTATION(#7736,#7740);
#7743=REPRESENTATION('',(#7742),#7671);
#7744=PROPERTY_DEFINITION('attribute type designation','Real Number',#7737);
#7745=PROPERTY_DEFINITION_REPRESENTATION(#7744,#7743);
#7746=NEXT_ASSEMBLY_USAGE_OCCURRENCE('153','Next assembly relationship',
'SOLDER_BALL',#9305,#7681,$);
#7747=PRODUCT_DEFINITION_SHAPE('Placement #153',
'Placement of SOLDER_BALL_AF40 with respect to ZEZ0201A_ASM',#7746);
#7749=PROPERTY_DEFINITION('geometric validation property',
'centroid of SOLDER_BALL',#7747);
#7750=REPRESENTATION('centroid',(#7748),#7671);
#7751=PROPERTY_DEFINITION_REPRESENTATION(#7749,#7750);
#7759=(LENGTH_UNIT()NAMED_UNIT(*)SI_UNIT(.MILLI.,.METRE.));
#7760=(NAMED_UNIT(*)PLANE_ANGLE_UNIT()SI_UNIT($,.RADIAN.));
#7763=(NAMED_UNIT(*)SI_UNIT($,.STERADIAN.)SOLID_ANGLE_UNIT());
#7765=(GEOMETRIC_REPRESENTATION_CONTEXT(3)GLOBAL_UNCERTAINTY_ASSIGNED_CONTEXT((
#7764))GLOBAL_UNIT_ASSIGNED_CONTEXT((#7759,#7762,#7763))REPRESENTATION_CONTEXT(
'ID46','3'));
#7769=AXIS2_PLACEMENT_3D('',#7766,#7767,#7768);
#7770=SHAPE_REPRESENTATION('',(#7769),#7765);
#7774=PRODUCT_DEFINITION('part definition','',#7773,#7677);
#7775=PRODUCT_DEFINITION_SHAPE('','SHAPE FOR SOLDER_BALL_AF41.',#7774);
#7776=SHAPE_DEFINITION_REPRESENTATION(#7775,#7770);
#7777=PROPERTY_DEFINITION('DESCRIPTION','user defined attribute',#7774);
#7781=REPRESENTATION('',(#7780),#7765);
#7782=PROPERTY_DEFINITION_REPRESENTATION(#7777,#7781);
#7783=PROPERTY_DEFINITION('MODELED_BY','user defined attribute',#7774);
#7787=REPRESENTATION('',(#7786),#7765);
#7788=PROPERTY_DEFINITION_REPRESENTATION(#7783,#7787);
#7789=PROPERTY_DEFINITION('BALL_HEIGTH','user defined attribute',#7774);
#7793=REPRESENTATION('',(#7792),#7765);
#7794=PROPERTY_DEFINITION_REPRESENTATION(#7789,#7793);
#7796=REPRESENTATION('',(#7795),#7765);
#7797=PROPERTY_DEFINITION('attribute type designation','Real Number',#7790);
#7798=PROPERTY_DEFINITION_REPRESENTATION(#7797,#7796);
#7799=NEXT_ASSEMBLY_USAGE_OCCURRENCE('154','Next assembly relationship',
'SOLDER_BALL',#9305,#7774,$);
#7800=PRODUCT_DEFINITION_SHAPE('Placement #154',
'Placement of SOLDER_BALL_AF41 with respect to ZEZ0201A_ASM',#7799);
#7808=NEXT_ASSEMBLY_USAGE_OCCURRENCE('155','Next assembly relationship',
'SOLDER_BALL',#9305,#1137,$);
#7809=PRODUCT_DEFINITION_SHAPE('Placement #155',
'Placement of SOLDER_BALL with respect to ZEZ0201A_ASM',#7808);
#7811=PROPERTY_DEFINITION('geometric validation property',
'centroid of SOLDER_BALL',#7809);
#7812=REPRESENTATION('centroid',(#7810),#7765);
#7813=PROPERTY_DEFINITION_REPRESENTATION(#7811,#7812);
#7821=NEXT_ASSEMBLY_USAGE_OCCURRENCE('156','Next assembly relationship',
'SOLDER_BALL',#9305,#1137,$);
#7822=PRODUCT_DEFINITION_SHAPE('Placement #156',
'Placement of SOLDER_BALL with respect to ZEZ0201A_ASM',#7821);
#7824=PROPERTY_DEFINITION('geometric validation property',
'centroid of SOLDER_BALL',#7822);
#7825=REPRESENTATION('centroid',(#7823),#7765);
#7826=PROPERTY_DEFINITION_REPRESENTATION(#7824,#7825);
#7834=NEXT_ASSEMBLY_USAGE_OCCURRENCE('157','Next assembly relationship',
'SOLDER_BALL',#9305,#1137,$);
#7835=PRODUCT_DEFINITION_SHAPE('Placement #157',
'Placement of SOLDER_BALL with respect to ZEZ0201A_ASM',#7834);
#7837=PROPERTY_DEFINITION('geometric validation property',
'centroid of SOLDER_BALL',#7835);
#7838=REPRESENTATION('centroid',(#7836),#7765);
#7839=PROPERTY_DEFINITION_REPRESENTATION(#7837,#7838);
#7847=NEXT_ASSEMBLY_USAGE_OCCURRENCE('158','Next assembly relationship',
'SOLDER_BALL',#9305,#1137,$);
#7848=PRODUCT_DEFINITION_SHAPE('Placement #158',
'Placement of SOLDER_BALL with respect to ZEZ0201A_ASM',#7847);
#7850=PROPERTY_DEFINITION('geometric validation property',
'centroid of SOLDER_BALL',#7848);
#7851=REPRESENTATION('centroid',(#7849),#7765);
#7852=PROPERTY_DEFINITION_REPRESENTATION(#7850,#7851);
#7860=NEXT_ASSEMBLY_USAGE_OCCURRENCE('159','Next assembly relationship',
'SOLDER_BALL',#9305,#1137,$);
#7861=PRODUCT_DEFINITION_SHAPE('Placement #159',
'Placement of SOLDER_BALL with respect to ZEZ0201A_ASM',#7860);
#7863=PROPERTY_DEFINITION('geometric validation property',
'centroid of SOLDER_BALL',#7861);
#7864=REPRESENTATION('centroid',(#7862),#7765);
#7865=PROPERTY_DEFINITION_REPRESENTATION(#7863,#7864);
#7873=NEXT_ASSEMBLY_USAGE_OCCURRENCE('160','Next assembly relationship',
'SOLDER_BALL',#9305,#1137,$);
#7874=PRODUCT_DEFINITION_SHAPE('Placement #160',
'Placement of SOLDER_BALL with respect to ZEZ0201A_ASM',#7873);
#7876=PROPERTY_DEFINITION('geometric validation property',
'centroid of SOLDER_BALL',#7874);
#7877=REPRESENTATION('centroid',(#7875),#7765);
#7878=PROPERTY_DEFINITION_REPRESENTATION(#7876,#7877);
#7886=NEXT_ASSEMBLY_USAGE_OCCURRENCE('161','Next assembly relationship',
'SOLDER_BALL',#9305,#1137,$);
#7887=PRODUCT_DEFINITION_SHAPE('Placement #161',
'Placement of SOLDER_BALL with respect to ZEZ0201A_ASM',#7886);
#7889=PROPERTY_DEFINITION('geometric validation property',
'centroid of SOLDER_BALL',#7887);
#7890=REPRESENTATION('centroid',(#7888),#7765);
#7891=PROPERTY_DEFINITION_REPRESENTATION(#7889,#7890);
#7899=NEXT_ASSEMBLY_USAGE_OCCURRENCE('162','Next assembly relationship',
'SOLDER_BALL',#9305,#1137,$);
#7900=PRODUCT_DEFINITION_SHAPE('Placement #162',
'Placement of SOLDER_BALL with respect to ZEZ0201A_ASM',#7899);
#7902=PROPERTY_DEFINITION('geometric validation property',
'centroid of SOLDER_BALL',#7900);
#7903=REPRESENTATION('centroid',(#7901),#7765);
#7904=PROPERTY_DEFINITION_REPRESENTATION(#7902,#7903);
#7912=(LENGTH_UNIT()NAMED_UNIT(*)SI_UNIT(.MILLI.,.METRE.));
#7913=(NAMED_UNIT(*)PLANE_ANGLE_UNIT()SI_UNIT($,.RADIAN.));
#7916=(NAMED_UNIT(*)SI_UNIT($,.STERADIAN.)SOLID_ANGLE_UNIT());
#7918=(GEOMETRIC_REPRESENTATION_CONTEXT(3)GLOBAL_UNCERTAINTY_ASSIGNED_CONTEXT((
#7917))GLOBAL_UNIT_ASSIGNED_CONTEXT((#7912,#7915,#7916))REPRESENTATION_CONTEXT(
'ID47','3'));
#7922=AXIS2_PLACEMENT_3D('',#7919,#7920,#7921);
#7923=SHAPE_REPRESENTATION('',(#7922),#7918);
#7928=PRODUCT_DEFINITION('part definition','',#7927,#7924);
#7929=PRODUCT_DEFINITION_SHAPE('','SHAPE FOR SOLDER_BALL_AF42.',#7928);
#7930=SHAPE_DEFINITION_REPRESENTATION(#7929,#7923);
#7931=PROPERTY_DEFINITION('DESCRIPTION','user defined attribute',#7928);
#7935=REPRESENTATION('',(#7934),#7918);
#7936=PROPERTY_DEFINITION_REPRESENTATION(#7931,#7935);
#7937=PROPERTY_DEFINITION('MODELED_BY','user defined attribute',#7928);
#7941=REPRESENTATION('',(#7940),#7918);
#7942=PROPERTY_DEFINITION_REPRESENTATION(#7937,#7941);
#7943=PROPERTY_DEFINITION('BALL_HEIGTH','user defined attribute',#7928);
#7947=REPRESENTATION('',(#7946),#7918);
#7948=PROPERTY_DEFINITION_REPRESENTATION(#7943,#7947);
#7950=REPRESENTATION('',(#7949),#7918);
#7951=PROPERTY_DEFINITION('attribute type designation','Real Number',#7944);
#7952=PROPERTY_DEFINITION_REPRESENTATION(#7951,#7950);
#7953=NEXT_ASSEMBLY_USAGE_OCCURRENCE('163','Next assembly relationship',
'SOLDER_BALL',#9305,#7928,$);
#7954=PRODUCT_DEFINITION_SHAPE('Placement #163',
'Placement of SOLDER_BALL_AF42 with respect to ZEZ0201A_ASM',#7953);
#7962=(LENGTH_UNIT()NAMED_UNIT(*)SI_UNIT(.MILLI.,.METRE.));
#7963=(NAMED_UNIT(*)PLANE_ANGLE_UNIT()SI_UNIT($,.RADIAN.));
#7966=(NAMED_UNIT(*)SI_UNIT($,.STERADIAN.)SOLID_ANGLE_UNIT());
#7968=(GEOMETRIC_REPRESENTATION_CONTEXT(3)GLOBAL_UNCERTAINTY_ASSIGNED_CONTEXT((
#7967))GLOBAL_UNIT_ASSIGNED_CONTEXT((#7962,#7965,#7966))REPRESENTATION_CONTEXT(
'ID48','3'));
#7972=AXIS2_PLACEMENT_3D('',#7969,#7970,#7971);
#7973=SHAPE_REPRESENTATION('',(#7972),#7968);
#7977=PRODUCT_DEFINITION('part definition','',#7976,#7924);
#7978=PRODUCT_DEFINITION_SHAPE('','SHAPE FOR SOLDER_BALL_AF43.',#7977);
#7979=SHAPE_DEFINITION_REPRESENTATION(#7978,#7973);
#7980=PROPERTY_DEFINITION('DESCRIPTION','user defined attribute',#7977);
#7984=REPRESENTATION('',(#7983),#7968);
#7985=PROPERTY_DEFINITION_REPRESENTATION(#7980,#7984);
#7986=PROPERTY_DEFINITION('MODELED_BY','user defined attribute',#7977);
#7990=REPRESENTATION('',(#7989),#7968);
#7991=PROPERTY_DEFINITION_REPRESENTATION(#7986,#7990);
#7992=PROPERTY_DEFINITION('BALL_HEIGTH','user defined attribute',#7977);
#7996=REPRESENTATION('',(#7995),#7968);
#7997=PROPERTY_DEFINITION_REPRESENTATION(#7992,#7996);
#7999=REPRESENTATION('',(#7998),#7968);
#8000=PROPERTY_DEFINITION('attribute type designation','Real Number',#7993);
#8001=PROPERTY_DEFINITION_REPRESENTATION(#8000,#7999);
#8002=NEXT_ASSEMBLY_USAGE_OCCURRENCE('164','Next assembly relationship',
'SOLDER_BALL',#9305,#7977,$);
#8003=PRODUCT_DEFINITION_SHAPE('Placement #164',
'Placement of SOLDER_BALL_AF43 with respect to ZEZ0201A_ASM',#8002);
#8011=(LENGTH_UNIT()NAMED_UNIT(*)SI_UNIT(.MILLI.,.METRE.));
#8012=(NAMED_UNIT(*)PLANE_ANGLE_UNIT()SI_UNIT($,.RADIAN.));
#8015=(NAMED_UNIT(*)SI_UNIT($,.STERADIAN.)SOLID_ANGLE_UNIT());
#8017=(GEOMETRIC_REPRESENTATION_CONTEXT(3)GLOBAL_UNCERTAINTY_ASSIGNED_CONTEXT((
#8016))GLOBAL_UNIT_ASSIGNED_CONTEXT((#8011,#8014,#8015))REPRESENTATION_CONTEXT(
'ID49','3'));
#8021=AXIS2_PLACEMENT_3D('',#8018,#8019,#8020);
#8022=SHAPE_REPRESENTATION('',(#8021),#8017);
#8027=PRODUCT_DEFINITION('part definition','',#8026,#8023);
#8028=PRODUCT_DEFINITION_SHAPE('','SHAPE FOR SOLDER_BALL_AF44.',#8027);
#8029=SHAPE_DEFINITION_REPRESENTATION(#8028,#8022);
#8030=PROPERTY_DEFINITION('DESCRIPTION','user defined attribute',#8027);
#8034=REPRESENTATION('',(#8033),#8017);
#8035=PROPERTY_DEFINITION_REPRESENTATION(#8030,#8034);
#8036=PROPERTY_DEFINITION('MODELED_BY','user defined attribute',#8027);
#8040=REPRESENTATION('',(#8039),#8017);
#8041=PROPERTY_DEFINITION_REPRESENTATION(#8036,#8040);
#8042=PROPERTY_DEFINITION('BALL_HEIGTH','user defined attribute',#8027);
#8046=REPRESENTATION('',(#8045),#8017);
#8047=PROPERTY_DEFINITION_REPRESENTATION(#8042,#8046);
#8049=REPRESENTATION('',(#8048),#8017);
#8050=PROPERTY_DEFINITION('attribute type designation','Real Number',#8043);
#8051=PROPERTY_DEFINITION_REPRESENTATION(#8050,#8049);
#8052=NEXT_ASSEMBLY_USAGE_OCCURRENCE('165','Next assembly relationship',
'SOLDER_BALL',#9305,#8027,$);
#8053=PRODUCT_DEFINITION_SHAPE('Placement #165',
'Placement of SOLDER_BALL_AF44 with respect to ZEZ0201A_ASM',#8052);
#8061=(LENGTH_UNIT()NAMED_UNIT(*)SI_UNIT(.MILLI.,.METRE.));
#8062=(NAMED_UNIT(*)PLANE_ANGLE_UNIT()SI_UNIT($,.RADIAN.));
#8065=(NAMED_UNIT(*)SI_UNIT($,.STERADIAN.)SOLID_ANGLE_UNIT());
#8067=(GEOMETRIC_REPRESENTATION_CONTEXT(3)GLOBAL_UNCERTAINTY_ASSIGNED_CONTEXT((
#8066))GLOBAL_UNIT_ASSIGNED_CONTEXT((#8061,#8064,#8065))REPRESENTATION_CONTEXT(
'ID50','3'));
#8071=AXIS2_PLACEMENT_3D('',#8068,#8069,#8070);
#8072=SHAPE_REPRESENTATION('',(#8071),#8067);
#8076=PRODUCT_DEFINITION('part definition','',#8075,#8023);
#8077=PRODUCT_DEFINITION_SHAPE('','SHAPE FOR SOLDER_BALL_AF45.',#8076);
#8078=SHAPE_DEFINITION_REPRESENTATION(#8077,#8072);
#8079=PROPERTY_DEFINITION('DESCRIPTION','user defined attribute',#8076);
#8083=REPRESENTATION('',(#8082),#8067);
#8084=PROPERTY_DEFINITION_REPRESENTATION(#8079,#8083);
#8085=PROPERTY_DEFINITION('MODELED_BY','user defined attribute',#8076);
#8089=REPRESENTATION('',(#8088),#8067);
#8090=PROPERTY_DEFINITION_REPRESENTATION(#8085,#8089);
#8091=PROPERTY_DEFINITION('BALL_HEIGTH','user defined attribute',#8076);
#8095=REPRESENTATION('',(#8094),#8067);
#8096=PROPERTY_DEFINITION_REPRESENTATION(#8091,#8095);
#8098=REPRESENTATION('',(#8097),#8067);
#8099=PROPERTY_DEFINITION('attribute type designation','Real Number',#8092);
#8100=PROPERTY_DEFINITION_REPRESENTATION(#8099,#8098);
#8101=NEXT_ASSEMBLY_USAGE_OCCURRENCE('166','Next assembly relationship',
'SOLDER_BALL',#9305,#8076,$);
#8102=PRODUCT_DEFINITION_SHAPE('Placement #166',
'Placement of SOLDER_BALL_AF45 with respect to ZEZ0201A_ASM',#8101);
#8110=(LENGTH_UNIT()NAMED_UNIT(*)SI_UNIT(.MILLI.,.METRE.));
#8111=(NAMED_UNIT(*)PLANE_ANGLE_UNIT()SI_UNIT($,.RADIAN.));
#8114=(NAMED_UNIT(*)SI_UNIT($,.STERADIAN.)SOLID_ANGLE_UNIT());
#8116=(GEOMETRIC_REPRESENTATION_CONTEXT(3)GLOBAL_UNCERTAINTY_ASSIGNED_CONTEXT((
#8115))GLOBAL_UNIT_ASSIGNED_CONTEXT((#8110,#8113,#8114))REPRESENTATION_CONTEXT(
'ID51','3'));
#8120=AXIS2_PLACEMENT_3D('',#8117,#8118,#8119);
#8121=SHAPE_REPRESENTATION('',(#8120),#8116);
#8126=PRODUCT_DEFINITION('part definition','',#8125,#8122);
#8127=PRODUCT_DEFINITION_SHAPE('','SHAPE FOR SOLDER_BALL_AF46.',#8126);
#8128=SHAPE_DEFINITION_REPRESENTATION(#8127,#8121);
#8129=PROPERTY_DEFINITION('DESCRIPTION','user defined attribute',#8126);
#8133=REPRESENTATION('',(#8132),#8116);
#8134=PROPERTY_DEFINITION_REPRESENTATION(#8129,#8133);
#8135=PROPERTY_DEFINITION('MODELED_BY','user defined attribute',#8126);
#8139=REPRESENTATION('',(#8138),#8116);
#8140=PROPERTY_DEFINITION_REPRESENTATION(#8135,#8139);
#8141=PROPERTY_DEFINITION('BALL_HEIGTH','user defined attribute',#8126);
#8145=REPRESENTATION('',(#8144),#8116);
#8146=PROPERTY_DEFINITION_REPRESENTATION(#8141,#8145);
#8148=REPRESENTATION('',(#8147),#8116);
#8149=PROPERTY_DEFINITION('attribute type designation','Real Number',#8142);
#8150=PROPERTY_DEFINITION_REPRESENTATION(#8149,#8148);
#8151=NEXT_ASSEMBLY_USAGE_OCCURRENCE('167','Next assembly relationship',
'SOLDER_BALL',#9305,#8126,$);
#8152=PRODUCT_DEFINITION_SHAPE('Placement #167',
'Placement of SOLDER_BALL_AF46 with respect to ZEZ0201A_ASM',#8151);
#8160=(LENGTH_UNIT()NAMED_UNIT(*)SI_UNIT(.MILLI.,.METRE.));
#8161=(NAMED_UNIT(*)PLANE_ANGLE_UNIT()SI_UNIT($,.RADIAN.));
#8164=(NAMED_UNIT(*)SI_UNIT($,.STERADIAN.)SOLID_ANGLE_UNIT());
#8166=(GEOMETRIC_REPRESENTATION_CONTEXT(3)GLOBAL_UNCERTAINTY_ASSIGNED_CONTEXT((
#8165))GLOBAL_UNIT_ASSIGNED_CONTEXT((#8160,#8163,#8164))REPRESENTATION_CONTEXT(
'ID52','3'));
#8170=AXIS2_PLACEMENT_3D('',#8167,#8168,#8169);
#8171=SHAPE_REPRESENTATION('',(#8170),#8166);
#8175=PRODUCT_DEFINITION('part definition','',#8174,#8122);
#8176=PRODUCT_DEFINITION_SHAPE('','SHAPE FOR SOLDER_BALL_AF47.',#8175);
#8177=SHAPE_DEFINITION_REPRESENTATION(#8176,#8171);
#8178=PROPERTY_DEFINITION('DESCRIPTION','user defined attribute',#8175);
#8182=REPRESENTATION('',(#8181),#8166);
#8183=PROPERTY_DEFINITION_REPRESENTATION(#8178,#8182);
#8184=PROPERTY_DEFINITION('MODELED_BY','user defined attribute',#8175);
#8188=REPRESENTATION('',(#8187),#8166);
#8189=PROPERTY_DEFINITION_REPRESENTATION(#8184,#8188);
#8190=PROPERTY_DEFINITION('BALL_HEIGTH','user defined attribute',#8175);
#8194=REPRESENTATION('',(#8193),#8166);
#8195=PROPERTY_DEFINITION_REPRESENTATION(#8190,#8194);
#8197=REPRESENTATION('',(#8196),#8166);
#8198=PROPERTY_DEFINITION('attribute type designation','Real Number',#8191);
#8199=PROPERTY_DEFINITION_REPRESENTATION(#8198,#8197);
#8200=NEXT_ASSEMBLY_USAGE_OCCURRENCE('168','Next assembly relationship',
'SOLDER_BALL',#9305,#8175,$);
#8201=PRODUCT_DEFINITION_SHAPE('Placement #168',
'Placement of SOLDER_BALL_AF47 with respect to ZEZ0201A_ASM',#8200);
#8209=(LENGTH_UNIT()NAMED_UNIT(*)SI_UNIT(.MILLI.,.METRE.));
#8210=(NAMED_UNIT(*)PLANE_ANGLE_UNIT()SI_UNIT($,.RADIAN.));
#8213=(NAMED_UNIT(*)SI_UNIT($,.STERADIAN.)SOLID_ANGLE_UNIT());
#8215=(GEOMETRIC_REPRESENTATION_CONTEXT(3)GLOBAL_UNCERTAINTY_ASSIGNED_CONTEXT((
#8214))GLOBAL_UNIT_ASSIGNED_CONTEXT((#8209,#8212,#8213))REPRESENTATION_CONTEXT(
'ID53','3'));
#8219=AXIS2_PLACEMENT_3D('',#8216,#8217,#8218);
#8220=SHAPE_REPRESENTATION('',(#8219),#8215);
#8225=PRODUCT_DEFINITION('part definition','',#8224,#8221);
#8226=PRODUCT_DEFINITION_SHAPE('','SHAPE FOR SOLDER_BALL_AF48.',#8225);
#8227=SHAPE_DEFINITION_REPRESENTATION(#8226,#8220);
#8228=PROPERTY_DEFINITION('DESCRIPTION','user defined attribute',#8225);
#8232=REPRESENTATION('',(#8231),#8215);
#8233=PROPERTY_DEFINITION_REPRESENTATION(#8228,#8232);
#8234=PROPERTY_DEFINITION('MODELED_BY','user defined attribute',#8225);
#8238=REPRESENTATION('',(#8237),#8215);
#8239=PROPERTY_DEFINITION_REPRESENTATION(#8234,#8238);
#8240=PROPERTY_DEFINITION('BALL_HEIGTH','user defined attribute',#8225);
#8244=REPRESENTATION('',(#8243),#8215);
#8245=PROPERTY_DEFINITION_REPRESENTATION(#8240,#8244);
#8247=REPRESENTATION('',(#8246),#8215);
#8248=PROPERTY_DEFINITION('attribute type designation','Real Number',#8241);
#8249=PROPERTY_DEFINITION_REPRESENTATION(#8248,#8247);
#8250=NEXT_ASSEMBLY_USAGE_OCCURRENCE('169','Next assembly relationship',
'SOLDER_BALL',#9305,#8225,$);
#8251=PRODUCT_DEFINITION_SHAPE('Placement #169',
'Placement of SOLDER_BALL_AF48 with respect to ZEZ0201A_ASM',#8250);
#8259=NEXT_ASSEMBLY_USAGE_OCCURRENCE('170','Next assembly relationship',
'SOLDER_BALL',#9305,#1137,$);
#8260=PRODUCT_DEFINITION_SHAPE('Placement #170',
'Placement of SOLDER_BALL with respect to ZEZ0201A_ASM',#8259);
#8262=PROPERTY_DEFINITION('geometric validation property',
'centroid of SOLDER_BALL',#8260);
#8263=REPRESENTATION('centroid',(#8261),#8215);
#8264=PROPERTY_DEFINITION_REPRESENTATION(#8262,#8263);
#8272=NEXT_ASSEMBLY_USAGE_OCCURRENCE('171','Next assembly relationship',
'SOLDER_BALL',#9305,#1137,$);
#8273=PRODUCT_DEFINITION_SHAPE('Placement #171',
'Placement of SOLDER_BALL with respect to ZEZ0201A_ASM',#8272);
#8275=PROPERTY_DEFINITION('geometric validation property',
'centroid of SOLDER_BALL',#8273);
#8276=REPRESENTATION('centroid',(#8274),#8215);
#8277=PROPERTY_DEFINITION_REPRESENTATION(#8275,#8276);
#8285=NEXT_ASSEMBLY_USAGE_OCCURRENCE('172','Next assembly relationship',
'SOLDER_BALL',#9305,#1137,$);
#8286=PRODUCT_DEFINITION_SHAPE('Placement #172',
'Placement of SOLDER_BALL with respect to ZEZ0201A_ASM',#8285);
#8288=PROPERTY_DEFINITION('geometric validation property',
'centroid of SOLDER_BALL',#8286);
#8289=REPRESENTATION('centroid',(#8287),#8215);
#8290=PROPERTY_DEFINITION_REPRESENTATION(#8288,#8289);
#8298=NEXT_ASSEMBLY_USAGE_OCCURRENCE('173','Next assembly relationship',
'SOLDER_BALL',#9305,#1137,$);
#8299=PRODUCT_DEFINITION_SHAPE('Placement #173',
'Placement of SOLDER_BALL with respect to ZEZ0201A_ASM',#8298);
#8301=PROPERTY_DEFINITION('geometric validation property',
'centroid of SOLDER_BALL',#8299);
#8302=REPRESENTATION('centroid',(#8300),#8215);
#8303=PROPERTY_DEFINITION_REPRESENTATION(#8301,#8302);
#8311=NEXT_ASSEMBLY_USAGE_OCCURRENCE('174','Next assembly relationship',
'SOLDER_BALL',#9305,#1137,$);
#8312=PRODUCT_DEFINITION_SHAPE('Placement #174',
'Placement of SOLDER_BALL with respect to ZEZ0201A_ASM',#8311);
#8314=PROPERTY_DEFINITION('geometric validation property',
'centroid of SOLDER_BALL',#8312);
#8315=REPRESENTATION('centroid',(#8313),#8215);
#8316=PROPERTY_DEFINITION_REPRESENTATION(#8314,#8315);
#8324=NEXT_ASSEMBLY_USAGE_OCCURRENCE('175','Next assembly relationship',
'SOLDER_BALL',#9305,#1137,$);
#8325=PRODUCT_DEFINITION_SHAPE('Placement #175',
'Placement of SOLDER_BALL with respect to ZEZ0201A_ASM',#8324);
#8327=PROPERTY_DEFINITION('geometric validation property',
'centroid of SOLDER_BALL',#8325);
#8328=REPRESENTATION('centroid',(#8326),#8215);
#8329=PROPERTY_DEFINITION_REPRESENTATION(#8327,#8328);
#8337=NEXT_ASSEMBLY_USAGE_OCCURRENCE('176','Next assembly relationship',
'SOLDER_BALL',#9305,#1137,$);
#8338=PRODUCT_DEFINITION_SHAPE('Placement #176',
'Placement of SOLDER_BALL with respect to ZEZ0201A_ASM',#8337);
#8340=PROPERTY_DEFINITION('geometric validation property',
'centroid of SOLDER_BALL',#8338);
#8341=REPRESENTATION('centroid',(#8339),#8215);
#8342=PROPERTY_DEFINITION_REPRESENTATION(#8340,#8341);
#8350=NEXT_ASSEMBLY_USAGE_OCCURRENCE('177','Next assembly relationship',
'SOLDER_BALL',#9305,#1137,$);
#8351=PRODUCT_DEFINITION_SHAPE('Placement #177',
'Placement of SOLDER_BALL with respect to ZEZ0201A_ASM',#8350);
#8353=PROPERTY_DEFINITION('geometric validation property',
'centroid of SOLDER_BALL',#8351);
#8354=REPRESENTATION('centroid',(#8352),#8215);
#8355=PROPERTY_DEFINITION_REPRESENTATION(#8353,#8354);
#8363=NEXT_ASSEMBLY_USAGE_OCCURRENCE('178','Next assembly relationship',
'SOLDER_BALL',#9305,#1137,$);
#8364=PRODUCT_DEFINITION_SHAPE('Placement #178',
'Placement of SOLDER_BALL with respect to ZEZ0201A_ASM',#8363);
#8366=PROPERTY_DEFINITION('geometric validation property',
'centroid of SOLDER_BALL',#8364);
#8367=REPRESENTATION('centroid',(#8365),#8215);
#8368=PROPERTY_DEFINITION_REPRESENTATION(#8366,#8367);
#8376=NEXT_ASSEMBLY_USAGE_OCCURRENCE('179','Next assembly relationship',
'SOLDER_BALL',#9305,#1137,$);
#8377=PRODUCT_DEFINITION_SHAPE('Placement #179',
'Placement of SOLDER_BALL with respect to ZEZ0201A_ASM',#8376);
#8379=PROPERTY_DEFINITION('geometric validation property',
'centroid of SOLDER_BALL',#8377);
#8380=REPRESENTATION('centroid',(#8378),#8215);
#8381=PROPERTY_DEFINITION_REPRESENTATION(#8379,#8380);
#8389=NEXT_ASSEMBLY_USAGE_OCCURRENCE('180','Next assembly relationship',
'SOLDER_BALL',#9305,#1137,$);
#8390=PRODUCT_DEFINITION_SHAPE('Placement #180',
'Placement of SOLDER_BALL with respect to ZEZ0201A_ASM',#8389);
#8392=PROPERTY_DEFINITION('geometric validation property',
'centroid of SOLDER_BALL',#8390);
#8393=REPRESENTATION('centroid',(#8391),#8215);
#8394=PROPERTY_DEFINITION_REPRESENTATION(#8392,#8393);
#8402=NEXT_ASSEMBLY_USAGE_OCCURRENCE('181','Next assembly relationship',
'SOLDER_BALL',#9305,#1137,$);
#8403=PRODUCT_DEFINITION_SHAPE('Placement #181',
'Placement of SOLDER_BALL with respect to ZEZ0201A_ASM',#8402);
#8405=PROPERTY_DEFINITION('geometric validation property',
'centroid of SOLDER_BALL',#8403);
#8406=REPRESENTATION('centroid',(#8404),#8215);
#8407=PROPERTY_DEFINITION_REPRESENTATION(#8405,#8406);
#8415=NEXT_ASSEMBLY_USAGE_OCCURRENCE('182','Next assembly relationship',
'SOLDER_BALL',#9305,#1137,$);
#8416=PRODUCT_DEFINITION_SHAPE('Placement #182',
'Placement of SOLDER_BALL with respect to ZEZ0201A_ASM',#8415);
#8418=PROPERTY_DEFINITION('geometric validation property',
'centroid of SOLDER_BALL',#8416);
#8419=REPRESENTATION('centroid',(#8417),#8215);
#8420=PROPERTY_DEFINITION_REPRESENTATION(#8418,#8419);
#8428=NEXT_ASSEMBLY_USAGE_OCCURRENCE('183','Next assembly relationship',
'SOLDER_BALL',#9305,#1137,$);
#8429=PRODUCT_DEFINITION_SHAPE('Placement #183',
'Placement of SOLDER_BALL with respect to ZEZ0201A_ASM',#8428);
#8431=PROPERTY_DEFINITION('geometric validation property',
'centroid of SOLDER_BALL',#8429);
#8432=REPRESENTATION('centroid',(#8430),#8215);
#8433=PROPERTY_DEFINITION_REPRESENTATION(#8431,#8432);
#8441=NEXT_ASSEMBLY_USAGE_OCCURRENCE('184','Next assembly relationship',
'SOLDER_BALL',#9305,#1137,$);
#8442=PRODUCT_DEFINITION_SHAPE('Placement #184',
'Placement of SOLDER_BALL with respect to ZEZ0201A_ASM',#8441);
#8444=PROPERTY_DEFINITION('geometric validation property',
'centroid of SOLDER_BALL',#8442);
#8445=REPRESENTATION('centroid',(#8443),#8215);
#8446=PROPERTY_DEFINITION_REPRESENTATION(#8444,#8445);
#8454=NEXT_ASSEMBLY_USAGE_OCCURRENCE('185','Next assembly relationship',
'SOLDER_BALL',#9305,#1137,$);
#8455=PRODUCT_DEFINITION_SHAPE('Placement #185',
'Placement of SOLDER_BALL with respect to ZEZ0201A_ASM',#8454);
#8457=PROPERTY_DEFINITION('geometric validation property',
'centroid of SOLDER_BALL',#8455);
#8458=REPRESENTATION('centroid',(#8456),#8215);
#8459=PROPERTY_DEFINITION_REPRESENTATION(#8457,#8458);
#8467=NEXT_ASSEMBLY_USAGE_OCCURRENCE('186','Next assembly relationship',
'SOLDER_BALL',#9305,#1137,$);
#8468=PRODUCT_DEFINITION_SHAPE('Placement #186',
'Placement of SOLDER_BALL with respect to ZEZ0201A_ASM',#8467);
#8470=PROPERTY_DEFINITION('geometric validation property',
'centroid of SOLDER_BALL',#8468);
#8471=REPRESENTATION('centroid',(#8469),#8215);
#8472=PROPERTY_DEFINITION_REPRESENTATION(#8470,#8471);
#8480=NEXT_ASSEMBLY_USAGE_OCCURRENCE('187','Next assembly relationship',
'SOLDER_BALL',#9305,#1137,$);
#8481=PRODUCT_DEFINITION_SHAPE('Placement #187',
'Placement of SOLDER_BALL with respect to ZEZ0201A_ASM',#8480);
#8483=PROPERTY_DEFINITION('geometric validation property',
'centroid of SOLDER_BALL',#8481);
#8484=REPRESENTATION('centroid',(#8482),#8215);
#8485=PROPERTY_DEFINITION_REPRESENTATION(#8483,#8484);
#8493=NEXT_ASSEMBLY_USAGE_OCCURRENCE('188','Next assembly relationship',
'SOLDER_BALL',#9305,#1137,$);
#8494=PRODUCT_DEFINITION_SHAPE('Placement #188',
'Placement of SOLDER_BALL with respect to ZEZ0201A_ASM',#8493);
#8496=PROPERTY_DEFINITION('geometric validation property',
'centroid of SOLDER_BALL',#8494);
#8497=REPRESENTATION('centroid',(#8495),#8215);
#8498=PROPERTY_DEFINITION_REPRESENTATION(#8496,#8497);
#8506=NEXT_ASSEMBLY_USAGE_OCCURRENCE('189','Next assembly relationship',
'SOLDER_BALL',#9305,#1137,$);
#8507=PRODUCT_DEFINITION_SHAPE('Placement #189',
'Placement of SOLDER_BALL with respect to ZEZ0201A_ASM',#8506);
#8509=PROPERTY_DEFINITION('geometric validation property',
'centroid of SOLDER_BALL',#8507);
#8510=REPRESENTATION('centroid',(#8508),#8215);
#8511=PROPERTY_DEFINITION_REPRESENTATION(#8509,#8510);
#8519=NEXT_ASSEMBLY_USAGE_OCCURRENCE('190','Next assembly relationship',
'SOLDER_BALL',#9305,#1137,$);
#8520=PRODUCT_DEFINITION_SHAPE('Placement #190',
'Placement of SOLDER_BALL with respect to ZEZ0201A_ASM',#8519);
#8522=PROPERTY_DEFINITION('geometric validation property',
'centroid of SOLDER_BALL',#8520);
#8523=REPRESENTATION('centroid',(#8521),#8215);
#8524=PROPERTY_DEFINITION_REPRESENTATION(#8522,#8523);
#8532=NEXT_ASSEMBLY_USAGE_OCCURRENCE('191','Next assembly relationship',
'SOLDER_BALL',#9305,#1137,$);
#8533=PRODUCT_DEFINITION_SHAPE('Placement #191',
'Placement of SOLDER_BALL with respect to ZEZ0201A_ASM',#8532);
#8535=PROPERTY_DEFINITION('geometric validation property',
'centroid of SOLDER_BALL',#8533);
#8536=REPRESENTATION('centroid',(#8534),#8215);
#8537=PROPERTY_DEFINITION_REPRESENTATION(#8535,#8536);
#8545=NEXT_ASSEMBLY_USAGE_OCCURRENCE('192','Next assembly relationship',
'SOLDER_BALL',#9305,#1137,$);
#8546=PRODUCT_DEFINITION_SHAPE('Placement #192',
'Placement of SOLDER_BALL with respect to ZEZ0201A_ASM',#8545);
#8548=PROPERTY_DEFINITION('geometric validation property',
'centroid of SOLDER_BALL',#8546);
#8549=REPRESENTATION('centroid',(#8547),#8215);
#8550=PROPERTY_DEFINITION_REPRESENTATION(#8548,#8549);
#8558=NEXT_ASSEMBLY_USAGE_OCCURRENCE('193','Next assembly relationship',
'SOLDER_BALL',#9305,#1137,$);
#8559=PRODUCT_DEFINITION_SHAPE('Placement #193',
'Placement of SOLDER_BALL with respect to ZEZ0201A_ASM',#8558);
#8561=PROPERTY_DEFINITION('geometric validation property',
'centroid of SOLDER_BALL',#8559);
#8562=REPRESENTATION('centroid',(#8560),#8215);
#8563=PROPERTY_DEFINITION_REPRESENTATION(#8561,#8562);
#8571=NEXT_ASSEMBLY_USAGE_OCCURRENCE('194','Next assembly relationship',
'SOLDER_BALL',#9305,#1137,$);
#8572=PRODUCT_DEFINITION_SHAPE('Placement #194',
'Placement of SOLDER_BALL with respect to ZEZ0201A_ASM',#8571);
#8574=PROPERTY_DEFINITION('geometric validation property',
'centroid of SOLDER_BALL',#8572);
#8575=REPRESENTATION('centroid',(#8573),#8215);
#8576=PROPERTY_DEFINITION_REPRESENTATION(#8574,#8575);
#8584=NEXT_ASSEMBLY_USAGE_OCCURRENCE('195','Next assembly relationship',
'SOLDER_BALL',#9305,#1137,$);
#8585=PRODUCT_DEFINITION_SHAPE('Placement #195',
'Placement of SOLDER_BALL with respect to ZEZ0201A_ASM',#8584);
#8587=PROPERTY_DEFINITION('geometric validation property',
'centroid of SOLDER_BALL',#8585);
#8588=REPRESENTATION('centroid',(#8586),#8215);
#8589=PROPERTY_DEFINITION_REPRESENTATION(#8587,#8588);
#8597=NEXT_ASSEMBLY_USAGE_OCCURRENCE('196','Next assembly relationship',
'SOLDER_BALL',#9305,#1137,$);
#8598=PRODUCT_DEFINITION_SHAPE('Placement #196',
'Placement of SOLDER_BALL with respect to ZEZ0201A_ASM',#8597);
#8600=PROPERTY_DEFINITION('geometric validation property',
'centroid of SOLDER_BALL',#8598);
#8601=REPRESENTATION('centroid',(#8599),#8215);
#8602=PROPERTY_DEFINITION_REPRESENTATION(#8600,#8601);
#8610=NEXT_ASSEMBLY_USAGE_OCCURRENCE('197','Next assembly relationship',
'SOLDER_BALL',#9305,#1137,$);
#8611=PRODUCT_DEFINITION_SHAPE('Placement #197',
'Placement of SOLDER_BALL with respect to ZEZ0201A_ASM',#8610);
#8613=PROPERTY_DEFINITION('geometric validation property',
'centroid of SOLDER_BALL',#8611);
#8614=REPRESENTATION('centroid',(#8612),#8215);
#8615=PROPERTY_DEFINITION_REPRESENTATION(#8613,#8614);
#8623=NEXT_ASSEMBLY_USAGE_OCCURRENCE('198','Next assembly relationship',
'SOLDER_BALL',#9305,#1137,$);
#8624=PRODUCT_DEFINITION_SHAPE('Placement #198',
'Placement of SOLDER_BALL with respect to ZEZ0201A_ASM',#8623);
#8626=PROPERTY_DEFINITION('geometric validation property',
'centroid of SOLDER_BALL',#8624);
#8627=REPRESENTATION('centroid',(#8625),#8215);
#8628=PROPERTY_DEFINITION_REPRESENTATION(#8626,#8627);
#8636=NEXT_ASSEMBLY_USAGE_OCCURRENCE('199','Next assembly relationship',
'SOLDER_BALL',#9305,#1137,$);
#8637=PRODUCT_DEFINITION_SHAPE('Placement #199',
'Placement of SOLDER_BALL with respect to ZEZ0201A_ASM',#8636);
#8639=PROPERTY_DEFINITION('geometric validation property',
'centroid of SOLDER_BALL',#8637);
#8640=REPRESENTATION('centroid',(#8638),#8215);
#8641=PROPERTY_DEFINITION_REPRESENTATION(#8639,#8640);
#8649=NEXT_ASSEMBLY_USAGE_OCCURRENCE('200','Next assembly relationship',
'SOLDER_BALL',#9305,#1137,$);
#8650=PRODUCT_DEFINITION_SHAPE('Placement #200',
'Placement of SOLDER_BALL with respect to ZEZ0201A_ASM',#8649);
#8652=PROPERTY_DEFINITION('geometric validation property',
'centroid of SOLDER_BALL',#8650);
#8653=REPRESENTATION('centroid',(#8651),#8215);
#8654=PROPERTY_DEFINITION_REPRESENTATION(#8652,#8653);
#8662=NEXT_ASSEMBLY_USAGE_OCCURRENCE('201','Next assembly relationship',
'SOLDER_BALL',#9305,#1137,$);
#8663=PRODUCT_DEFINITION_SHAPE('Placement #201',
'Placement of SOLDER_BALL with respect to ZEZ0201A_ASM',#8662);
#8665=PROPERTY_DEFINITION('geometric validation property',
'centroid of SOLDER_BALL',#8663);
#8666=REPRESENTATION('centroid',(#8664),#8215);
#8667=PROPERTY_DEFINITION_REPRESENTATION(#8665,#8666);
#8675=NEXT_ASSEMBLY_USAGE_OCCURRENCE('202','Next assembly relationship',
'SOLDER_BALL',#9305,#1137,$);
#8676=PRODUCT_DEFINITION_SHAPE('Placement #202',
'Placement of SOLDER_BALL with respect to ZEZ0201A_ASM',#8675);
#8678=PROPERTY_DEFINITION('geometric validation property',
'centroid of SOLDER_BALL',#8676);
#8679=REPRESENTATION('centroid',(#8677),#8215);
#8680=PROPERTY_DEFINITION_REPRESENTATION(#8678,#8679);
#8688=NEXT_ASSEMBLY_USAGE_OCCURRENCE('203','Next assembly relationship',
'SOLDER_BALL',#9305,#1137,$);
#8689=PRODUCT_DEFINITION_SHAPE('Placement #203',
'Placement of SOLDER_BALL with respect to ZEZ0201A_ASM',#8688);
#8691=PROPERTY_DEFINITION('geometric validation property',
'centroid of SOLDER_BALL',#8689);
#8692=REPRESENTATION('centroid',(#8690),#8215);
#8693=PROPERTY_DEFINITION_REPRESENTATION(#8691,#8692);
#8701=NEXT_ASSEMBLY_USAGE_OCCURRENCE('204','Next assembly relationship',
'SOLDER_BALL',#9305,#1137,$);
#8702=PRODUCT_DEFINITION_SHAPE('Placement #204',
'Placement of SOLDER_BALL with respect to ZEZ0201A_ASM',#8701);
#8704=PROPERTY_DEFINITION('geometric validation property',
'centroid of SOLDER_BALL',#8702);
#8705=REPRESENTATION('centroid',(#8703),#8215);
#8706=PROPERTY_DEFINITION_REPRESENTATION(#8704,#8705);
#8714=NEXT_ASSEMBLY_USAGE_OCCURRENCE('205','Next assembly relationship',
'SOLDER_BALL',#9305,#1137,$);
#8715=PRODUCT_DEFINITION_SHAPE('Placement #205',
'Placement of SOLDER_BALL with respect to ZEZ0201A_ASM',#8714);
#8717=PROPERTY_DEFINITION('geometric validation property',
'centroid of SOLDER_BALL',#8715);
#8718=REPRESENTATION('centroid',(#8716),#8215);
#8719=PROPERTY_DEFINITION_REPRESENTATION(#8717,#8718);
#8727=NEXT_ASSEMBLY_USAGE_OCCURRENCE('206','Next assembly relationship',
'SOLDER_BALL',#9305,#1137,$);
#8728=PRODUCT_DEFINITION_SHAPE('Placement #206',
'Placement of SOLDER_BALL with respect to ZEZ0201A_ASM',#8727);
#8730=PROPERTY_DEFINITION('geometric validation property',
'centroid of SOLDER_BALL',#8728);
#8731=REPRESENTATION('centroid',(#8729),#8215);
#8732=PROPERTY_DEFINITION_REPRESENTATION(#8730,#8731);
#8740=NEXT_ASSEMBLY_USAGE_OCCURRENCE('207','Next assembly relationship',
'SOLDER_BALL',#9305,#1137,$);
#8741=PRODUCT_DEFINITION_SHAPE('Placement #207',
'Placement of SOLDER_BALL with respect to ZEZ0201A_ASM',#8740);
#8743=PROPERTY_DEFINITION('geometric validation property',
'centroid of SOLDER_BALL',#8741);
#8744=REPRESENTATION('centroid',(#8742),#8215);
#8745=PROPERTY_DEFINITION_REPRESENTATION(#8743,#8744);
#8753=NEXT_ASSEMBLY_USAGE_OCCURRENCE('208','Next assembly relationship',
'SOLDER_BALL',#9305,#1137,$);
#8754=PRODUCT_DEFINITION_SHAPE('Placement #208',
'Placement of SOLDER_BALL with respect to ZEZ0201A_ASM',#8753);
#8756=PROPERTY_DEFINITION('geometric validation property',
'centroid of SOLDER_BALL',#8754);
#8757=REPRESENTATION('centroid',(#8755),#8215);
#8758=PROPERTY_DEFINITION_REPRESENTATION(#8756,#8757);
#8766=NEXT_ASSEMBLY_USAGE_OCCURRENCE('209','Next assembly relationship',
'SOLDER_BALL',#9305,#1137,$);
#8767=PRODUCT_DEFINITION_SHAPE('Placement #209',
'Placement of SOLDER_BALL with respect to ZEZ0201A_ASM',#8766);
#8769=PROPERTY_DEFINITION('geometric validation property',
'centroid of SOLDER_BALL',#8767);
#8770=REPRESENTATION('centroid',(#8768),#8215);
#8771=PROPERTY_DEFINITION_REPRESENTATION(#8769,#8770);
#8779=NEXT_ASSEMBLY_USAGE_OCCURRENCE('210','Next assembly relationship',
'SOLDER_BALL',#9305,#1137,$);
#8780=PRODUCT_DEFINITION_SHAPE('Placement #210',
'Placement of SOLDER_BALL with respect to ZEZ0201A_ASM',#8779);
#8782=PROPERTY_DEFINITION('geometric validation property',
'centroid of SOLDER_BALL',#8780);
#8783=REPRESENTATION('centroid',(#8781),#8215);
#8784=PROPERTY_DEFINITION_REPRESENTATION(#8782,#8783);
#8792=NEXT_ASSEMBLY_USAGE_OCCURRENCE('211','Next assembly relationship',
'SOLDER_BALL',#9305,#1137,$);
#8793=PRODUCT_DEFINITION_SHAPE('Placement #211',
'Placement of SOLDER_BALL with respect to ZEZ0201A_ASM',#8792);
#8795=PROPERTY_DEFINITION('geometric validation property',
'centroid of SOLDER_BALL',#8793);
#8796=REPRESENTATION('centroid',(#8794),#8215);
#8797=PROPERTY_DEFINITION_REPRESENTATION(#8795,#8796);
#8805=NEXT_ASSEMBLY_USAGE_OCCURRENCE('212','Next assembly relationship',
'SOLDER_BALL',#9305,#1137,$);
#8806=PRODUCT_DEFINITION_SHAPE('Placement #212',
'Placement of SOLDER_BALL with respect to ZEZ0201A_ASM',#8805);
#8808=PROPERTY_DEFINITION('geometric validation property',
'centroid of SOLDER_BALL',#8806);
#8809=REPRESENTATION('centroid',(#8807),#8215);
#8810=PROPERTY_DEFINITION_REPRESENTATION(#8808,#8809);
#8818=NEXT_ASSEMBLY_USAGE_OCCURRENCE('213','Next assembly relationship',
'SOLDER_BALL',#9305,#1137,$);
#8819=PRODUCT_DEFINITION_SHAPE('Placement #213',
'Placement of SOLDER_BALL with respect to ZEZ0201A_ASM',#8818);
#8821=PROPERTY_DEFINITION('geometric validation property',
'centroid of SOLDER_BALL',#8819);
#8822=REPRESENTATION('centroid',(#8820),#8215);
#8823=PROPERTY_DEFINITION_REPRESENTATION(#8821,#8822);
#8831=NEXT_ASSEMBLY_USAGE_OCCURRENCE('214','Next assembly relationship',
'SOLDER_BALL',#9305,#1137,$);
#8832=PRODUCT_DEFINITION_SHAPE('Placement #214',
'Placement of SOLDER_BALL with respect to ZEZ0201A_ASM',#8831);
#8834=PROPERTY_DEFINITION('geometric validation property',
'centroid of SOLDER_BALL',#8832);
#8835=REPRESENTATION('centroid',(#8833),#8215);
#8836=PROPERTY_DEFINITION_REPRESENTATION(#8834,#8835);
#8844=NEXT_ASSEMBLY_USAGE_OCCURRENCE('215','Next assembly relationship',
'SOLDER_BALL',#9305,#1137,$);
#8845=PRODUCT_DEFINITION_SHAPE('Placement #215',
'Placement of SOLDER_BALL with respect to ZEZ0201A_ASM',#8844);
#8847=PROPERTY_DEFINITION('geometric validation property',
'centroid of SOLDER_BALL',#8845);
#8848=REPRESENTATION('centroid',(#8846),#8215);
#8849=PROPERTY_DEFINITION_REPRESENTATION(#8847,#8848);
#8857=NEXT_ASSEMBLY_USAGE_OCCURRENCE('216','Next assembly relationship',
'SOLDER_BALL',#9305,#1137,$);
#8858=PRODUCT_DEFINITION_SHAPE('Placement #216',
'Placement of SOLDER_BALL with respect to ZEZ0201A_ASM',#8857);
#8860=PROPERTY_DEFINITION('geometric validation property',
'centroid of SOLDER_BALL',#8858);
#8861=REPRESENTATION('centroid',(#8859),#8215);
#8862=PROPERTY_DEFINITION_REPRESENTATION(#8860,#8861);
#8870=NEXT_ASSEMBLY_USAGE_OCCURRENCE('217','Next assembly relationship',
'SOLDER_BALL',#9305,#1137,$);
#8871=PRODUCT_DEFINITION_SHAPE('Placement #217',
'Placement of SOLDER_BALL with respect to ZEZ0201A_ASM',#8870);
#8873=PROPERTY_DEFINITION('geometric validation property',
'centroid of SOLDER_BALL',#8871);
#8874=REPRESENTATION('centroid',(#8872),#8215);
#8875=PROPERTY_DEFINITION_REPRESENTATION(#8873,#8874);
#8883=NEXT_ASSEMBLY_USAGE_OCCURRENCE('218','Next assembly relationship',
'SOLDER_BALL',#9305,#1137,$);
#8884=PRODUCT_DEFINITION_SHAPE('Placement #218',
'Placement of SOLDER_BALL with respect to ZEZ0201A_ASM',#8883);
#8886=PROPERTY_DEFINITION('geometric validation property',
'centroid of SOLDER_BALL',#8884);
#8887=REPRESENTATION('centroid',(#8885),#8215);
#8888=PROPERTY_DEFINITION_REPRESENTATION(#8886,#8887);
#8896=NEXT_ASSEMBLY_USAGE_OCCURRENCE('219','Next assembly relationship',
'SOLDER_BALL',#9305,#1137,$);
#8897=PRODUCT_DEFINITION_SHAPE('Placement #219',
'Placement of SOLDER_BALL with respect to ZEZ0201A_ASM',#8896);
#8899=PROPERTY_DEFINITION('geometric validation property',
'centroid of SOLDER_BALL',#8897);
#8900=REPRESENTATION('centroid',(#8898),#8215);
#8901=PROPERTY_DEFINITION_REPRESENTATION(#8899,#8900);
#8909=NEXT_ASSEMBLY_USAGE_OCCURRENCE('220','Next assembly relationship',
'SOLDER_BALL',#9305,#1137,$);
#8910=PRODUCT_DEFINITION_SHAPE('Placement #220',
'Placement of SOLDER_BALL with respect to ZEZ0201A_ASM',#8909);
#8912=PROPERTY_DEFINITION('geometric validation property',
'centroid of SOLDER_BALL',#8910);
#8913=REPRESENTATION('centroid',(#8911),#8215);
#8914=PROPERTY_DEFINITION_REPRESENTATION(#8912,#8913);
#8922=NEXT_ASSEMBLY_USAGE_OCCURRENCE('221','Next assembly relationship',
'SOLDER_BALL',#9305,#1137,$);
#8923=PRODUCT_DEFINITION_SHAPE('Placement #221',
'Placement of SOLDER_BALL with respect to ZEZ0201A_ASM',#8922);
#8925=PROPERTY_DEFINITION('geometric validation property',
'centroid of SOLDER_BALL',#8923);
#8926=REPRESENTATION('centroid',(#8924),#8215);
#8927=PROPERTY_DEFINITION_REPRESENTATION(#8925,#8926);
#8935=NEXT_ASSEMBLY_USAGE_OCCURRENCE('222','Next assembly relationship',
'SOLDER_BALL',#9305,#1137,$);
#8936=PRODUCT_DEFINITION_SHAPE('Placement #222',
'Placement of SOLDER_BALL with respect to ZEZ0201A_ASM',#8935);
#8938=PROPERTY_DEFINITION('geometric validation property',
'centroid of SOLDER_BALL',#8936);
#8939=REPRESENTATION('centroid',(#8937),#8215);
#8940=PROPERTY_DEFINITION_REPRESENTATION(#8938,#8939);
#8948=NEXT_ASSEMBLY_USAGE_OCCURRENCE('223','Next assembly relationship',
'SOLDER_BALL',#9305,#1137,$);
#8949=PRODUCT_DEFINITION_SHAPE('Placement #223',
'Placement of SOLDER_BALL with respect to ZEZ0201A_ASM',#8948);
#8951=PROPERTY_DEFINITION('geometric validation property',
'centroid of SOLDER_BALL',#8949);
#8952=REPRESENTATION('centroid',(#8950),#8215);
#8953=PROPERTY_DEFINITION_REPRESENTATION(#8951,#8952);
#8961=NEXT_ASSEMBLY_USAGE_OCCURRENCE('224','Next assembly relationship',
'SOLDER_BALL',#9305,#1137,$);
#8962=PRODUCT_DEFINITION_SHAPE('Placement #224',
'Placement of SOLDER_BALL with respect to ZEZ0201A_ASM',#8961);
#8964=PROPERTY_DEFINITION('geometric validation property',
'centroid of SOLDER_BALL',#8962);
#8965=REPRESENTATION('centroid',(#8963),#8215);
#8966=PROPERTY_DEFINITION_REPRESENTATION(#8964,#8965);
#8974=NEXT_ASSEMBLY_USAGE_OCCURRENCE('225','Next assembly relationship',
'SOLDER_BALL',#9305,#1137,$);
#8975=PRODUCT_DEFINITION_SHAPE('Placement #225',
'Placement of SOLDER_BALL with respect to ZEZ0201A_ASM',#8974);
#8977=PROPERTY_DEFINITION('geometric validation property',
'centroid of SOLDER_BALL',#8975);
#8978=REPRESENTATION('centroid',(#8976),#8215);
#8979=PROPERTY_DEFINITION_REPRESENTATION(#8977,#8978);
#8987=NEXT_ASSEMBLY_USAGE_OCCURRENCE('226','Next assembly relationship',
'SOLDER_BALL',#9305,#1137,$);
#8988=PRODUCT_DEFINITION_SHAPE('Placement #226',
'Placement of SOLDER_BALL with respect to ZEZ0201A_ASM',#8987);
#8990=PROPERTY_DEFINITION('geometric validation property',
'centroid of SOLDER_BALL',#8988);
#8991=REPRESENTATION('centroid',(#8989),#8215);
#8992=PROPERTY_DEFINITION_REPRESENTATION(#8990,#8991);
#9000=NEXT_ASSEMBLY_USAGE_OCCURRENCE('227','Next assembly relationship',
'SOLDER_BALL',#9305,#1137,$);
#9001=PRODUCT_DEFINITION_SHAPE('Placement #227',
'Placement of SOLDER_BALL with respect to ZEZ0201A_ASM',#9000);
#9003=PROPERTY_DEFINITION('geometric validation property',
'centroid of SOLDER_BALL',#9001);
#9004=REPRESENTATION('centroid',(#9002),#8215);
#9005=PROPERTY_DEFINITION_REPRESENTATION(#9003,#9004);
#9013=NEXT_ASSEMBLY_USAGE_OCCURRENCE('228','Next assembly relationship',
'SOLDER_BALL',#9305,#1137,$);
#9014=PRODUCT_DEFINITION_SHAPE('Placement #228',
'Placement of SOLDER_BALL with respect to ZEZ0201A_ASM',#9013);
#9016=PROPERTY_DEFINITION('geometric validation property',
'centroid of SOLDER_BALL',#9014);
#9017=REPRESENTATION('centroid',(#9015),#8215);
#9018=PROPERTY_DEFINITION_REPRESENTATION(#9016,#9017);
#9026=NEXT_ASSEMBLY_USAGE_OCCURRENCE('229','Next assembly relationship',
'SOLDER_BALL',#9305,#1137,$);
#9027=PRODUCT_DEFINITION_SHAPE('Placement #229',
'Placement of SOLDER_BALL with respect to ZEZ0201A_ASM',#9026);
#9029=PROPERTY_DEFINITION('geometric validation property',
'centroid of SOLDER_BALL',#9027);
#9030=REPRESENTATION('centroid',(#9028),#8215);
#9031=PROPERTY_DEFINITION_REPRESENTATION(#9029,#9030);
#9039=NEXT_ASSEMBLY_USAGE_OCCURRENCE('230','Next assembly relationship',
'SOLDER_BALL',#9305,#1137,$);
#9040=PRODUCT_DEFINITION_SHAPE('Placement #230',
'Placement of SOLDER_BALL with respect to ZEZ0201A_ASM',#9039);
#9042=PROPERTY_DEFINITION('geometric validation property',
'centroid of SOLDER_BALL',#9040);
#9043=REPRESENTATION('centroid',(#9041),#8215);
#9044=PROPERTY_DEFINITION_REPRESENTATION(#9042,#9043);
#9052=NEXT_ASSEMBLY_USAGE_OCCURRENCE('231','Next assembly relationship',
'SOLDER_BALL',#9305,#1137,$);
#9053=PRODUCT_DEFINITION_SHAPE('Placement #231',
'Placement of SOLDER_BALL with respect to ZEZ0201A_ASM',#9052);
#9055=PROPERTY_DEFINITION('geometric validation property',
'centroid of SOLDER_BALL',#9053);
#9056=REPRESENTATION('centroid',(#9054),#8215);
#9057=PROPERTY_DEFINITION_REPRESENTATION(#9055,#9056);
#9065=NEXT_ASSEMBLY_USAGE_OCCURRENCE('232','Next assembly relationship',
'SOLDER_BALL',#9305,#1137,$);
#9066=PRODUCT_DEFINITION_SHAPE('Placement #232',
'Placement of SOLDER_BALL with respect to ZEZ0201A_ASM',#9065);
#9068=PROPERTY_DEFINITION('geometric validation property',
'centroid of SOLDER_BALL',#9066);
#9069=REPRESENTATION('centroid',(#9067),#8215);
#9070=PROPERTY_DEFINITION_REPRESENTATION(#9068,#9069);
#9078=NEXT_ASSEMBLY_USAGE_OCCURRENCE('233','Next assembly relationship',
'SOLDER_BALL',#9305,#1137,$);
#9079=PRODUCT_DEFINITION_SHAPE('Placement #233',
'Placement of SOLDER_BALL with respect to ZEZ0201A_ASM',#9078);
#9081=PROPERTY_DEFINITION('geometric validation property',
'centroid of SOLDER_BALL',#9079);
#9082=REPRESENTATION('centroid',(#9080),#8215);
#9083=PROPERTY_DEFINITION_REPRESENTATION(#9081,#9082);
#9091=(LENGTH_UNIT()NAMED_UNIT(*)SI_UNIT(.MILLI.,.METRE.));
#9092=(NAMED_UNIT(*)PLANE_ANGLE_UNIT()SI_UNIT($,.RADIAN.));
#9095=(NAMED_UNIT(*)SI_UNIT($,.STERADIAN.)SOLID_ANGLE_UNIT());
#9097=(GEOMETRIC_REPRESENTATION_CONTEXT(3)GLOBAL_UNCERTAINTY_ASSIGNED_CONTEXT((
#9096))GLOBAL_UNIT_ASSIGNED_CONTEXT((#9091,#9094,#9095))REPRESENTATION_CONTEXT(
'ID54','3'));
#9101=AXIS2_PLACEMENT_3D('',#9098,#9099,#9100);
#9102=SHAPE_REPRESENTATION('',(#9101),#9097);
#9106=PRODUCT_DEFINITION('part definition','',#9105,#8221);
#9107=PRODUCT_DEFINITION_SHAPE('','SHAPE FOR PIN1_AREA.',#9106);
#9108=SHAPE_DEFINITION_REPRESENTATION(#9107,#9102);
#9109=PROPERTY_DEFINITION('DESCRIPTION','user defined attribute',#9106);
#9113=REPRESENTATION('',(#9112),#9097);
#9114=PROPERTY_DEFINITION_REPRESENTATION(#9109,#9113);
#9115=PROPERTY_DEFINITION('MODELED_BY','user defined attribute',#9106);
#9119=REPRESENTATION('',(#9118),#9097);
#9120=PROPERTY_DEFINITION_REPRESENTATION(#9115,#9119);
#9121=PROPERTY_DEFINITION('REV','user defined attribute',#9106);
#9125=REPRESENTATION('',(#9124),#9097);
#9126=PROPERTY_DEFINITION_REPRESENTATION(#9121,#9125);
#9127=PROPERTY_DEFINITION('TITLE','user defined attribute',#9106);
#9130=PROPERTY_DEFINITION('DWG_NO','user defined attribute',#9106);
#9134=REPRESENTATION('',(#9133),#9097);
#9135=PROPERTY_DEFINITION_REPRESENTATION(#9130,#9134);
#9136=PROPERTY_DEFINITION('AUTHOR','user defined attribute',#9106);
#9140=REPRESENTATION('',(#9139),#9097);
#9141=PROPERTY_DEFINITION_REPRESENTATION(#9136,#9140);
#9142=PROPERTY_DEFINITION('DATE','user defined attribute',#9106);
#9146=REPRESENTATION('',(#9145),#9097);
#9147=PROPERTY_DEFINITION_REPRESENTATION(#9142,#9146);
#9148=PROPERTY_DEFINITION('DESIGNER','user defined attribute',#9106);
#9152=REPRESENTATION('',(#9151),#9097);
#9153=PROPERTY_DEFINITION_REPRESENTATION(#9148,#9152);
#9154=PROPERTY_DEFINITION('DES_DATE','user defined attribute',#9106);
#9158=REPRESENTATION('',(#9157),#9097);
#9159=PROPERTY_DEFINITION_REPRESENTATION(#9154,#9158);
#9160=PROPERTY_DEFINITION('DCHK','user defined attribute',#9106);
#9164=REPRESENTATION('',(#9163),#9097);
#9165=PROPERTY_DEFINITION_REPRESENTATION(#9160,#9164);
#9166=PROPERTY_DEFINITION('DCHK_DATE','user defined attribute',#9106);
#9170=REPRESENTATION('',(#9169),#9097);
#9171=PROPERTY_DEFINITION_REPRESENTATION(#9166,#9170);
#9172=PROPERTY_DEFINITION('ECHK','user defined attribute',#9106);
#9176=REPRESENTATION('',(#9175),#9097);
#9177=PROPERTY_DEFINITION_REPRESENTATION(#9172,#9176);
#9178=PROPERTY_DEFINITION('ECHK_DATE','user defined attribute',#9106);
#9182=REPRESENTATION('',(#9181),#9097);
#9183=PROPERTY_DEFINITION_REPRESENTATION(#9178,#9182);
#9184=PROPERTY_DEFINITION('APPROVER','user defined attribute',#9106);
#9188=REPRESENTATION('',(#9187),#9097);
#9189=PROPERTY_DEFINITION_REPRESENTATION(#9184,#9188);
#9190=PROPERTY_DEFINITION('APP_DATE','user defined attribute',#9106);
#9194=REPRESENTATION('',(#9193),#9097);
#9195=PROPERTY_DEFINITION_REPRESENTATION(#9190,#9194);
#9196=PROPERTY_DEFINITION('RELEASED','user defined attribute',#9106);
#9200=REPRESENTATION('',(#9199),#9097);
#9201=PROPERTY_DEFINITION_REPRESENTATION(#9196,#9200);
#9202=PROPERTY_DEFINITION('REL_DATE','user defined attribute',#9106);
#9206=REPRESENTATION('',(#9205),#9097);
#9207=PROPERTY_DEFINITION_REPRESENTATION(#9202,#9206);
#9208=PROPERTY_DEFINITION('ASSY1','user defined attribute',#9106);
#9212=REPRESENTATION('',(#9211),#9097);
#9213=PROPERTY_DEFINITION_REPRESENTATION(#9208,#9212);
#9214=PROPERTY_DEFINITION('ASSY2','user defined attribute',#9106);
#9218=REPRESENTATION('',(#9217),#9097);
#9219=PROPERTY_DEFINITION_REPRESENTATION(#9214,#9218);
#9220=PROPERTY_DEFINITION('ASSY3','user defined attribute',#9106);
#9224=REPRESENTATION('',(#9223),#9097);
#9225=PROPERTY_DEFINITION_REPRESENTATION(#9220,#9224);
#9226=PROPERTY_DEFINITION('ASSY4','user defined attribute',#9106);
#9230=REPRESENTATION('',(#9229),#9097);
#9231=PROPERTY_DEFINITION_REPRESENTATION(#9226,#9230);
#9232=PROPERTY_DEFINITION('MATERIAL','user defined attribute',#9106);
#9235=PROPERTY_DEFINITION('PROCESSES','user defined attribute',#9106);
#9238=PROPERTY_DEFINITION('TOLX_MM','user defined attribute',#9106);
#9242=REPRESENTATION('',(#9241),#9097);
#9243=PROPERTY_DEFINITION_REPRESENTATION(#9238,#9242);
#9244=PROPERTY_DEFINITION('TOLXX_MM','user defined attribute',#9106);
#9248=REPRESENTATION('',(#9247),#9097);
#9249=PROPERTY_DEFINITION_REPRESENTATION(#9244,#9248);
#9250=PROPERTY_DEFINITION('TOLXXX_MM','user defined attribute',#9106);
#9254=REPRESENTATION('',(#9253),#9097);
#9255=PROPERTY_DEFINITION_REPRESENTATION(#9250,#9254);
#9256=PROPERTY_DEFINITION('TOLX_IN','user defined attribute',#9106);
#9260=REPRESENTATION('',(#9259),#9097);
#9261=PROPERTY_DEFINITION_REPRESENTATION(#9256,#9260);
#9262=PROPERTY_DEFINITION('TOLXX_IN','user defined attribute',#9106);
#9266=REPRESENTATION('',(#9265),#9097);
#9267=PROPERTY_DEFINITION_REPRESENTATION(#9262,#9266);
#9268=PROPERTY_DEFINITION('TOLXXX_IN','user defined attribute',#9106);
#9272=REPRESENTATION('',(#9271),#9097);
#9273=PROPERTY_DEFINITION_REPRESENTATION(#9268,#9272);
#9274=PROPERTY_DEFINITION('TOLXXXX_IN','user defined attribute',#9106);
#9278=REPRESENTATION('',(#9277),#9097);
#9279=PROPERTY_DEFINITION_REPRESENTATION(#9274,#9278);
#9280=NEXT_ASSEMBLY_USAGE_OCCURRENCE('234','Next assembly relationship',
'PIN1_AREA',#9305,#9106,$);
#9281=PRODUCT_DEFINITION_SHAPE('Placement #234',
'Placement of PIN1_AREA with respect to ZEZ0201A_ASM',#9280);
#9289=(LENGTH_UNIT()NAMED_UNIT(*)SI_UNIT(.MILLI.,.METRE.));
#9290=(NAMED_UNIT(*)PLANE_ANGLE_UNIT()SI_UNIT($,.RADIAN.));
#9293=(NAMED_UNIT(*)SI_UNIT($,.STERADIAN.)SOLID_ANGLE_UNIT());
#9295=(GEOMETRIC_REPRESENTATION_CONTEXT(3)GLOBAL_UNCERTAINTY_ASSIGNED_CONTEXT((
#9294))GLOBAL_UNIT_ASSIGNED_CONTEXT((#9289,#9292,#9293))REPRESENTATION_CONTEXT(
'ID55','3'));
#9299=AXIS2_PLACEMENT_3D('',#9296,#9297,#9298);
#9305=PRODUCT_DEFINITION('part definition','',#9304,#9301);
#9306=(LENGTH_UNIT()NAMED_UNIT(*)SI_UNIT(.MILLI.,.METRE.));
#9310=PROPERTY_DEFINITION('geometric validation property',
'area of ZEZ0201A_ASM',#315);
#9311=REPRESENTATION('surface area',(#9309),#9295);
#9312=PROPERTY_DEFINITION_REPRESENTATION(#9310,#9311);
#9313=(LENGTH_UNIT()NAMED_UNIT(*)SI_UNIT(.MILLI.,.METRE.));
#9317=PROPERTY_DEFINITION('geometric validation property',
'volume of ZEZ0201A_ASM',#315);
#9318=REPRESENTATION('volume',(#9316),#9295);
#9319=PROPERTY_DEFINITION_REPRESENTATION(#9317,#9318);
#9321=PROPERTY_DEFINITION('geometric validation property',
'centroid of ZEZ0201A_ASM',#315);
#9322=REPRESENTATION('centroid',(#9320),#9295);
#9323=PROPERTY_DEFINITION_REPRESENTATION(#9321,#9322);
#9325=PROPERTY_DEFINITION('DESCRIPTION','user defined attribute',#9305);
#9329=REPRESENTATION('',(#9328),#9295);
#9330=PROPERTY_DEFINITION_REPRESENTATION(#9325,#9329);
#9331=PROPERTY_DEFINITION('MODELED_BY','user defined attribute',#9305);
#9335=REPRESENTATION('',(#9334),#9295);
#9336=PROPERTY_DEFINITION_REPRESENTATION(#9331,#9335);
#9337=PROPERTY_DEFINITION('REV','user defined attribute',#9305);
#9341=REPRESENTATION('',(#9340),#9295);
#9342=PROPERTY_DEFINITION_REPRESENTATION(#9337,#9341);
#9343=PROPERTY_DEFINITION('TITLE','user defined attribute',#9305);
#9346=PROPERTY_DEFINITION('DWG_NO','user defined attribute',#9305);
#9350=REPRESENTATION('',(#9349),#9295);
#9351=PROPERTY_DEFINITION_REPRESENTATION(#9346,#9350);
#9352=PROPERTY_DEFINITION('AUTHOR','user defined attribute',#9305);
#9356=REPRESENTATION('',(#9355),#9295);
#9357=PROPERTY_DEFINITION_REPRESENTATION(#9352,#9356);
#9358=PROPERTY_DEFINITION('DATE','user defined attribute',#9305);
#9362=REPRESENTATION('',(#9361),#9295);
#9363=PROPERTY_DEFINITION_REPRESENTATION(#9358,#9362);
#9364=PROPERTY_DEFINITION('DESIGNER','user defined attribute',#9305);
#9368=REPRESENTATION('',(#9367),#9295);
#9369=PROPERTY_DEFINITION_REPRESENTATION(#9364,#9368);
#9370=PROPERTY_DEFINITION('DES_DATE','user defined attribute',#9305);
#9374=REPRESENTATION('',(#9373),#9295);
#9375=PROPERTY_DEFINITION_REPRESENTATION(#9370,#9374);
#9376=PROPERTY_DEFINITION('DCHK','user defined attribute',#9305);
#9380=REPRESENTATION('',(#9379),#9295);
#9381=PROPERTY_DEFINITION_REPRESENTATION(#9376,#9380);
#9382=PROPERTY_DEFINITION('DCHK_DATE','user defined attribute',#9305);
#9386=REPRESENTATION('',(#9385),#9295);
#9387=PROPERTY_DEFINITION_REPRESENTATION(#9382,#9386);
#9388=PROPERTY_DEFINITION('ECHK','user defined attribute',#9305);
#9392=REPRESENTATION('',(#9391),#9295);
#9393=PROPERTY_DEFINITION_REPRESENTATION(#9388,#9392);
#9394=PROPERTY_DEFINITION('ECHK_DATE','user defined attribute',#9305);
#9398=REPRESENTATION('',(#9397),#9295);
#9399=PROPERTY_DEFINITION_REPRESENTATION(#9394,#9398);
#9400=PROPERTY_DEFINITION('APPROVER','user defined attribute',#9305);
#9404=REPRESENTATION('',(#9403),#9295);
#9405=PROPERTY_DEFINITION_REPRESENTATION(#9400,#9404);
#9406=PROPERTY_DEFINITION('APP_DATE','user defined attribute',#9305);
#9410=REPRESENTATION('',(#9409),#9295);
#9411=PROPERTY_DEFINITION_REPRESENTATION(#9406,#9410);
#9412=PROPERTY_DEFINITION('RELEASED','user defined attribute',#9305);
#9416=REPRESENTATION('',(#9415),#9295);
#9417=PROPERTY_DEFINITION_REPRESENTATION(#9412,#9416);
#9418=PROPERTY_DEFINITION('REL_DATE','user defined attribute',#9305);
#9422=REPRESENTATION('',(#9421),#9295);
#9423=PROPERTY_DEFINITION_REPRESENTATION(#9418,#9422);
#9424=PROPERTY_DEFINITION('DESG','user defined attribute',#9305);
#9428=REPRESENTATION('',(#9427),#9295);
#9429=PROPERTY_DEFINITION_REPRESENTATION(#9424,#9428);
#9430=PROPERTY_DEFINITION('INDUSTRY_NAME','user defined attribute',#9305);
#9434=REPRESENTATION('',(#9433),#9295);
#9435=PROPERTY_DEFINITION_REPRESENTATION(#9430,#9434);
#9436=PROPERTY_DEFINITION('TI_PACKAGE_NAME','user defined attribute',#9305);
#9440=REPRESENTATION('',(#9439),#9295);
#9441=PROPERTY_DEFINITION_REPRESENTATION(#9436,#9440);
#9442=PROPERTY_DEFINITION('BALL_COUNT','user defined attribute',#9305);
#9446=REPRESENTATION('',(#9445),#9295);
#9447=PROPERTY_DEFINITION_REPRESENTATION(#9442,#9446);
#9449=REPRESENTATION('',(#9448),#9295);
#9450=PROPERTY_DEFINITION('attribute type designation','Integer',#9443);
#9451=PROPERTY_DEFINITION_REPRESENTATION(#9450,#9449);
#9452=PROPERTY_DEFINITION('PITCH','user defined attribute',#9305);
#9456=REPRESENTATION('',(#9455),#9295);
#9457=PROPERTY_DEFINITION_REPRESENTATION(#9452,#9456);
#9458=PROPERTY_DEFINITION('MAX_PKG_HEIGHT','user defined attribute',#9305);
#9462=REPRESENTATION('',(#9461),#9295);
#9463=PROPERTY_DEFINITION_REPRESENTATION(#9458,#9462);
#9465=REPRESENTATION('',(#9464),#9295);
#9466=PROPERTY_DEFINITION('attribute type designation','Real Number',#9459);
#9467=PROPERTY_DEFINITION_REPRESENTATION(#9466,#9465);
#9468=PROPERTY_DEFINITION('STENCIL_OPENING','user defined attribute',#9305);
#9472=REPRESENTATION('',(#9471),#9295);
#9473=PROPERTY_DEFINITION_REPRESENTATION(#9468,#9472);
#9475=REPRESENTATION('',(#9474),#9295);
#9476=PROPERTY_DEFINITION('attribute type designation','Real Number',#9469);
#9477=PROPERTY_DEFINITION_REPRESENTATION(#9476,#9475);
#9478=PROPERTY_DEFINITION('FOOTPRINT_PAD','user defined attribute',#9305);
#9482=REPRESENTATION('',(#9481),#9295);
#9483=PROPERTY_DEFINITION_REPRESENTATION(#9478,#9482);
#9485=REPRESENTATION('',(#9484),#9295);
#9486=PROPERTY_DEFINITION('attribute type designation','Real Number',#9479);
#9487=PROPERTY_DEFINITION_REPRESENTATION(#9486,#9485);
#9488=PROPERTY_DEFINITION('FOOTPRINT_PAD_DIA','user defined attribute',#9305);
#9492=REPRESENTATION('',(#9491),#9295);
#9493=PROPERTY_DEFINITION_REPRESENTATION(#9488,#9492);
#9495=REPRESENTATION('',(#9494),#9295);
#9496=PROPERTY_DEFINITION('attribute type designation','Real Number',#9489);
#9497=PROPERTY_DEFINITION_REPRESENTATION(#9496,#9495);
#9498=PROPERTY_DEFINITION('D','user defined attribute',#9305);
#9502=REPRESENTATION('',(#9501),#9295);
#9503=PROPERTY_DEFINITION_REPRESENTATION(#9498,#9502);
#9505=REPRESENTATION('',(#9504),#9295);
#9506=PROPERTY_DEFINITION('attribute type designation','Real Number',#9499);
#9507=PROPERTY_DEFINITION_REPRESENTATION(#9506,#9505);
#9508=PROPERTY_DEFINITION('E','user defined attribute',#9305);
#9512=REPRESENTATION('',(#9511),#9295);
#9513=PROPERTY_DEFINITION_REPRESENTATION(#9508,#9512);
#9515=REPRESENTATION('',(#9514),#9295);
#9516=PROPERTY_DEFINITION('attribute type designation','Real Number',#9509);
#9517=PROPERTY_DEFINITION_REPRESENTATION(#9516,#9515);
#9518=PROPERTY_DEFINITION('PKG_NAME','user defined attribute',#9305);
#9522=REPRESENTATION('',(#9521),#9295);
#9523=PROPERTY_DEFINITION_REPRESENTATION(#9518,#9522);
#9524=PROPERTY_DEFINITION('MM_YYYY','user defined attribute',#9305);
#9528=REPRESENTATION('',(#9527),#9295);
#9529=PROPERTY_DEFINITION_REPRESENTATION(#9524,#9528);
#9530=PROPERTY_DEFINITION('A_MAX','user defined attribute',#9305);
#9534=REPRESENTATION('',(#9533),#9295);
#9535=PROPERTY_DEFINITION_REPRESENTATION(#9530,#9534);
#9537=REPRESENTATION('',(#9536),#9295);
#9538=PROPERTY_DEFINITION('attribute type designation','Real Number',#9531);
#9539=PROPERTY_DEFINITION_REPRESENTATION(#9538,#9537);
ENDSEC;
END-ISO-10303-21;
