ISO-10303-21;
HEADER;
FILE_DESCRIPTION (( 'STEP AP214' ),
    '1' );
FILE_NAME ('SST-10-UV-A130-G385-00.STEP',
    '2024-02-22T21:26:18',
    ( '' ),
    ( '' ),
    'SwSTEP 2.0',
    'SolidWorks 2021',
    '' );
FILE_SCHEMA (( 'AUTOMOTIVE_DESIGN' ));
ENDSEC;

DATA;
#1 = DIRECTION ( 'NONE',  ( -1.155264364861563110E-16, -1.000000000000000000, -1.224646799147353454E-16 ) ) ;
#2 = DIRECTION ( 'NONE',  ( -7.238338640139153906E-19, -1.000000000000000000, -2.589714009811204974E-16 ) ) ;
#3 = DIRECTION ( 'NONE',  ( 4.857225732735217637E-17, 7.030606108311833107E-16, -1.000000000000000000 ) ) ;
#4 = EDGE_LOOP ( 'NONE', ( #2163, #2904, #1061, #1820 ) ) ;
#5 = ORIENTED_EDGE ( 'NONE', *, *, #2442, .T. ) ;
#6 = PLANE ( 'NONE',  #3103 ) ;
#7 = DIRECTION ( 'NONE',  ( 0.000000000000000000, 0.000000000000000000, 1.000000000000000000 ) ) ;
#8 = FILL_AREA_STYLE ('',( #2170 ) ) ;
#9 = STYLED_ITEM ( 'NONE', ( #1611 ), #2207 ) ;
#10 = VECTOR ( 'NONE', #1878, 1000.000000000000000 ) ;
#11 = ORIENTED_EDGE ( 'NONE', *, *, #3179, .F. ) ;
#12 =( GEOMETRIC_REPRESENTATION_CONTEXT ( 3 ) GLOBAL_UNCERTAINTY_ASSIGNED_CONTEXT ( ( #346 ) ) GLOBAL_UNIT_ASSIGNED_CONTEXT ( ( #1853, #2840, #1702 ) ) REPRESENTATION_CONTEXT ( 'NONE', 'WORKASPACE' ) );
#13 = EDGE_LOOP ( 'NONE', ( #2755, #106 ) ) ;
#14 = SURFACE_STYLE_FILL_AREA ( #1755 ) ;
#15 = EDGE_CURVE ( 'NONE', #1497, #473, #2297, .T. ) ;
#16 = CARTESIAN_POINT ( 'NONE',  ( 0.5319100000000011041, 0.6806000000000010930, -0.4123599999999993937 ) ) ;
#17 =( GEOMETRIC_REPRESENTATION_CONTEXT ( 3 ) GLOBAL_UNCERTAINTY_ASSIGNED_CONTEXT ( ( #1783 ) ) GLOBAL_UNIT_ASSIGNED_CONTEXT ( ( #1706, #1949, #494 ) ) REPRESENTATION_CONTEXT ( 'NONE', 'WORKASPACE' ) );
#18 = DIRECTION ( 'NONE',  ( 0.000000000000000000, 0.000000000000000000, 1.000000000000000000 ) ) ;
#19 = DIRECTION ( 'NONE',  ( -7.238338640139153906E-19, -1.000000000000000000, -2.589714009811204974E-16 ) ) ;
#20 = VERTEX_POINT ( 'NONE', #1924 ) ;
#21 = VERTEX_POINT ( 'NONE', #2920 ) ;
#22 = CARTESIAN_POINT ( 'NONE',  ( 0.4119100000000007755, 0.6906000000000011019, -0.5323599999999997223 ) ) ;
#23 = ADVANCED_FACE ( 'NONE', ( #2671 ), #1449, .F. ) ;
#24 = COLOUR_RGB ( '',0.9686274509803921573, 0.8784313725490195957, 0.5999999999999999778 ) ;
#25 = AXIS2_PLACEMENT_3D ( 'NONE', #931, #1928, #714 ) ;
#26 = VERTEX_POINT ( 'NONE', #2038 ) ;
#27 = ORIENTED_EDGE ( 'NONE', *, *, #2339, .T. ) ;
#28 = FACE_BOUND ( 'NONE', #2542, .T. ) ;
#29 = PLANE ( 'NONE',  #2075 ) ;
#30 = DIRECTION ( 'NONE',  ( -7.238338640139153906E-19, -1.000000000000000000, -2.589714009811204974E-16 ) ) ;
#31 = DIRECTION ( 'NONE',  ( -4.857225732735217637E-17, -7.030606108311833107E-16, 1.000000000000000000 ) ) ;
#32 = ORIENTED_EDGE ( 'NONE', *, *, #1514, .F. ) ;
#33 = VECTOR ( 'NONE', #476, 1000.000000000000000 ) ;
#34 = ORIENTED_EDGE ( 'NONE', *, *, #2358, .T. ) ;
#35 = SURFACE_STYLE_FILL_AREA ( #1548 ) ;
#36 = AXIS2_PLACEMENT_3D ( 'NONE', #1622, #1405, #2830 ) ;
#37 = AXIS2_PLACEMENT_3D ( 'NONE', #1326, #137, #112 ) ;
#38 = FACE_OUTER_BOUND ( 'NONE', #1310, .T. ) ;
#39 = EDGE_CURVE ( 'NONE', #2431, #2780, #613, .T. ) ;
#40 = EDGE_CURVE ( 'NONE', #803, #302, #1476, .T. ) ;
#41 = ORIENTED_EDGE ( 'NONE', *, *, #2049, .F. ) ;
#42 = CIRCLE ( 'NONE', #449, 0.03350000000000000200 ) ;
#43 = EDGE_LOOP ( 'NONE', ( #1661, #1547, #1752, #1050 ) ) ;
#44 = SURFACE_SIDE_STYLE ('',( #2236 ) ) ;
#45 = DIRECTION ( 'NONE',  ( 1.000000000000000000, -1.365067210663851027E-16, 4.857225732735385886E-17 ) ) ;
#46 = DIRECTION ( 'NONE',  ( 0.000000000000000000, 0.000000000000000000, 1.000000000000000000 ) ) ;
#47 = SURFACE_STYLE_FILL_AREA ( #274 ) ;
#48 = VERTEX_POINT ( 'NONE', #2753 ) ;
#49 = ORIENTED_EDGE ( 'NONE', *, *, #1159, .T. ) ;
#50 = DIRECTION ( 'NONE',  ( -4.857225732735217637E-17, -7.030606108311833107E-16, 1.000000000000000000 ) ) ;
#51 = PRESENTATION_LAYER_ASSIGNMENT (  '', '', ( #1026 ) ) ;
#52 = DIRECTION ( 'NONE',  ( 0.000000000000000000, 0.000000000000000000, 1.000000000000000000 ) ) ;
#53 = SURFACE_STYLE_FILL_AREA ( #342 ) ;
#54 = AXIS2_PLACEMENT_3D ( 'NONE', #2402, #656, #1626 ) ;
#55 = AXIS2_PLACEMENT_3D ( 'NONE', #462, #1446, #1477 ) ;
#56 = VERTEX_POINT ( 'NONE', #1785 ) ;
#57 = EDGE_CURVE ( 'NONE', #250, #1834, #2571, .T. ) ;
#58 = ORIENTED_EDGE ( 'NONE', *, *, #3126, .F. ) ;
#59 = DIRECTION ( 'NONE',  ( -1.000000000000000000, 6.195617382138163073E-17, -4.857225732735218869E-17 ) ) ;
#60 = DIRECTION ( 'NONE',  ( -4.857225732735220102E-17, -7.030606108311833107E-16, 1.000000000000000000 ) ) ;
#61 =( GEOMETRIC_REPRESENTATION_CONTEXT ( 3 ) GLOBAL_UNCERTAINTY_ASSIGNED_CONTEXT ( ( #1566 ) ) GLOBAL_UNIT_ASSIGNED_CONTEXT ( ( #1911, #1399, #2393 ) ) REPRESENTATION_CONTEXT ( 'NONE', 'WORKASPACE' ) );
#62 = EDGE_CURVE ( 'NONE', #2354, #26, #374, .T. ) ;
#63 = CARTESIAN_POINT ( 'NONE',  ( 0.5319100000000011041, 0.6806000000000005379, 0.4123599999999998378 ) ) ;
#64 = LINE ( 'NONE', #2260, #1683 ) ;
#65 = ORIENTED_EDGE ( 'NONE', *, *, #3099, .F. ) ;
#66 = ORIENTED_EDGE ( 'NONE', *, *, #40, .F. ) ;
#67 = PLANE ( 'NONE',  #2274 ) ;
#68 = ADVANCED_FACE ( 'NONE', ( #1349 ), #2803, .F. ) ;
#69 = DIRECTION ( 'NONE',  ( -1.000000000000000000, 1.365067210663851027E-16, -4.857225732735385886E-17 ) ) ;
#70 = MECHANICAL_DESIGN_GEOMETRIC_PRESENTATION_REPRESENTATION (  '', ( #1958 ), #1808 ) ;
#71 = SURFACE_SIDE_STYLE ('',( #2336 ) ) ;
#72 = ORIENTED_EDGE ( 'NONE', *, *, #2893, .F. ) ;
#73 =( GEOMETRIC_REPRESENTATION_CONTEXT ( 3 ) GLOBAL_UNCERTAINTY_ASSIGNED_CONTEXT ( ( #727 ) ) GLOBAL_UNIT_ASSIGNED_CONTEXT ( ( #2244, #2002, #1470 ) ) REPRESENTATION_CONTEXT ( 'NONE', 'WORKASPACE' ) );
#74 = VECTOR ( 'NONE', #214, 1000.000000000000000 ) ;
#75 = VERTEX_POINT ( 'NONE', #581 ) ;
#76 = CARTESIAN_POINT ( 'NONE',  ( 2.900000000143076757E-05, 0.6836000000000006516, 0.2334329000000008869 ) ) ;
#77 = CARTESIAN_POINT ( 'NONE',  ( 1.150000000000001021, 1.723486626569437137E-15, -1.624999999999998890 ) ) ;
#78 = ADVANCED_FACE ( 'NONE', ( #3023 ), #2053, .T. ) ;
#79 = EDGE_CURVE ( 'NONE', #118, #641, #2624, .T. ) ;
#80 =( GEOMETRIC_REPRESENTATION_CONTEXT ( 3 ) GLOBAL_UNCERTAINTY_ASSIGNED_CONTEXT ( ( #696 ) ) GLOBAL_UNIT_ASSIGNED_CONTEXT ( ( #145, #2787, #378 ) ) REPRESENTATION_CONTEXT ( 'NONE', 'WORKASPACE' ) );
#81 = EDGE_LOOP ( 'NONE', ( #1448, #1897 ) ) ;
#82 = ORIENTED_EDGE ( 'NONE', *, *, #2396, .T. ) ;
#83 = LINE ( 'NONE', #1277, #525 ) ;
#84 = CARTESIAN_POINT ( 'NONE',  ( 1.084202172485504434E-15, 0.6806000000000007599, 1.101834757250349120E-15 ) ) ;
#85 = DIRECTION ( 'NONE',  ( 1.000000000000000000, -1.365067210663851027E-16, 4.857225732735385886E-17 ) ) ;
#86 = EDGE_CURVE ( 'NONE', #1999, #484, #1604, .T. ) ;
#87 = ORIENTED_EDGE ( 'NONE', *, *, #2593, .T. ) ;
#88 = EDGE_CURVE ( 'NONE', #1335, #1942, #2882, .T. ) ;
#89 = VECTOR ( 'NONE', #126, 1000.000000000000000 ) ;
#90 = CARTESIAN_POINT ( 'NONE',  ( 2.899999999969604409E-05, 0.6836000000000004295, 0.4334328999999996213 ) ) ;
#91 = COLOUR_RGB ( '',0.5019607843137254832, 0.5019607843137254832, 0.5019607843137254832 ) ;
#92 = ORIENTED_EDGE ( 'NONE', *, *, #658, .T. ) ;
#93 = PLANE ( 'NONE',  #676 ) ;
#94 = ADVANCED_FACE ( 'NONE', ( #675 ), #3109, .F. ) ;
#95 = LINE ( 'NONE', #77, #2006 ) ;
#96 = LINE ( 'NONE', #1544, #1848 ) ;
#97 = CARTESIAN_POINT ( 'NONE',  ( 0.6500000000000005773, 0.05000000000000186240, -1.625000000000000666 ) ) ;
#98 = ORIENTED_EDGE ( 'NONE', *, *, #294, .F. ) ;
#99 = CARTESIAN_POINT ( 'NONE',  ( -1.149999999999998801, 0.05000000000000186240, -1.625000000000000666 ) ) ;
#100 = ORIENTED_EDGE ( 'NONE', *, *, #134, .F. ) ;
#101 = DIRECTION ( 'NONE',  ( -7.238338640139153906E-19, -1.000000000000000000, -2.589714009811204974E-16 ) ) ;
#102 = CARTESIAN_POINT ( 'NONE',  ( 0.5240000000000012426, 0.6836000000000005405, 0.3794400000000010542 ) ) ;
#103 = EDGE_LOOP ( 'NONE', ( #2914, #802, #497, #1565 ) ) ;
#104 = CIRCLE ( 'NONE', #2670, 0.02250000000000000611 ) ;
#105 = AXIS2_PLACEMENT_3D ( 'NONE', #260, #761, #1731 ) ;
#106 = ORIENTED_EDGE ( 'NONE', *, *, #1739, .F. ) ;
#107 = CARTESIAN_POINT ( 'NONE',  ( 0.4000290000000007451, 0.6836000000000009846, -0.2335671000000019149 ) ) ;
#108 = SURFACE_SIDE_STYLE ('',( #1355 ) ) ;
#109 = CARTESIAN_POINT ( 'NONE',  ( 0.4242000000000006876, 0.6806000000000005379, 0.4019400000000010187 ) ) ;
#110 =( NAMED_UNIT ( * ) SI_UNIT ( $, .STERADIAN. ) SOLID_ANGLE_UNIT ( ) );
#111 = STYLED_ITEM ( 'NONE', ( #939 ), #1822 ) ;
#112 = DIRECTION ( 'NONE',  ( -4.859377449266741344E-17, 0.000000000000000000, 1.000000000000000000 ) ) ;
#113 = EDGE_LOOP ( 'NONE', ( #1052, #2319 ) ) ;
#114 = FACE_OUTER_BOUND ( 'NONE', #2762, .T. ) ;
#115 =( NAMED_UNIT ( * ) PLANE_ANGLE_UNIT ( ) SI_UNIT ( $, .RADIAN. ) );
#116 = VECTOR ( 'NONE', #1071, 1000.000000000000000 ) ;
#117 = DIRECTION ( 'NONE',  ( -1.000000000000000000, 1.155264364861556454E-16, 9.130123557772677948E-16 ) ) ;
#118 = VERTEX_POINT ( 'NONE', #2853 ) ;
#119 = STYLED_ITEM ( 'NONE', ( #1499 ), #2739 ) ;
#120 = FILL_AREA_STYLE_COLOUR ( '', #2594 ) ;
#121 = CIRCLE ( 'NONE', #785, 0.03350000000000000200 ) ;
#122 = CARTESIAN_POINT ( 'NONE',  ( 2.900000000143076757E-05, 0.6836000000000007626, 0.03343289999999860679 ) ) ;
#123 = DIRECTION ( 'NONE',  ( -7.238338640139153906E-19, -1.000000000000000000, -2.589714009811204974E-16 ) ) ;
#124 = EDGE_CURVE ( 'NONE', #1210, #1093, #2082, .T. ) ;
#125 = LINE ( 'NONE', #384, #1835 ) ;
#126 = DIRECTION ( 'NONE',  ( -7.238338640139153906E-19, -1.000000000000000000, -2.589714009811204974E-16 ) ) ;
#127 = CARTESIAN_POINT ( 'NONE',  ( 0.2000290000000002344, 0.6836000000000010957, -0.4335670999999989839 ) ) ;
#128 = PLANE ( 'NONE',  #2290 ) ;
#129 = ORIENTED_EDGE ( 'NONE', *, *, #2239, .T. ) ;
#130 = STYLED_ITEM ( 'NONE', ( #3039 ), #1526 ) ;
#131 = CARTESIAN_POINT ( 'NONE',  ( 0.4119100000000007755, 0.6906000000000011019, -0.5323599999999997223 ) ) ;
#132 =( NAMED_UNIT ( * ) PLANE_ANGLE_UNIT ( ) SI_UNIT ( $, .RADIAN. ) );
#133 = ORIENTED_EDGE ( 'NONE', *, *, #1558, .T. ) ;
#134 = EDGE_CURVE ( 'NONE', #282, #2281, #1850, .T. ) ;
#135 = CARTESIAN_POINT ( 'NONE',  ( -0.6500000000000001332, -3.458106484150488452E-16, 1.625000000000000666 ) ) ;
#136 = DIRECTION ( 'NONE',  ( -1.365067210663851027E-16, -1.000000000000000000, -1.217408460507213380E-16 ) ) ;
#137 = DIRECTION ( 'NONE',  ( -7.238338640139153906E-19, -1.000000000000000000, -2.589714009811204974E-16 ) ) ;
#138 = COLOUR_RGB ( '',1.000000000000000000, 1.000000000000000000, 1.000000000000000000 ) ;
#139 = ORIENTED_EDGE ( 'NONE', *, *, #1972, .F. ) ;
#140 = SURFACE_SIDE_STYLE ('',( #871 ) ) ;
#141 = DIRECTION ( 'NONE',  ( -4.857225732735386502E-17, -1.217408460507213380E-16, 1.000000000000000000 ) ) ;
#142 = LINE ( 'NONE', #1413, #1630 ) ;
#143 = CARTESIAN_POINT ( 'NONE',  ( 1.625000000000000888, 0.04999999999999955869, 1.625000000000000666 ) ) ;
#144 = ORIENTED_EDGE ( 'NONE', *, *, #2829, .F. ) ;
#145 =( LENGTH_UNIT ( ) NAMED_UNIT ( * ) SI_UNIT ( .MILLI., .METRE. ) );
#146 = PRESENTATION_STYLE_ASSIGNMENT (( #2809 ) ) ;
#147 = CARTESIAN_POINT ( 'NONE',  ( -0.6500000000000001332, -3.458106484150488452E-16, 1.625000000000000666 ) ) ;
#148 = AXIS2_PLACEMENT_3D ( 'NONE', #2417, #719, #447 ) ;
#149 = EDGE_CURVE ( 'NONE', #2243, #1942, #2388, .T. ) ;
#150 = LINE ( 'NONE', #1136, #1315 ) ;
#151 = CARTESIAN_POINT ( 'NONE',  ( -1.724999999999999645, 0.04999999999999950318, 1.724999999999999867 ) ) ;
#152 = ORIENTED_EDGE ( 'NONE', *, *, #1759, .F. ) ;
#153 = COLOUR_RGB ( '',0.9686274509803921573, 0.8784313725490195957, 0.5999999999999999778 ) ;
#154 =( GEOMETRIC_REPRESENTATION_CONTEXT ( 3 ) GLOBAL_UNCERTAINTY_ASSIGNED_CONTEXT ( ( #1147 ) ) GLOBAL_UNIT_ASSIGNED_CONTEXT ( ( #1251, #1518, #1956 ) ) REPRESENTATION_CONTEXT ( 'NONE', 'WORKASPACE' ) );
#155 = DIRECTION ( 'NONE',  ( -4.857225732735217637E-17, -7.030606108311833107E-16, 1.000000000000000000 ) ) ;
#156 = CARTESIAN_POINT ( 'NONE',  ( 0.2000290000000002344, 0.6836000000000008736, -0.2335671000000019426 ) ) ;
#157 = DIRECTION ( 'NONE',  ( 1.000000000000000000, -7.238338640139361907E-19, 4.857225732735220102E-17 ) ) ;
#158 = PLANE ( 'NONE',  #2134 ) ;
#159 = ORIENTED_EDGE ( 'NONE', *, *, #2829, .T. ) ;
#160 = DIRECTION ( 'NONE',  ( -1.000000000000000000, 7.238338640137788422E-19, 1.856725676668152869E-16 ) ) ;
#161 =( GEOMETRIC_REPRESENTATION_CONTEXT ( 3 ) GLOBAL_UNCERTAINTY_ASSIGNED_CONTEXT ( ( #3021 ) ) GLOBAL_UNIT_ASSIGNED_CONTEXT ( ( #1748, #3020, #280 ) ) REPRESENTATION_CONTEXT ( 'NONE', 'WORKASPACE' ) );
#162 = ORIENTED_EDGE ( 'NONE', *, *, #2588, .T. ) ;
#163 = DIRECTION ( 'NONE',  ( 7.238338640139153906E-19, 1.000000000000000000, 2.589714009811204974E-16 ) ) ;
#164 = ADVANCED_FACE ( 'NONE', ( #1380 ), #158, .T. ) ;
#165 = CARTESIAN_POINT ( 'NONE',  ( 1.084202172485504434E-15, 0.4300000000000006595, 1.015500730469503486E-15 ) ) ;
#166 = CARTESIAN_POINT ( 'NONE',  ( -0.3999709999999996324, 0.6836000000000008736, -6.709999999966090691E-05 ) ) ;
#167 =( GEOMETRIC_REPRESENTATION_CONTEXT ( 3 ) GLOBAL_UNCERTAINTY_ASSIGNED_CONTEXT ( ( #2689 ) ) GLOBAL_UNIT_ASSIGNED_CONTEXT ( ( #1815, #3049, #2815 ) ) REPRESENTATION_CONTEXT ( 'NONE', 'WORKASPACE' ) );
#168 = EDGE_LOOP ( 'NONE', ( #664, #2736, #1778, #3095 ) ) ;
#169 = EDGE_CURVE ( 'NONE', #2718, #922, #2372, .T. ) ;
#170 =( LENGTH_UNIT ( ) NAMED_UNIT ( * ) SI_UNIT ( .MILLI., .METRE. ) );
#171 = FILL_AREA_STYLE_COLOUR ( '', #1508 ) ;
#172 = DIRECTION ( 'NONE',  ( 1.000000000000000000, -1.155264364861562863E-16, -2.440701027073827977E-32 ) ) ;
#173 = DIRECTION ( 'NONE',  ( -4.857225732735217637E-17, -7.030606108311833107E-16, 1.000000000000000000 ) ) ;
#174 = ORIENTED_EDGE ( 'NONE', *, *, #2368, .T. ) ;
#175 = FACE_OUTER_BOUND ( 'NONE', #2481, .T. ) ;
#176 = STYLED_ITEM ( 'NONE', ( #2559 ), #1515 ) ;
#177 = FACE_OUTER_BOUND ( 'NONE', #2185, .T. ) ;
#178 = ADVANCED_FACE ( 'NONE', ( #1888 ), #932, .F. ) ;
#179 = CARTESIAN_POINT ( 'NONE',  ( 0.5240000000000012426, 0.6836000000000010957, -0.3794399999999988893 ) ) ;
#180 = ORIENTED_EDGE ( 'NONE', *, *, #650, .F. ) ;
#181 = ADVANCED_BREP_SHAPE_REPRESENTATION ( 'SST-10-UV-A130-G385-00', ( #2549, #1520, #1526, #2119 ), #1460 ) ;
#182 = VECTOR ( 'NONE', #1188, 1000.000000000000000 ) ;
#183 = PLANE ( 'NONE',  #2392 ) ;
#184 = AXIS2_PLACEMENT_3D ( 'NONE', #2076, #639, #1610 ) ;
#185 = STYLED_ITEM ( 'NONE', ( #3086 ), #904 ) ;
#186 = LINE ( 'NONE', #621, #89 ) ;
#187 = FILL_AREA_STYLE_COLOUR ( '', #517 ) ;
#188 = EDGE_LOOP ( 'NONE', ( #1472, #1695, #2220, #2332 ) ) ;
#189 = DIRECTION ( 'NONE',  ( -4.859377449266741344E-17, 0.000000000000000000, 1.000000000000000000 ) ) ;
#190 = CARTESIAN_POINT ( 'NONE',  ( -0.3999709999999996324, 0.6836000000000009846, -0.1665671000000001900 ) ) ;
#191 = CARTESIAN_POINT ( 'NONE',  ( 0.5715000000000002300, 0.6806000000000010930, -0.5714999999999997859 ) ) ;
#192 = ORIENTED_EDGE ( 'NONE', *, *, #277, .T. ) ;
#193 = AXIS2_PLACEMENT_3D ( 'NONE', #1818, #842, #1590 ) ;
#194 = SURFACE_SIDE_STYLE ('',( #210 ) ) ;
#195 = FACE_OUTER_BOUND ( 'NONE', #2658, .T. ) ;
#196 = EDGE_LOOP ( 'NONE', ( #82, #710 ) ) ;
#197 = EDGE_CURVE ( 'NONE', #1032, #2471, #2405, .T. ) ;
#198 = FACE_OUTER_BOUND ( 'NONE', #529, .T. ) ;
#199 = DIRECTION ( 'NONE',  ( -1.510756233203964392E-16, -1.000000000000000000, -1.217408460507213380E-16 ) ) ;
#200 = DIRECTION ( 'NONE',  ( 7.238338640139153906E-19, 1.000000000000000000, 2.589714009811204974E-16 ) ) ;
#201 = STYLED_ITEM ( 'NONE', ( #2793 ), #1435 ) ;
#202 = VECTOR ( 'NONE', #812, 1000.000000000000000 ) ;
#203 = EDGE_LOOP ( 'NONE', ( #996, #2400 ) ) ;
#204 = FACE_BOUND ( 'NONE', #1685, .T. ) ;
#205 = FACE_OUTER_BOUND ( 'NONE', #2284, .T. ) ;
#206 = CARTESIAN_POINT ( 'NONE',  ( 1.725000000000000089, 0.4299999999999994382, 1.724999999999999867 ) ) ;
#207 = LINE ( 'NONE', #463, #2657 ) ;
#208 = ORIENTED_EDGE ( 'NONE', *, *, #40, .T. ) ;
#209 = EDGE_CURVE ( 'NONE', #1171, #2263, #752, .T. ) ;
#210 = SURFACE_STYLE_FILL_AREA ( #2422 ) ;
#211 = FACE_OUTER_BOUND ( 'NONE', #113, .T. ) ;
#212 = UNCERTAINTY_MEASURE_WITH_UNIT (LENGTH_MEASURE( 1.000000000000000082E-05 ), #1511, 'distance_accuracy_value', 'NONE');
#213 = AXIS2_PLACEMENT_3D ( 'NONE', #1873, #654, #2631 ) ;
#214 = DIRECTION ( 'NONE',  ( -7.238338640139153906E-19, -1.000000000000000000, -2.589714009811204974E-16 ) ) ;
#215 = EDGE_CURVE ( 'NONE', #3181, #1113, #2860, .T. ) ;
#216 = ADVANCED_FACE ( 'NONE', ( #2643 ), #441, .F. ) ;
#217 = VERTEX_POINT ( 'NONE', #2609 ) ;
#218 = TOROIDAL_SURFACE ( 'NONE', #1751, 1.442220510185596050, 0.1499999999999999944 ) ;
#219 = LINE ( 'NONE', #1900, #1868 ) ;
#220 = LINE ( 'NONE', #1722, #33 ) ;
#221 = DIRECTION ( 'NONE',  ( -3.129636159629258261E-32, -1.000000000000000000, -1.224646799147353454E-16 ) ) ;
#222 = VECTOR ( 'NONE', #2614, 1000.000000000000000 ) ;
#223 = ORIENTED_EDGE ( 'NONE', *, *, #3179, .T. ) ;
#224 = CARTESIAN_POINT ( 'NONE',  ( 1.084202172485504434E-15, 0.6836000000000004295, 0.5465000000000012070 ) ) ;
#225 = DIRECTION ( 'NONE',  ( 4.857225732735217637E-17, 7.030606108311833107E-16, -1.000000000000000000 ) ) ;
#226 = DIRECTION ( 'NONE',  ( 4.857225732735217637E-17, 2.589714009811204974E-16, -1.000000000000000000 ) ) ;
#227 = PRESENTATION_LAYER_ASSIGNMENT (  '', '', ( #1607 ) ) ;
#228 = ORIENTED_EDGE ( 'NONE', *, *, #2674, .F. ) ;
#229 = VERTEX_POINT ( 'NONE', #1105 ) ;
#230 = FACE_OUTER_BOUND ( 'NONE', #257, .T. ) ;
#231 = DIRECTION ( 'NONE',  ( -4.857225732735217637E-17, -7.030606108311833107E-16, 1.000000000000000000 ) ) ;
#232 = COLOUR_RGB ( '',1.000000000000000000, 1.000000000000000000, 1.000000000000000000 ) ;
#233 = ORIENTED_EDGE ( 'NONE', *, *, #2789, .T. ) ;
#234 = VERTEX_POINT ( 'NONE', #666 ) ;
#235 = CARTESIAN_POINT ( 'NONE',  ( -0.6500000000000001332, 0.05000000000000071054, -8.501362737464148497E-16 ) ) ;
#236 = CARTESIAN_POINT ( 'NONE',  ( -0.5714999999999997859, 0.6806000000000010930, -0.5714999999999997859 ) ) ;
#237 = VERTEX_POINT ( 'NONE', #427 ) ;
#238 = CIRCLE ( 'NONE', #1016, 0.03350000000000000200 ) ;
#239 = LINE ( 'NONE', #1231, #946 ) ;
#240 = PLANE ( 'NONE',  #1737 ) ;
#241 = CARTESIAN_POINT ( 'NONE',  ( 0.5319100000000011041, 0.6906000000000011019, -0.5323599999999997223 ) ) ;
#242 = ORIENTED_EDGE ( 'NONE', *, *, #197, .F. ) ;
#243 = ORIENTED_EDGE ( 'NONE', *, *, #1100, .F. ) ;
#244 = DIRECTION ( 'NONE',  ( 4.857225732735217637E-17, 2.589714009811204974E-16, -1.000000000000000000 ) ) ;
#245 = DIRECTION ( 'NONE',  ( -7.238338640139153906E-19, -1.000000000000000000, -2.589714009811204974E-16 ) ) ;
#246 = UNCERTAINTY_MEASURE_WITH_UNIT (LENGTH_MEASURE( 1.000000000000000082E-05 ), #2562, 'distance_accuracy_value', 'NONE');
#247 = SURFACE_STYLE_FILL_AREA ( #8 ) ;
#248 = VERTEX_POINT ( 'NONE', #2328 ) ;
#249 = EDGE_CURVE ( 'NONE', #2512, #2854, #1473, .T. ) ;
#250 = VERTEX_POINT ( 'NONE', #3084 ) ;
#251 = DIRECTION ( 'NONE',  ( -7.238338640139153906E-19, -1.000000000000000000, -2.589714009811204974E-16 ) ) ;
#252 = EDGE_CURVE ( 'NONE', #769, #437, #150, .T. ) ;
#253 = AXIS2_PLACEMENT_3D ( 'NONE', #317, #809, #570 ) ;
#254 = CIRCLE ( 'NONE', #2476, 1.293025284993981838 ) ;
#255 = DIRECTION ( 'NONE',  ( -7.238338640139153906E-19, -1.000000000000000000, -2.589714009811204974E-16 ) ) ;
#256 = CARTESIAN_POINT ( 'NONE',  ( -0.5464999999999989866, 0.6836000000000010957, -0.5464999999999989866 ) ) ;
#257 = EDGE_LOOP ( 'NONE', ( #908, #1037, #41, #2717 ) ) ;
#258 = EDGE_LOOP ( 'NONE', ( #1716, #2926 ) ) ;
#259 = CARTESIAN_POINT ( 'NONE',  ( -0.1999709999999990939, 0.6836000000000005405, 0.4334328999999996213 ) ) ;
#260 = CARTESIAN_POINT ( 'NONE',  ( -1.149999999999998801, 0.05000000000000186240, -1.625000000000000666 ) ) ;
#261 = CIRCLE ( 'NONE', #2258, 0.03350000000000000200 ) ;
#262 = AXIS2_PLACEMENT_3D ( 'NONE', #3169, #2439, #2962 ) ;
#263 = ORIENTED_EDGE ( 'NONE', *, *, #1225, .T. ) ;
#264 = COLOUR_RGB ( '',1.000000000000000000, 1.000000000000000000, 1.000000000000000000 ) ;
#265 = PRESENTATION_LAYER_ASSIGNMENT (  '', '', ( #2160 ) ) ;
#266 = VERTEX_POINT ( 'NONE', #3134 ) ;
#267 = FACE_OUTER_BOUND ( 'NONE', #168, .T. ) ;
#268 = SURFACE_STYLE_USAGE ( .BOTH. , #1192 ) ;
#269 = LINE ( 'NONE', #2224, #289 ) ;
#270 = VECTOR ( 'NONE', #3091, 1000.000000000000000 ) ;
#271 = EDGE_CURVE ( 'NONE', #815, #597, #186, .T. ) ;
#272 = VECTOR ( 'NONE', #2369, 1000.000000000000000 ) ;
#273 = DIRECTION ( 'NONE',  ( -1.000000000000000000, 7.238338640139361907E-19, -4.857225732735220102E-17 ) ) ;
#274 = FILL_AREA_STYLE ('',( #2760 ) ) ;
#275 = ORIENTED_EDGE ( 'NONE', *, *, #898, .F. ) ;
#276 = EDGE_CURVE ( 'NONE', #454, #2726, #2975, .T. ) ;
#277 = EDGE_CURVE ( 'NONE', #2499, #2854, #1389, .T. ) ;
#278 = EDGE_LOOP ( 'NONE', ( #3065, #1600, #2150, #796 ) ) ;
#279 = DIRECTION ( 'NONE',  ( 1.000000000000000000, -1.155264364861562863E-16, 0.000000000000000000 ) ) ;
#280 =( NAMED_UNIT ( * ) SI_UNIT ( $, .STERADIAN. ) SOLID_ANGLE_UNIT ( ) );
#281 = DIRECTION ( 'NONE',  ( 0.000000000000000000, 0.000000000000000000, 1.000000000000000000 ) ) ;
#282 = VERTEX_POINT ( 'NONE', #3100 ) ;
#283 = ORIENTED_EDGE ( 'NONE', *, *, #311, .F. ) ;
#284 = DIRECTION ( 'NONE',  ( -7.238338640139153906E-19, -1.000000000000000000, -2.589714009811204974E-16 ) ) ;
#285 = DIRECTION ( 'NONE',  ( -4.857225732735217637E-17, -7.030606108311833107E-16, 1.000000000000000000 ) ) ;
#286 = FACE_OUTER_BOUND ( 'NONE', #1129, .T. ) ;
#287 = DIRECTION ( 'NONE',  ( 7.238338640138938202E-19, 1.000000000000000000, 7.030606108311833107E-16 ) ) ;
#288 = ORIENTED_EDGE ( 'NONE', *, *, #1970, .F. ) ;
#289 = VECTOR ( 'NONE', #2159, 1000.000000000000000 ) ;
#290 = ORIENTED_EDGE ( 'NONE', *, *, #816, .F. ) ;
#291 = PLANE ( 'NONE',  #1703 ) ;
#292 = DIRECTION ( 'NONE',  ( 0.000000000000000000, 0.000000000000000000, 1.000000000000000000 ) ) ;
#293 = EDGE_CURVE ( 'NONE', #2019, #1552, #2541, .T. ) ;
#294 = EDGE_CURVE ( 'NONE', #1240, #237, #698, .T. ) ;
#295 = ORIENTED_EDGE ( 'NONE', *, *, #1083, .F. ) ;
#296 = ORIENTED_EDGE ( 'NONE', *, *, #1733, .T. ) ;
#297 =( LENGTH_UNIT ( ) NAMED_UNIT ( * ) SI_UNIT ( .MILLI., .METRE. ) );
#298 = SURFACE_STYLE_USAGE ( .BOTH. , #2043 ) ;
#299 = DIRECTION ( 'NONE',  ( -4.859377449266741344E-17, 0.000000000000000000, 1.000000000000000000 ) ) ;
#300 = EDGE_CURVE ( 'NONE', #450, #597, #2680, .T. ) ;
#301 = DIRECTION ( 'NONE',  ( -3.129636159629258261E-32, -1.000000000000000000, -1.224646799147353454E-16 ) ) ;
#302 = VERTEX_POINT ( 'NONE', #3190 ) ;
#303 = ORIENTED_EDGE ( 'NONE', *, *, #2101, .T. ) ;
#304 = DIRECTION ( 'NONE',  ( -4.857225732735217637E-17, -7.030606108311833107E-16, 1.000000000000000000 ) ) ;
#305 = DIRECTION ( 'NONE',  ( 0.000000000000000000, 0.000000000000000000, 1.000000000000000000 ) ) ;
#306 = UNCERTAINTY_MEASURE_WITH_UNIT (LENGTH_MEASURE( 1.000000000000000082E-05 ), #1806, 'distance_accuracy_value', 'NONE');
#307 = SURFACE_STYLE_FILL_AREA ( #1578 ) ;
#308 = ORIENTED_EDGE ( 'NONE', *, *, #2525, .F. ) ;
#309 = TOROIDAL_SURFACE ( 'NONE', #2098, 1.442220510185596050, 0.1499999999999999944 ) ;
#310 = EDGE_CURVE ( 'NONE', #1253, #250, #269, .T. ) ;
#311 = EDGE_CURVE ( 'NONE', #2973, #1912, #1667, .T. ) ;
#312 = EDGE_CURVE ( 'NONE', #2263, #1171, #2130, .T. ) ;
#313 = ORIENTED_EDGE ( 'NONE', *, *, #508, .T. ) ;
#314 = MECHANICAL_DESIGN_GEOMETRIC_PRESENTATION_REPRESENTATION (  '', ( #1551 ), #12 ) ;
#315 = VECTOR ( 'NONE', #172, 1000.000000000000000 ) ;
#316 = CARTESIAN_POINT ( 'NONE',  ( -1.150000000000000577, 0.04999999999999957256, 1.625000000000000666 ) ) ;
#317 = CARTESIAN_POINT ( 'NONE',  ( 0.5715000000000002300, 0.6806000000000010930, -0.5714999999999997859 ) ) ;
#318 = DIRECTION ( 'NONE',  ( 4.857225732735385269E-17, 7.006907263567901912E-16, -1.000000000000000000 ) ) ;
#319 = PRESENTATION_LAYER_ASSIGNMENT (  '', '', ( #887 ) ) ;
#320 = EDGE_CURVE ( 'NONE', #712, #1474, #220, .T. ) ;
#321 = DIRECTION ( 'NONE',  ( 4.079339205612798475E-16, -7.006907263567901912E-16, 1.000000000000000000 ) ) ;
#322 = EDGE_CURVE ( 'NONE', #1779, #217, #1271, .T. ) ;
#323 = ADVANCED_FACE ( 'NONE', ( #1475 ), #1980, .T. ) ;
#324 = CARTESIAN_POINT ( 'NONE',  ( 0.4344100000000007400, 0.6906000000000005468, 0.4348599999999998023 ) ) ;
#325 = PLANE ( 'NONE',  #2234 ) ;
#326 = ORIENTED_EDGE ( 'NONE', *, *, #848, .T. ) ;
#327 = ORIENTED_EDGE ( 'NONE', *, *, #2944, .F. ) ;
#328 = CARTESIAN_POINT ( 'NONE',  ( 0.5319100000000011041, 0.6806000000000005379, 0.4123599999999998378 ) ) ;
#329 = DIRECTION ( 'NONE',  ( 1.000000000000000000, -7.238338640139361907E-19, 4.857225732735217637E-17 ) ) ;
#330 = DIRECTION ( 'NONE',  ( 0.000000000000000000, 0.000000000000000000, 1.000000000000000000 ) ) ;
#331 = DIRECTION ( 'NONE',  ( 8.486801005547741959E-17, -7.006907263567901912E-16, 1.000000000000000000 ) ) ;
#332 = EDGE_LOOP ( 'NONE', ( #1522, #3177, #3132, #892 ) ) ;
#333 = PRESENTATION_LAYER_ASSIGNMENT (  '', '', ( #846 ) ) ;
#334 = STYLED_ITEM ( 'NONE', ( #573 ), #181 ) ;
#335 = VERTEX_POINT ( 'NONE', #2475 ) ;
#336 = PRESENTATION_STYLE_ASSIGNMENT (( #2271 ) ) ;
#337 = CARTESIAN_POINT ( 'NONE',  ( 0.5240000000000012426, 0.6806000000000005379, 0.3794400000000010542 ) ) ;
#338 = PRESENTATION_LAYER_ASSIGNMENT (  '', '', ( #1357 ) ) ;
#339 = DIRECTION ( 'NONE',  ( -4.857225732735217637E-17, -7.030606108311833107E-16, 1.000000000000000000 ) ) ;
#340 = ORIENTED_EDGE ( 'NONE', *, *, #1996, .T. ) ;
#341 = FACE_OUTER_BOUND ( 'NONE', #1327, .T. ) ;
#342 = FILL_AREA_STYLE ('',( #2539 ) ) ;
#343 = ORIENTED_EDGE ( 'NONE', *, *, #3033, .T. ) ;
#344 = VECTOR ( 'NONE', #1167, 1000.000000000000000 ) ;
#345 = FILL_AREA_STYLE_COLOUR ( '', #1654 ) ;
#346 = UNCERTAINTY_MEASURE_WITH_UNIT (LENGTH_MEASURE( 1.000000000000000082E-05 ), #1853, 'distance_accuracy_value', 'NONE');
#347 = VERTEX_POINT ( 'NONE', #2952 ) ;
#348 = CARTESIAN_POINT ( 'NONE',  ( 1.725000000000000089, 0.5800000000000019584, -1.724999999999999867 ) ) ;
#349 = LINE ( 'NONE', #571, #2892 ) ;
#350 = EDGE_CURVE ( 'NONE', #2385, #2431, #1459, .T. ) ;
#351 = SURFACE_SIDE_STYLE ('',( #3001 ) ) ;
#352 = CARTESIAN_POINT ( 'NONE',  ( -1.150000000000000577, -2.880474301719706774E-16, 1.625000000000000666 ) ) ;
#353 = ORIENTED_EDGE ( 'NONE', *, *, #1410, .F. ) ;
#354 = FACE_OUTER_BOUND ( 'NONE', #758, .T. ) ;
#355 = DIRECTION ( 'NONE',  ( -7.238338640139153906E-19, -1.000000000000000000, -2.589714009811204974E-16 ) ) ;
#356 = EDGE_LOOP ( 'NONE', ( #1677, #2584, #2200, #2426 ) ) ;
#357 = PLANE ( 'NONE',  #488 ) ;
#358 = MECHANICAL_DESIGN_GEOMETRIC_PRESENTATION_REPRESENTATION (  '', ( #1486 ), #1329 ) ;
#359 = VECTOR ( 'NONE', #706, 1000.000000000000000 ) ;
#360 = EDGE_LOOP ( 'NONE', ( #1803, #1935 ) ) ;
#361 = DIRECTION ( 'NONE',  ( -4.857225732735386502E-17, -1.224646799147353454E-16, 1.000000000000000000 ) ) ;
#362 = CARTESIAN_POINT ( 'NONE',  ( 1.150000000000001021, 0.04999999999999956563, 1.625000000000000666 ) ) ;
#363 = APPLICATION_PROTOCOL_DEFINITION ( 'draft international standard', 'automotive_design', 1998, #2667 ) ;
#364 = PRESENTATION_LAYER_ASSIGNMENT (  '', '', ( #9 ) ) ;
#365 = AXIS2_PLACEMENT_3D ( 'NONE', #804, #355, #2510 ) ;
#366 = SURFACE_SIDE_STYLE ('',( #2846 ) ) ;
#367 = DIRECTION ( 'NONE',  ( -1.000000000000000000, 7.238338640136878420E-19, 3.027949801638992897E-16 ) ) ;
#368 = VERTEX_POINT ( 'NONE', #967 ) ;
#369 = VECTOR ( 'NONE', #2590, 1000.000000000000000 ) ;
#370 = CARTESIAN_POINT ( 'NONE',  ( 0.4000290000000007451, 0.6836000000000007626, -0.03356710000000313193 ) ) ;
#371 = CARTESIAN_POINT ( 'NONE',  ( -0.5714999999999997859, 0.5000000000000012212, -0.5714999999999997859 ) ) ;
#372 = VECTOR ( 'NONE', #2515, 1000.000000000000000 ) ;
#373 = FILL_AREA_STYLE ('',( #2404 ) ) ;
#374 = LINE ( 'NONE', #1307, #3127 ) ;
#375 = ADVANCED_FACE ( 'NONE', ( #765 ), #29, .T. ) ;
#376 = EDGE_LOOP ( 'NONE', ( #129, #2406, #1483, #3121 ) ) ;
#377 = AXIS2_PLACEMENT_3D ( 'NONE', #1416, #2654, #726 ) ;
#378 =( NAMED_UNIT ( * ) SI_UNIT ( $, .STERADIAN. ) SOLID_ANGLE_UNIT ( ) );
#379 = UNCERTAINTY_MEASURE_WITH_UNIT (LENGTH_MEASURE( 1.000000000000000082E-05 ), #528, 'distance_accuracy_value', 'NONE');
#380 = AXIS2_PLACEMENT_3D ( 'NONE', #2664, #1445, #461 ) ;
#381 = FACE_OUTER_BOUND ( 'NONE', #702, .T. ) ;
#382 = CARTESIAN_POINT ( 'NONE',  ( 0.4000290000000007451, 0.6836000000000007626, -6.710000000313035386E-05 ) ) ;
#383 = CIRCLE ( 'NONE', #2638, 0.02249999999999995060 ) ;
#384 = CARTESIAN_POINT ( 'NONE',  ( 1.725000000000000089, 0.04999999999999949624, 1.724999999999999867 ) ) ;
#385 = VECTOR ( 'NONE', #439, 1000.000000000000000 ) ;
#386 = FILL_AREA_STYLE ('',( #2397 ) ) ;
#387 = DIRECTION ( 'NONE',  ( 1.000000000000000000, -1.155264364861559412E-16, -4.565061778886338974E-16 ) ) ;
#388 = VERTEX_POINT ( 'NONE', #236 ) ;
#389 = CARTESIAN_POINT ( 'NONE',  ( 0.5715000000000002300, 0.5000000000000004441, 0.5715000000000001190 ) ) ;
#390 = CARTESIAN_POINT ( 'NONE',  ( 1.084202172485504434E-15, 0.6836000000000007626, 1.102868285104868432E-15 ) ) ;
#391 = ORIENTED_EDGE ( 'NONE', *, *, #825, .T. ) ;
#392 = CARTESIAN_POINT ( 'NONE',  ( 0.5715000000000002300, 0.6806000000000004269, 0.5715000000000002300 ) ) ;
#393 = EDGE_CURVE ( 'NONE', #1676, #450, #2401, .T. ) ;
#394 = ADVANCED_FACE ( 'NONE', ( #2729 ), #1962, .T. ) ;
#395 = CARTESIAN_POINT ( 'NONE',  ( 1.625000000000000888, 1.668611569238513184E-15, -1.624999999999998890 ) ) ;
#396 = CARTESIAN_POINT ( 'NONE',  ( -0.1999709999999990939, 0.6836000000000010957, -0.4335670999999989839 ) ) ;
#397 = DIRECTION ( 'NONE',  ( -1.000000000000000000, 1.155264364861563110E-16, -4.857225732735216404E-17 ) ) ;
#398 = CARTESIAN_POINT ( 'NONE',  ( 1.084202172485504434E-15, 0.6806000000000004269, 0.5465000000000012070 ) ) ;
#399 = VERTEX_POINT ( 'NONE', #1704 ) ;
#400 = FACE_BOUND ( 'NONE', #721, .T. ) ;
#401 = LINE ( 'NONE', #911, #1394 ) ;
#402 = FACE_OUTER_BOUND ( 'NONE', #1425, .T. ) ;
#403 =( NAMED_UNIT ( * ) SI_UNIT ( $, .STERADIAN. ) SOLID_ANGLE_UNIT ( ) );
#404 = ORIENTED_EDGE ( 'NONE', *, *, #1733, .F. ) ;
#405 = FILL_AREA_STYLE ('',( #120 ) ) ;
#406 = UNCERTAINTY_MEASURE_WITH_UNIT (LENGTH_MEASURE( 1.000000000000000082E-05 ), #2122, 'distance_accuracy_value', 'NONE');
#407 = EDGE_CURVE ( 'NONE', #922, #464, #1424, .T. ) ;
#408 = CIRCLE ( 'NONE', #54, 0.03350000000000000200 ) ;
#409 = CARTESIAN_POINT ( 'NONE',  ( 0.4119100000000007755, 0.6906000000000005468, 0.4348599999999998023 ) ) ;
#410 = DIRECTION ( 'NONE',  ( 1.000000000000000000, -7.238338640139361907E-19, 4.857225732735220102E-17 ) ) ;
#411 = LINE ( 'NONE', #1169, #722 ) ;
#412 = ORIENTED_EDGE ( 'NONE', *, *, #778, .F. ) ;
#413 = PRESENTATION_LAYER_ASSIGNMENT (  '', '', ( #2724 ) ) ;
#414 = CARTESIAN_POINT ( 'NONE',  ( 0.5240000000000012426, 0.6836000000000005405, 0.3794400000000010542 ) ) ;
#415 = EDGE_CURVE ( 'NONE', #368, #2451, #1930, .T. ) ;
#416 = LINE ( 'NONE', #1627, #2786 ) ;
#417 = CARTESIAN_POINT ( 'NONE',  ( 1.150000000000001021, -5.537582340901304663E-16, 1.625000000000000666 ) ) ;
#418 = AXIS2_PLACEMENT_3D ( 'NONE', #1023, #1523, #2202 ) ;
#419 = ORIENTED_EDGE ( 'NONE', *, *, #350, .F. ) ;
#420 = DIRECTION ( 'NONE',  ( 7.238338640138938202E-19, 1.000000000000000000, 7.030606108311833107E-16 ) ) ;
#421 = CARTESIAN_POINT ( 'NONE',  ( -1.724999999999999645, 0.4300000000000018252, -1.724999999999999645 ) ) ;
#422 = CIRCLE ( 'NONE', #1299, 0.02249999999999995060 ) ;
#423 = FILL_AREA_STYLE_COLOUR ( '', #2124 ) ;
#424 = AXIS2_PLACEMENT_3D ( 'NONE', #3075, #872, #478 ) ;
#425 = ORIENTED_EDGE ( 'NONE', *, *, #1056, .T. ) ;
#426 = DIRECTION ( 'NONE',  ( -4.857225732735217637E-17, -7.030606108311833107E-16, 1.000000000000000000 ) ) ;
#427 = CARTESIAN_POINT ( 'NONE',  ( -0.3999709999999996324, 0.6836000000000006516, 0.1664329000000008552 ) ) ;
#428 = DIRECTION ( 'NONE',  ( -4.857225732735217637E-17, -7.030606108311833107E-16, 1.000000000000000000 ) ) ;
#429 = AXIS2_PLACEMENT_3D ( 'NONE', #1276, #244, #1237 ) ;
#430 = ORIENTED_EDGE ( 'NONE', *, *, #252, .T. ) ;
#431 = AXIS2_PLACEMENT_3D ( 'NONE', #235, #1228, #2187 ) ;
#432 = PLANE ( 'NONE',  #3040 ) ;
#433 = DIRECTION ( 'NONE',  ( 3.027949801638992897E-16, -7.030606108311833107E-16, 1.000000000000000000 ) ) ;
#434 = CARTESIAN_POINT ( 'NONE',  ( -0.6500000000000001332, 0.04999999999999956563, 1.625000000000000666 ) ) ;
#435 = ORIENTED_EDGE ( 'NONE', *, *, #79, .T. ) ;
#436 = CARTESIAN_POINT ( 'NONE',  ( -1.149999999999998801, 1.989197430487597814E-15, -1.625000000000000666 ) ) ;
#437 = VERTEX_POINT ( 'NONE', #2912 ) ;
#438 = PRESENTATION_LAYER_ASSIGNMENT (  '', '', ( #1828 ) ) ;
#439 = DIRECTION ( 'NONE',  ( 1.000000000000000000, -7.238338640139361907E-19, 4.857225732735220102E-17 ) ) ;
#440 = MECHANICAL_DESIGN_GEOMETRIC_PRESENTATION_REPRESENTATION (  '', ( #1420 ), #1574 ) ;
#441 = PLANE ( 'NONE',  #2545 ) ;
#442 = DIRECTION ( 'NONE',  ( -7.238338640139153906E-19, -1.000000000000000000, -2.589714009811204974E-16 ) ) ;
#443 = ADVANCED_FACE ( 'NONE', ( #700 ), #2660, .F. ) ;
#444 = ORIENTED_EDGE ( 'NONE', *, *, #2789, .F. ) ;
#445 = FACE_BOUND ( 'NONE', #196, .T. ) ;
#446 = DIRECTION ( 'NONE',  ( 7.238338640138938202E-19, 1.000000000000000000, 7.030606108311833107E-16 ) ) ;
#447 = DIRECTION ( 'NONE',  ( 0.000000000000000000, 0.000000000000000000, -1.000000000000000000 ) ) ;
#448 = CARTESIAN_POINT ( 'NONE',  ( -0.1999709999999990939, 0.6836000000000007626, 0.1999329000000008849 ) ) ;
#449 = AXIS2_PLACEMENT_3D ( 'NONE', #2701, #1246, #2193 ) ;
#450 = VERTEX_POINT ( 'NONE', #2291 ) ;
#451 = DIRECTION ( 'NONE',  ( 0.000000000000000000, 0.000000000000000000, 1.000000000000000000 ) ) ;
#452 = LINE ( 'NONE', #468, #2526 ) ;
#453 = DIRECTION ( 'NONE',  ( -3.129636159629258261E-32, -1.000000000000000000, -1.224646799147353454E-16 ) ) ;
#454 = VERTEX_POINT ( 'NONE', #1055 ) ;
#455 = CARTESIAN_POINT ( 'NONE',  ( 1.084202172485504434E-15, 0.5800000000000007372, 4.536624075149082091E-15 ) ) ;
#456 = FILL_AREA_STYLE ('',( #1244 ) ) ;
#457 = CARTESIAN_POINT ( 'NONE',  ( 0.4000290000000007451, 0.6836000000000009846, -0.1665671000000019109 ) ) ;
#458 = STYLED_ITEM ( 'NONE', ( #2915 ), #1350 ) ;
#459 = CIRCLE ( 'NONE', #2254, 0.03350000000000000200 ) ;
#460 = ORIENTED_EDGE ( 'NONE', *, *, #531, .F. ) ;
#461 = DIRECTION ( 'NONE',  ( 0.000000000000000000, 0.000000000000000000, 1.000000000000000000 ) ) ;
#462 = CARTESIAN_POINT ( 'NONE',  ( 1.084202172485504434E-15, 0.6836000000000007626, 1.102868285104868432E-15 ) ) ;
#463 = CARTESIAN_POINT ( 'NONE',  ( 1.625000000000000888, -6.086332914210546172E-16, 1.625000000000000666 ) ) ;
#464 = VERTEX_POINT ( 'NONE', #109 ) ;
#465 = AXIS2_PLACEMENT_3D ( 'NONE', #3096, #1619, #682 ) ;
#466 = ORIENTED_EDGE ( 'NONE', *, *, #2948, .T. ) ;
#467 = CARTESIAN_POINT ( 'NONE',  ( 0.4344100000000007400, 0.6806000000000010930, -0.4123599999999993937 ) ) ;
#468 = CARTESIAN_POINT ( 'NONE',  ( 0.5319100000000011041, 0.6906000000000011019, -0.5323599999999997223 ) ) ;
#469 = UNCERTAINTY_MEASURE_WITH_UNIT (LENGTH_MEASURE( 1.000000000000000082E-05 ), #1012, 'distance_accuracy_value', 'NONE');
#470 = STYLED_ITEM ( 'NONE', ( #1354 ), #2549 ) ;
#471 = FACE_OUTER_BOUND ( 'NONE', #1953, .T. ) ;
#472 = ORIENTED_EDGE ( 'NONE', *, *, #2003, .F. ) ;
#473 = VERTEX_POINT ( 'NONE', #1826 ) ;
#474 = AXIS2_PLACEMENT_3D ( 'NONE', #992, #2906, #1955 ) ;
#475 = DIRECTION ( 'NONE',  ( -1.000000000000000000, 1.365067210663851027E-16, -4.857225732735377874E-17 ) ) ;
#476 = DIRECTION ( 'NONE',  ( -3.129636159629258261E-32, -1.000000000000000000, -1.224646799147353454E-16 ) ) ;
#477 = ORIENTED_EDGE ( 'NONE', *, *, #624, .T. ) ;
#478 = DIRECTION ( 'NONE',  ( -1.000000000000000000, 7.238338640139361907E-19, -4.857225732735220102E-17 ) ) ;
#479 = FACE_OUTER_BOUND ( 'NONE', #843, .T. ) ;
#480 = CARTESIAN_POINT ( 'NONE',  ( 0.4344100000000007400, 0.6906000000000011019, -0.4123599999999993937 ) ) ;
#481 = CIRCLE ( 'NONE', #2391, 0.1999999999999999833 ) ;
#482 = ORIENTED_EDGE ( 'NONE', *, *, #2247, .F. ) ;
#483 = AXIS2_PLACEMENT_3D ( 'NONE', #1652, #163, #1914 ) ;
#484 = VERTEX_POINT ( 'NONE', #1570 ) ;
#485 = SURFACE_SIDE_STYLE ('',( #2508 ) ) ;
#486 = FACE_BOUND ( 'NONE', #685, .T. ) ;
#487 = EDGE_CURVE ( 'NONE', #2145, #984, #681, .T. ) ;
#488 = AXIS2_PLACEMENT_3D ( 'NONE', #392, #2821, #583 ) ;
#489 = ORIENTED_EDGE ( 'NONE', *, *, #1152, .F. ) ;
#490 = ADVANCED_FACE ( 'NONE', ( #2490 ), #2999, .T. ) ;
#491 = ORIENTED_EDGE ( 'NONE', *, *, #888, .F. ) ;
#492 = CARTESIAN_POINT ( 'NONE',  ( 1.084202172485504434E-15, 0.5800000000000007372, 4.536624075149082091E-15 ) ) ;
#493 = AXIS2_PLACEMENT_3D ( 'NONE', #2144, #200, #2161 ) ;
#494 =( NAMED_UNIT ( * ) SI_UNIT ( $, .STERADIAN. ) SOLID_ANGLE_UNIT ( ) );
#495 = CARTESIAN_POINT ( 'NONE',  ( -0.3999709999999996324, 0.6836000000000010957, -0.4000670999999989541 ) ) ;
#496 = CARTESIAN_POINT ( 'NONE',  ( 0.2000290000000002344, 0.6836000000000008736, -0.2000671000000019406 ) ) ;
#497 = ORIENTED_EDGE ( 'NONE', *, *, #2894, .T. ) ;
#498 = ORIENTED_EDGE ( 'NONE', *, *, #1223, .T. ) ;
#499 = DIRECTION ( 'NONE',  ( -4.565061778886337988E-16, 7.006907263567902898E-16, -1.000000000000000000 ) ) ;
#500 = FILL_AREA_STYLE ('',( #2705 ) ) ;
#501 = MECHANICAL_DESIGN_GEOMETRIC_PRESENTATION_REPRESENTATION (  '', ( #1724 ), #1581 ) ;
#502 = VERTEX_POINT ( 'NONE', #1775 ) ;
#503 = EDGE_CURVE ( 'NONE', #567, #2394, #3002, .T. ) ;
#504 = ORIENTED_EDGE ( 'NONE', *, *, #1384, .T. ) ;
#505 = PLANE ( 'NONE',  #418 ) ;
#506 = SURFACE_STYLE_FILL_AREA ( #2850 ) ;
#507 = CARTESIAN_POINT ( 'NONE',  ( 0.4242000000000006876, 0.6836000000000005405, 0.4019400000000010187 ) ) ;
#508 = EDGE_CURVE ( 'NONE', #2573, #1139, #3152, .T. ) ;
#509 = VECTOR ( 'NONE', #1054, 1000.000000000000000 ) ;
#510 = VECTOR ( 'NONE', #2184, 1000.000000000000000 ) ;
#511 = CARTESIAN_POINT ( 'NONE',  ( 0.4017000000000007232, 0.6836000000000005405, 0.4244400000000009832 ) ) ;
#512 =( LENGTH_UNIT ( ) NAMED_UNIT ( * ) SI_UNIT ( .MILLI., .METRE. ) );
#513 = ORIENTED_EDGE ( 'NONE', *, *, #2315, .F. ) ;
#514 = EDGE_LOOP ( 'NONE', ( #1696, #1068, #435, #1940, #174 ) ) ;
#515 = CARTESIAN_POINT ( 'NONE',  ( -0.6500000000000001332, 7.928117819147359426E-16, -8.673617379884031528E-16 ) ) ;
#516 = PLANE ( 'NONE',  #105 ) ;
#517 = COLOUR_RGB ( '',1.000000000000000000, 1.000000000000000000, 1.000000000000000000 ) ;
#518 = EDGE_LOOP ( 'NONE', ( #1918, #806 ) ) ;
#519 = MECHANICAL_DESIGN_GEOMETRIC_PRESENTATION_REPRESENTATION (  '', ( #1640 ), #1503 ) ;
#520 = ORIENTED_EDGE ( 'NONE', *, *, #647, .F. ) ;
#521 = PLANE ( 'NONE',  #2262 ) ;
#522 = SURFACE_STYLE_FILL_AREA ( #1738 ) ;
#523 = CIRCLE ( 'NONE', #2162, 0.02250000000000000611 ) ;
#524 = CARTESIAN_POINT ( 'NONE',  ( 2.900000000143239387E-05, 0.6836000000000008736, -0.2000671000000001643 ) ) ;
#525 = VECTOR ( 'NONE', #69, 1000.000000000000000 ) ;
#526 = EDGE_CURVE ( 'NONE', #2281, #248, #2238, .T. ) ;
#527 = FILL_AREA_STYLE ('',( #1527 ) ) ;
#528 =( LENGTH_UNIT ( ) NAMED_UNIT ( * ) SI_UNIT ( .MILLI., .METRE. ) );
#529 = EDGE_LOOP ( 'NONE', ( #87, #530, #1438, #1977 ) ) ;
#530 = ORIENTED_EDGE ( 'NONE', *, *, #2024, .F. ) ;
#531 = EDGE_CURVE ( 'NONE', #1912, #2354, #2272, .T. ) ;
#532 = DIRECTION ( 'NONE',  ( 4.857225732735386502E-17, 1.224646799147353454E-16, -1.000000000000000000 ) ) ;
#533 = CIRCLE ( 'NONE', #905, 0.03350000000000000200 ) ;
#534 = ORIENTED_EDGE ( 'NONE', *, *, #2550, .T. ) ;
#535 = ADVANCED_FACE ( 'NONE', ( #2013 ), #218, .F. ) ;
#536 = PRESENTATION_LAYER_ASSIGNMENT (  '', '', ( #130 ) ) ;
#537 = EDGE_LOOP ( 'NONE', ( #2950, #1043 ) ) ;
#538 = SURFACE_STYLE_USAGE ( .BOTH. , #2010 ) ;
#539 =( NAMED_UNIT ( * ) PLANE_ANGLE_UNIT ( ) SI_UNIT ( $, .RADIAN. ) );
#540 = CARTESIAN_POINT ( 'NONE',  ( -1.724999999999999645, 0.5800000000000019584, -1.724999999999999645 ) ) ;
#541 = EDGE_CURVE ( 'NONE', #2486, #282, #557, .T. ) ;
#542 = DIRECTION ( 'NONE',  ( -1.000000000000000000, 7.238338640139361907E-19, -4.857225732735220102E-17 ) ) ;
#543 = CARTESIAN_POINT ( 'NONE',  ( 1.084202172485504434E-15, 0.6836000000000007626, 1.102868285104868432E-15 ) ) ;
#544 =( GEOMETRIC_REPRESENTATION_CONTEXT ( 3 ) GLOBAL_UNCERTAINTY_ASSIGNED_CONTEXT ( ( #1115 ) ) GLOBAL_UNIT_ASSIGNED_CONTEXT ( ( #1624, #2862, #2110 ) ) REPRESENTATION_CONTEXT ( 'NONE', 'WORKASPACE' ) );
#545 = ORIENTED_EDGE ( 'NONE', *, *, #503, .F. ) ;
#546 = VERTEX_POINT ( 'NONE', #1039 ) ;
#547 = EDGE_CURVE ( 'NONE', #623, #2243, #2794, .T. ) ;
#548 = EDGE_CURVE ( 'NONE', #1474, #3031, #95, .T. ) ;
#549 = DIRECTION ( 'NONE',  ( 7.238338640139400425E-19, 1.000000000000000000, 1.224646799147353454E-16 ) ) ;
#550 = CARTESIAN_POINT ( 'NONE',  ( 2.900000000143239387E-05, 0.6836000000000006516, 0.1999329000000008849 ) ) ;
#551 = DIRECTION ( 'NONE',  ( -7.238338640139153906E-19, -1.000000000000000000, -2.589714009811204974E-16 ) ) ;
#552 =( LENGTH_UNIT ( ) NAMED_UNIT ( * ) SI_UNIT ( .MILLI., .METRE. ) );
#553 = CIRCLE ( 'NONE', #3187, 1.293025284993981838 ) ;
#554 = ORIENTED_EDGE ( 'NONE', *, *, #2341, .T. ) ;
#555 = DIRECTION ( 'NONE',  ( 0.000000000000000000, 0.000000000000000000, -1.000000000000000000 ) ) ;
#556 = DIRECTION ( 'NONE',  ( 1.000000000000000000, -7.238338640137788422E-19, -1.856725676668152869E-16 ) ) ;
#557 = LINE ( 'NONE', #540, #1090 ) ;
#558 = DIRECTION ( 'NONE',  ( 7.238338640138938202E-19, 1.000000000000000000, 7.030606108311833107E-16 ) ) ;
#559 = CARTESIAN_POINT ( 'NONE',  ( 1.442220510185596938, 0.7300000000000005373, 4.481731300472224087E-15 ) ) ;
#560 = ORIENTED_EDGE ( 'NONE', *, *, #215, .T. ) ;
#561 = ORIENTED_EDGE ( 'NONE', *, *, #1996, .F. ) ;
#562 = VECTOR ( 'NONE', #1466, 1000.000000000000000 ) ;
#563 = CARTESIAN_POINT ( 'NONE',  ( -0.1999709999999990939, 0.6836000000000007626, 0.2334329000000008869 ) ) ;
#564 = UNCERTAINTY_MEASURE_WITH_UNIT (LENGTH_MEASURE( 1.000000000000000082E-05 ), #2029, 'distance_accuracy_value', 'NONE');
#565 = EDGE_LOOP ( 'NONE', ( #2804, #466 ) ) ;
#566 = VECTOR ( 'NONE', #755, 1000.000000000000000 ) ;
#567 = VERTEX_POINT ( 'NONE', #1792 ) ;
#568 = AXIS2_PLACEMENT_3D ( 'NONE', #324, #1057, #1742 ) ;
#569 = FACE_BOUND ( 'NONE', #2301, .T. ) ;
#570 = DIRECTION ( 'NONE',  ( 1.000000000000000000, -7.238338640138040719E-19, -1.411394088993327694E-16 ) ) ;
#571 = CARTESIAN_POINT ( 'NONE',  ( -1.625000000000000444, 0.05000000000000186240, -1.625000000000000666 ) ) ;
#572 = STYLED_ITEM ( 'NONE', ( #2712 ), #2424 ) ;
#573 = PRESENTATION_STYLE_ASSIGNMENT (( #2774 ) ) ;
#574 = DIRECTION ( 'NONE',  ( 0.000000000000000000, 0.000000000000000000, 1.000000000000000000 ) ) ;
#575 = ORIENTED_EDGE ( 'NONE', *, *, #548, .T. ) ;
#576 = EDGE_LOOP ( 'NONE', ( #1414, #1247 ) ) ;
#577 = FILL_AREA_STYLE_COLOUR ( '', #3010 ) ;
#578 = FILL_AREA_STYLE_COLOUR ( '', #1599 ) ;
#579 = COLOUR_RGB ( '',0.5019607843137254832, 0.5019607843137254832, 0.5019607843137254832 ) ;
#580 = CARTESIAN_POINT ( 'NONE',  ( -1.625000000000000444, 0.04999999999999957256, 1.625000000000000666 ) ) ;
#581 = CARTESIAN_POINT ( 'NONE',  ( -0.6500000000000001332, 0.04999999999999956563, 1.625000000000000666 ) ) ;
#582 = ORIENTED_EDGE ( 'NONE', *, *, #271, .F. ) ;
#583 = DIRECTION ( 'NONE',  ( 1.000000000000000000, -7.238338640138040719E-19, -1.411394088993327694E-16 ) ) ;
#584 = EDGE_CURVE ( 'NONE', #3181, #1408, #2547, .T. ) ;
#585 = COLOUR_RGB ( '',1.000000000000000000, 1.000000000000000000, 1.000000000000000000 ) ;
#586 = EDGE_LOOP ( 'NONE', ( #1154, #1019, #2959, #1530 ) ) ;
#587 = CARTESIAN_POINT ( 'NONE',  ( 2.899999999969767039E-05, 0.6836000000000010957, -0.4000670999999990096 ) ) ;
#588 = CARTESIAN_POINT ( 'NONE',  ( 1.150000000000001021, 0.04999999999999956563, 1.625000000000000666 ) ) ;
#589 = EDGE_CURVE ( 'NONE', #234, #250, #349, .T. ) ;
#590 = SURFACE_STYLE_USAGE ( .BOTH. , #351 ) ;
#591 = DIRECTION ( 'NONE',  ( -4.857225732735217637E-17, -7.030606108311833107E-16, 1.000000000000000000 ) ) ;
#592 = ORIENTED_EDGE ( 'NONE', *, *, #2339, .F. ) ;
#593 = FILL_AREA_STYLE ('',( #2800 ) ) ;
#594 = CARTESIAN_POINT ( 'NONE',  ( 1.084202172485504434E-15, 0.6806000000000004269, 0.4019400000000010187 ) ) ;
#595 = FACE_BOUND ( 'NONE', #697, .T. ) ;
#596 = AXIS2_PLACEMENT_3D ( 'NONE', #749, #1688, #2412 ) ;
#597 = VERTEX_POINT ( 'NONE', #2530 ) ;
#598 = CARTESIAN_POINT ( 'NONE',  ( -0.6500000000000001332, 0.05000000000000186240, -1.625000000000000666 ) ) ;
#599 = MECHANICAL_DESIGN_GEOMETRIC_PRESENTATION_REPRESENTATION (  '', ( #2976 ), #1758 ) ;
#600 = UNCERTAINTY_MEASURE_WITH_UNIT (LENGTH_MEASURE( 1.000000000000000082E-05 ), #1833, 'distance_accuracy_value', 'NONE');
#601 = ORIENTED_EDGE ( 'NONE', *, *, #778, .T. ) ;
#602 = DIRECTION ( 'NONE',  ( -1.000000000000000000, 7.238338640139280055E-19, -4.857225732735220102E-17 ) ) ;
#603 = CARTESIAN_POINT ( 'NONE',  ( -1.724999999999999645, 0.5799999999999995159, 1.725000000000000089 ) ) ;
#604 = DIRECTION ( 'NONE',  ( 1.155264364861563110E-16, 1.000000000000000000, 5.665538897647980601E-16 ) ) ;
#605 = EDGE_CURVE ( 'NONE', #597, #2641, #523, .T. ) ;
#606 = EDGE_CURVE ( 'NONE', #2354, #1923, #2579, .T. ) ;
#607 = DIRECTION ( 'NONE',  ( -1.365067210663851273E-16, -1.000000000000000000, -1.217408460507213380E-16 ) ) ;
#608 = CARTESIAN_POINT ( 'NONE',  ( 0.3792000000000007587, 0.6836000000000010957, -0.5464999999999989866 ) ) ;
#609 = ORIENTED_EDGE ( 'NONE', *, *, #2248, .F. ) ;
#610 =( NAMED_UNIT ( * ) PLANE_ANGLE_UNIT ( ) SI_UNIT ( $, .RADIAN. ) );
#611 = CARTESIAN_POINT ( 'NONE',  ( 1.150000000000001021, -5.537582340901304663E-16, 1.625000000000000666 ) ) ;
#612 = DIRECTION ( 'NONE',  ( -7.238338640139153906E-19, -1.000000000000000000, -2.589714009811204974E-16 ) ) ;
#613 = LINE ( 'NONE', #3037, #1168 ) ;
#614 = EDGE_LOOP ( 'NONE', ( #3003, #1844 ) ) ;
#615 = DIRECTION ( 'NONE',  ( -7.238338640139153906E-19, -1.000000000000000000, -2.589714009811204974E-16 ) ) ;
#616 = CIRCLE ( 'NONE', #2421, 0.03350000000000000200 ) ;
#617 = LINE ( 'NONE', #1896, #1691 ) ;
#618 = FACE_OUTER_BOUND ( 'NONE', #2366, .T. ) ;
#619 = CARTESIAN_POINT ( 'NONE',  ( 1.084202172485504434E-15, 0.7144827586206907721, 4.582954634144775387E-15 ) ) ;
#620 =( NAMED_UNIT ( * ) PLANE_ANGLE_UNIT ( ) SI_UNIT ( $, .RADIAN. ) );
#621 = CARTESIAN_POINT ( 'NONE',  ( 0.5465000000000012070, 0.6836000000000005405, 0.3794400000000010542 ) ) ;
#622 = FILL_AREA_STYLE_COLOUR ( '', #91 ) ;
#623 = VERTEX_POINT ( 'NONE', #362 ) ;
#624 = EDGE_CURVE ( 'NONE', #922, #1763, #1340, .T. ) ;
#625 = SURFACE_STYLE_USAGE ( .BOTH. , #140 ) ;
#626 = LINE ( 'NONE', #594, #270 ) ;
#627 = LINE ( 'NONE', #2148, #2157 ) ;
#628 = DIRECTION ( 'NONE',  ( 1.000000000000000000, -1.155264364861562863E-16, -2.440701027073827977E-32 ) ) ;
#629 = ORIENTED_EDGE ( 'NONE', *, *, #1558, .F. ) ;
#630 = ADVANCED_FACE ( 'NONE', ( #1596 ), #863, .F. ) ;
#631 = VECTOR ( 'NONE', #1008, 1000.000000000000000 ) ;
#632 = CARTESIAN_POINT ( 'NONE',  ( 0.4000290000000007451, 0.6836000000000007626, 0.03343289999999687206 ) ) ;
#633 = CARTESIAN_POINT ( 'NONE',  ( 1.725000000000000089, 0.4300000000000018252, -1.724999999999999867 ) ) ;
#634 = MECHANICAL_DESIGN_GEOMETRIC_PRESENTATION_REPRESENTATION (  '', ( #2167 ), #17 ) ;
#635 = FILL_AREA_STYLE_COLOUR ( '', #232 ) ;
#636 = EDGE_CURVE ( 'NONE', #1582, #1282, #553, .T. ) ;
#637 = MECHANICAL_DESIGN_GEOMETRIC_PRESENTATION_REPRESENTATION (  '', ( #1607 ), #2723 ) ;
#638 = CARTESIAN_POINT ( 'NONE',  ( 0.4344100000000007400, 0.6906000000000011019, -0.4123599999999993937 ) ) ;
#639 = DIRECTION ( 'NONE',  ( -7.238338640139153906E-19, -1.000000000000000000, -2.589714009811204974E-16 ) ) ;
#640 = DIRECTION ( 'NONE',  ( 1.000000000000000000, -7.238338640139361907E-19, 4.857225732735217637E-17 ) ) ;
#641 = VERTEX_POINT ( 'NONE', #638 ) ;
#642 = FACE_BOUND ( 'NONE', #3073, .T. ) ;
#643 = DIRECTION ( 'NONE',  ( -4.857225732735385269E-17, -7.006907263567901912E-16, 1.000000000000000000 ) ) ;
#644 = DIRECTION ( 'NONE',  ( -7.238338640139153906E-19, -1.000000000000000000, -2.589714009811204974E-16 ) ) ;
#645 = EDGE_CURVE ( 'NONE', #282, #3143, #1837, .T. ) ;
#646 = VERTEX_POINT ( 'NONE', #1121 ) ;
#647 = EDGE_CURVE ( 'NONE', #807, #3182, #2361, .T. ) ;
#648 = DIRECTION ( 'NONE',  ( -1.000000000000000000, 7.238338640139280055E-19, -4.857225732735220102E-17 ) ) ;
#649 = COLOUR_RGB ( '',1.000000000000000000, 1.000000000000000000, 1.000000000000000000 ) ;
#650 = EDGE_CURVE ( 'NONE', #677, #1408, #1583, .T. ) ;
#651 = LINE ( 'NONE', #409, #74 ) ;
#652 = DIRECTION ( 'NONE',  ( 0.000000000000000000, 0.000000000000000000, 1.000000000000000000 ) ) ;
#653 = AXIS2_PLACEMENT_3D ( 'NONE', #2227, #3166, #959 ) ;
#654 = DIRECTION ( 'NONE',  ( 1.000000000000000000, -7.238338640139361907E-19, 4.857225732735217637E-17 ) ) ;
#655 = VERTEX_POINT ( 'NONE', #396 ) ;
#656 = DIRECTION ( 'NONE',  ( -7.238338640139153906E-19, -1.000000000000000000, -2.589714009811204974E-16 ) ) ;
#657 = CARTESIAN_POINT ( 'NONE',  ( 0.5715000000000002300, 0.5000000000000012212, -0.5714999999999998970 ) ) ;
#658 = EDGE_CURVE ( 'NONE', #2482, #1923, #125, .T. ) ;
#659 = DIRECTION ( 'NONE',  ( 1.684239067192094326E-16, 1.000000000000000000, 1.217408460507213380E-16 ) ) ;
#660 = DIRECTION ( 'NONE',  ( 0.000000000000000000, 0.000000000000000000, 1.000000000000000000 ) ) ;
#661 = VERTEX_POINT ( 'NONE', #2344 ) ;
#662 = PLANE ( 'NONE',  #2583 ) ;
#663 = STYLED_ITEM ( 'NONE', ( #1524 ), #1450 ) ;
#664 = ORIENTED_EDGE ( 'NONE', *, *, #1790, .T. ) ;
#665 = CARTESIAN_POINT ( 'NONE',  ( 0.4344100000000007400, 0.6806000000000005379, 0.4123599999999998378 ) ) ;
#666 = CARTESIAN_POINT ( 'NONE',  ( -1.625000000000000444, 0.05000000000000186240, -1.625000000000000666 ) ) ;
#667 = DIRECTION ( 'NONE',  ( 0.000000000000000000, 0.000000000000000000, 1.000000000000000000 ) ) ;
#668 = PLANE ( 'NONE',  #753 ) ;
#669 = EDGE_LOOP ( 'NONE', ( #2878, #2123, #472, #770 ) ) ;
#670 = MECHANICAL_DESIGN_GEOMETRIC_PRESENTATION_REPRESENTATION (  '', ( #1637 ), #61 ) ;
#671 = AXIS2_PLACEMENT_3D ( 'NONE', #2469, #2690, #1221 ) ;
#672 = FACE_BOUND ( 'NONE', #1009, .T. ) ;
#673 = LINE ( 'NONE', #16, #1095 ) ;
#674 =( LENGTH_UNIT ( ) NAMED_UNIT ( * ) SI_UNIT ( .MILLI., .METRE. ) );
#675 = FACE_OUTER_BOUND ( 'NONE', #2560, .T. ) ;
#676 = AXIS2_PLACEMENT_3D ( 'NONE', #1119, #1087, #2323 ) ;
#677 = VERTEX_POINT ( 'NONE', #135 ) ;
#678 = MECHANICAL_DESIGN_GEOMETRIC_PRESENTATION_REPRESENTATION (  '', ( #2160 ), #2576 ) ;
#679 = CARTESIAN_POINT ( 'NONE',  ( -0.5464999999999989866, 0.6836000000000007626, 1.102868285104868235E-15 ) ) ;
#680 =( NAMED_UNIT ( * ) PLANE_ANGLE_UNIT ( ) SI_UNIT ( $, .RADIAN. ) );
#681 = CIRCLE ( 'NONE', #1504, 0.03350000000000000200 ) ;
#682 = DIRECTION ( 'NONE',  ( 0.000000000000000000, 0.000000000000000000, 1.000000000000000000 ) ) ;
#683 = VECTOR ( 'NONE', #1877, 1000.000000000000000 ) ;
#684 = AXIS2_PLACEMENT_3D ( 'NONE', #3140, #1, #2432 ) ;
#685 = EDGE_LOOP ( 'NONE', ( #1084, #1690, #1651, #1478, #731, #560 ) ) ;
#686 = LINE ( 'NONE', #2380, #3105 ) ;
#687 =( LENGTH_UNIT ( ) NAMED_UNIT ( * ) SI_UNIT ( .MILLI., .METRE. ) );
#688 = DIRECTION ( 'NONE',  ( -4.857225732735217637E-17, -7.030606108311833107E-16, 1.000000000000000000 ) ) ;
#689 = DIRECTION ( 'NONE',  ( -4.857225732735386502E-17, -1.224646799147353454E-16, 1.000000000000000000 ) ) ;
#690 = ORIENTED_EDGE ( 'NONE', *, *, #1182, .T. ) ;
#691 = FACE_OUTER_BOUND ( 'NONE', #1788, .T. ) ;
#692 =( NAMED_UNIT ( * ) SI_UNIT ( $, .STERADIAN. ) SOLID_ANGLE_UNIT ( ) );
#693 = FACE_OUTER_BOUND ( 'NONE', #975, .T. ) ;
#694 = VERTEX_POINT ( 'NONE', #1264 ) ;
#695 = FACE_OUTER_BOUND ( 'NONE', #814, .T. ) ;
#696 = UNCERTAINTY_MEASURE_WITH_UNIT (LENGTH_MEASURE( 1.000000000000000082E-05 ), #145, 'distance_accuracy_value', 'NONE');
#697 = EDGE_LOOP ( 'NONE', ( #897, #1343, #2703, #1321, #2136 ) ) ;
#698 = CIRCLE ( 'NONE', #596, 0.03350000000000000200 ) ;
#699 = CARTESIAN_POINT ( 'NONE',  ( -1.724999999999999645, 0.5799999999999995159, 1.725000000000000089 ) ) ;
#700 = FACE_OUTER_BOUND ( 'NONE', #278, .T. ) ;
#701 = CARTESIAN_POINT ( 'NONE',  ( -1.724999999999999645, 0.4300000000000018252, -1.724999999999999645 ) ) ;
#702 = EDGE_LOOP ( 'NONE', ( #575, #1190, #288, #1529 ) ) ;
#703 = EDGE_CURVE ( 'NONE', #2431, #2919, #2464, .T. ) ;
#704 = DIRECTION ( 'NONE',  ( 1.000000000000000000, -7.238338640139361907E-19, 4.857225732735217637E-17 ) ) ;
#705 = PRESENTATION_STYLE_ASSIGNMENT (( #1464 ) ) ;
#706 = DIRECTION ( 'NONE',  ( -5.930691298090262904E-16, -7.030606108311833107E-16, 1.000000000000000000 ) ) ;
#707 = CARTESIAN_POINT ( 'NONE',  ( 0.2000290000000002344, 0.6836000000000005405, 0.3999329000000013679 ) ) ;
#708 = VECTOR ( 'NONE', #2597, 1000.000000000000000 ) ;
#709 = ORIENTED_EDGE ( 'NONE', *, *, #1886, .T. ) ;
#710 = ORIENTED_EDGE ( 'NONE', *, *, #1118, .T. ) ;
#711 = EDGE_LOOP ( 'NONE', ( #2226, #2601 ) ) ;
#712 = VERTEX_POINT ( 'NONE', #972 ) ;
#713 = AXIS2_PLACEMENT_3D ( 'NONE', #543, #287, #591 ) ;
#714 = DIRECTION ( 'NONE',  ( 8.486801005547741959E-17, -7.030606108311833107E-16, 1.000000000000000000 ) ) ;
#715 = DIRECTION ( 'NONE',  ( 7.238338640138938202E-19, 1.000000000000000000, 7.030606108311833107E-16 ) ) ;
#716 = VECTOR ( 'NONE', #542, 1000.000000000000000 ) ;
#717 = ORIENTED_EDGE ( 'NONE', *, *, #703, .T. ) ;
#718 = FACE_OUTER_BOUND ( 'NONE', #2349, .T. ) ;
#719 = DIRECTION ( 'NONE',  ( -7.238338640139153906E-19, -1.000000000000000000, -2.589714009811204974E-16 ) ) ;
#720 = CARTESIAN_POINT ( 'NONE',  ( -0.5714999999999997859, 0.5000000000000004441, 0.5715000000000002300 ) ) ;
#721 = EDGE_LOOP ( 'NONE', ( #1885, #1931 ) ) ;
#722 = VECTOR ( 'NONE', #1584, 1000.000000000000000 ) ;
#723 = VECTOR ( 'NONE', #231, 1000.000000000000000 ) ;
#724 = ORIENTED_EDGE ( 'NONE', *, *, #2089, .T. ) ;
#725 = CARTESIAN_POINT ( 'NONE',  ( 0.2000290000000002344, 0.6836000000000008736, -0.1665671000000019386 ) ) ;
#726 = DIRECTION ( 'NONE',  ( -4.857225732735217637E-17, -7.030606108311833107E-16, 1.000000000000000000 ) ) ;
#727 = UNCERTAINTY_MEASURE_WITH_UNIT (LENGTH_MEASURE( 1.000000000000000082E-05 ), #2244, 'distance_accuracy_value', 'NONE');
#728 = AXIS2_PLACEMENT_3D ( 'NONE', #2287, #361, #2771 ) ;
#729 = CARTESIAN_POINT ( 'NONE',  ( 1.150000000000001021, 0.04999999999999956563, 1.625000000000000666 ) ) ;
#730 = EDGE_CURVE ( 'NONE', #1942, #1474, #207, .T. ) ;
#731 = ORIENTED_EDGE ( 'NONE', *, *, #1776, .T. ) ;
#732 = ORIENTED_EDGE ( 'NONE', *, *, #393, .F. ) ;
#733 = CYLINDRICAL_SURFACE ( 'NONE', #2677, 0.02250000000000000611 ) ;
#734 = CARTESIAN_POINT ( 'NONE',  ( 1.084202172485504434E-15, 0.6836000000000007626, 1.102868285104868432E-15 ) ) ;
#735 = CARTESIAN_POINT ( 'NONE',  ( 0.4242000000000006876, 0.6806000000000005379, 0.4244400000000009832 ) ) ;
#736 = CARTESIAN_POINT ( 'NONE',  ( 1.084202172485504434E-15, 0.7300000000000007594, 4.588300467875047691E-15 ) ) ;
#737 = SURFACE_STYLE_USAGE ( .BOTH. , #2937 ) ;
#738 = MECHANICAL_DESIGN_GEOMETRIC_PRESENTATION_REPRESENTATION (  '', ( #951 ), #167 ) ;
#739 = ORIENTED_EDGE ( 'NONE', *, *, #2828, .T. ) ;
#740 = AXIS2_PLACEMENT_3D ( 'NONE', #1963, #2714, #1723 ) ;
#741 = VERTEX_POINT ( 'NONE', #1002 ) ;
#742 = PRESENTATION_STYLE_ASSIGNMENT (( #2169 ) ) ;
#743 = DIRECTION ( 'NONE',  ( -7.238338640139153906E-19, -1.000000000000000000, -2.589714009811204974E-16 ) ) ;
#744 = EDGE_CURVE ( 'NONE', #335, #694, #42, .T. ) ;
#745 = MECHANICAL_DESIGN_GEOMETRIC_PRESENTATION_REPRESENTATION (  '', ( #1357 ), #2283 ) ;
#746 = VERTEX_POINT ( 'NONE', #1726 ) ;
#747 = EDGE_LOOP ( 'NONE', ( #1905, #854, #2056, #2032 ) ) ;
#748 = CARTESIAN_POINT ( 'NONE',  ( -1.724999999999999645, 0.5799999999999995159, 1.725000000000000089 ) ) ;
#749 = CARTESIAN_POINT ( 'NONE',  ( -0.3999709999999996324, 0.6836000000000006516, 0.1999329000000008572 ) ) ;
#750 = AXIS2_PLACEMENT_3D ( 'NONE', #734, #1490, #2966 ) ;
#751 = EDGE_CURVE ( 'NONE', #1144, #2883, #2085, .T. ) ;
#752 = CIRCLE ( 'NONE', #916, 1.442220510185596050 ) ;
#753 = AXIS2_PLACEMENT_3D ( 'NONE', #1642, #2632, #428 ) ;
#754 = CARTESIAN_POINT ( 'NONE',  ( -0.3999709999999996324, 0.6836000000000010957, -0.4335670999999989284 ) ) ;
#755 = DIRECTION ( 'NONE',  ( -1.000000000000000000, 1.155264364861562863E-16, 2.440701027073827977E-32 ) ) ;
#756 = DIRECTION ( 'NONE',  ( 4.857225732735217637E-17, 7.030606108311833107E-16, -1.000000000000000000 ) ) ;
#757 = ORIENTED_EDGE ( 'NONE', *, *, #2924, .F. ) ;
#758 = EDGE_LOOP ( 'NONE', ( #2687, #1430, #1772, #1894, #724 ) ) ;
#759 = CARTESIAN_POINT ( 'NONE',  ( 1.084202172485504434E-15, 0.6836000000000007626, 1.102868285104868432E-15 ) ) ;
#760 = CARTESIAN_POINT ( 'NONE',  ( 0.4119100000000007755, 0.6806000000000010930, -0.4348599999999993582 ) ) ;
#761 = DIRECTION ( 'NONE',  ( 9.130123557772677948E-16, -7.006907263567902898E-16, 1.000000000000000000 ) ) ;
#762 = EDGE_LOOP ( 'NONE', ( #144, #1967, #968, #2867 ) ) ;
#763 = ORIENTED_EDGE ( 'NONE', *, *, #300, .T. ) ;
#764 = CARTESIAN_POINT ( 'NONE',  ( -0.5714999999999997859, 0.5000000000000004441, 0.5715000000000002300 ) ) ;
#765 = FACE_OUTER_BOUND ( 'NONE', #576, .T. ) ;
#766 = VECTOR ( 'NONE', #1017, 1000.000000000000000 ) ;
#767 =( NAMED_UNIT ( * ) PLANE_ANGLE_UNIT ( ) SI_UNIT ( $, .RADIAN. ) );
#768 = FACE_OUTER_BOUND ( 'NONE', #2001, .T. ) ;
#769 = VERTEX_POINT ( 'NONE', #2716 ) ;
#770 = ORIENTED_EDGE ( 'NONE', *, *, #88, .T. ) ;
#771 = PLANE ( 'NONE',  #2440 ) ;
#772 = EDGE_CURVE ( 'NONE', #20, #1575, #1429, .T. ) ;
#773 = CARTESIAN_POINT ( 'NONE',  ( -0.3999709999999996324, 0.6836000000000005405, 0.4334328999999996768 ) ) ;
#774 = VECTOR ( 'NONE', #3092, 1000.000000000000000 ) ;
#775 = ORIENTED_EDGE ( 'NONE', *, *, #1764, .F. ) ;
#776 = ORIENTED_EDGE ( 'NONE', *, *, #3066, .T. ) ;
#777 = CARTESIAN_POINT ( 'NONE',  ( 0.2000290000000002344, 0.6836000000000005405, 0.4334329000000013976 ) ) ;
#778 = EDGE_CURVE ( 'NONE', #2726, #454, #2240, .T. ) ;
#779 = PLANE ( 'NONE',  #2446 ) ;
#780 = AXIS2_PLACEMENT_3D ( 'NONE', #832, #2028, #3028 ) ;
#781 = DIRECTION ( 'NONE',  ( 7.238338640139153906E-19, 1.000000000000000000, 2.589714009811204974E-16 ) ) ;
#782 = EDGE_CURVE ( 'NONE', #2394, #567, #862, .T. ) ;
#783 = ADVANCED_FACE ( 'NONE', ( #693 ), #2435, .T. ) ;
#784 = MECHANICAL_DESIGN_GEOMETRIC_PRESENTATION_REPRESENTATION (  '', ( #470 ), #3154 ) ;
#785 = AXIS2_PLACEMENT_3D ( 'NONE', #2462, #1427, #2682 ) ;
#786 = CARTESIAN_POINT ( 'NONE',  ( 0.5319100000000011041, 0.6906000000000005468, 0.4123599999999998378 ) ) ;
#787 =( LENGTH_UNIT ( ) NAMED_UNIT ( * ) SI_UNIT ( .MILLI., .METRE. ) );
#788 = ORIENTED_EDGE ( 'NONE', *, *, #1298, .T. ) ;
#789 = VERTEX_POINT ( 'NONE', #2957 ) ;
#790 = LINE ( 'NONE', #1045, #2016 ) ;
#791 = PLANE ( 'NONE',  #2955 ) ;
#792 = AXIS2_PLACEMENT_3D ( 'NONE', #2034, #1303, #1328 ) ;
#793 = DIRECTION ( 'NONE',  ( 7.238338640138938202E-19, 1.000000000000000000, 7.030606108311833107E-16 ) ) ;
#794 =( NAMED_UNIT ( * ) SI_UNIT ( $, .STERADIAN. ) SOLID_ANGLE_UNIT ( ) );
#795 = ORIENTED_EDGE ( 'NONE', *, *, #2866, .T. ) ;
#796 = ORIENTED_EDGE ( 'NONE', *, *, #2574, .T. ) ;
#797 = LINE ( 'NONE', #316, #1294 ) ;
#798 = FILL_AREA_STYLE_COLOUR ( '', #1684 ) ;
#799 = CARTESIAN_POINT ( 'NONE',  ( 0.5319100000000011041, 0.6906000000000005468, 0.4123599999999998378 ) ) ;
#800 = PLANE ( 'NONE',  #2572 ) ;
#801 = VECTOR ( 'NONE', #387, 1000.000000000000000 ) ;
#802 = ORIENTED_EDGE ( 'NONE', *, *, #2647, .T. ) ;
#803 = VERTEX_POINT ( 'NONE', #1951 ) ;
#804 = CARTESIAN_POINT ( 'NONE',  ( 0.2000290000000002344, 0.6836000000000007626, -6.710000000139563039E-05 ) ) ;
#805 = PRESENTATION_STYLE_ASSIGNMENT (( #2557 ) ) ;
#806 = ORIENTED_EDGE ( 'NONE', *, *, #1118, .F. ) ;
#807 = VERTEX_POINT ( 'NONE', #1965 ) ;
#808 = CARTESIAN_POINT ( 'NONE',  ( -0.5464999999999989866, 0.6836000000000005405, 0.5465000000000012070 ) ) ;
#809 = DIRECTION ( 'NONE',  ( 1.411394088993327694E-16, -7.030606108311833107E-16, 1.000000000000000000 ) ) ;
#810 = DIRECTION ( 'NONE',  ( -1.000000000000000000, 1.155264364861562863E-16, 2.440701027073827977E-32 ) ) ;
#811 = FILL_AREA_STYLE_COLOUR ( '', #2533 ) ;
#812 = DIRECTION ( 'NONE',  ( -4.857225732735385269E-17, -7.006907263567901912E-16, 1.000000000000000000 ) ) ;
#813 = DIRECTION ( 'NONE',  ( -4.857225732735217637E-17, -7.030606108311833107E-16, 1.000000000000000000 ) ) ;
#814 = EDGE_LOOP ( 'NONE', ( #92, #3038, #460, #1351 ) ) ;
#815 = VERTEX_POINT ( 'NONE', #2178 ) ;
#816 = EDGE_CURVE ( 'NONE', #2465, #347, #1933, .T. ) ;
#817 = DIRECTION ( 'NONE',  ( -1.000000000000000000, 6.644458308135963693E-33, -3.481756742075853408E-34 ) ) ;
#818 = AXIS2_PLACEMENT_3D ( 'NONE', #830, #2288, #556 ) ;
#819 = DIRECTION ( 'NONE',  ( -7.238338640139153906E-19, -1.000000000000000000, -2.589714009811204974E-16 ) ) ;
#820 =( LENGTH_UNIT ( ) NAMED_UNIT ( * ) SI_UNIT ( .MILLI., .METRE. ) );
#821 = DIRECTION ( 'NONE',  ( 2.449117988379029172E-32, -7.030606108311833107E-16, 1.000000000000000000 ) ) ;
#822 = ORIENTED_EDGE ( 'NONE', *, *, #2568, .F. ) ;
#823 = FILL_AREA_STYLE ('',( #2102 ) ) ;
#824 = UNCERTAINTY_MEASURE_WITH_UNIT (LENGTH_MEASURE( 1.000000000000000082E-05 ), #820, 'distance_accuracy_value', 'NONE');
#825 = EDGE_CURVE ( 'NONE', #641, #1139, #2685, .T. ) ;
#826 = ORIENTED_EDGE ( 'NONE', *, *, #1553, .T. ) ;
#827 = AXIS2_PLACEMENT_3D ( 'NONE', #2812, #3071, #890 ) ;
#828 = VECTOR ( 'NONE', #1577, 1000.000000000000000 ) ;
#829 = CARTESIAN_POINT ( 'NONE',  ( 0.4344100000000007400, 0.6906000000000005468, 0.4123599999999998378 ) ) ;
#830 = CARTESIAN_POINT ( 'NONE',  ( 1.084202172485504434E-15, 0.6836000000000010957, -0.5464999999999989866 ) ) ;
#831 = EDGE_CURVE ( 'NONE', #437, #1293, #2449, .T. ) ;
#832 = CARTESIAN_POINT ( 'NONE',  ( 0.2000290000000002344, 0.6836000000000005405, 0.3999329000000013679 ) ) ;
#833 = AXIS2_PLACEMENT_3D ( 'NONE', #102, #2511, #858 ) ;
#834 = CARTESIAN_POINT ( 'NONE',  ( 0.6500000000000005773, 0.04999999999999956563, 1.625000000000000666 ) ) ;
#835 = FILL_AREA_STYLE_COLOUR ( '', #989 ) ;
#836 = CARTESIAN_POINT ( 'NONE',  ( 1.150000000000001021, 0.04999999999999956563, 1.625000000000000666 ) ) ;
#837 = CIRCLE ( 'NONE', #2627, 0.03350000000000000200 ) ;
#838 = ORIENTED_EDGE ( 'NONE', *, *, #948, .F. ) ;
#839 = PRESENTATION_STYLE_ASSIGNMENT (( #2538 ) ) ;
#840 = CARTESIAN_POINT ( 'NONE',  ( 1.084202172485504434E-15, 0.6836000000000007626, 1.102868285104868432E-15 ) ) ;
#841 =( GEOMETRIC_REPRESENTATION_CONTEXT ( 3 ) GLOBAL_UNCERTAINTY_ASSIGNED_CONTEXT ( ( #993 ) ) GLOBAL_UNIT_ASSIGNED_CONTEXT ( ( #1330, #115, #856 ) ) REPRESENTATION_CONTEXT ( 'NONE', 'WORKASPACE' ) );
#842 = DIRECTION ( 'NONE',  ( -7.238338640139153906E-19, -1.000000000000000000, -2.589714009811204974E-16 ) ) ;
#843 = EDGE_LOOP ( 'NONE', ( #2083, #1786 ) ) ;
#844 = SURFACE_STYLE_FILL_AREA ( #823 ) ;
#845 = EDGE_CURVE ( 'NONE', #1494, #56, #987, .T. ) ;
#846 = STYLED_ITEM ( 'NONE', ( #2738 ), #1212 ) ;
#847 = EDGE_CURVE ( 'NONE', #1113, #1210, #1512, .T. ) ;
#848 = EDGE_CURVE ( 'NONE', #1171, #1582, #1542, .T. ) ;
#849 = VERTEX_POINT ( 'NONE', #1795 ) ;
#850 = SURFACE_STYLE_FILL_AREA ( #1594 ) ;
#851 = SURFACE_SIDE_STYLE ('',( #3058 ) ) ;
#852 = DIRECTION ( 'NONE',  ( 1.000000000000000000, -7.238338640139361907E-19, 4.857225732735220102E-17 ) ) ;
#853 = LINE ( 'NONE', #608, #2754 ) ;
#854 = ORIENTED_EDGE ( 'NONE', *, *, #2828, .F. ) ;
#855 =( LENGTH_UNIT ( ) NAMED_UNIT ( * ) SI_UNIT ( .MILLI., .METRE. ) );
#856 =( NAMED_UNIT ( * ) SI_UNIT ( $, .STERADIAN. ) SOLID_ANGLE_UNIT ( ) );
#857 = FACE_BOUND ( 'NONE', #2419, .T. ) ;
#858 = DIRECTION ( 'NONE',  ( 0.000000000000000000, 0.000000000000000000, -1.000000000000000000 ) ) ;
#859 = AXIS2_PLACEMENT_3D ( 'NONE', #3156, #2929, #2713 ) ;
#860 = VERTEX_POINT ( 'NONE', #3045 ) ;
#861 = DIRECTION ( 'NONE',  ( 1.000000000000000000, -7.238338640139361907E-19, 4.857225732735220102E-17 ) ) ;
#862 = CIRCLE ( 'NONE', #1278, 0.03350000000000000200 ) ;
#863 = PLANE ( 'NONE',  #2925 ) ;
#864 = EDGE_CURVE ( 'NONE', #1643, #623, #1777, .T. ) ;
#865 = DIRECTION ( 'NONE',  ( 0.000000000000000000, 0.000000000000000000, 1.000000000000000000 ) ) ;
#866 = ADVANCED_FACE ( 'NONE', ( #1743 ), #2535, .F. ) ;
#867 = CARTESIAN_POINT ( 'NONE',  ( 0.4242000000000006876, 0.6836000000000010957, -0.4019399999999988538 ) ) ;
#868 = DIRECTION ( 'NONE',  ( -1.000000000000000000, 1.365067210663851027E-16, -4.857225732735215788E-17 ) ) ;
#869 = DIRECTION ( 'NONE',  ( -7.238338640139153906E-19, -1.000000000000000000, -2.589714009811204974E-16 ) ) ;
#870 = EDGE_LOOP ( 'NONE', ( #2447, #444, #482, #391 ) ) ;
#871 = SURFACE_STYLE_FILL_AREA ( #593 ) ;
#872 = DIRECTION ( 'NONE',  ( -7.238338640139235758E-19, -1.000000000000000000, -2.589714009811204974E-16 ) ) ;
#873 = CYLINDRICAL_SURFACE ( 'NONE', #148, 0.02250000000000000611 ) ;
#874 = CARTESIAN_POINT ( 'NONE',  ( -1.724999999999999645, 0.4299999999999994382, 1.725000000000000089 ) ) ;
#875 = ORIENTED_EDGE ( 'NONE', *, *, #1225, .F. ) ;
#876 = AXIS2_PLACEMENT_3D ( 'NONE', #1300, #2798, #813 ) ;
#877 = ADVANCED_FACE ( 'NONE', ( #1286 ), #1074, .T. ) ;
#878 = SURFACE_STYLE_USAGE ( .BOTH. , #2139 ) ;
#879 =( GEOMETRIC_REPRESENTATION_CONTEXT ( 3 ) GLOBAL_UNCERTAINTY_ASSIGNED_CONTEXT ( ( #1852 ) ) GLOBAL_UNIT_ASSIGNED_CONTEXT ( ( #170, #3159, #1657 ) ) REPRESENTATION_CONTEXT ( 'NONE', 'WORKASPACE' ) );
#880 = VECTOR ( 'NONE', #1812, 1000.000000000000000 ) ;
#881 =( NAMED_UNIT ( * ) PLANE_ANGLE_UNIT ( ) SI_UNIT ( $, .RADIAN. ) );
#882 = DIRECTION ( 'NONE',  ( -7.238338640139153906E-19, -1.000000000000000000, -2.589714009811204974E-16 ) ) ;
#883 = VECTOR ( 'NONE', #2606, 1000.000000000000000 ) ;
#884 = VECTOR ( 'NONE', #1034, 1000.000000000000000 ) ;
#885 = EDGE_CURVE ( 'NONE', #2761, #2270, #2225, .T. ) ;
#886 = PLANE ( 'NONE',  #2694 ) ;
#887 = STYLED_ITEM ( 'NONE', ( #2543 ), #2466 ) ;
#888 = EDGE_CURVE ( 'NONE', #1881, #437, #1983, .T. ) ;
#889 = EDGE_CURVE ( 'NONE', #2486, #248, #2479, .T. ) ;
#890 = DIRECTION ( 'NONE',  ( 1.000000000000000000, -1.016439536705160530E-16, 0.000000000000000000 ) ) ;
#891 = DIRECTION ( 'NONE',  ( -7.238338640139153906E-19, -1.000000000000000000, -2.589714009811204974E-16 ) ) ;
#892 = ORIENTED_EDGE ( 'NONE', *, *, #2296, .F. ) ;
#893 = DIRECTION ( 'NONE',  ( -5.930691298090262904E-16, -7.030606108311833107E-16, 1.000000000000000000 ) ) ;
#894 = DIRECTION ( 'NONE',  ( -3.129636159629258261E-32, -1.000000000000000000, -1.224646799147353454E-16 ) ) ;
#895 = CARTESIAN_POINT ( 'NONE',  ( -1.724999999999999645, 0.4299999999999994382, 1.725000000000000089 ) ) ;
#896 =( NAMED_UNIT ( * ) PLANE_ANGLE_UNIT ( ) SI_UNIT ( $, .RADIAN. ) );
#897 = ORIENTED_EDGE ( 'NONE', *, *, #2978, .F. ) ;
#898 = EDGE_CURVE ( 'NONE', #988, #3171, #64, .T. ) ;
#899 = CIRCLE ( 'NONE', #1506, 0.03350000000000000200 ) ;
#900 = LINE ( 'NONE', #598, #1916 ) ;
#901 = UNCERTAINTY_MEASURE_WITH_UNIT (LENGTH_MEASURE( 1.000000000000000082E-05 ), #1756, 'distance_accuracy_value', 'NONE');
#902 = CARTESIAN_POINT ( 'NONE',  ( 0.2000290000000002344, 0.6836000000000010957, -0.4000670999999990096 ) ) ;
#903 = ADVANCED_FACE ( 'NONE', ( #768 ), #325, .T. ) ;
#904 = ADVANCED_FACE ( 'NONE', ( #1874 ), #1107, .F. ) ;
#905 = AXIS2_PLACEMENT_3D ( 'NONE', #2628, #1187, #1206 ) ;
#906 = CARTESIAN_POINT ( 'NONE',  ( 0.5319100000000011041, 0.6906000000000005468, 0.5323600000000001664 ) ) ;
#907 = CARTESIAN_POINT ( 'NONE',  ( -0.3999709999999996324, 0.6836000000000005405, 0.3999328999999997025 ) ) ;
#908 = ORIENTED_EDGE ( 'NONE', *, *, #658, .F. ) ;
#909 = PRESENTATION_LAYER_ASSIGNMENT (  '', '', ( #2908 ) ) ;
#910 = FACE_BOUND ( 'NONE', #1727, .T. ) ;
#911 = CARTESIAN_POINT ( 'NONE',  ( -0.6500000000000001332, 0.05000000000000085626, -0.1999999999999996225 ) ) ;
#912 = DIRECTION ( 'NONE',  ( 7.238338640139400425E-19, 1.000000000000000000, 1.224646799147353454E-16 ) ) ;
#913 = VERTEX_POINT ( 'NONE', #921 ) ;
#914 = DIRECTION ( 'NONE',  ( 7.238338640138938202E-19, 1.000000000000000000, 7.030606108311833107E-16 ) ) ;
#915 = SURFACE_STYLE_USAGE ( .BOTH. , #1884 ) ;
#916 = AXIS2_PLACEMENT_3D ( 'NONE', #1123, #2126, #2362 ) ;
#917 = VECTOR ( 'NONE', #3183, 1000.000000000000000 ) ;
#918 = DIRECTION ( 'NONE',  ( -1.155264364861562863E-16, -1.000000000000000000, -2.589714009811205467E-16 ) ) ;
#919 = VERTEX_POINT ( 'NONE', #1889 ) ;
#920 = FACE_OUTER_BOUND ( 'NONE', #103, .T. ) ;
#921 = CARTESIAN_POINT ( 'NONE',  ( -0.3999709999999996324, 0.6836000000000008736, -0.03356709999999966249 ) ) ;
#922 = VERTEX_POINT ( 'NONE', #2364 ) ;
#923 = DIRECTION ( 'NONE',  ( 0.000000000000000000, 0.000000000000000000, -1.000000000000000000 ) ) ;
#924 = EDGE_CURVE ( 'NONE', #1834, #2451, #2876, .T. ) ;
#925 = ORIENTED_EDGE ( 'NONE', *, *, #39, .T. ) ;
#926 = DIRECTION ( 'NONE',  ( -1.000000000000000000, 7.238338640138040719E-19, 1.411394088993327694E-16 ) ) ;
#927 = EDGE_CURVE ( 'NONE', #2513, #1010, #2454, .T. ) ;
#928 = COLOUR_RGB ( '',1.000000000000000000, 1.000000000000000000, 1.000000000000000000 ) ;
#929 = VERTEX_POINT ( 'NONE', #1092 ) ;
#930 = CIRCLE ( 'NONE', #365, 0.03350000000000000200 ) ;
#931 = CARTESIAN_POINT ( 'NONE',  ( -1.625000000000000444, 0.05000000000000186240, -1.625000000000000666 ) ) ;
#932 = PLANE ( 'NONE',  #1015 ) ;
#933 = DIRECTION ( 'NONE',  ( 7.238338640138938202E-19, 1.000000000000000000, 7.030606108311833107E-16 ) ) ;
#934 = VERTEX_POINT ( 'NONE', #2064 ) ;
#935 = CIRCLE ( 'NONE', #1035, 0.1499999999999999667 ) ;
#936 = AXIS2_PLACEMENT_3D ( 'NONE', #3186, #1482, #978 ) ;
#937 = FACE_BOUND ( 'NONE', #1744, .T. ) ;
#938 = DIRECTION ( 'NONE',  ( 1.000000000000000000, -7.238338640139361907E-19, 4.857225732735220102E-17 ) ) ;
#939 = PRESENTATION_STYLE_ASSIGNMENT (( #2570 ) ) ;
#940 = EDGE_LOOP ( 'NONE', ( #822, #1006, #2696, #180, #11, #2779 ) ) ;
#941 = CARTESIAN_POINT ( 'NONE',  ( 0.4000290000000007451, 0.6836000000000009846, -0.2000671000000019129 ) ) ;
#942 = CARTESIAN_POINT ( 'NONE',  ( 1.725000000000000089, 0.5799999999999995159, 1.724999999999999867 ) ) ;
#943 =( GEOMETRIC_REPRESENTATION_CONTEXT ( 3 ) GLOBAL_UNCERTAINTY_ASSIGNED_CONTEXT ( ( #2103 ) ) GLOBAL_UNIT_ASSIGNED_CONTEXT ( ( #1510, #2062, #1088 ) ) REPRESENTATION_CONTEXT ( 'NONE', 'WORKASPACE' ) );
#944 = CARTESIAN_POINT ( 'NONE',  ( -1.442220510185594939, 0.7300000000000009814, 4.518248562131524913E-15 ) ) ;
#945 = VECTOR ( 'NONE', #1926, 1000.000000000000000 ) ;
#946 = VECTOR ( 'NONE', #2147, 1000.000000000000000 ) ;
#947 = ORIENTED_EDGE ( 'NONE', *, *, #650, .T. ) ;
#948 = EDGE_CURVE ( 'NONE', #1044, #661, #853, .T. ) ;
#949 = EDGE_CURVE ( 'NONE', #929, #860, #238, .T. ) ;
#950 = SPHERICAL_SURFACE ( 'NONE', #2849, 1.300000000000000044 ) ;
#951 = STYLED_ITEM ( 'NONE', ( #2298 ), #1313 ) ;
#952 = CARTESIAN_POINT ( 'NONE',  ( -1.150000000000000577, 0.04999999999999957256, 1.625000000000000666 ) ) ;
#953 = VECTOR ( 'NONE', #2125, 1000.000000000000000 ) ;
#954 = CARTESIAN_POINT ( 'NONE',  ( 2.900000000142992053E-05, 0.6836000000000007626, -0.03356710000000139721 ) ) ;
#955 = ORIENTED_EDGE ( 'NONE', *, *, #2548, .T. ) ;
#956 = DIRECTION ( 'NONE',  ( -1.000000000000000000, 1.155264364861562863E-16, 2.440701027073827977E-32 ) ) ;
#957 = ORIENTED_EDGE ( 'NONE', *, *, #605, .F. ) ;
#958 = MECHANICAL_DESIGN_GEOMETRIC_PRESENTATION_REPRESENTATION (  '', ( #2967 ), #1710 ) ;
#959 = DIRECTION ( 'NONE',  ( -4.859377449266741344E-17, 0.000000000000000000, 1.000000000000000000 ) ) ;
#960 = DIRECTION ( 'NONE',  ( -6.644458308135963693E-33, -1.000000000000000000, -2.589714009811204974E-16 ) ) ;
#961 = UNCERTAINTY_MEASURE_WITH_UNIT (LENGTH_MEASURE( 1.000000000000000082E-05 ), #1641, 'distance_accuracy_value', 'NONE');
#962 = CARTESIAN_POINT ( 'NONE',  ( 0.4017000000000007232, 0.6806000000000007599, 1.101834757250349120E-15 ) ) ;
#963 = EDGE_LOOP ( 'NONE', ( #2020, #326, #2988, #2770 ) ) ;
#964 = AXIS2_PLACEMENT_3D ( 'NONE', #2128, #3120, #891 ) ;
#965 = CARTESIAN_POINT ( 'NONE',  ( -0.6500000000000001332, 0.05000000000000085626, -0.1999999999999996225 ) ) ;
#966 = EDGE_CURVE ( 'NONE', #302, #934, #2566, .T. ) ;
#967 = CARTESIAN_POINT ( 'NONE',  ( -1.150000000000000577, 0.04999999999999957256, 1.625000000000000666 ) ) ;
#968 = ORIENTED_EDGE ( 'NONE', *, *, #730, .F. ) ;
#969 = ADVANCED_FACE ( 'NONE', ( #2330 ), #128, .F. ) ;
#970 = DIRECTION ( 'NONE',  ( 0.000000000000000000, 0.000000000000000000, 1.000000000000000000 ) ) ;
#971 =( NAMED_UNIT ( * ) PLANE_ANGLE_UNIT ( ) SI_UNIT ( $, .RADIAN. ) );
#972 = CARTESIAN_POINT ( 'NONE',  ( 1.625000000000000888, 0.05000000000000185546, -1.625000000000000666 ) ) ;
#973 = VECTOR ( 'NONE', #3069, 1000.000000000000000 ) ;
#974 = ORIENTED_EDGE ( 'NONE', *, *, #985, .T. ) ;
#975 = EDGE_LOOP ( 'NONE', ( #1851, #2048, #955, #795 ) ) ;
#976 =( LENGTH_UNIT ( ) NAMED_UNIT ( * ) SI_UNIT ( .MILLI., .METRE. ) );
#977 = DIRECTION ( 'NONE',  ( -1.000000000000000000, 7.238338640139361907E-19, -4.857225732735220102E-17 ) ) ;
#978 = DIRECTION ( 'NONE',  ( 7.238338640139400425E-19, 1.000000000000000000, 1.224646799147353454E-16 ) ) ;
#979 = ORIENTED_EDGE ( 'NONE', *, *, #3126, .T. ) ;
#980 = VERTEX_POINT ( 'NONE', #1668 ) ;
#981 = VECTOR ( 'NONE', #3, 1000.000000000000000 ) ;
#982 = LINE ( 'NONE', #1993, #1089 ) ;
#983 = DIRECTION ( 'NONE',  ( 0.000000000000000000, 0.000000000000000000, 1.000000000000000000 ) ) ;
#984 = VERTEX_POINT ( 'NONE', #1170 ) ;
#985 = EDGE_CURVE ( 'NONE', #388, #347, #1189, .T. ) ;
#986 = DIRECTION ( 'NONE',  ( -1.000000000000000000, 1.365067210663853246E-16, -4.857225732735342745E-17 ) ) ;
#987 = LINE ( 'NONE', #256, #2824 ) ;
#988 = VERTEX_POINT ( 'NONE', #1655 ) ;
#989 = COLOUR_RGB ( '',1.000000000000000000, 1.000000000000000000, 1.000000000000000000 ) ;
#990 =( GEOMETRIC_REPRESENTATION_CONTEXT ( 3 ) GLOBAL_UNCERTAINTY_ASSIGNED_CONTEXT ( ( #1433 ) ) GLOBAL_UNIT_ASSIGNED_CONTEXT ( ( #1863, #1395, #692 ) ) REPRESENTATION_CONTEXT ( 'NONE', 'WORKASPACE' ) );
#991 = EDGE_LOOP ( 'NONE', ( #2725, #2938, #275, #2025 ) ) ;
#992 = CARTESIAN_POINT ( 'NONE',  ( -0.6500000000000001332, 7.928117819147359426E-16, -8.673617379884031528E-16 ) ) ;
#993 = UNCERTAINTY_MEASURE_WITH_UNIT (LENGTH_MEASURE( 1.000000000000000082E-05 ), #1330, 'distance_accuracy_value', 'NONE');
#994 = VECTOR ( 'NONE', #1721, 1000.000000000000000 ) ;
#995 = EDGE_CURVE ( 'NONE', #2495, #2761, #3025, .T. ) ;
#996 = ORIENTED_EDGE ( 'NONE', *, *, #2090, .T. ) ;
#997 = ORIENTED_EDGE ( 'NONE', *, *, #845, .T. ) ;
#998 = PRESENTATION_LAYER_ASSIGNMENT (  '', '', ( #2578 ) ) ;
#999 = DIRECTION ( 'NONE',  ( -4.857225732735217637E-17, -7.030606108311833107E-16, 1.000000000000000000 ) ) ;
#1000 = CARTESIAN_POINT ( 'NONE',  ( -1.724999999999999645, 0.4299999999999994382, 1.725000000000000089 ) ) ;
#1001 = DIRECTION ( 'NONE',  ( -4.857225732735217637E-17, -7.030606108311833107E-16, 1.000000000000000000 ) ) ;
#1002 = CARTESIAN_POINT ( 'NONE',  ( 0.5240000000000012426, 0.6836000000000010957, -0.4019399999999988538 ) ) ;
#1003 = CIRCLE ( 'NONE', #1305, 0.03350000000000000200 ) ;
#1004 = EDGE_LOOP ( 'NONE', ( #1728, #2799, #2964, #2100 ) ) ;
#1005 = AXIS2_PLACEMENT_3D ( 'NONE', #2428, #475, #2873 ) ;
#1006 = ORIENTED_EDGE ( 'NONE', *, *, #124, .F. ) ;
#1007 = CARTESIAN_POINT ( 'NONE',  ( 0.4119100000000007755, 0.6906000000000011019, -0.5323599999999997223 ) ) ;
#1008 = DIRECTION ( 'NONE',  ( -1.365067210663851273E-16, -1.000000000000000000, -1.217408460507213380E-16 ) ) ;
#1009 = EDGE_LOOP ( 'NONE', ( #1560, #303 ) ) ;
#1010 = VERTEX_POINT ( 'NONE', #954 ) ;
#1011 =( NAMED_UNIT ( * ) SI_UNIT ( $, .STERADIAN. ) SOLID_ANGLE_UNIT ( ) );
#1012 =( LENGTH_UNIT ( ) NAMED_UNIT ( * ) SI_UNIT ( .MILLI., .METRE. ) );
#1013 = CARTESIAN_POINT ( 'NONE',  ( 0.5240000000000012426, 0.6806000000000010930, -0.3794399999999988893 ) ) ;
#1014 = VECTOR ( 'NONE', #2108, 1000.000000000000000 ) ;
#1015 = AXIS2_PLACEMENT_3D ( 'NONE', #165, #1901, #397 ) ;
#1016 = AXIS2_PLACEMENT_3D ( 'NONE', #1375, #2832, #1585 ) ;
#1017 = DIRECTION ( 'NONE',  ( -1.814787636406182659E-17, 7.006907263567901912E-16, -1.000000000000000000 ) ) ;
#1018 = EDGE_LOOP ( 'NONE', ( #2441, #2987, #2710, #690 ) ) ;
#1019 = ORIENTED_EDGE ( 'NONE', *, *, #312, .F. ) ;
#1020 = CARTESIAN_POINT ( 'NONE',  ( -0.3999709999999996324, 0.6836000000000006516, 0.2334329000000008592 ) ) ;
#1021 = ORIENTED_EDGE ( 'NONE', *, *, #927, .F. ) ;
#1022 = EDGE_LOOP ( 'NONE', ( #1021, #1262 ) ) ;
#1023 = CARTESIAN_POINT ( 'NONE',  ( -1.724999999999999645, 0.5799999999999995159, 1.725000000000000089 ) ) ;
#1024 = DIRECTION ( 'NONE',  ( -7.238338640139153906E-19, -1.000000000000000000, -2.589714009811204974E-16 ) ) ;
#1025 = PRODUCT_RELATED_PRODUCT_CATEGORY ( 'part', '', ( #2834 ) ) ;
#1026 = STYLED_ITEM ( 'NONE', ( #2241 ), #866 ) ;
#1027 =( GEOMETRIC_REPRESENTATION_CONTEXT ( 3 ) GLOBAL_UNCERTAINTY_ASSIGNED_CONTEXT ( ( #2302 ) ) GLOBAL_UNIT_ASSIGNED_CONTEXT ( ( #2305, #881, #3079 ) ) REPRESENTATION_CONTEXT ( 'NONE', 'WORKASPACE' ) );
#1028 = AXIS2_PLACEMENT_3D ( 'NONE', #1073, #558, #339 ) ;
#1029 = FACE_OUTER_BOUND ( 'NONE', #1629, .T. ) ;
#1030 = SURFACE_SIDE_STYLE ('',( #47 ) ) ;
#1031 = VERTEX_POINT ( 'NONE', #2913 ) ;
#1032 = VERTEX_POINT ( 'NONE', #457 ) ;
#1033 = CARTESIAN_POINT ( 'NONE',  ( 1.084202172485504434E-15, 0.6836000000000007626, 1.102868285104868432E-15 ) ) ;
#1034 = DIRECTION ( 'NONE',  ( -4.857225732735217637E-17, -7.030606108311833107E-16, 1.000000000000000000 ) ) ;
#1035 = AXIS2_PLACEMENT_3D ( 'NONE', #944, #1383, #1869 ) ;
#1036 = ORIENTED_EDGE ( 'NONE', *, *, #2218, .F. ) ;
#1037 = ORIENTED_EDGE ( 'NONE', *, *, #2190, .F. ) ;
#1038 = CARTESIAN_POINT ( 'NONE',  ( 1.084202172485504434E-15, 0.5000000000000007772, 1.039616380408287170E-15 ) ) ;
#1039 = CARTESIAN_POINT ( 'NONE',  ( 0.4017000000000007232, 0.6806000000000005379, 0.4244400000000009832 ) ) ;
#1040 = CIRCLE ( 'NONE', #1254, 0.03350000000000000200 ) ;
#1041 = CARTESIAN_POINT ( 'NONE',  ( 0.2000290000000002344, 0.6836000000000010957, -0.4000670999999990096 ) ) ;
#1042 = DIRECTION ( 'NONE',  ( -2.768253462716706535E-16, -7.006907263567900925E-16, 1.000000000000000000 ) ) ;
#1043 = ORIENTED_EDGE ( 'NONE', *, *, #1741, .F. ) ;
#1044 = VERTEX_POINT ( 'NONE', #2661 ) ;
#1045 = CARTESIAN_POINT ( 'NONE',  ( 0.4344100000000007400, 0.6906000000000005468, 0.4123599999999998378 ) ) ;
#1046 = VECTOR ( 'NONE', #1498, 1000.000000000000000 ) ;
#1047 = UNCERTAINTY_MEASURE_WITH_UNIT (LENGTH_MEASURE( 1.000000000000000082E-05 ), #2182, 'distance_accuracy_value', 'NONE');
#1048 = DIRECTION ( 'NONE',  ( -7.238338640139153906E-19, -1.000000000000000000, -2.589714009811204974E-16 ) ) ;
#1049 = CIRCLE ( 'NONE', #483, 0.02249999999999995060 ) ;
#1050 = ORIENTED_EDGE ( 'NONE', *, *, #645, .F. ) ;
#1051 = AXIS2_PLACEMENT_3D ( 'NONE', #2871, #1825, #3097 ) ;
#1052 = ORIENTED_EDGE ( 'NONE', *, *, #1440, .F. ) ;
#1053 = CARTESIAN_POINT ( 'NONE',  ( 0.4242000000000006876, 0.6836000000000010957, -0.4019399999999988538 ) ) ;
#1054 = DIRECTION ( 'NONE',  ( -3.129636159629258261E-32, -1.000000000000000000, -1.224646799147353454E-16 ) ) ;
#1055 = CARTESIAN_POINT ( 'NONE',  ( -0.1999709999999990939, 0.6836000000000007626, 0.1664329000000008829 ) ) ;
#1056 = EDGE_CURVE ( 'NONE', #26, #746, #1917, .T. ) ;
#1057 = DIRECTION ( 'NONE',  ( -7.238338640139153906E-19, -1.000000000000000000, -2.589714009811204974E-16 ) ) ;
#1058 = DIRECTION ( 'NONE',  ( -7.389242258738170222E-17, 1.217408460507213380E-16, -1.000000000000000000 ) ) ;
#1059 = MECHANICAL_DESIGN_GEOMETRIC_PRESENTATION_REPRESENTATION (  '', ( #185 ), #544 ) ;
#1060 = ORIENTED_EDGE ( 'NONE', *, *, #1669, .F. ) ;
#1061 = ORIENTED_EDGE ( 'NONE', *, *, #215, .F. ) ;
#1062 = ADVANCED_FACE ( 'NONE', ( #1209 ), #668, .T. ) ;
#1063 = DIRECTION ( 'NONE',  ( -4.859377449266741344E-17, 0.000000000000000000, 1.000000000000000000 ) ) ;
#1064 = FACE_OUTER_BOUND ( 'NONE', #2612, .T. ) ;
#1065 = FILL_AREA_STYLE ('',( #1768 ) ) ;
#1066 = ORIENTED_EDGE ( 'NONE', *, *, #2768, .F. ) ;
#1067 = COLOUR_RGB ( '',0.5019607843137254832, 0.5019607843137254832, 0.5019607843137254832 ) ;
#1068 = ORIENTED_EDGE ( 'NONE', *, *, #1234, .T. ) ;
#1069 = CARTESIAN_POINT ( 'NONE',  ( 0.5319100000000011041, 0.6906000000000011019, -0.4123599999999993937 ) ) ;
#1070 = FACE_OUTER_BOUND ( 'NONE', #2785, .T. ) ;
#1071 = DIRECTION ( 'NONE',  ( -3.129636159629258261E-32, -1.000000000000000000, -1.224646799147353454E-16 ) ) ;
#1072 = FACE_OUTER_BOUND ( 'NONE', #2498, .T. ) ;
#1073 = CARTESIAN_POINT ( 'NONE',  ( 1.084202172485504434E-15, 0.6836000000000007626, 1.102868285104868432E-15 ) ) ;
#1074 = PLANE ( 'NONE',  #713 ) ;
#1075 = EDGE_LOOP ( 'NONE', ( #2140, #1554 ) ) ;
#1076 = ADVANCED_FACE ( 'NONE', ( #1407 ), #1649, .T. ) ;
#1077 = CYLINDRICAL_SURFACE ( 'NONE', #2171, 0.02249999999999995060 ) ;
#1078 = MECHANICAL_DESIGN_GEOMETRIC_PRESENTATION_REPRESENTATION (  '', ( #663 ), #1027 ) ;
#1079 = DIRECTION ( 'NONE',  ( 7.238338640138938202E-19, 1.000000000000000000, 7.030606108311833107E-16 ) ) ;
#1080 = VECTOR ( 'NONE', #117, 1000.000000000000000 ) ;
#1081 = ORIENTED_EDGE ( 'NONE', *, *, #508, .F. ) ;
#1082 = CARTESIAN_POINT ( 'NONE',  ( -0.1999709999999990939, 0.6836000000000009846, -0.2335671000000001662 ) ) ;
#1083 = EDGE_CURVE ( 'NONE', #1753, #1834, #2905, .T. ) ;
#1084 = ORIENTED_EDGE ( 'NONE', *, *, #1514, .T. ) ;
#1085 = ORIENTED_EDGE ( 'NONE', *, *, #3033, .F. ) ;
#1086 = VECTOR ( 'NONE', #2881, 1000.000000000000000 ) ;
#1087 = DIRECTION ( 'NONE',  ( 7.238338640138938202E-19, 1.000000000000000000, 7.030606108311833107E-16 ) ) ;
#1088 =( NAMED_UNIT ( * ) SI_UNIT ( $, .STERADIAN. ) SOLID_ANGLE_UNIT ( ) );
#1089 = VECTOR ( 'NONE', #1509, 1000.000000000000000 ) ;
#1090 = VECTOR ( 'NONE', #1283, 1000.000000000000000 ) ;
#1091 = CYLINDRICAL_SURFACE ( 'NONE', #568, 0.02250000000000000611 ) ;
#1092 = CARTESIAN_POINT ( 'NONE',  ( -0.1999709999999990939, 0.6836000000000008736, -0.03356709999999966249 ) ) ;
#1093 = VERTEX_POINT ( 'NONE', #3128 ) ;
#1094 = PLANE ( 'NONE',  #2306 ) ;
#1095 = VECTOR ( 'NONE', #938, 1000.000000000000000 ) ;
#1096 = DIRECTION ( 'NONE',  ( -7.238338640139153906E-19, -1.000000000000000000, -2.589714009811204974E-16 ) ) ;
#1097 =( NAMED_UNIT ( * ) PLANE_ANGLE_UNIT ( ) SI_UNIT ( $, .RADIAN. ) );
#1098 = ORIENTED_EDGE ( 'NONE', *, *, #322, .F. ) ;
#1099 = EDGE_CURVE ( 'NONE', #1494, #3182, #3144, .T. ) ;
#1100 = EDGE_CURVE ( 'NONE', #661, #56, #2168, .T. ) ;
#1101 = PLANE ( 'NONE',  #728 ) ;
#1102 =( NAMED_UNIT ( * ) SI_UNIT ( $, .STERADIAN. ) SOLID_ANGLE_UNIT ( ) );
#1103 = DIRECTION ( 'NONE',  ( 1.684239067192094326E-16, 1.000000000000000000, 1.217408460507213380E-16 ) ) ;
#1104 =( GEOMETRIC_REPRESENTATION_CONTEXT ( 3 ) GLOBAL_UNCERTAINTY_ASSIGNED_CONTEXT ( ( #2655 ) ) GLOBAL_UNIT_ASSIGNED_CONTEXT ( ( #1131, #3053, #1618 ) ) REPRESENTATION_CONTEXT ( 'NONE', 'WORKASPACE' ) );
#1105 = CARTESIAN_POINT ( 'NONE',  ( 0.2000290000000002344, 0.6836000000000006516, 0.2334329000000008592 ) ) ;
#1106 = CARTESIAN_POINT ( 'NONE',  ( 0.2000290000000002344, 0.6836000000000007626, 0.03343289999999860679 ) ) ;
#1107 = PLANE ( 'NONE',  #964 ) ;
#1108 = EDGE_CURVE ( 'NONE', #2471, #1032, #2707, .T. ) ;
#1109 = EDGE_LOOP ( 'NONE', ( #592, #1158 ) ) ;
#1110 = DIRECTION ( 'NONE',  ( -7.238338640139153906E-19, -1.000000000000000000, -2.589714009811204974E-16 ) ) ;
#1111 = LINE ( 'NONE', #2851, #683 ) ;
#1112 = DIRECTION ( 'NONE',  ( -7.238338640139153906E-19, -1.000000000000000000, -2.589714009811204974E-16 ) ) ;
#1113 = VERTEX_POINT ( 'NONE', #1146 ) ;
#1114 = SURFACE_SIDE_STYLE ('',( #844 ) ) ;
#1115 = UNCERTAINTY_MEASURE_WITH_UNIT (LENGTH_MEASURE( 1.000000000000000082E-05 ), #1624, 'distance_accuracy_value', 'NONE');
#1116 = ADVANCED_FACE ( 'NONE', ( #695 ), #1197, .F. ) ;
#1117 = ADVANCED_FACE ( 'NONE', ( #2407 ), #2653, .T. ) ;
#1118 = EDGE_CURVE ( 'NONE', #1656, #2819, #1003, .T. ) ;
#1119 = CARTESIAN_POINT ( 'NONE',  ( 1.084202172485504434E-15, 0.6836000000000007626, 1.102868285104868432E-15 ) ) ;
#1120 = STYLED_ITEM ( 'NONE', ( #1660 ), #783 ) ;
#1121 = CARTESIAN_POINT ( 'NONE',  ( 0.5464999999999994307, 0.6836000000000010957, -0.3794399999999988893 ) ) ;
#1122 =( NAMED_UNIT ( * ) SI_UNIT ( $, .STERADIAN. ) SOLID_ANGLE_UNIT ( ) );
#1123 = CARTESIAN_POINT ( 'NONE',  ( 1.084202172485504434E-15, 0.5800000000000007372, 4.536624075149082091E-15 ) ) ;
#1124 = SURFACE_SIDE_STYLE ('',( #2847 ) ) ;
#1125 = ORIENTED_EDGE ( 'NONE', *, *, #2669, .T. ) ;
#1126 = FACE_OUTER_BOUND ( 'NONE', #3047, .T. ) ;
#1127 = CARTESIAN_POINT ( 'NONE',  ( 0.5319100000000011041, 0.6906000000000011019, -0.5323599999999997223 ) ) ;
#1128 = DIRECTION ( 'NONE',  ( -3.129636159629258261E-32, -1.000000000000000000, -1.224646799147353454E-16 ) ) ;
#1129 = EDGE_LOOP ( 'NONE', ( #1579, #3026 ) ) ;
#1130 = VECTOR ( 'NONE', #1694, 1000.000000000000000 ) ;
#1131 =( LENGTH_UNIT ( ) NAMED_UNIT ( * ) SI_UNIT ( .MILLI., .METRE. ) );
#1132 = CIRCLE ( 'NONE', #1331, 0.03350000000000000200 ) ;
#1133 = CYLINDRICAL_SURFACE ( 'NONE', #1609, 0.02250000000000000611 ) ;
#1134 = COLOUR_RGB ( '',0.9686274509803921573, 0.8784313725490195957, 0.5999999999999999778 ) ;
#1135 = COLOUR_RGB ( '',1.000000000000000000, 0.8078431372549019773, 0.4980392156862745168 ) ;
#1136 = CARTESIAN_POINT ( 'NONE',  ( 0.5319100000000011041, 0.6806000000000005379, 0.5323600000000001664 ) ) ;
#1137 = FILL_AREA_STYLE ('',( #187 ) ) ;
#1138 = DIRECTION ( 'NONE',  ( -4.857225732735220102E-17, -7.030606108311833107E-16, 1.000000000000000000 ) ) ;
#1139 = VERTEX_POINT ( 'NONE', #467 ) ;
#1140 = DIRECTION ( 'NONE',  ( -4.857225732735217637E-17, -7.030606108311833107E-16, 1.000000000000000000 ) ) ;
#1141 = CARTESIAN_POINT ( 'NONE',  ( 0.5319100000000011041, 0.6906000000000005468, 0.5323600000000001664 ) ) ;
#1142 = DIRECTION ( 'NONE',  ( -4.857225732735217637E-17, -7.030606108311833107E-16, 1.000000000000000000 ) ) ;
#1143 = SURFACE_STYLE_FILL_AREA ( #1646 ) ;
#1144 = VERTEX_POINT ( 'NONE', #725 ) ;
#1145 = VECTOR ( 'NONE', #2990, 1000.000000000000000 ) ;
#1146 = CARTESIAN_POINT ( 'NONE',  ( 0.6500000000000005773, 0.05000000000000186240, -1.625000000000000666 ) ) ;
#1147 = UNCERTAINTY_MEASURE_WITH_UNIT (LENGTH_MEASURE( 1.000000000000000082E-05 ), #1251, 'distance_accuracy_value', 'NONE');
#1148 = DIRECTION ( 'NONE',  ( -8.486801005547741959E-17, 7.006907263567901912E-16, -1.000000000000000000 ) ) ;
#1149 = DIRECTION ( 'NONE',  ( 4.079339205612798475E-16, -7.006907263567901912E-16, 1.000000000000000000 ) ) ;
#1150 = ORIENTED_EDGE ( 'NONE', *, *, #293, .T. ) ;
#1151 = CARTESIAN_POINT ( 'NONE',  ( 0.4000290000000007451, 0.6836000000000006516, 0.1664328999999974135 ) ) ;
#1152 = EDGE_CURVE ( 'NONE', #2919, #2839, #1697, .T. ) ;
#1153 = CARTESIAN_POINT ( 'NONE',  ( 0.4000290000000007451, 0.6836000000000009846, -0.2000671000000019129 ) ) ;
#1154 = ORIENTED_EDGE ( 'NONE', *, *, #848, .F. ) ;
#1155 = VECTOR ( 'NONE', #2285, 1000.000000000000000 ) ;
#1156 = SURFACE_SIDE_STYLE ('',( #2334 ) ) ;
#1157 = DIRECTION ( 'NONE',  ( 1.000000000000000000, -7.238338640139361907E-19, 4.857225732735220102E-17 ) ) ;
#1158 = ORIENTED_EDGE ( 'NONE', *, *, #3153, .F. ) ;
#1159 = EDGE_CURVE ( 'NONE', #1643, #3031, #1382, .T. ) ;
#1160 = AXIS2_PLACEMENT_3D ( 'NONE', #907, #1872, #652 ) ;
#1161 = LINE ( 'NONE', #2907, #1444 ) ;
#1162 = PRESENTATION_LAYER_ASSIGNMENT (  '', '', ( #3116 ) ) ;
#1163 = MECHANICAL_DESIGN_GEOMETRIC_PRESENTATION_REPRESENTATION (  '', ( #3117 ), #1718 ) ;
#1164 =( NAMED_UNIT ( * ) SI_UNIT ( $, .STERADIAN. ) SOLID_ANGLE_UNIT ( ) );
#1165 = ORIENTED_EDGE ( 'NONE', *, *, #825, .F. ) ;
#1166 = CARTESIAN_POINT ( 'NONE',  ( -0.6500000000000001332, 0.05000000000000186240, -1.625000000000000666 ) ) ;
#1167 = DIRECTION ( 'NONE',  ( -1.000000000000000000, 7.238338640139361907E-19, -4.857225732735220102E-17 ) ) ;
#1168 = VECTOR ( 'NONE', #1112, 1000.000000000000000 ) ;
#1169 = CARTESIAN_POINT ( 'NONE',  ( 0.5319100000000011041, 0.6906000000000011019, -0.4123599999999993937 ) ) ;
#1170 = CARTESIAN_POINT ( 'NONE',  ( 2.900000000143076757E-05, 0.6836000000000008736, -0.1665671000000001623 ) ) ;
#1171 = VERTEX_POINT ( 'NONE', #3112 ) ;
#1172 = CARTESIAN_POINT ( 'NONE',  ( 0.6500000000000005773, -4.959950158470523971E-16, 1.625000000000000666 ) ) ;
#1173 = CARTESIAN_POINT ( 'NONE',  ( 0.5464999999999994307, 0.6836000000000008736, 1.102868285104868432E-15 ) ) ;
#1174 = LINE ( 'NONE', #131, #1086 ) ;
#1175 = DIRECTION ( 'NONE',  ( -7.238338640139153906E-19, -1.000000000000000000, -2.589714009811204974E-16 ) ) ;
#1176 = ORIENTED_EDGE ( 'NONE', *, *, #2310, .F. ) ;
#1177 = ADVANCED_FACE ( 'NONE', ( #2868 ), #662, .T. ) ;
#1178 = DIRECTION ( 'NONE',  ( -4.857225732735217637E-17, -7.030606108311833107E-16, 1.000000000000000000 ) ) ;
#1179 = DIRECTION ( 'NONE',  ( -1.000000000000000000, 1.155264364861563110E-16, -4.857225732735216404E-17 ) ) ;
#1180 = UNCERTAINTY_MEASURE_WITH_UNIT (LENGTH_MEASURE( 1.000000000000000082E-05 ), #2604, 'distance_accuracy_value', 'NONE');
#1181 = ADVANCED_FACE ( 'NONE', ( #175 ), #6, .T. ) ;
#1182 = EDGE_CURVE ( 'NONE', #2495, #2996, #790, .T. ) ;
#1183 = CARTESIAN_POINT ( 'NONE',  ( 0.4119100000000007755, 0.6906000000000005468, 0.5323600000000001664 ) ) ;
#1184 = AXIS2_PLACEMENT_3D ( 'NONE', #2489, #2012, #2237 ) ;
#1185 = ORIENTED_EDGE ( 'NONE', *, *, #1553, .F. ) ;
#1186 = VECTOR ( 'NONE', #2, 1000.000000000000000 ) ;
#1187 = DIRECTION ( 'NONE',  ( -7.238338640139153906E-19, -1.000000000000000000, -2.589714009811204974E-16 ) ) ;
#1188 = DIRECTION ( 'NONE',  ( -7.238338640139153906E-19, -1.000000000000000000, -2.589714009811204974E-16 ) ) ;
#1189 = LINE ( 'NONE', #2413, #2135 ) ;
#1190 = ORIENTED_EDGE ( 'NONE', *, *, #1159, .F. ) ;
#1191 = MECHANICAL_DESIGN_GEOMETRIC_PRESENTATION_REPRESENTATION (  '', ( #2730 ), #2945 ) ;
#1192 = SURFACE_SIDE_STYLE ('',( #506 ) ) ;
#1193 = DIRECTION ( 'NONE',  ( 4.857225732735386502E-17, 1.224646799147353454E-16, -1.000000000000000000 ) ) ;
#1194 = CARTESIAN_POINT ( 'NONE',  ( 0.6500000000000005773, 1.781249844812516488E-15, -1.625000000000000666 ) ) ;
#1195 = DIRECTION ( 'NONE',  ( 0.000000000000000000, 0.000000000000000000, 1.000000000000000000 ) ) ;
#1196 = ORIENTED_EDGE ( 'NONE', *, *, #407, .T. ) ;
#1197 = PLANE ( 'NONE',  #2693 ) ;
#1198 = FACE_BOUND ( 'NONE', #2233, .T. ) ;
#1199 = AXIS2_PLACEMENT_3D ( 'NONE', #1525, #781, #1757 ) ;
#1200 = SURFACE_SIDE_STYLE ('',( #247 ) ) ;
#1201 = VECTOR ( 'NONE', #2497, 1000.000000000000000 ) ;
#1202 = ADVANCED_FACE ( 'NONE', ( #1531 ), #291, .T. ) ;
#1203 = PRESENTATION_LAYER_ASSIGNMENT (  '', '', ( #3008 ) ) ;
#1204 = ORIENTED_EDGE ( 'NONE', *, *, #249, .F. ) ;
#1205 = ADVANCED_FACE ( 'NONE', ( #1765 ), #67, .F. ) ;
#1206 = DIRECTION ( 'NONE',  ( 0.000000000000000000, 0.000000000000000000, 1.000000000000000000 ) ) ;
#1207 = AXIS2_PLACEMENT_3D ( 'NONE', #2350, #817, #2781 ) ;
#1208 = SURFACE_STYLE_USAGE ( .BOTH. , #1442 ) ;
#1209 = FACE_OUTER_BOUND ( 'NONE', #1805, .T. ) ;
#1210 = VERTEX_POINT ( 'NONE', #2751 ) ;
#1211 = CARTESIAN_POINT ( 'NONE',  ( 2.899999999969767039E-05, 0.6836000000000004295, 0.3999328999999996470 ) ) ;
#1212 = ADVANCED_FACE ( 'NONE', ( #2021 ), #2452, .F. ) ;
#1213 = CARTESIAN_POINT ( 'NONE',  ( 1.150000000000001021, 0.05000000000000185546, -1.625000000000000666 ) ) ;
#1214 = DIRECTION ( 'NONE',  ( 7.238338640139153906E-19, 1.000000000000000000, 2.589714009811204974E-16 ) ) ;
#1215 = ORIENTED_EDGE ( 'NONE', *, *, #1776, .F. ) ;
#1216 = AXIS2_PLACEMENT_3D ( 'NONE', #382, #1836, #1385 ) ;
#1217 = ORIENTED_EDGE ( 'NONE', *, *, #2588, .F. ) ;
#1218 = DIRECTION ( 'NONE',  ( -4.857225732735217637E-17, -7.030606108311833107E-16, 1.000000000000000000 ) ) ;
#1219 = DIRECTION ( 'NONE',  ( -2.768253462716706535E-16, -7.006907263567900925E-16, 1.000000000000000000 ) ) ;
#1220 = UNCERTAINTY_MEASURE_WITH_UNIT (LENGTH_MEASURE( 1.000000000000000082E-05 ), #976, 'distance_accuracy_value', 'NONE');
#1221 = DIRECTION ( 'NONE',  ( 4.079339205612798475E-16, -7.030606108311833107E-16, 1.000000000000000000 ) ) ;
#1222 = ORIENTED_EDGE ( 'NONE', *, *, #1780, .T. ) ;
#1223 = EDGE_CURVE ( 'NONE', #1517, #807, #383, .T. ) ;
#1224 = AXIS2_PLACEMENT_3D ( 'NONE', #941, #2884, #1910 ) ;
#1225 = EDGE_CURVE ( 'NONE', #26, #2973, #2704, .T. ) ;
#1226 = ADVANCED_FACE ( 'NONE', ( #2960 ), #2213, .F. ) ;
#1227 = EDGE_LOOP ( 'NONE', ( #296, #826 ) ) ;
#1228 = DIRECTION ( 'NONE',  ( -1.023677875345299248E-16, -1.000000000000000000, -1.224646799147353454E-16 ) ) ;
#1229 = CARTESIAN_POINT ( 'NONE',  ( -0.3999709999999996324, 0.6836000000000009846, -0.2000671000000001920 ) ) ;
#1230 = VERTEX_POINT ( 'NONE', #259 ) ;
#1231 = CARTESIAN_POINT ( 'NONE',  ( -1.724999999999999645, 0.4300000000000018252, -1.724999999999999645 ) ) ;
#1232 = CARTESIAN_POINT ( 'NONE',  ( 0.5319100000000011041, 0.6806000000000005379, 0.5323600000000001664 ) ) ;
#1233 = VERTEX_POINT ( 'NONE', #22 ) ;
#1234 = EDGE_CURVE ( 'NONE', #1233, #118, #1729, .T. ) ;
#1235 = EDGE_LOOP ( 'NONE', ( #2980, #2008, #3061, #2112 ) ) ;
#1236 = EDGE_CURVE ( 'NONE', #1591, #849, #481, .T. ) ;
#1237 = DIRECTION ( 'NONE',  ( 7.238338640139153906E-19, 1.000000000000000000, 2.589714009811204974E-16 ) ) ;
#1238 = DIRECTION ( 'NONE',  ( 0.000000000000000000, 0.000000000000000000, 1.000000000000000000 ) ) ;
#1239 = PRESENTATION_STYLE_ASSIGNMENT (( #2992 ) ) ;
#1240 = VERTEX_POINT ( 'NONE', #1020 ) ;
#1241 = EDGE_LOOP ( 'NONE', ( #139, #3032, #327, #1081, #775 ) ) ;
#1242 = FACE_OUTER_BOUND ( 'NONE', #376, .T. ) ;
#1243 = AXIS2_PLACEMENT_3D ( 'NONE', #3064, #551, #292 ) ;
#1244 = FILL_AREA_STYLE_COLOUR ( '', #1417 ) ;
#1245 = DIRECTION ( 'NONE',  ( 1.000000000000000000, -7.238338640136878420E-19, -3.027949801638992897E-16 ) ) ;
#1246 = DIRECTION ( 'NONE',  ( -7.238338640139153906E-19, -1.000000000000000000, -2.589714009811204974E-16 ) ) ;
#1247 = ORIENTED_EDGE ( 'NONE', *, *, #2101, .F. ) ;
#1248 = CIRCLE ( 'NONE', #1292, 0.03350000000000000200 ) ;
#1249 = ORIENTED_EDGE ( 'NONE', *, *, #864, .F. ) ;
#1250 = SURFACE_SIDE_STYLE ('',( #1481 ) ) ;
#1251 =( LENGTH_UNIT ( ) NAMED_UNIT ( * ) SI_UNIT ( .MILLI., .METRE. ) );
#1252 = AXIS2_PLACEMENT_3D ( 'NONE', #1616, #1396, #660 ) ;
#1253 = VERTEX_POINT ( 'NONE', #1986 ) ;
#1254 = AXIS2_PLACEMENT_3D ( 'NONE', #1847, #3107, #1602 ) ;
#1255 = ORIENTED_EDGE ( 'NONE', *, *, #949, .T. ) ;
#1256 = CIRCLE ( 'NONE', #380, 0.03350000000000000200 ) ;
#1257 = FACE_BOUND ( 'NONE', #258, .T. ) ;
#1258 = DIRECTION ( 'NONE',  ( 0.000000000000000000, 0.000000000000000000, 1.000000000000000000 ) ) ;
#1259 = DIRECTION ( 'NONE',  ( -7.238338640139153906E-19, -1.000000000000000000, -2.589714009811204974E-16 ) ) ;
#1260 = FILL_AREA_STYLE ('',( #2778 ) ) ;
#1261 = AXIS2_PLACEMENT_3D ( 'NONE', #1712, #499, #1480 ) ;
#1262 = ORIENTED_EDGE ( 'NONE', *, *, #2948, .F. ) ;
#1263 = MECHANICAL_DESIGN_GEOMETRIC_PRESENTATION_REPRESENTATION (  '', ( #334 ), #1760 ) ;
#1264 = CARTESIAN_POINT ( 'NONE',  ( 2.899999999969604409E-05, 0.6836000000000010957, -0.3665670999999989799 ) ) ;
#1265 = CARTESIAN_POINT ( 'NONE',  ( 0.3792000000000007587, 0.6836000000000005405, 0.5240000000000012426 ) ) ;
#1266 =( NAMED_UNIT ( * ) PLANE_ANGLE_UNIT ( ) SI_UNIT ( $, .RADIAN. ) );
#1267 = ORIENTED_EDGE ( 'NONE', *, *, #2827, .F. ) ;
#1268 = EDGE_LOOP ( 'NONE', ( #629, #609, #1959, #1275 ) ) ;
#1269 = FILL_AREA_STYLE ('',( #2488 ) ) ;
#1270 = CARTESIAN_POINT ( 'NONE',  ( 1.084202172485504434E-15, 0.6836000000000007626, 1.102868285104868432E-15 ) ) ;
#1271 = CIRCLE ( 'NONE', #1571, 0.03350000000000000200 ) ;
#1272 = LINE ( 'NONE', #2759, #1588 ) ;
#1273 = CARTESIAN_POINT ( 'NONE',  ( 1.725000000000000089, 0.5800000000000019584, -1.724999999999999867 ) ) ;
#1274 = EDGE_LOOP ( 'NONE', ( #58, #1281 ) ) ;
#1275 = ORIENTED_EDGE ( 'NONE', *, *, #1672, .T. ) ;
#1276 = CARTESIAN_POINT ( 'NONE',  ( 0.5319100000000011041, 0.6906000000000011019, -0.4123599999999993937 ) ) ;
#1277 = CARTESIAN_POINT ( 'NONE',  ( -1.724999999999999645, 0.4299999999999994382, 1.725000000000000089 ) ) ;
#1278 = AXIS2_PLACEMENT_3D ( 'NONE', #707, #2970, #2149 ) ;
#1279 = DIRECTION ( 'NONE',  ( 0.000000000000000000, 0.000000000000000000, 1.000000000000000000 ) ) ;
#1280 = ADVANCED_FACE ( 'NONE', ( #2989 ), #771, .T. ) ;
#1281 = ORIENTED_EDGE ( 'NONE', *, *, #487, .F. ) ;
#1282 = VERTEX_POINT ( 'NONE', #3034 ) ;
#1283 = DIRECTION ( 'NONE',  ( -1.000000000000000000, 1.365067210663851027E-16, -4.857225732735385886E-17 ) ) ;
#1284 = VECTOR ( 'NONE', #31, 1000.000000000000000 ) ;
#1285 = PRESENTATION_LAYER_ASSIGNMENT (  '', '', ( #1486 ) ) ;
#1286 = FACE_OUTER_BOUND ( 'NONE', #518, .T. ) ;
#1287 = ORIENTED_EDGE ( 'NONE', *, *, #526, .F. ) ;
#1288 = ORIENTED_EDGE ( 'NONE', *, *, #966, .T. ) ;
#1289 = DIRECTION ( 'NONE',  ( 7.238338640138938202E-19, 1.000000000000000000, 7.030606108311833107E-16 ) ) ;
#1290 = CARTESIAN_POINT ( 'NONE',  ( 1.084202172485504434E-15, 0.6836000000000007626, 1.102868285104868432E-15 ) ) ;
#1291 = CARTESIAN_POINT ( 'NONE',  ( -1.625000000000000444, 2.044072487818521965E-15, -1.625000000000000666 ) ) ;
#1292 = AXIS2_PLACEMENT_3D ( 'NONE', #1988, #743, #281 ) ;
#1293 = VERTEX_POINT ( 'NONE', #328 ) ;
#1294 = VECTOR ( 'NONE', #2965, 1000.000000000000000 ) ;
#1295 = ORIENTED_EDGE ( 'NONE', *, *, #2049, .T. ) ;
#1296 = DIRECTION ( 'NONE',  ( 4.857225732735217637E-17, 7.030606108311833107E-16, -1.000000000000000000 ) ) ;
#1297 = SURFACE_STYLE_FILL_AREA ( #1556 ) ;
#1298 = EDGE_CURVE ( 'NONE', #980, #1575, #1344, .T. ) ;
#1299 = AXIS2_PLACEMENT_3D ( 'NONE', #1698, #2453, #1238 ) ;
#1300 = CARTESIAN_POINT ( 'NONE',  ( -0.5714999999999997859, 0.6806000000000010930, -0.5714999999999997859 ) ) ;
#1301 = ORIENTED_EDGE ( 'NONE', *, *, #503, .T. ) ;
#1302 = ORIENTED_EDGE ( 'NONE', *, *, #1388, .T. ) ;
#1303 = DIRECTION ( 'NONE',  ( -7.238338640139153906E-19, -1.000000000000000000, -2.589714009811204974E-16 ) ) ;
#1304 =( NAMED_UNIT ( * ) PLANE_ANGLE_UNIT ( ) SI_UNIT ( $, .RADIAN. ) );
#1305 = AXIS2_PLACEMENT_3D ( 'NONE', #2673, #1398, #451 ) ;
#1306 = LINE ( 'NONE', #1534, #2776 ) ;
#1307 = CARTESIAN_POINT ( 'NONE',  ( -1.724999999999999645, 0.4300000000000018252, -1.724999999999999645 ) ) ;
#1308 = VERTEX_POINT ( 'NONE', #370 ) ;
#1309 = PRESENTATION_LAYER_ASSIGNMENT (  '', '', ( #2967 ) ) ;
#1310 = EDGE_LOOP ( 'NONE', ( #2686, #353, #32, #1960 ) ) ;
#1311 =( NAMED_UNIT ( * ) PLANE_ANGLE_UNIT ( ) SI_UNIT ( $, .RADIAN. ) );
#1312 = FILL_AREA_STYLE ('',( #798 ) ) ;
#1313 = ADVANCED_FACE ( 'NONE', ( #2279 ), #1077, .T. ) ;
#1314 = CARTESIAN_POINT ( 'NONE',  ( -0.3999709999999996324, 0.6836000000000010957, -0.3665670999999989244 ) ) ;
#1315 = VECTOR ( 'NONE', #410, 1000.000000000000000 ) ;
#1316 = AXIS2_PLACEMENT_3D ( 'NONE', #1451, #914, #2152 ) ;
#1317 = ORIENTED_EDGE ( 'NONE', *, *, #88, .F. ) ;
#1318 = FACE_OUTER_BOUND ( 'NONE', #2949, .T. ) ;
#1319 =( NAMED_UNIT ( * ) PLANE_ANGLE_UNIT ( ) SI_UNIT ( $, .RADIAN. ) );
#1320 = EDGE_CURVE ( 'NONE', #1031, #3104, #3163, .T. ) ;
#1321 = ORIENTED_EDGE ( 'NONE', *, *, #252, .F. ) ;
#1322 = CLOSED_SHELL ( 'NONE', ( #3174, #1457, #1226, #3013, #1620, #2623, #1636, #216, #1205, #1536, #3172, #3161, #178, #94, #68, #969, #1116, #2551, #2930, #2491, #1337, #2916, #630 ) ) ;
#1323 = ORIENTED_EDGE ( 'NONE', *, *, #1672, .F. ) ;
#1324 = DIRECTION ( 'NONE',  ( 0.000000000000000000, 0.000000000000000000, 1.000000000000000000 ) ) ;
#1325 = CARTESIAN_POINT ( 'NONE',  ( -0.3999709999999996324, 0.6836000000000005405, 0.3664328999999996728 ) ) ;
#1326 = CARTESIAN_POINT ( 'NONE',  ( 2.900000000143239387E-05, 0.6836000000000007626, -6.710000000139563039E-05 ) ) ;
#1327 = EDGE_LOOP ( 'NONE', ( #2172, #1469 ) ) ;
#1328 = DIRECTION ( 'NONE',  ( 0.000000000000000000, 0.000000000000000000, 1.000000000000000000 ) ) ;
#1329 =( GEOMETRIC_REPRESENTATION_CONTEXT ( 3 ) GLOBAL_UNCERTAINTY_ASSIGNED_CONTEXT ( ( #901 ) ) GLOBAL_UNIT_ASSIGNED_CONTEXT ( ( #1756, #539, #1569 ) ) REPRESENTATION_CONTEXT ( 'NONE', 'WORKASPACE' ) );
#1330 =( LENGTH_UNIT ( ) NAMED_UNIT ( * ) SI_UNIT ( .MILLI., .METRE. ) );
#1331 = AXIS2_PLACEMENT_3D ( 'NONE', #495, #30, #18 ) ;
#1332 = CARTESIAN_POINT ( 'NONE',  ( -0.3999709999999996324, 0.6836000000000010957, -0.4000670999999989541 ) ) ;
#1333 = ORIENTED_EDGE ( 'NONE', *, *, #294, .T. ) ;
#1334 = CARTESIAN_POINT ( 'NONE',  ( -0.5464999999999989866, 0.6806000000000007599, 1.101834757250349120E-15 ) ) ;
#1335 = VERTEX_POINT ( 'NONE', #1561 ) ;
#1336 = AXIS2_PLACEMENT_3D ( 'NONE', #2282, #1048, #330 ) ;
#1337 = ADVANCED_FACE ( 'NONE', ( #1362 ), #2312, .F. ) ;
#1338 = DIRECTION ( 'NONE',  ( 0.000000000000000000, 0.000000000000000000, 1.000000000000000000 ) ) ;
#1339 = VECTOR ( 'NONE', #1628, 1000.000000000000000 ) ;
#1340 = CIRCLE ( 'NONE', #1423, 0.02250000000000000611 ) ;
#1341 = SURFACE_STYLE_USAGE ( .BOTH. , #366 ) ;
#1342 = PRESENTATION_LAYER_ASSIGNMENT (  '', '', ( #470 ) ) ;
#1343 = ORIENTED_EDGE ( 'NONE', *, *, #2059, .F. ) ;
#1344 = LINE ( 'NONE', #2763, #2118 ) ;
#1345 = FILL_AREA_STYLE ('',( #171 ) ) ;
#1346 = AXIS2_PLACEMENT_3D ( 'NONE', #1211, #2206, #2176 ) ;
#1347 = ADVANCED_FACE ( 'NONE', ( #114 ), #1094, .T. ) ;
#1348 = CYLINDRICAL_SURFACE ( 'NONE', #1802, 0.02249999999999995060 ) ;
#1349 = FACE_OUTER_BOUND ( 'NONE', #2436, .T. ) ;
#1350 = ADVANCED_FACE ( 'NONE', ( #1861 ), #432, .F. ) ;
#1351 = ORIENTED_EDGE ( 'NONE', *, *, #1759, .T. ) ;
#1352 = ADVANCED_FACE ( 'NONE', ( #3139, #642, #1426, #2901, #1671, #1919, #2663, #937, #1489, #2474, #1257, #2222, #2131, #2602, #445, #28, #1613, #204, #672, #400, #910, #1891, #1377, #2367 ), #3122, .T. ) ;
#1353 = PRESENTATION_LAYER_ASSIGNMENT (  '', '', ( #334 ) ) ;
#1354 = PRESENTATION_STYLE_ASSIGNMENT (( #2304 ) ) ;
#1355 = SURFACE_STYLE_FILL_AREA ( #1400 ) ;
#1356 = DIRECTION ( 'NONE',  ( 4.857225732735385269E-17, 7.006907263567901912E-16, -1.000000000000000000 ) ) ;
#1357 = STYLED_ITEM ( 'NONE', ( #146 ), #1484 ) ;
#1358 =( NAMED_UNIT ( * ) PLANE_ANGLE_UNIT ( ) SI_UNIT ( $, .RADIAN. ) );
#1359 = CARTESIAN_POINT ( 'NONE',  ( -0.5464999999999989866, 0.6836000000000007626, 1.102868285104868235E-15 ) ) ;
#1360 =( NAMED_UNIT ( * ) SI_UNIT ( $, .STERADIAN. ) SOLID_ANGLE_UNIT ( ) );
#1361 = ORIENTED_EDGE ( 'NONE', *, *, #636, .T. ) ;
#1362 = FACE_OUTER_BOUND ( 'NONE', #669, .T. ) ;
#1363 = LINE ( 'NONE', #2835, #3052 ) ;
#1364 = SURFACE_SIDE_STYLE ('',( #2589 ) ) ;
#1365 = CARTESIAN_POINT ( 'NONE',  ( -0.6500000000000001332, 1.931434212244519054E-15, -1.624999999999998890 ) ) ;
#1366 = VECTOR ( 'NONE', #367, 1000.000000000000000 ) ;
#1367 = ORIENTED_EDGE ( 'NONE', *, *, #3130, .T. ) ;
#1368 = SURFACE_STYLE_FILL_AREA ( #2057 ) ;
#1369 = UNCERTAINTY_MEASURE_WITH_UNIT (LENGTH_MEASURE( 1.000000000000000082E-05 ), #2600, 'distance_accuracy_value', 'NONE');
#1370 = FILL_AREA_STYLE ('',( #635 ) ) ;
#1371 = AXIS2_PLACEMENT_3D ( 'NONE', #448, #1175, #1195 ) ;
#1372 = DIRECTION ( 'NONE',  ( 1.000000000000000000, 9.629649721937924046E-35, -2.449117988379029172E-32 ) ) ;
#1373 = DIRECTION ( 'NONE',  ( 0.000000000000000000, 0.000000000000000000, 1.000000000000000000 ) ) ;
#1374 = CARTESIAN_POINT ( 'NONE',  ( -1.724999999999999645, 0.5799999999999995159, 1.725000000000000089 ) ) ;
#1375 = CARTESIAN_POINT ( 'NONE',  ( -0.1999709999999990939, 0.6836000000000008736, -6.709999999966090691E-05 ) ) ;
#1376 = ORIENTED_EDGE ( 'NONE', *, *, #2646, .F. ) ;
#1377 = FACE_BOUND ( 'NONE', #360, .T. ) ;
#1378 = LINE ( 'NONE', #2555, #272 ) ;
#1379 = SURFACE_STYLE_FILL_AREA ( #373 ) ;
#1380 = FACE_OUTER_BOUND ( 'NONE', #81, .T. ) ;
#1381 = EDGE_LOOP ( 'NONE', ( #1635, #545 ) ) ;
#1382 = LINE ( 'NONE', #1631, #1961 ) ;
#1383 = DIRECTION ( 'NONE',  ( -4.857225732735363083E-17, -1.217408460507213380E-16, 1.000000000000000000 ) ) ;
#1384 = EDGE_CURVE ( 'NONE', #815, #2718, #104, .T. ) ;
#1385 = DIRECTION ( 'NONE',  ( 0.000000000000000000, 0.000000000000000000, 1.000000000000000000 ) ) ;
#1386 = PLANE ( 'NONE',  #25 ) ;
#1387 = CIRCLE ( 'NONE', #1639, 0.02250000000000000611 ) ;
#1388 = EDGE_CURVE ( 'NONE', #1517, #803, #2879, .T. ) ;
#1389 = LINE ( 'NONE', #867, #1014 ) ;
#1390 =( NAMED_UNIT ( * ) PLANE_ANGLE_UNIT ( ) SI_UNIT ( $, .RADIAN. ) );
#1391 = ORIENTED_EDGE ( 'NONE', *, *, #547, .F. ) ;
#1392 = FILL_AREA_STYLE_COLOUR ( '', #928 ) ;
#1393 = CARTESIAN_POINT ( 'NONE',  ( -1.724999999999999645, 0.5800000000000019584, -1.724999999999999645 ) ) ;
#1394 = VECTOR ( 'NONE', #894, 1000.000000000000000 ) ;
#1395 =( NAMED_UNIT ( * ) PLANE_ANGLE_UNIT ( ) SI_UNIT ( $, .RADIAN. ) );
#1396 = DIRECTION ( 'NONE',  ( 7.238338640139153906E-19, 1.000000000000000000, 2.589714009811204974E-16 ) ) ;
#1397 = ORIENTED_EDGE ( 'NONE', *, *, #1404, .T. ) ;
#1398 = DIRECTION ( 'NONE',  ( -7.238338640139153906E-19, -1.000000000000000000, -2.589714009811204974E-16 ) ) ;
#1399 =( NAMED_UNIT ( * ) PLANE_ANGLE_UNIT ( ) SI_UNIT ( $, .RADIAN. ) );
#1400 = FILL_AREA_STYLE ('',( #423 ) ) ;
#1401 = ORIENTED_EDGE ( 'NONE', *, *, #197, .T. ) ;
#1402 = AXIS2_PLACEMENT_3D ( 'NONE', #1936, #2941, #1218 ) ;
#1403 = PLANE ( 'NONE',  #1705 ) ;
#1404 = EDGE_CURVE ( 'NONE', #1308, #1485, #408, .T. ) ;
#1405 = DIRECTION ( 'NONE',  ( 7.238338640139153906E-19, 1.000000000000000000, 2.589714009811204974E-16 ) ) ;
#1406 = FACE_BOUND ( 'NONE', #1075, .T. ) ;
#1407 = FACE_OUTER_BOUND ( 'NONE', #3158, .T. ) ;
#1408 = VERTEX_POINT ( 'NONE', #1172 ) ;
#1409 = ADVANCED_FACE ( 'NONE', ( #2613 ), #2146, .F. ) ;
#1410 = EDGE_CURVE ( 'NONE', #988, #1093, #2772, .T. ) ;
#1411 = DIRECTION ( 'NONE',  ( 2.891205793294677439E-14, 0.000000000000000000, 1.000000000000000000 ) ) ;
#1412 = DIRECTION ( 'NONE',  ( -4.857225732735217637E-17, -7.030606108311833107E-16, 1.000000000000000000 ) ) ;
#1413 = CARTESIAN_POINT ( 'NONE',  ( 0.5715000000000002300, 0.5000000000000012212, -0.5714999999999998970 ) ) ;
#1414 = ORIENTED_EDGE ( 'NONE', *, *, #751, .F. ) ;
#1415 =( NAMED_UNIT ( * ) SI_UNIT ( $, .STERADIAN. ) SOLID_ANGLE_UNIT ( ) );
#1416 = CARTESIAN_POINT ( 'NONE',  ( 1.084202172485504434E-15, 0.6836000000000007626, 1.102868285104868432E-15 ) ) ;
#1417 = COLOUR_RGB ( '',0.9686274509803921573, 0.8784313725490195957, 0.5999999999999999778 ) ;
#1418 = LINE ( 'NONE', #436, #2838 ) ;
#1419 = VECTOR ( 'NONE', #2630, 1000.000000000000000 ) ;
#1420 = STYLED_ITEM ( 'NONE', ( #1998 ), #903 ) ;
#1421 = ORIENTED_EDGE ( 'NONE', *, *, #62, .T. ) ;
#1422 = CARTESIAN_POINT ( 'NONE',  ( 1.084202172485504434E-15, 0.6836000000000010957, -0.5464999999999989866 ) ) ;
#1423 = AXIS2_PLACEMENT_3D ( 'NONE', #3081, #1856, #1338 ) ;
#1424 = LINE ( 'NONE', #507, #182 ) ;
#1425 = EDGE_LOOP ( 'NONE', ( #66, #2414, #498, #2900 ) ) ;
#1426 = FACE_BOUND ( 'NONE', #3076, .T. ) ;
#1427 = DIRECTION ( 'NONE',  ( -7.238338640139153906E-19, -1.000000000000000000, -2.589714009811204974E-16 ) ) ;
#1428 =( NAMED_UNIT ( * ) SI_UNIT ( $, .STERADIAN. ) SOLID_ANGLE_UNIT ( ) );
#1429 = LINE ( 'NONE', #241, #2758 ) ;
#1430 = ORIENTED_EDGE ( 'NONE', *, *, #885, .T. ) ;
#1431 = EDGE_CURVE ( 'NONE', #2494, #21, #3136, .T. ) ;
#1432 = FACE_OUTER_BOUND ( 'NONE', #940, .T. ) ;
#1433 = UNCERTAINTY_MEASURE_WITH_UNIT (LENGTH_MEASURE( 1.000000000000000082E-05 ), #1863, 'distance_accuracy_value', 'NONE');
#1434 = CARTESIAN_POINT ( 'NONE',  ( 0.4119100000000007755, 0.6806000000000005379, 0.5323600000000001664 ) ) ;
#1435 = ADVANCED_FACE ( 'NONE', ( #2255 ), #2514, .F. ) ;
#1436 = COLOUR_RGB ( '',0.9686274509803921573, 0.8784313725490195957, 0.5999999999999999778 ) ;
#1437 = PRESENTATION_LAYER_ASSIGNMENT (  '', '', ( #201 ) ) ;
#1438 = ORIENTED_EDGE ( 'NONE', *, *, #889, .F. ) ;
#1439 = VECTOR ( 'NONE', #1659, 1000.000000000000000 ) ;
#1440 = EDGE_CURVE ( 'NONE', #694, #335, #2044, .T. ) ;
#1441 = LINE ( 'NONE', #1422, #953 ) ;
#1442 = SURFACE_SIDE_STYLE ('',( #2203 ) ) ;
#1443 = ORIENTED_EDGE ( 'NONE', *, *, #1839, .F. ) ;
#1444 = VECTOR ( 'NONE', #453, 1000.000000000000000 ) ;
#1445 = DIRECTION ( 'NONE',  ( -7.238338640139153906E-19, -1.000000000000000000, -2.589714009811204974E-16 ) ) ;
#1446 = DIRECTION ( 'NONE',  ( 7.238338640138938202E-19, 1.000000000000000000, 7.030606108311833107E-16 ) ) ;
#1447 =( NAMED_UNIT ( * ) SI_UNIT ( $, .STERADIAN. ) SOLID_ANGLE_UNIT ( ) );
#1448 = ORIENTED_EDGE ( 'NONE', *, *, #2911, .F. ) ;
#1449 = PLANE ( 'NONE',  #2554 ) ;
#1450 = ADVANCED_FACE ( 'NONE', ( #1070 ), #779, .F. ) ;
#1451 = CARTESIAN_POINT ( 'NONE',  ( 1.084202172485504434E-15, 0.6836000000000007626, 1.102868285104868432E-15 ) ) ;
#1452 = EDGE_CURVE ( 'NONE', #1230, #1984, #3014, .T. ) ;
#1453 = EDGE_CURVE ( 'NONE', #1485, #1308, #2698, .T. ) ;
#1454 = VECTOR ( 'NONE', #1791, 1000.000000000000000 ) ;
#1455 = ORIENTED_EDGE ( 'NONE', *, *, #889, .T. ) ;
#1456 = ORIENTED_EDGE ( 'NONE', *, *, #2231, .T. ) ;
#1457 = ADVANCED_FACE ( 'NONE', ( #618 ), #1870, .F. ) ;
#1458 = FACE_OUTER_BOUND ( 'NONE', #1670, .T. ) ;
#1459 = LINE ( 'NONE', #3176, #2806 ) ;
#1460 =( GEOMETRIC_REPRESENTATION_CONTEXT ( 3 ) GLOBAL_UNCERTAINTY_ASSIGNED_CONTEXT ( ( #564 ) ) GLOBAL_UNIT_ASSIGNED_CONTEXT ( ( #2029, #1811, #1122 ) ) REPRESENTATION_CONTEXT ( 'NONE', 'WORKASPACE' ) );
#1461 = ADVANCED_FACE ( 'NONE', ( #2842 ), #1133, .F. ) ;
#1462 = EDGE_CURVE ( 'NONE', #3041, #75, #2625, .T. ) ;
#1463 = ORIENTED_EDGE ( 'NONE', *, *, #1741, .T. ) ;
#1464 = SURFACE_STYLE_USAGE ( .BOTH. , #2933 ) ;
#1465 = LINE ( 'NONE', #1693, #1186 ) ;
#1466 = DIRECTION ( 'NONE',  ( -7.238338640139153906E-19, -1.000000000000000000, -2.589714009811204974E-16 ) ) ;
#1467 = ORIENTED_EDGE ( 'NONE', *, *, #271, .T. ) ;
#1468 = MECHANICAL_DESIGN_GEOMETRIC_PRESENTATION_REPRESENTATION (  '', ( #176 ), #80 ) ;
#1469 = ORIENTED_EDGE ( 'NONE', *, *, #1404, .F. ) ;
#1470 =( NAMED_UNIT ( * ) SI_UNIT ( $, .STERADIAN. ) SOLID_ANGLE_UNIT ( ) );
#1471 = SURFACE_STYLE_FILL_AREA ( #2922 ) ;
#1472 = ORIENTED_EDGE ( 'NONE', *, *, #2796, .T. ) ;
#1473 = CIRCLE ( 'NONE', #36, 0.02250000000000000611 ) ;
#1474 = VERTEX_POINT ( 'NONE', #395 ) ;
#1475 = FACE_OUTER_BOUND ( 'NONE', #1732, .T. ) ;
#1476 = CIRCLE ( 'NONE', #193, 0.02249999999999995060 ) ;
#1477 = DIRECTION ( 'NONE',  ( -4.857225732735217637E-17, -7.030606108311833107E-16, 1.000000000000000000 ) ) ;
#1478 = ORIENTED_EDGE ( 'NONE', *, *, #1462, .T. ) ;
#1479 = ORIENTED_EDGE ( 'NONE', *, *, #276, .F. ) ;
#1480 = DIRECTION ( 'NONE',  ( 1.000000000000000000, -7.238338640135760418E-19, -4.565061778886337988E-16 ) ) ;
#1481 = SURFACE_STYLE_FILL_AREA ( #500 ) ;
#1482 = DIRECTION ( 'NONE',  ( -4.857225732735386502E-17, -1.224646799147353454E-16, 1.000000000000000000 ) ) ;
#1483 = ORIENTED_EDGE ( 'NONE', *, *, #2593, .F. ) ;
#1484 = ADVANCED_FACE ( 'NONE', ( #3113 ), #2087, .T. ) ;
#1485 = VERTEX_POINT ( 'NONE', #632 ) ;
#1486 = STYLED_ITEM ( 'NONE', ( #336 ), #1409 ) ;
#1487 = CARTESIAN_POINT ( 'NONE',  ( 0.4344100000000007400, 0.6906000000000011019, -0.4348599999999993582 ) ) ;
#1488 = MECHANICAL_DESIGN_GEOMETRIC_PRESENTATION_REPRESENTATION (  '', ( #2724 ), #154 ) ;
#1489 = FACE_BOUND ( 'NONE', #2180, .T. ) ;
#1490 = DIRECTION ( 'NONE',  ( 7.238338640138938202E-19, 1.000000000000000000, 7.030606108311833107E-16 ) ) ;
#1491 = EDGE_CURVE ( 'NONE', #56, #934, #1821, .T. ) ;
#1492 = CARTESIAN_POINT ( 'NONE',  ( 0.4017000000000007232, 0.6836000000000010957, -0.5239999999999990221 ) ) ;
#1493 =( NAMED_UNIT ( * ) PLANE_ANGLE_UNIT ( ) SI_UNIT ( $, .RADIAN. ) );
#1494 = VERTEX_POINT ( 'NONE', #2320 ) ;
#1495 = PRESENTATION_LAYER_ASSIGNMENT (  '', '', ( #2730 ) ) ;
#1496 = AXIS2_PLACEMENT_3D ( 'NONE', #1127, #2615, #157 ) ;
#1497 = VERTEX_POINT ( 'NONE', #90 ) ;
#1498 = DIRECTION ( 'NONE',  ( -4.857225732735385269E-17, -7.006907263567901912E-16, 1.000000000000000000 ) ) ;
#1499 = PRESENTATION_STYLE_ASSIGNMENT (( #1799 ) ) ;
#1500 = UNCERTAINTY_MEASURE_WITH_UNIT (LENGTH_MEASURE( 1.000000000000000082E-05 ), #3083, 'distance_accuracy_value', 'NONE');
#1501 = AXIS2_PLACEMENT_3D ( 'NONE', #1038, #1773, #59 ) ;
#1502 = PLANE ( 'NONE',  #671 ) ;
#1503 =( GEOMETRIC_REPRESENTATION_CONTEXT ( 3 ) GLOBAL_UNCERTAINTY_ASSIGNED_CONTEXT ( ( #1180 ) ) GLOBAL_UNIT_ASSIGNED_CONTEXT ( ( #2604, #896, #403 ) ) REPRESENTATION_CONTEXT ( 'NONE', 'WORKASPACE' ) );
#1504 = AXIS2_PLACEMENT_3D ( 'NONE', #524, #2502, #299 ) ;
#1505 = EDGE_LOOP ( 'NONE', ( #3011, #2652 ) ) ;
#1506 = AXIS2_PLACEMENT_3D ( 'NONE', #550, #2782, #1063 ) ;
#1507 = EDGE_LOOP ( 'NONE', ( #72, #1952, #477, #1686 ) ) ;
#1508 = COLOUR_RGB ( '',0.9686274509803921573, 0.8784313725490195957, 0.5999999999999999778 ) ;
#1509 = DIRECTION ( 'NONE',  ( -7.238338640139153906E-19, -1.000000000000000000, -2.589714009811204974E-16 ) ) ;
#1510 =( LENGTH_UNIT ( ) NAMED_UNIT ( * ) SI_UNIT ( .MILLI., .METRE. ) );
#1511 =( LENGTH_UNIT ( ) NAMED_UNIT ( * ) SI_UNIT ( .MILLI., .METRE. ) );
#1512 = LINE ( 'NONE', #97, #2665 ) ;
#1513 = ORIENTED_EDGE ( 'NONE', *, *, #2190, .T. ) ;
#1514 = EDGE_CURVE ( 'NONE', #1113, #988, #900, .T. ) ;
#1515 = ADVANCED_FACE ( 'NONE', ( #1867 ), #357, .F. ) ;
#1516 = CIRCLE ( 'NONE', #3165, 0.03350000000000000200 ) ;
#1517 = VERTEX_POINT ( 'NONE', #2575 ) ;
#1518 =( NAMED_UNIT ( * ) PLANE_ANGLE_UNIT ( ) SI_UNIT ( $, .RADIAN. ) );
#1519 = COLOUR_RGB ( '',0.6666666666666666297, 0.6666666666666666297, 0.6666666666666666297 ) ;
#1520 = MANIFOLD_SOLID_BREP ( 'NONE', #1322 ) ;
#1521 = ORIENTED_EDGE ( 'NONE', *, *, #415, .T. ) ;
#1522 = ORIENTED_EDGE ( 'NONE', *, *, #1152, .T. ) ;
#1523 = DIRECTION ( 'NONE',  ( 4.857225732735386502E-17, 1.217408460507213380E-16, -1.000000000000000000 ) ) ;
#1524 = PRESENTATION_STYLE_ASSIGNMENT (( #2744 ) ) ;
#1525 = CARTESIAN_POINT ( 'NONE',  ( 0.4344100000000007400, 0.6806000000000010930, -0.4348599999999993582 ) ) ;
#1526 = MANIFOLD_SOLID_BREP ( 'NONE', #1981 ) ;
#1527 = FILL_AREA_STYLE_COLOUR ( '', #153 ) ;
#1528 = CARTESIAN_POINT ( 'NONE',  ( 0.5319100000000011041, 0.6906000000000005468, 0.5323600000000001664 ) ) ;
#1529 = ORIENTED_EDGE ( 'NONE', *, *, #320, .T. ) ;
#1530 = ORIENTED_EDGE ( 'NONE', *, *, #636, .F. ) ;
#1531 = FACE_OUTER_BOUND ( 'NONE', #2389, .T. ) ;
#1532 = FACE_OUTER_BOUND ( 'NONE', #1274, .T. ) ;
#1533 = VECTOR ( 'NONE', #756, 1000.000000000000000 ) ;
#1534 = CARTESIAN_POINT ( 'NONE',  ( 1.725000000000000089, 0.4299999999999994382, 1.724999999999999867 ) ) ;
#1535 = CARTESIAN_POINT ( 'NONE',  ( -1.724999999999999645, 0.4299999999999994382, 1.725000000000000089 ) ) ;
#1536 = ADVANCED_FACE ( 'NONE', ( #471 ), #1502, .F. ) ;
#1537 = VERTEX_POINT ( 'NONE', #1699 ) ;
#1538 = ADVANCED_FACE ( 'NONE', ( #2198 ), #2455, .F. ) ;
#1539 = EDGE_LOOP ( 'NONE', ( #1985, #1301 ) ) ;
#1540 = CARTESIAN_POINT ( 'NONE',  ( -0.5714999999999997859, 0.6806000000000004269, 0.5715000000000002300 ) ) ;
#1541 = CARTESIAN_POINT ( 'NONE',  ( 1.084202172485504434E-15, 0.7300000000000007594, 4.588300467875047691E-15 ) ) ;
#1542 = CIRCLE ( 'NONE', #2769, 0.1499999999999999667 ) ;
#1543 = AXIS2_PLACEMENT_3D ( 'NONE', #2715, #255, #1950 ) ;
#1544 = CARTESIAN_POINT ( 'NONE',  ( -0.5714999999999997859, 0.6806000000000004269, 0.5715000000000002300 ) ) ;
#1545 = SURFACE_STYLE_USAGE ( .BOTH. , #1030 ) ;
#1546 = ORIENTED_EDGE ( 'NONE', *, *, #2577, .F. ) ;
#1547 = ORIENTED_EDGE ( 'NONE', *, *, #2894, .F. ) ;
#1548 = FILL_AREA_STYLE ('',( #578 ) ) ;
#1549 = DIRECTION ( 'NONE',  ( 0.000000000000000000, 0.000000000000000000, 1.000000000000000000 ) ) ;
#1550 =( NAMED_UNIT ( * ) SI_UNIT ( $, .STERADIAN. ) SOLID_ANGLE_UNIT ( ) );
#1551 = STYLED_ITEM ( 'NONE', ( #3131 ), #2357 ) ;
#1552 = VERTEX_POINT ( 'NONE', #773 ) ;
#1553 = EDGE_CURVE ( 'NONE', #266, #2166, #1248, .T. ) ;
#1554 = ORIENTED_EDGE ( 'NONE', *, *, #209, .T. ) ;
#1555 = FILL_AREA_STYLE_COLOUR ( '', #264 ) ;
#1556 = FILL_AREA_STYLE ('',( #2983 ) ) ;
#1557 = DIRECTION ( 'NONE',  ( -3.129636159629258261E-32, -1.000000000000000000, -1.224646799147353454E-16 ) ) ;
#1558 = EDGE_CURVE ( 'NONE', #2742, #2512, #2977, .T. ) ;
#1559 = EDGE_LOOP ( 'NONE', ( #979, #2848 ) ) ;
#1560 = ORIENTED_EDGE ( 'NONE', *, *, #751, .T. ) ;
#1561 = CARTESIAN_POINT ( 'NONE',  ( 1.625000000000000888, 0.04999999999999955869, 1.625000000000000666 ) ) ;
#1562 = CARTESIAN_POINT ( 'NONE',  ( 0.2000290000000002344, 0.6836000000000006516, 0.1999329000000008572 ) ) ;
#1563 = PRESENTATION_LAYER_ASSIGNMENT (  '', '', ( #951 ) ) ;
#1564 = FACE_BOUND ( 'NONE', #1241, .T. ) ;
#1565 = ORIENTED_EDGE ( 'NONE', *, *, #526, .T. ) ;
#1566 = UNCERTAINTY_MEASURE_WITH_UNIT (LENGTH_MEASURE( 1.000000000000000082E-05 ), #1911, 'distance_accuracy_value', 'NONE');
#1567 = ORIENTED_EDGE ( 'NONE', *, *, #311, .T. ) ;
#1568 = DIRECTION ( 'NONE',  ( 7.238338640138938202E-19, 1.000000000000000000, 7.030606108311833107E-16 ) ) ;
#1569 =( NAMED_UNIT ( * ) SI_UNIT ( $, .STERADIAN. ) SOLID_ANGLE_UNIT ( ) );
#1570 = CARTESIAN_POINT ( 'NONE',  ( 0.4017000000000007232, 0.6836000000000010957, -0.4244400000000005391 ) ) ;
#1571 = AXIS2_PLACEMENT_3D ( 'NONE', #1229, #251, #1258 ) ;
#1572 = LINE ( 'NONE', #786, #716 ) ;
#1573 = AXIS2_PLACEMENT_3D ( 'NONE', #1153, #2091, #1373 ) ;
#1574 =( GEOMETRIC_REPRESENTATION_CONTEXT ( 3 ) GLOBAL_UNCERTAINTY_ASSIGNED_CONTEXT ( ( #3185 ) ) GLOBAL_UNIT_ASSIGNED_CONTEXT ( ( #787, #1390, #1360 ) ) REPRESENTATION_CONTEXT ( 'NONE', 'WORKASPACE' ) );
#1575 = VERTEX_POINT ( 'NONE', #1714 ) ;
#1576 = CARTESIAN_POINT ( 'NONE',  ( 0.4119100000000007755, 0.6906000000000005468, 0.4348599999999998023 ) ) ;
#1577 = DIRECTION ( 'NONE',  ( 1.000000000000000000, -1.155264364861562863E-16, -2.440701027073827977E-32 ) ) ;
#1578 = FILL_AREA_STYLE ('',( #2300 ) ) ;
#1579 = ORIENTED_EDGE ( 'NONE', *, *, #2699, .F. ) ;
#1580 = SURFACE_STYLE_FILL_AREA ( #405 ) ;
#1581 =( GEOMETRIC_REPRESENTATION_CONTEXT ( 3 ) GLOBAL_UNCERTAINTY_ASSIGNED_CONTEXT ( ( #2885 ) ) GLOBAL_UNIT_ASSIGNED_CONTEXT ( ( #552, #132, #794 ) ) REPRESENTATION_CONTEXT ( 'NONE', 'WORKASPACE' ) );
#1582 = VERTEX_POINT ( 'NONE', #1749 ) ;
#1583 = LINE ( 'NONE', #147, #1929 ) ;
#1584 = DIRECTION ( 'NONE',  ( 1.000000000000000000, -7.238338640139361907E-19, 4.857225732735220102E-17 ) ) ;
#1585 = DIRECTION ( 'NONE',  ( 0.000000000000000000, 0.000000000000000000, 1.000000000000000000 ) ) ;
#1586 = ORIENTED_EDGE ( 'NONE', *, *, #531, .T. ) ;
#1587 = AXIS2_PLACEMENT_3D ( 'NONE', #587, #1024, #1995 ) ;
#1588 = VECTOR ( 'NONE', #2552, 1000.000000000000000 ) ;
#1589 = CARTESIAN_POINT ( 'NONE',  ( 0.4119100000000007755, 0.6806000000000010930, -0.5323599999999997223 ) ) ;
#1590 = DIRECTION ( 'NONE',  ( 1.445602896647342506E-14, 0.000000000000000000, 1.000000000000000000 ) ) ;
#1591 = VERTEX_POINT ( 'NONE', #2923 ) ;
#1592 = DIRECTION ( 'NONE',  ( 0.000000000000000000, 0.000000000000000000, -1.000000000000000000 ) ) ;
#1593 = PRESENTATION_LAYER_ASSIGNMENT (  '', '', ( #2156 ) ) ;
#1594 = FILL_AREA_STYLE ('',( #1555 ) ) ;
#1595 = CARTESIAN_POINT ( 'NONE',  ( -1.149999999999998801, 0.05000000000000186240, -1.625000000000000666 ) ) ;
#1596 = FACE_OUTER_BOUND ( 'NONE', #2909, .T. ) ;
#1597 = VECTOR ( 'NONE', #318, 1000.000000000000000 ) ;
#1598 = SURFACE_STYLE_FILL_AREA ( #2347 ) ;
#1599 = COLOUR_RGB ( '',0.9686274509803921573, 0.8784313725490195957, 0.5999999999999999778 ) ;
#1600 = ORIENTED_EDGE ( 'NONE', *, *, #1182, .F. ) ;
#1601 = DIRECTION ( 'NONE',  ( -4.857225732735217637E-17, -7.030606108311833107E-16, 1.000000000000000000 ) ) ;
#1602 = DIRECTION ( 'NONE',  ( 0.000000000000000000, 0.000000000000000000, 1.000000000000000000 ) ) ;
#1603 = CARTESIAN_POINT ( 'NONE',  ( 0.3792000000000007587, 0.6836000000000005405, 0.5465000000000012070 ) ) ;
#1604 = LINE ( 'NONE', #3124, #1339 ) ;
#1605 = ORIENTED_EDGE ( 'NONE', *, *, #2090, .F. ) ;
#1606 = SURFACE_SIDE_STYLE ('',( #1580 ) ) ;
#1607 = STYLED_ITEM ( 'NONE', ( #839 ), #1347 ) ;
#1608 = CARTESIAN_POINT ( 'NONE',  ( 1.084202172485504434E-15, 0.6836000000000004295, 0.5465000000000012070 ) ) ;
#1609 = AXIS2_PLACEMENT_3D ( 'NONE', #2607, #123, #2061 ) ;
#1610 = DIRECTION ( 'NONE',  ( 0.000000000000000000, 0.000000000000000000, 1.000000000000000000 ) ) ;
#1611 = PRESENTATION_STYLE_ASSIGNMENT (( #1341 ) ) ;
#1612 = ORIENTED_EDGE ( 'NONE', *, *, #2071, .F. ) ;
#1613 = FACE_BOUND ( 'NONE', #1559, .T. ) ;
#1614 = DIRECTION ( 'NONE',  ( 7.238338640139153906E-19, 1.000000000000000000, 2.589714009811204974E-16 ) ) ;
#1615 = CARTESIAN_POINT ( 'NONE',  ( 1.084202172485504434E-15, 0.7144827586206907721, 4.582954634144775387E-15 ) ) ;
#1616 = CARTESIAN_POINT ( 'NONE',  ( 0.4344100000000007400, 0.6906000000000011019, -0.4348599999999993582 ) ) ;
#1617 = ORIENTED_EDGE ( 'NONE', *, *, #2231, .F. ) ;
#1618 =( NAMED_UNIT ( * ) SI_UNIT ( $, .STERADIAN. ) SOLID_ANGLE_UNIT ( ) );
#1619 = DIRECTION ( 'NONE',  ( -7.238338640139153906E-19, -1.000000000000000000, -2.589714009811204974E-16 ) ) ;
#1620 = ADVANCED_FACE ( 'NONE', ( #2722 ), #516, .F. ) ;
#1621 = CARTESIAN_POINT ( 'NONE',  ( 2.900000000143239387E-05, 0.6836000000000008736, -0.2000671000000001643 ) ) ;
#1622 = CARTESIAN_POINT ( 'NONE',  ( 0.4242000000000006876, 0.6806000000000010930, -0.4244400000000005391 ) ) ;
#1623 = PLANE ( 'NONE',  #3000 ) ;
#1624 =( LENGTH_UNIT ( ) NAMED_UNIT ( * ) SI_UNIT ( .MILLI., .METRE. ) );
#1625 = ORIENTED_EDGE ( 'NONE', *, *, #966, .F. ) ;
#1626 = DIRECTION ( 'NONE',  ( 0.000000000000000000, 0.000000000000000000, 1.000000000000000000 ) ) ;
#1627 = CARTESIAN_POINT ( 'NONE',  ( 0.5319100000000011041, 0.6906000000000011019, -0.4123599999999993937 ) ) ;
#1628 = DIRECTION ( 'NONE',  ( -4.857225732735217637E-17, -7.030606108311833107E-16, 1.000000000000000000 ) ) ;
#1629 = EDGE_LOOP ( 'NONE', ( #2507, #1860, #3125, #997 ) ) ;
#1630 = VECTOR ( 'NONE', #1142, 1000.000000000000000 ) ;
#1631 = CARTESIAN_POINT ( 'NONE',  ( 1.150000000000001021, 0.05000000000000185546, -1.625000000000000666 ) ) ;
#1632 = CARTESIAN_POINT ( 'NONE',  ( 0.5715000000000002300, 0.6806000000000010930, -0.5714999999999997859 ) ) ;
#1633 = EDGE_CURVE ( 'NONE', #3041, #849, #2230, .T. ) ;
#1634 = DIRECTION ( 'NONE',  ( -1.000000000000000000, 1.155264364861562617E-16, 8.486801005547739494E-17 ) ) ;
#1635 = ORIENTED_EDGE ( 'NONE', *, *, #782, .F. ) ;
#1636 = ADVANCED_FACE ( 'NONE', ( #38 ), #2708, .F. ) ;
#1637 = STYLED_ITEM ( 'NONE', ( #2640 ), #2316 ) ;
#1638 = CARTESIAN_POINT ( 'NONE',  ( 1.084202172485504434E-15, 0.4300000000000006595, 1.015500730469503486E-15 ) ) ;
#1639 = AXIS2_PLACEMENT_3D ( 'NONE', #2042, #2026, #1324 ) ;
#1640 = STYLED_ITEM ( 'NONE', ( #1893 ), #94 ) ;
#1641 =( LENGTH_UNIT ( ) NAMED_UNIT ( * ) SI_UNIT ( .MILLI., .METRE. ) );
#1642 = CARTESIAN_POINT ( 'NONE',  ( 1.084202172485504434E-15, 0.6836000000000007626, 1.102868285104868432E-15 ) ) ;
#1643 = VERTEX_POINT ( 'NONE', #1938 ) ;
#1644 = FILL_AREA_STYLE ('',( #3160 ) ) ;
#1645 = AXIS2_PLACEMENT_3D ( 'NONE', #1393, #141, #2097 ) ;
#1646 = FILL_AREA_STYLE ('',( #2616 ) ) ;
#1647 = ORIENTED_EDGE ( 'NONE', *, *, #864, .T. ) ;
#1648 = PRESENTATION_LAYER_ASSIGNMENT (  '', '', ( #2167 ) ) ;
#1649 = PLANE ( 'NONE',  #1316 ) ;
#1650 = CARTESIAN_POINT ( 'NONE',  ( 0.2000290000000002344, 0.6836000000000006516, 0.1664329000000008552 ) ) ;
#1651 = ORIENTED_EDGE ( 'NONE', *, *, #2218, .T. ) ;
#1652 = CARTESIAN_POINT ( 'NONE',  ( 0.3792000000000007587, 0.6806000000000010930, -0.5239999999999990221 ) ) ;
#1653 = EDGE_CURVE ( 'NONE', #623, #1335, #2943, .T. ) ;
#1654 = COLOUR_RGB ( '',0.7921568627450980005, 0.8196078431372548767, 0.9333333333333333481 ) ;
#1655 = CARTESIAN_POINT ( 'NONE',  ( -0.6500000000000001332, 0.05000000000000186240, -1.625000000000000666 ) ) ;
#1656 = VERTEX_POINT ( 'NONE', #1082 ) ;
#1657 =( NAMED_UNIT ( * ) SI_UNIT ( $, .STERADIAN. ) SOLID_ANGLE_UNIT ( ) );
#1658 = PLANE ( 'NONE',  #2580 ) ;
#1659 = DIRECTION ( 'NONE',  ( 4.857225732735385269E-17, 7.006907263567901912E-16, -1.000000000000000000 ) ) ;
#1660 = PRESENTATION_STYLE_ASSIGNMENT (( #737 ) ) ;
#1661 = ORIENTED_EDGE ( 'NONE', *, *, #134, .T. ) ;
#1662 = AXIS2_PLACEMENT_3D ( 'NONE', #492, #199, #1944 ) ;
#1663 = ADVANCED_FACE ( 'NONE', ( #1564, #857, #595, #1817 ), #2817, .T. ) ;
#1664 = ORIENTED_EDGE ( 'NONE', *, *, #2358, .F. ) ;
#1665 = FACE_OUTER_BOUND ( 'NONE', #1974, .T. ) ;
#1666 = MECHANICAL_DESIGN_GEOMETRIC_PRESENTATION_REPRESENTATION (  '', ( #1120 ), #2365 ) ;
#1667 = LINE ( 'NONE', #2697, #2648 ) ;
#1668 = CARTESIAN_POINT ( 'NONE',  ( 0.5319100000000011041, 0.6806000000000010930, -0.4123599999999993937 ) ) ;
#1669 = EDGE_CURVE ( 'NONE', #741, #646, #2307, .T. ) ;
#1670 = EDGE_LOOP ( 'NONE', ( #3004, #2278, #1036, #2242 ) ) ;
#1671 = FACE_BOUND ( 'NONE', #1227, .T. ) ;
#1672 = EDGE_CURVE ( 'NONE', #484, #2512, #1784, .T. ) ;
#1673 = PLANE ( 'NONE',  #2485 ) ;
#1674 = ADVANCED_FACE ( 'NONE', ( #1064 ), #2037, .T. ) ;
#1675 = FACE_OUTER_BOUND ( 'NONE', #1022, .T. ) ;
#1676 = VERTEX_POINT ( 'NONE', #2523 ) ;
#1677 = ORIENTED_EDGE ( 'NONE', *, *, #831, .T. ) ;
#1678 = CARTESIAN_POINT ( 'NONE',  ( 1.084202172485504434E-15, 0.6806000000000010930, -0.5464999999999989866 ) ) ;
#1679 = DIRECTION ( 'NONE',  ( -1.155264364861563110E-16, -1.000000000000000000, -1.224646799147353454E-16 ) ) ;
#1680 = UNCERTAINTY_MEASURE_WITH_UNIT (LENGTH_MEASURE( 1.000000000000000082E-05 ), #512, 'distance_accuracy_value', 'NONE');
#1681 =( NAMED_UNIT ( * ) SI_UNIT ( $, .STERADIAN. ) SOLID_ANGLE_UNIT ( ) );
#1682 = PRODUCT_DEFINITION ( 'UNKNOWN', '', #2585, #2991 ) ;
#1683 = VECTOR ( 'NONE', #1042, 1000.000000000000000 ) ;
#1684 = COLOUR_RGB ( '',0.9686274509803921573, 0.8784313725490195957, 0.5999999999999999778 ) ;
#1685 = EDGE_LOOP ( 'NONE', ( #2194, #1125 ) ) ;
#1686 = ORIENTED_EDGE ( 'NONE', *, *, #1990, .T. ) ;
#1687 = DIRECTION ( 'NONE',  ( 1.365067210663851027E-16, 1.000000000000000000, 5.004010026856174159E-16 ) ) ;
#1688 = DIRECTION ( 'NONE',  ( -7.238338640139153906E-19, -1.000000000000000000, -2.589714009811204974E-16 ) ) ;
#1689 = COLOUR_RGB ( '',0.9686274509803921573, 0.8784313725490195957, 0.5999999999999999778 ) ;
#1690 = ORIENTED_EDGE ( 'NONE', *, *, #898, .T. ) ;
#1691 = VECTOR ( 'NONE', #861, 1000.000000000000000 ) ;
#1692 = CARTESIAN_POINT ( 'NONE',  ( 2.900000000143239387E-05, 0.6836000000000007626, -6.710000000139563039E-05 ) ) ;
#1693 = CARTESIAN_POINT ( 'NONE',  ( 0.4119100000000007755, 0.6906000000000005468, 0.5323600000000001664 ) ) ;
#1694 = DIRECTION ( 'NONE',  ( 4.857225732735217637E-17, 7.030606108311833107E-16, -1.000000000000000000 ) ) ;
#1695 = ORIENTED_EDGE ( 'NONE', *, *, #541, .T. ) ;
#1696 = ORIENTED_EDGE ( 'NONE', *, *, #2577, .T. ) ;
#1697 = LINE ( 'NONE', #3167, #2223 ) ;
#1698 = CARTESIAN_POINT ( 'NONE',  ( 0.3792000000000007587, 0.6836000000000010957, -0.5239999999999990221 ) ) ;
#1699 = CARTESIAN_POINT ( 'NONE',  ( 0.2000290000000002344, 0.6836000000000010957, -0.3665670999999989799 ) ) ;
#1700 = EDGE_LOOP ( 'NONE', ( #947, #2068, #1215, #2927 ) ) ;
#1701 = ORIENTED_EDGE ( 'NONE', *, *, #1453, .T. ) ;
#1702 =( NAMED_UNIT ( * ) SI_UNIT ( $, .STERADIAN. ) SOLID_ANGLE_UNIT ( ) );
#1703 = AXIS2_PLACEMENT_3D ( 'NONE', #759, #1289, #50 ) ;
#1704 = CARTESIAN_POINT ( 'NONE',  ( -0.1999709999999990939, 0.6836000000000010957, -0.3665670999999989799 ) ) ;
#1705 = AXIS2_PLACEMENT_3D ( 'NONE', #1166, #2141, #2173 ) ;
#1706 =( LENGTH_UNIT ( ) NAMED_UNIT ( * ) SI_UNIT ( .MILLI., .METRE. ) );
#1707 = CARTESIAN_POINT ( 'NONE',  ( 0.5319100000000011041, 0.6906000000000005468, 0.5323600000000001664 ) ) ;
#1708 = DIRECTION ( 'NONE',  ( -7.238338640139153906E-19, -1.000000000000000000, -2.589714009811204974E-16 ) ) ;
#1709 = ORIENTED_EDGE ( 'NONE', *, *, #772, .F. ) ;
#1710 =( GEOMETRIC_REPRESENTATION_CONTEXT ( 3 ) GLOBAL_UNCERTAINTY_ASSIGNED_CONTEXT ( ( #406 ) ) GLOBAL_UNIT_ASSIGNED_CONTEXT ( ( #2122, #2360, #1102 ) ) REPRESENTATION_CONTEXT ( 'NONE', 'WORKASPACE' ) );
#1711 = ORIENTED_EDGE ( 'NONE', *, *, #1653, .T. ) ;
#1712 = CARTESIAN_POINT ( 'NONE',  ( -1.150000000000000577, 0.04999999999999957256, 1.625000000000000666 ) ) ;
#1713 = PLANE ( 'NONE',  #1908 ) ;
#1714 = CARTESIAN_POINT ( 'NONE',  ( 0.5319100000000011041, 0.6806000000000010930, -0.5323599999999997223 ) ) ;
#1715 = EDGE_CURVE ( 'NONE', #2303, #229, #2731, .T. ) ;
#1716 = ORIENTED_EDGE ( 'NONE', *, *, #2121, .T. ) ;
#1717 = MECHANICAL_DESIGN_GEOMETRIC_PRESENTATION_REPRESENTATION (  '', ( #3116 ), #2289 ) ;
#1718 =( GEOMETRIC_REPRESENTATION_CONTEXT ( 3 ) GLOBAL_UNCERTAINTY_ASSIGNED_CONTEXT ( ( #1369 ) ) GLOBAL_UNIT_ASSIGNED_CONTEXT ( ( #2600, #2899, #2644 ) ) REPRESENTATION_CONTEXT ( 'NONE', 'WORKASPACE' ) );
#1719 = EDGE_CURVE ( 'NONE', #2079, #234, #2022, .T. ) ;
#1720 = ORIENTED_EDGE ( 'NONE', *, *, #2947, .T. ) ;
#1721 = DIRECTION ( 'NONE',  ( 1.000000000000000000, -1.365067210663851027E-16, 4.857225732735385886E-17 ) ) ;
#1722 = CARTESIAN_POINT ( 'NONE',  ( 1.625000000000000888, 0.05000000000000185546, -1.625000000000000666 ) ) ;
#1723 = DIRECTION ( 'NONE',  ( 0.000000000000000000, 0.000000000000000000, -1.000000000000000000 ) ) ;
#1724 = STYLED_ITEM ( 'NONE', ( #2784 ), #68 ) ;
#1725 = LINE ( 'NONE', #1982, #1994 ) ;
#1726 = CARTESIAN_POINT ( 'NONE',  ( -1.724999999999999645, 0.05000000000000193179, -1.724999999999999867 ) ) ;
#1727 = EDGE_LOOP ( 'NONE', ( #1401, #2743 ) ) ;
#1728 = ORIENTED_EDGE ( 'NONE', *, *, #310, .T. ) ;
#1729 = LINE ( 'NONE', #1007, #2331 ) ;
#1730 = PLANE ( 'NONE',  #1859 ) ;
#1731 = DIRECTION ( 'NONE',  ( 1.000000000000000000, -7.238338640132681819E-19, -9.130123557772677948E-16 ) ) ;
#1732 = EDGE_LOOP ( 'NONE', ( #1989, #2286 ) ) ;
#1733 = EDGE_CURVE ( 'NONE', #2166, #266, #930, .T. ) ;
#1734 = ORIENTED_EDGE ( 'NONE', *, *, #310, .F. ) ;
#1735 =( GEOMETRIC_REPRESENTATION_CONTEXT ( 3 ) GLOBAL_UNCERTAINTY_ASSIGNED_CONTEXT ( ( #469 ) ) GLOBAL_UNIT_ASSIGNED_CONTEXT ( ( #1012, #1807, #1979 ) ) REPRESENTATION_CONTEXT ( 'NONE', 'WORKASPACE' ) );
#1736 =( NAMED_UNIT ( * ) PLANE_ANGLE_UNIT ( ) SI_UNIT ( $, .RADIAN. ) );
#1737 = AXIS2_PLACEMENT_3D ( 'NONE', #2177, #2700, #1001 ) ;
#1738 = FILL_AREA_STYLE ('',( #1392 ) ) ;
#1739 = EDGE_CURVE ( 'NONE', #913, #919, #2611, .T. ) ;
#1740 = DIRECTION ( 'NONE',  ( -7.238338640139153906E-19, -1.000000000000000000, -2.589714009811204974E-16 ) ) ;
#1741 = EDGE_CURVE ( 'NONE', #2958, #2041, #3044, .T. ) ;
#1742 = DIRECTION ( 'NONE',  ( 0.000000000000000000, 0.000000000000000000, -1.000000000000000000 ) ) ;
#1743 = FACE_OUTER_BOUND ( 'NONE', #1966, .T. ) ;
#1744 = EDGE_LOOP ( 'NONE', ( #2681, #1865 ) ) ;
#1745 = COLOUR_RGB ( '',0.9686274509803921573, 0.8784313725490195957, 0.5999999999999999778 ) ;
#1746 = ORIENTED_EDGE ( 'NONE', *, *, #1839, .T. ) ;
#1747 = CARTESIAN_POINT ( 'NONE',  ( -0.6500000000000001332, 0.04999999999999956563, 1.625000000000000666 ) ) ;
#1748 =( LENGTH_UNIT ( ) NAMED_UNIT ( * ) SI_UNIT ( .MILLI., .METRE. ) );
#1749 = CARTESIAN_POINT ( 'NONE',  ( 1.293025284993982948, 0.7144827586206905501, 4.477168394285414717E-15 ) ) ;
#1750 = AXIS2_PLACEMENT_3D ( 'NONE', #874, #1864, #912 ) ;
#1751 = AXIS2_PLACEMENT_3D ( 'NONE', #1541, #2256, #1809 ) ;
#1752 = ORIENTED_EDGE ( 'NONE', *, *, #2239, .F. ) ;
#1753 = VERTEX_POINT ( 'NONE', #580 ) ;
#1754 = CIRCLE ( 'NONE', #2217, 0.03350000000000000200 ) ;
#1755 = FILL_AREA_STYLE ('',( #2460 ) ) ;
#1756 =( LENGTH_UNIT ( ) NAMED_UNIT ( * ) SI_UNIT ( .MILLI., .METRE. ) );
#1757 = DIRECTION ( 'NONE',  ( 0.000000000000000000, 0.000000000000000000, 1.000000000000000000 ) ) ;
#1758 =( GEOMETRIC_REPRESENTATION_CONTEXT ( 3 ) GLOBAL_UNCERTAINTY_ASSIGNED_CONTEXT ( ( #1220 ) ) GLOBAL_UNIT_ASSIGNED_CONTEXT ( ( #976, #2374, #1415 ) ) REPRESENTATION_CONTEXT ( 'NONE', 'WORKASPACE' ) );
#1759 = EDGE_CURVE ( 'NONE', #1912, #2482, #1306, .T. ) ;
#1760 =( GEOMETRIC_REPRESENTATION_CONTEXT ( 3 ) GLOBAL_UNCERTAINTY_ASSIGNED_CONTEXT ( ( #1500 ) ) GLOBAL_UNIT_ASSIGNED_CONTEXT ( ( #3083, #620, #110 ) ) REPRESENTATION_CONTEXT ( 'NONE', 'WORKASPACE' ) );
#1761 = DIRECTION ( 'NONE',  ( -7.238338640139153906E-19, -1.000000000000000000, -2.589714009811204974E-16 ) ) ;
#1762 = ORIENTED_EDGE ( 'NONE', *, *, #1882, .T. ) ;
#1763 = VERTEX_POINT ( 'NONE', #2765 ) ;
#1764 = EDGE_CURVE ( 'NONE', #502, #2573, #2067, .T. ) ;
#1765 = FACE_OUTER_BOUND ( 'NONE', #1700, .T. ) ;
#1766 = DIRECTION ( 'NONE',  ( -4.857225732735217637E-17, -7.030606108311833107E-16, 1.000000000000000000 ) ) ;
#1767 = SURFACE_STYLE_USAGE ( .BOTH. , #3007 ) ;
#1768 = FILL_AREA_STYLE_COLOUR ( '', #1067 ) ;
#1769 = PRESENTATION_LAYER_ASSIGNMENT (  '', '', ( #176 ) ) ;
#1770 = ORIENTED_EDGE ( 'NONE', *, *, #541, .F. ) ;
#1771 = ADVANCED_FACE ( 'NONE', ( #2246 ), #2052, .F. ) ;
#1772 = ORIENTED_EDGE ( 'NONE', *, *, #3099, .T. ) ;
#1773 = DIRECTION ( 'NONE',  ( -6.195617382138161841E-17, -1.000000000000000000, -2.589714009811204974E-16 ) ) ;
#1774 = VECTOR ( 'NONE', #1178, 1000.000000000000000 ) ;
#1775 = CARTESIAN_POINT ( 'NONE',  ( 0.4119100000000007755, 0.6806000000000010930, -0.5323599999999997223 ) ) ;
#1776 = EDGE_CURVE ( 'NONE', #75, #3181, #3141, .T. ) ;
#1777 = LINE ( 'NONE', #836, #2094 ) ;
#1778 = ORIENTED_EDGE ( 'NONE', *, *, #816, .T. ) ;
#1779 = VERTEX_POINT ( 'NONE', #190 ) ;
#1780 = EDGE_CURVE ( 'NONE', #1282, #1582, #254, .T. ) ;
#1781 = EDGE_CURVE ( 'NONE', #1233, #502, #1174, .T. ) ;
#1782 = DIRECTION ( 'NONE',  ( 7.238338640138938202E-19, 1.000000000000000000, 7.030606108311833107E-16 ) ) ;
#1783 = UNCERTAINTY_MEASURE_WITH_UNIT (LENGTH_MEASURE( 1.000000000000000082E-05 ), #1706, 'distance_accuracy_value', 'NONE');
#1784 = LINE ( 'NONE', #2802, #2621 ) ;
#1785 = CARTESIAN_POINT ( 'NONE',  ( -0.5464999999999989866, 0.6806000000000010930, -0.5464999999999989866 ) ) ;
#1786 = ORIENTED_EDGE ( 'NONE', *, *, #2934, .F. ) ;
#1787 = EDGE_CURVE ( 'NONE', #2854, #1676, #627, .T. ) ;
#1788 = EDGE_LOOP ( 'NONE', ( #412, #1479 ) ) ;
#1789 = EDGE_CURVE ( 'NONE', #807, #302, #2133, .T. ) ;
#1790 = EDGE_CURVE ( 'NONE', #2839, #2780, #142, .T. ) ;
#1791 = DIRECTION ( 'NONE',  ( -7.238338640139153906E-19, -1.000000000000000000, -2.589714009811204974E-16 ) ) ;
#1792 = CARTESIAN_POINT ( 'NONE',  ( 0.2000290000000002344, 0.6836000000000005405, 0.3664329000000013936 ) ) ;
#1793 = AXIS2_PLACEMENT_3D ( 'NONE', #2386, #2415, #155 ) ;
#1794 = CARTESIAN_POINT ( 'NONE',  ( -0.6500000000000001332, 6.526736366433771747E-16, 0.1999999999999996503 ) ) ;
#1795 = CARTESIAN_POINT ( 'NONE',  ( -0.6500000000000001332, 6.526736366433771747E-16, 0.1999999999999996503 ) ) ;
#1796 = ORIENTED_EDGE ( 'NONE', *, *, #2341, .F. ) ;
#1797 = VERTEX_POINT ( 'NONE', #895 ) ;
#1798 = DIRECTION ( 'NONE',  ( 7.238338640138938202E-19, 1.000000000000000000, 7.030606108311833107E-16 ) ) ;
#1799 = SURFACE_STYLE_USAGE ( .BOTH. , #2265 ) ;
#1800 = DIRECTION ( 'NONE',  ( -1.000000000000000000, 1.155264364861562863E-16, 2.440701027073827977E-32 ) ) ;
#1801 =( GEOMETRIC_REPRESENTATION_CONTEXT ( 3 ) GLOBAL_UNCERTAINTY_ASSIGNED_CONTEXT ( ( #961 ) ) GLOBAL_UNIT_ASSIGNED_CONTEXT ( ( #1641, #1841, #3101 ) ) REPRESENTATION_CONTEXT ( 'NONE', 'WORKASPACE' ) );
#1802 = AXIS2_PLACEMENT_3D ( 'NONE', #2836, #644, #923 ) ;
#1803 = ORIENTED_EDGE ( 'NONE', *, *, #1440, .T. ) ;
#1804 = MECHANICAL_DESIGN_GEOMETRIC_PRESENTATION_REPRESENTATION (  '', ( #572 ), #2889 ) ;
#1805 = EDGE_LOOP ( 'NONE', ( #98, #1217 ) ) ;
#1806 =( LENGTH_UNIT ( ) NAMED_UNIT ( * ) SI_UNIT ( .MILLI., .METRE. ) );
#1807 =( NAMED_UNIT ( * ) PLANE_ANGLE_UNIT ( ) SI_UNIT ( $, .RADIAN. ) );
#1808 =( GEOMETRIC_REPRESENTATION_CONTEXT ( 3 ) GLOBAL_UNCERTAINTY_ASSIGNED_CONTEXT ( ( #1047 ) ) GLOBAL_UNIT_ASSIGNED_CONTEXT ( ( #2182, #2942, #2423 ) ) REPRESENTATION_CONTEXT ( 'NONE', 'WORKASPACE' ) );
#1809 = DIRECTION ( 'NONE',  ( -1.000000000000000000, 1.365067210663853246E-16, -4.857225732735342745E-17 ) ) ;
#1810 = CIRCLE ( 'NONE', #740, 0.02250000000000000611 ) ;
#1811 =( NAMED_UNIT ( * ) PLANE_ANGLE_UNIT ( ) SI_UNIT ( $, .RADIAN. ) );
#1812 = DIRECTION ( 'NONE',  ( -1.000000000000000000, 7.238338640139361907E-19, -4.857225732735220102E-17 ) ) ;
#1813 = SURFACE_SIDE_STYLE ('',( #2748 ) ) ;
#1814 = EDGE_LOOP ( 'NONE', ( #1333, #162 ) ) ;
#1815 =( LENGTH_UNIT ( ) NAMED_UNIT ( * ) SI_UNIT ( .MILLI., .METRE. ) );
#1816 = PLANE ( 'NONE',  #2433 ) ;
#1817 = FACE_OUTER_BOUND ( 'NONE', #2995, .T. ) ;
#1818 = CARTESIAN_POINT ( 'NONE',  ( 0.3792000000000007587, 0.6806000000000005379, 0.5240000000000012426 ) ) ;
#1819 = VECTOR ( 'NONE', #321, 1000.000000000000000 ) ;
#1820 = ORIENTED_EDGE ( 'NONE', *, *, #584, .T. ) ;
#1821 = LINE ( 'NONE', #1334, #1155 ) ;
#1822 = ADVANCED_FACE ( 'NONE', ( #402 ), #1348, .T. ) ;
#1823 = ORIENTED_EDGE ( 'NONE', *, *, #3130, .F. ) ;
#1824 = SURFACE_STYLE_USAGE ( .BOTH. , #44 ) ;
#1825 = DIRECTION ( 'NONE',  ( -7.238338640139153906E-19, -1.000000000000000000, -2.589714009811204974E-16 ) ) ;
#1826 = CARTESIAN_POINT ( 'NONE',  ( 2.899999999969519706E-05, 0.6836000000000004295, 0.3664328999999996173 ) ) ;
#1827 = DIRECTION ( 'NONE',  ( 1.000000000000000000, 0.000000000000000000, 0.000000000000000000 ) ) ;
#1828 = STYLED_ITEM ( 'NONE', ( #2174 ), #443 ) ;
#1829 = PRESENTATION_LAYER_ASSIGNMENT (  '', '', ( #3117 ) ) ;
#1830 = ORIENTED_EDGE ( 'NONE', *, *, #2296, .T. ) ;
#1831 = PRESENTATION_STYLE_ASSIGNMENT (( #2132 ) ) ;
#1832 = DIRECTION ( 'NONE',  ( -4.857225732735217637E-17, -7.030606108311833107E-16, 1.000000000000000000 ) ) ;
#1833 =( LENGTH_UNIT ( ) NAMED_UNIT ( * ) SI_UNIT ( .MILLI., .METRE. ) );
#1834 = VERTEX_POINT ( 'NONE', #2852 ) ;
#1835 = VECTOR ( 'NONE', #1356, 1000.000000000000000 ) ;
#1836 = DIRECTION ( 'NONE',  ( -7.238338640139153906E-19, -1.000000000000000000, -2.589714009811204974E-16 ) ) ;
#1837 = LINE ( 'NONE', #603, #973 ) ;
#1838 = PRODUCT_CONTEXT ( 'NONE', #1843, 'mechanical' ) ;
#1839 = EDGE_CURVE ( 'NONE', #2718, #2641, #2335, .T. ) ;
#1840 = PRESENTATION_STYLE_ASSIGNMENT (( #3070 ) ) ;
#1841 =( NAMED_UNIT ( * ) PLANE_ANGLE_UNIT ( ) SI_UNIT ( $, .RADIAN. ) );
#1842 = MECHANICAL_DESIGN_GEOMETRIC_PRESENTATION_REPRESENTATION (  '', ( #1026 ), #2251 ) ;
#1843 = APPLICATION_CONTEXT ( 'automotive_design' ) ;
#1844 = ORIENTED_EDGE ( 'NONE', *, *, #2924, .T. ) ;
#1845 = FILL_AREA_STYLE ('',( #577 ) ) ;
#1846 = COLOUR_RGB ( '',0.9686274509803921573, 0.8784313725490195957, 0.5999999999999999778 ) ;
#1847 = CARTESIAN_POINT ( 'NONE',  ( -0.1999709999999990939, 0.6836000000000005405, 0.3999328999999996470 ) ) ;
#1848 = VECTOR ( 'NONE', #1997, 1000.000000000000000 ) ;
#1849 = FILL_AREA_STYLE ('',( #1892 ) ) ;
#1850 = LINE ( 'NONE', #2837, #1879 ) ;
#1851 = ORIENTED_EDGE ( 'NONE', *, *, #1787, .F. ) ;
#1852 = UNCERTAINTY_MEASURE_WITH_UNIT (LENGTH_MEASURE( 1.000000000000000082E-05 ), #170, 'distance_accuracy_value', 'NONE');
#1853 =( LENGTH_UNIT ( ) NAMED_UNIT ( * ) SI_UNIT ( .MILLI., .METRE. ) );
#1854 = CIRCLE ( 'NONE', #465, 0.03350000000000000200 ) ;
#1855 = CARTESIAN_POINT ( 'NONE',  ( 0.5319100000000011041, 0.6906000000000011019, -0.5323599999999997223 ) ) ;
#1856 = DIRECTION ( 'NONE',  ( 7.238338640139153906E-19, 1.000000000000000000, 2.589714009811204974E-16 ) ) ;
#1857 = CARTESIAN_POINT ( 'NONE',  ( -1.149999999999998801, 0.05000000000000186240, -1.625000000000000666 ) ) ;
#1858 = PRESENTATION_STYLE_ASSIGNMENT (( #2093 ) ) ;
#1859 = AXIS2_PLACEMENT_3D ( 'NONE', #3168, #1679, #1179 ) ;
#1860 = ORIENTED_EDGE ( 'NONE', *, *, #2550, .F. ) ;
#1861 = FACE_OUTER_BOUND ( 'NONE', #2410, .T. ) ;
#1862 = CARTESIAN_POINT ( 'NONE',  ( -0.1999709999999990939, 0.6836000000000009846, -0.1665671000000001623 ) ) ;
#1863 =( LENGTH_UNIT ( ) NAMED_UNIT ( * ) SI_UNIT ( .MILLI., .METRE. ) );
#1864 = DIRECTION ( 'NONE',  ( 4.857225732735386502E-17, 1.224646799147353454E-16, -1.000000000000000000 ) ) ;
#1865 = ORIENTED_EDGE ( 'NONE', *, *, #2768, .T. ) ;
#1866 = ADVANCED_FACE ( 'NONE', ( #2081 ), #873, .F. ) ;
#1867 = FACE_OUTER_BOUND ( 'NONE', #2931, .T. ) ;
#1868 = VECTOR ( 'NONE', #2659, 1000.000000000000000 ) ;
#1869 = DIRECTION ( 'NONE',  ( 0.000000000000000000, -1.000000000000000000, -1.217408460507215352E-16 ) ) ;
#1870 = PLANE ( 'NONE',  #2746 ) ;
#1871 = DIRECTION ( 'NONE',  ( 1.365067210663851027E-16, 1.000000000000000000, 5.658300559007841514E-16 ) ) ;
#1872 = DIRECTION ( 'NONE',  ( -7.238338640139153906E-19, -1.000000000000000000, -2.589714009811204974E-16 ) ) ;
#1873 = CARTESIAN_POINT ( 'NONE',  ( 0.5464999999999994307, 0.6836000000000008736, 1.102868285104868432E-15 ) ) ;
#1874 = FACE_OUTER_BOUND ( 'NONE', #356, .T. ) ;
#1875 = ORIENTED_EDGE ( 'NONE', *, *, #2442, .F. ) ;
#1876 = DIRECTION ( 'NONE',  ( -7.238338640139153906E-19, -1.000000000000000000, -2.589714009811204974E-16 ) ) ;
#1877 = DIRECTION ( 'NONE',  ( -7.238338640139153906E-19, -1.000000000000000000, -2.589714009811204974E-16 ) ) ;
#1878 = DIRECTION ( 'NONE',  ( -7.238338640139153906E-19, -1.000000000000000000, -2.589714009811204974E-16 ) ) ;
#1879 = VECTOR ( 'NONE', #1880, 1000.000000000000000 ) ;
#1880 = DIRECTION ( 'NONE',  ( -1.365067210663851273E-16, -1.000000000000000000, -1.217408460507213380E-16 ) ) ;
#1881 = VERTEX_POINT ( 'NONE', #1707 ) ;
#1882 = EDGE_CURVE ( 'NONE', #1552, #2019, #2564, .T. ) ;
#1883 = CARTESIAN_POINT ( 'NONE',  ( -1.625000000000000444, 0.04999999999999957256, 1.625000000000000666 ) ) ;
#1884 = SURFACE_SIDE_STYLE ('',( #2120 ) ) ;
#1885 = ORIENTED_EDGE ( 'NONE', *, *, #2699, .T. ) ;
#1886 = EDGE_CURVE ( 'NONE', #2041, #2958, #1132, .T. ) ;
#1887 = DIRECTION ( 'NONE',  ( 8.486801005547741959E-17, -7.006907263567901912E-16, 1.000000000000000000 ) ) ;
#1888 = FACE_OUTER_BOUND ( 'NONE', #2252, .T. ) ;
#1889 = CARTESIAN_POINT ( 'NONE',  ( -0.3999709999999996324, 0.6836000000000008736, 0.03343290000000034151 ) ) ;
#1890 = ORIENTED_EDGE ( 'NONE', *, *, #3153, .T. ) ;
#1891 = FACE_BOUND ( 'NONE', #1505, .T. ) ;
#1892 = FILL_AREA_STYLE_COLOUR ( '', #2672 ) ;
#1893 = PRESENTATION_STYLE_ASSIGNMENT (( #2865 ) ) ;
#1894 = ORIENTED_EDGE ( 'NONE', *, *, #1971, .T. ) ;
#1895 = FILL_AREA_STYLE_COLOUR ( '', #2546 ) ;
#1896 = CARTESIAN_POINT ( 'NONE',  ( 1.084202172485504434E-15, 0.6836000000000010957, -0.4019399999999988538 ) ) ;
#1897 = ORIENTED_EDGE ( 'NONE', *, *, #949, .F. ) ;
#1898 = VECTOR ( 'NONE', #2425, 1000.000000000000000 ) ;
#1899 = AXIS2_PLACEMENT_3D ( 'NONE', #84, #793, #3022 ) ;
#1900 = CARTESIAN_POINT ( 'NONE',  ( -1.724999999999999645, 0.4299999999999994382, 1.725000000000000089 ) ) ;
#1901 = DIRECTION ( 'NONE',  ( -1.155264364861563110E-16, -1.000000000000000000, -1.224646799147353454E-16 ) ) ;
#1902 = PRESENTATION_LAYER_ASSIGNMENT (  '', '', ( #1640 ) ) ;
#1903 = DIRECTION ( 'NONE',  ( -7.238338640139153906E-19, -1.000000000000000000, -2.589714009811204974E-16 ) ) ;
#1904 = VECTOR ( 'NONE', #45, 1000.000000000000000 ) ;
#1905 = ORIENTED_EDGE ( 'NONE', *, *, #1764, .T. ) ;
#1906 = FILL_AREA_STYLE_COLOUR ( '', #2826 ) ;
#1907 = DIRECTION ( 'NONE',  ( 7.238338640139400425E-19, 1.000000000000000000, 1.224646799147353454E-16 ) ) ;
#1908 = AXIS2_PLACEMENT_3D ( 'NONE', #2229, #329, #1766 ) ;
#1909 = ORIENTED_EDGE ( 'NONE', *, *, #1882, .F. ) ;
#1910 = DIRECTION ( 'NONE',  ( 0.000000000000000000, 0.000000000000000000, 1.000000000000000000 ) ) ;
#1911 =( LENGTH_UNIT ( ) NAMED_UNIT ( * ) SI_UNIT ( .MILLI., .METRE. ) );
#1912 = VERTEX_POINT ( 'NONE', #206 ) ;
#1913 = EDGE_CURVE ( 'NONE', #1408, #1210, #2165, .T. ) ;
#1914 = DIRECTION ( 'NONE',  ( 0.000000000000000000, 0.000000000000000000, 1.000000000000000000 ) ) ;
#1915 = DIRECTION ( 'NONE',  ( -3.129636159629258261E-32, -1.000000000000000000, -1.224646799147353454E-16 ) ) ;
#1916 = VECTOR ( 'NONE', #2084, 1000.000000000000000 ) ;
#1917 = LINE ( 'NONE', #2430, #3178 ) ;
#1918 = ORIENTED_EDGE ( 'NONE', *, *, #2396, .F. ) ;
#1919 = FACE_BOUND ( 'NONE', #2065, .T. ) ;
#1920 = CARTESIAN_POINT ( 'NONE',  ( 0.5715000000000002300, 0.6806000000000010930, -0.5714999999999997859 ) ) ;
#1921 = CARTESIAN_POINT ( 'NONE',  ( -0.1999709999999990939, 0.6836000000000005405, 0.3664328999999996173 ) ) ;
#1922 = CARTESIAN_POINT ( 'NONE',  ( 1.084202172485504434E-15, 0.6836000000000010957, -0.4019399999999988538 ) ) ;
#1923 = VERTEX_POINT ( 'NONE', #1964 ) ;
#1924 = CARTESIAN_POINT ( 'NONE',  ( 0.5319100000000011041, 0.6906000000000011019, -0.5323599999999997223 ) ) ;
#1925 = DIRECTION ( 'NONE',  ( -7.238338640139153906E-19, -1.000000000000000000, -2.589714009811204974E-16 ) ) ;
#1926 = DIRECTION ( 'NONE',  ( -7.238338640139153906E-19, -1.000000000000000000, -2.589714009811204974E-16 ) ) ;
#1927 = ORIENTED_EDGE ( 'NONE', *, *, #293, .F. ) ;
#1928 = DIRECTION ( 'NONE',  ( 1.000000000000000000, -1.155264364861562124E-16, -8.486801005547750587E-17 ) ) ;
#1929 = VECTOR ( 'NONE', #2563, 1000.000000000000000 ) ;
#1930 = LINE ( 'NONE', #952, #1973 ) ;
#1931 = ORIENTED_EDGE ( 'NONE', *, *, #1715, .T. ) ;
#1932 = FACE_OUTER_BOUND ( 'NONE', #762, .T. ) ;
#1933 = LINE ( 'NONE', #720, #1130 ) ;
#1934 = ORIENTED_EDGE ( 'NONE', *, *, #624, .F. ) ;
#1935 = ORIENTED_EDGE ( 'NONE', *, *, #744, .T. ) ;
#1936 = CARTESIAN_POINT ( 'NONE',  ( 1.084202172485504434E-15, 0.6836000000000007626, 1.102868285104868432E-15 ) ) ;
#1937 = PLANE ( 'NONE',  #377 ) ;
#1938 = CARTESIAN_POINT ( 'NONE',  ( 1.150000000000001021, 0.05000000000000185546, -1.625000000000000666 ) ) ;
#1939 = AXIS2_PLACEMENT_3D ( 'NONE', #1922, #226, #1214 ) ;
#1940 = ORIENTED_EDGE ( 'NONE', *, *, #2247, .T. ) ;
#1941 = MECHANICAL_DESIGN_GEOMETRIC_PRESENTATION_REPRESENTATION (  '', ( #3082 ), #2940 ) ;
#1942 = VERTEX_POINT ( 'NONE', #2478 ) ;
#1943 = CARTESIAN_POINT ( 'NONE',  ( 0.5319100000000011041, 0.6906000000000011019, -0.5323599999999997223 ) ) ;
#1944 = DIRECTION ( 'NONE',  ( -1.000000000000000000, 1.503517894563822100E-16, -4.857225732735373560E-17 ) ) ;
#1945 = MECHANICAL_DESIGN_GEOMETRIC_PRESENTATION_REPRESENTATION (  '', ( #2156 ), #2000 ) ;
#1946 = PRESENTATION_LAYER_ASSIGNMENT (  '', '', ( #3148 ) ) ;
#1947 = VECTOR ( 'NONE', #1296, 1000.000000000000000 ) ;
#1948 = EDGE_CURVE ( 'NONE', #2270, #769, #1465, .T. ) ;
#1949 =( NAMED_UNIT ( * ) PLANE_ANGLE_UNIT ( ) SI_UNIT ( $, .RADIAN. ) );
#1950 = DIRECTION ( 'NONE',  ( 0.000000000000000000, 0.000000000000000000, 1.000000000000000000 ) ) ;
#1951 = CARTESIAN_POINT ( 'NONE',  ( 0.4017000000000007232, 0.6806000000000005379, 0.5240000000000012426 ) ) ;
#1952 = ORIENTED_EDGE ( 'NONE', *, *, #407, .F. ) ;
#1953 = EDGE_LOOP ( 'NONE', ( #223, #513, #2527, #2235 ) ) ;
#1954 = DIRECTION ( 'NONE',  ( 7.238338640138938202E-19, 1.000000000000000000, 7.030606108311833107E-16 ) ) ;
#1955 = DIRECTION ( 'NONE',  ( -4.857225732735218869E-17, -5.665538897647980601E-16, 1.000000000000000000 ) ) ;
#1956 =( NAMED_UNIT ( * ) SI_UNIT ( $, .STERADIAN. ) SOLID_ANGLE_UNIT ( ) );
#1957 = ADVANCED_FACE ( 'NONE', ( #2956 ), #309, .F. ) ;
#1958 = STYLED_ITEM ( 'NONE', ( #742 ), #2551 ) ;
#1959 = ORIENTED_EDGE ( 'NONE', *, *, #86, .T. ) ;
#1960 = ORIENTED_EDGE ( 'NONE', *, *, #847, .T. ) ;
#1961 = VECTOR ( 'NONE', #2117, 1000.000000000000000 ) ;
#1962 = PLANE ( 'NONE',  #750 ) ;
#1963 = CARTESIAN_POINT ( 'NONE',  ( 0.4344100000000007400, 0.6806000000000005379, 0.4348599999999998023 ) ) ;
#1964 = CARTESIAN_POINT ( 'NONE',  ( 1.725000000000000089, 0.05000000000000192485, -1.724999999999999867 ) ) ;
#1965 = CARTESIAN_POINT ( 'NONE',  ( 0.3792000000000007587, 0.6836000000000005405, 0.5465000000000012070 ) ) ;
#1966 = EDGE_LOOP ( 'NONE', ( #974, #290, #1612, #1085 ) ) ;
#1967 = ORIENTED_EDGE ( 'NONE', *, *, #548, .F. ) ;
#1968 = DIRECTION ( 'NONE',  ( -7.238338640139153906E-19, -1.000000000000000000, -2.589714009811204974E-16 ) ) ;
#1969 = SURFACE_STYLE_USAGE ( .BOTH. , #1250 ) ;
#1970 = EDGE_CURVE ( 'NONE', #712, #1643, #2463, .T. ) ;
#1971 = EDGE_CURVE ( 'NONE', #1881, #2891, #2969, .T. ) ;
#1972 = EDGE_CURVE ( 'NONE', #1575, #502, #1725, .T. ) ;
#1973 = VECTOR ( 'NONE', #1915, 1000.000000000000000 ) ;
#1974 = EDGE_LOOP ( 'NONE', ( #2373, #295, #1823, #3017 ) ) ;
#1975 = COLOUR_RGB ( '',0.5019607843137254832, 0.5019607843137254832, 0.5019607843137254832 ) ;
#1976 = PRESENTATION_LAYER_ASSIGNMENT (  '', '', ( #2976 ) ) ;
#1977 = ORIENTED_EDGE ( 'NONE', *, *, #2796, .F. ) ;
#1978 = CARTESIAN_POINT ( 'NONE',  ( 0.5715000000000002300, 0.6806000000000004269, 0.5715000000000002300 ) ) ;
#1979 =( NAMED_UNIT ( * ) SI_UNIT ( $, .STERADIAN. ) SOLID_ANGLE_UNIT ( ) );
#1980 = PLANE ( 'NONE',  #859 ) ;
#1981 = CLOSED_SHELL ( 'NONE', ( #490, #2932, #2107, #1409, #1313, #2629, #1866, #783, #1484, #2207, #78, #903, #1461, #1347, #1822, #1202, #394, #1062, #1674, #877, #164, #2953, #1076, #2691, #2015, #323, #2011, #375, #1181, #2070, #2249, #1280, #2679, #2531, #1117, #2591, #1177, #1352, #2890, #443, #904, #2739, #1350, #2106, #2424, #866, #1435, #2316, #1515, #1663, #2466, #1450, #1212, #2357, #1538, #1771 ) ) ;
#1982 = CARTESIAN_POINT ( 'NONE',  ( 0.5319100000000011041, 0.6806000000000010930, -0.5323599999999997223 ) ) ;
#1983 = LINE ( 'NONE', #1528, #2935 ) ;
#1984 = VERTEX_POINT ( 'NONE', #1921 ) ;
#1985 = ORIENTED_EDGE ( 'NONE', *, *, #782, .T. ) ;
#1986 = CARTESIAN_POINT ( 'NONE',  ( -1.149999999999998801, 1.989197430487597814E-15, -1.625000000000000666 ) ) ;
#1987 = DIRECTION ( 'NONE',  ( -7.238338640139153906E-19, -1.000000000000000000, -2.589714009811204974E-16 ) ) ;
#1988 = CARTESIAN_POINT ( 'NONE',  ( 0.2000290000000002344, 0.6836000000000007626, -6.710000000139563039E-05 ) ) ;
#1989 = ORIENTED_EDGE ( 'NONE', *, *, #1431, .F. ) ;
#1990 = EDGE_CURVE ( 'NONE', #1763, #546, #2936, .T. ) ;
#1991 = ORIENTED_EDGE ( 'NONE', *, *, #2292, .F. ) ;
#1992 = MECHANICAL_DESIGN_GEOMETRIC_PRESENTATION_REPRESENTATION (  '', ( #201 ), #1735 ) ;
#1993 = CARTESIAN_POINT ( 'NONE',  ( 0.5464999999999994307, 0.6836000000000010957, -0.3794399999999988893 ) ) ;
#1994 = VECTOR ( 'NONE', #273, 1000.000000000000000 ) ;
#1995 = DIRECTION ( 'NONE',  ( -4.859377449266741344E-17, 0.000000000000000000, 1.000000000000000000 ) ) ;
#1996 = EDGE_CURVE ( 'NONE', #546, #803, #2434, .T. ) ;
#1997 = DIRECTION ( 'NONE',  ( -7.238338640139153906E-19, -1.000000000000000000, -2.589714009811204974E-16 ) ) ;
#1998 = PRESENTATION_STYLE_ASSIGNMENT (( #1545 ) ) ;
#1999 = VERTEX_POINT ( 'NONE', #1492 ) ;
#2000 =( GEOMETRIC_REPRESENTATION_CONTEXT ( 3 ) GLOBAL_UNCERTAINTY_ASSIGNED_CONTEXT ( ( #2788 ) ) GLOBAL_UNIT_ASSIGNED_CONTEXT ( ( #2030, #2875, #2581 ) ) REPRESENTATION_CONTEXT ( 'NONE', 'WORKASPACE' ) );
#2001 = EDGE_LOOP ( 'NONE', ( #1267, #1443, #2676, #1196 ) ) ;
#2002 =( NAMED_UNIT ( * ) PLANE_ANGLE_UNIT ( ) SI_UNIT ( $, .RADIAN. ) );
#2003 = EDGE_CURVE ( 'NONE', #1335, #712, #2985, .T. ) ;
#2004 = DIRECTION ( 'NONE',  ( -4.857225732735217637E-17, -7.030606108311833107E-16, 1.000000000000000000 ) ) ;
#2005 = CARTESIAN_POINT ( 'NONE',  ( 0.5240000000000012426, 0.6836000000000010957, -0.3794399999999988893 ) ) ;
#2006 = VECTOR ( 'NONE', #810, 1000.000000000000000 ) ;
#2007 = ORIENTED_EDGE ( 'NONE', *, *, #350, .T. ) ;
#2008 = ORIENTED_EDGE ( 'NONE', *, *, #845, .F. ) ;
#2009 = AXIS2_PLACEMENT_3D ( 'NONE', #735, #2917, #970 ) ;
#2010 = SURFACE_SIDE_STYLE ('',( #14 ) ) ;
#2011 = ADVANCED_FACE ( 'NONE', ( #479 ), #240, .T. ) ;
#2012 = DIRECTION ( 'NONE',  ( -7.238338640139153906E-19, -1.000000000000000000, -2.589714009811204974E-16 ) ) ;
#2013 = FACE_OUTER_BOUND ( 'NONE', #963, .T. ) ;
#2014 = EDGE_CURVE ( 'NONE', #1923, #746, #2651, .T. ) ;
#2015 = ADVANCED_FACE ( 'NONE', ( #1675 ), #2666, .T. ) ;
#2016 = VECTOR ( 'NONE', #2264, 1000.000000000000000 ) ;
#2017 = PRESENTATION_STYLE_ASSIGNMENT (( #2504 ) ) ;
#2018 =( NAMED_UNIT ( * ) PLANE_ANGLE_UNIT ( ) SI_UNIT ( $, .RADIAN. ) );
#2019 = VERTEX_POINT ( 'NONE', #1325 ) ;
#2020 = ORIENTED_EDGE ( 'NONE', *, *, #209, .F. ) ;
#2021 = FACE_OUTER_BOUND ( 'NONE', #870, .T. ) ;
#2022 = LINE ( 'NONE', #2556, #1080 ) ;
#2023 = ORIENTED_EDGE ( 'NONE', *, *, #2598, .T. ) ;
#2024 = EDGE_CURVE ( 'NONE', #248, #48, #1272, .T. ) ;
#2025 = ORIENTED_EDGE ( 'NONE', *, *, #1410, .T. ) ;
#2026 = DIRECTION ( 'NONE',  ( 7.238338640139153906E-19, 1.000000000000000000, 2.589714009811204974E-16 ) ) ;
#2027 = PRESENTATION_LAYER_ASSIGNMENT (  '', '', ( #1420 ) ) ;
#2028 = DIRECTION ( 'NONE',  ( -7.238338640139153906E-19, -1.000000000000000000, -2.589714009811204974E-16 ) ) ;
#2029 =( LENGTH_UNIT ( ) NAMED_UNIT ( * ) SI_UNIT ( .MILLI., .METRE. ) );
#2030 =( LENGTH_UNIT ( ) NAMED_UNIT ( * ) SI_UNIT ( .MILLI., .METRE. ) );
#2031 = DIRECTION ( 'NONE',  ( 0.000000000000000000, 1.000000000000000000, 1.217408460507215352E-16 ) ) ;
#2032 = ORIENTED_EDGE ( 'NONE', *, *, #1781, .T. ) ;
#2033 = ORIENTED_EDGE ( 'NONE', *, *, #2548, .F. ) ;
#2034 = CARTESIAN_POINT ( 'NONE',  ( 0.4000290000000007451, 0.6836000000000006516, 0.1999328999999974155 ) ) ;
#2035 = PLANE ( 'NONE',  #2324 ) ;
#2036 = UNCERTAINTY_MEASURE_WITH_UNIT (LENGTH_MEASURE( 1.000000000000000082E-05 ), #2509, 'distance_accuracy_value', 'NONE');
#2037 = PLANE ( 'NONE',  #2055 ) ;
#2038 = CARTESIAN_POINT ( 'NONE',  ( -1.724999999999999645, 0.4300000000000018252, -1.724999999999999645 ) ) ;
#2039 = ORIENTED_EDGE ( 'NONE', *, *, #2998, .F. ) ;
#2040 = SURFACE_STYLE_USAGE ( .BOTH. , #1114 ) ;
#2041 = VERTEX_POINT ( 'NONE', #1314 ) ;
#2042 = CARTESIAN_POINT ( 'NONE',  ( 0.4242000000000006876, 0.6836000000000010957, -0.4244400000000005391 ) ) ;
#2043 = SURFACE_SIDE_STYLE ('',( #2544 ) ) ;
#2044 = CIRCLE ( 'NONE', #1587, 0.03350000000000000200 ) ;
#2045 = MECHANICAL_DESIGN_GEOMETRIC_PRESENTATION_REPRESENTATION (  '', ( #111 ), #990 ) ;
#2046 = CARTESIAN_POINT ( 'NONE',  ( -1.149999999999998801, 0.05000000000000186240, -1.625000000000000666 ) ) ;
#2047 = DIRECTION ( 'NONE',  ( -7.238338640139153906E-19, -1.000000000000000000, -2.589714009811204974E-16 ) ) ;
#2048 = ORIENTED_EDGE ( 'NONE', *, *, #277, .F. ) ;
#2049 = EDGE_CURVE ( 'NONE', #746, #3188, #2747, .T. ) ;
#2050 = DIRECTION ( 'NONE',  ( 0.000000000000000000, 0.000000000000000000, -1.000000000000000000 ) ) ;
#2051 = CARTESIAN_POINT ( 'NONE',  ( 0.5240000000000012426, 0.6836000000000005405, 0.4019400000000010187 ) ) ;
#2052 = PLANE ( 'NONE',  #1496 ) ;
#2053 = CYLINDRICAL_SURFACE ( 'NONE', #833, 0.02250000000000000611 ) ;
#2054 = PRESENTATION_LAYER_ASSIGNMENT (  '', '', ( #1637 ) ) ;
#2055 = AXIS2_PLACEMENT_3D ( 'NONE', #3050, #3036, #1832 ) ;
#2056 = ORIENTED_EDGE ( 'NONE', *, *, #1234, .F. ) ;
#2057 = FILL_AREA_STYLE ('',( #345 ) ) ;
#2058 = AXIS2_PLACEMENT_3D ( 'NONE', #2473, #284, #2997 ) ;
#2059 = EDGE_CURVE ( 'NONE', #1293, #2996, #3030, .T. ) ;
#2060 = ORIENTED_EDGE ( 'NONE', *, *, #647, .T. ) ;
#2061 = DIRECTION ( 'NONE',  ( 0.000000000000000000, 0.000000000000000000, -1.000000000000000000 ) ) ;
#2062 =( NAMED_UNIT ( * ) PLANE_ANGLE_UNIT ( ) SI_UNIT ( $, .RADIAN. ) );
#2063 = FILL_AREA_STYLE ('',( #835 ) ) ;
#2064 = CARTESIAN_POINT ( 'NONE',  ( -0.5464999999999989866, 0.6806000000000005379, 0.5465000000000012070 ) ) ;
#2065 = EDGE_LOOP ( 'NONE', ( #2537, #3024 ) ) ;
#2066 = SURFACE_STYLE_FILL_AREA ( #1845 ) ;
#2067 = LINE ( 'NONE', #1589, #884 ) ;
#2068 = ORIENTED_EDGE ( 'NONE', *, *, #584, .F. ) ;
#2069 = SURFACE_STYLE_USAGE ( .BOTH. , #1606 ) ;
#2070 = ADVANCED_FACE ( 'NONE', ( #286 ), #2294, .T. ) ;
#2071 = EDGE_CURVE ( 'NONE', #2385, #2465, #96, .T. ) ;
#2072 = CARTESIAN_POINT ( 'NONE',  ( 0.4017000000000007232, 0.6806000000000010930, -0.4244400000000005391 ) ) ;
#2073 = DIRECTION ( 'NONE',  ( -3.129636159629258261E-32, -1.000000000000000000, -1.224646799147353454E-16 ) ) ;
#2074 = SURFACE_SIDE_STYLE ('',( #2293 ) ) ;
#2075 = AXIS2_PLACEMENT_3D ( 'NONE', #2445, #715, #2188 ) ;
#2076 = CARTESIAN_POINT ( 'NONE',  ( -0.1999709999999990939, 0.6836000000000007626, 0.1999329000000008849 ) ) ;
#2077 = DIRECTION ( 'NONE',  ( -7.238338640139153906E-19, -1.000000000000000000, -2.589714009811204974E-16 ) ) ;
#2078 = DIRECTION ( 'NONE',  ( 1.000000000000000000, -7.238338640139361907E-19, 4.857225732735220102E-17 ) ) ;
#2079 = VERTEX_POINT ( 'NONE', #2046 ) ;
#2080 = DIRECTION ( 'NONE',  ( 4.857225732735386502E-17, 5.658300559007841514E-16, -1.000000000000000000 ) ) ;
#2081 = FACE_OUTER_BOUND ( 'NONE', #2863, .T. ) ;
#2082 = LINE ( 'NONE', #1365, #369 ) ;
#2083 = ORIENTED_EDGE ( 'NONE', *, *, #15, .F. ) ;
#2084 = DIRECTION ( 'NONE',  ( -1.000000000000000000, 1.155264364861562863E-16, 2.440701027073827977E-32 ) ) ;
#2085 = CIRCLE ( 'NONE', #2503, 0.03350000000000000200 ) ;
#2086 = FILL_AREA_STYLE_COLOUR ( '', #1689 ) ;
#2087 = CYLINDRICAL_SURFACE ( 'NONE', #2856, 0.02250000000000000611 ) ;
#2088 = CARTESIAN_POINT ( 'NONE',  ( 1.725000000000000089, 0.4300000000000018252, -1.724999999999999867 ) ) ;
#2089 = EDGE_CURVE ( 'NONE', #2891, #2495, #1572, .T. ) ;
#2090 = EDGE_CURVE ( 'NONE', #1537, #2155, #616, .T. ) ;
#2091 = DIRECTION ( 'NONE',  ( -7.238338640139153906E-19, -1.000000000000000000, -2.589714009811204974E-16 ) ) ;
#2092 = FACE_OUTER_BOUND ( 'NONE', #2605, .T. ) ;
#2093 = SURFACE_STYLE_USAGE ( .BOTH. , #1124 ) ;
#2094 = VECTOR ( 'NONE', #2986, 1000.000000000000000 ) ;
#2095 = ORIENTED_EDGE ( 'NONE', *, *, #79, .F. ) ;
#2096 = CARTESIAN_POINT ( 'NONE',  ( 0.4017000000000007232, 0.6836000000000007626, 1.102868285104868432E-15 ) ) ;
#2097 = DIRECTION ( 'NONE',  ( 7.238338640139400425E-19, 1.000000000000000000, 1.217408460507213380E-16 ) ) ;
#2098 = AXIS2_PLACEMENT_3D ( 'NONE', #736, #3162, #986 ) ;
#2099 = DIRECTION ( 'NONE',  ( -1.000000000000000000, 1.677000728551956718E-16, -4.857225732735396363E-17 ) ) ;
#2100 = ORIENTED_EDGE ( 'NONE', *, *, #2674, .T. ) ;
#2101 = EDGE_CURVE ( 'NONE', #2883, #1144, #459, .T. ) ;
#2102 = FILL_AREA_STYLE_COLOUR ( '', #1519 ) ;
#2103 = UNCERTAINTY_MEASURE_WITH_UNIT (LENGTH_MEASURE( 1.000000000000000082E-05 ), #1510, 'distance_accuracy_value', 'NONE');
#2104 = DIRECTION ( 'NONE',  ( -7.238338640139153906E-19, -1.000000000000000000, -2.589714009811204974E-16 ) ) ;
#2105 = MECHANICAL_DESIGN_GEOMETRIC_PRESENTATION_REPRESENTATION (  '', ( #3148 ), #2518 ) ;
#2106 = ADVANCED_FACE ( 'NONE', ( #2492 ), #1091, .T. ) ;
#2107 = ADVANCED_FACE ( 'NONE', ( #1029 ), #800, .F. ) ;
#2108 = DIRECTION ( 'NONE',  ( -7.238338640139153906E-19, -1.000000000000000000, -2.589714009811204974E-16 ) ) ;
#2109 = LINE ( 'NONE', #151, #3088 ) ;
#2110 =( NAMED_UNIT ( * ) SI_UNIT ( $, .STERADIAN. ) SOLID_ANGLE_UNIT ( ) );
#2111 = PRESENTATION_LAYER_ASSIGNMENT (  '', '', ( #1958 ) ) ;
#2112 = ORIENTED_EDGE ( 'NONE', *, *, #948, .T. ) ;
#2113 = DIRECTION ( 'NONE',  ( -7.238338640139153906E-19, -1.000000000000000000, -2.589714009811204974E-16 ) ) ;
#2114 = CARTESIAN_POINT ( 'NONE',  ( 0.4017000000000007232, 0.6806000000000010930, -0.5239999999999990221 ) ) ;
#2115 = CARTESIAN_POINT ( 'NONE',  ( 1.084202172485504434E-15, 0.6836000000000004295, 0.4019400000000010187 ) ) ;
#2116 = ORIENTED_EDGE ( 'NONE', *, *, #2911, .T. ) ;
#2117 = DIRECTION ( 'NONE',  ( -3.129636159629258261E-32, -1.000000000000000000, -1.224646799147353454E-16 ) ) ;
#2118 = VECTOR ( 'NONE', #2333, 1000.000000000000000 ) ;
#2119 = AXIS2_PLACEMENT_3D ( 'NONE', #3059, #865, #1827 ) ;
#2120 = SURFACE_STYLE_FILL_AREA ( #3147 ) ;
#2121 = EDGE_CURVE ( 'NONE', #919, #913, #2376, .T. ) ;
#2122 =( LENGTH_UNIT ( ) NAMED_UNIT ( * ) SI_UNIT ( .MILLI., .METRE. ) );
#2123 = ORIENTED_EDGE ( 'NONE', *, *, #320, .F. ) ;
#2124 = COLOUR_RGB ( '',1.000000000000000000, 1.000000000000000000, 1.000000000000000000 ) ;
#2125 = DIRECTION ( 'NONE',  ( -1.000000000000000000, 7.238338640137788422E-19, 1.856725676668152869E-16 ) ) ;
#2126 = DIRECTION ( 'NONE',  ( -1.510756233203964392E-16, -1.000000000000000000, -1.217408460507213380E-16 ) ) ;
#2127 = PLANE ( 'NONE',  #213 ) ;
#2128 = CARTESIAN_POINT ( 'NONE',  ( 0.5319100000000011041, 0.6906000000000005468, 0.5323600000000001664 ) ) ;
#2129 = ORIENTED_EDGE ( 'NONE', *, *, #1083, .T. ) ;
#2130 = CIRCLE ( 'NONE', #1662, 1.442220510185596050 ) ;
#2131 = FACE_BOUND ( 'NONE', #614, .T. ) ;
#2132 = SURFACE_STYLE_USAGE ( .BOTH. , #1156 ) ;
#2133 = LINE ( 'NONE', #1603, #774 ) ;
#2134 = AXIS2_PLACEMENT_3D ( 'NONE', #390, #2353, #173 ) ;
#2135 = VECTOR ( 'NONE', #442, 1000.000000000000000 ) ;
#2136 = ORIENTED_EDGE ( 'NONE', *, *, #2348, .F. ) ;
#2137 = PRESENTATION_STYLE_ASSIGNMENT (( #2921 ) ) ;
#2138 = UNCERTAINTY_MEASURE_WITH_UNIT (LENGTH_MEASURE( 1.000000000000000082E-05 ), #687, 'distance_accuracy_value', 'NONE');
#2139 = SURFACE_SIDE_STYLE ('',( #2377 ) ) ;
#2140 = ORIENTED_EDGE ( 'NONE', *, *, #312, .T. ) ;
#2141 = DIRECTION ( 'NONE',  ( 1.000000000000000000, -1.155264364861564589E-16, 2.768253462716705549E-16 ) ) ;
#2142 = DIRECTION ( 'NONE',  ( -1.000000000000000000, 1.155264364861562863E-16, 1.814787636406190671E-17 ) ) ;
#2143 = CARTESIAN_POINT ( 'NONE',  ( 1.084202172485504434E-15, 0.6836000000000007626, 1.102868285104868432E-15 ) ) ;
#2144 = CARTESIAN_POINT ( 'NONE',  ( 0.4344100000000007400, 0.6906000000000005468, 0.4348599999999998023 ) ) ;
#2145 = VERTEX_POINT ( 'NONE', #2398 ) ;
#2146 = PLANE ( 'NONE',  #818 ) ;
#2147 = DIRECTION ( 'NONE',  ( 4.857225732735386502E-17, 5.658300559007841514E-16, -1.000000000000000000 ) ) ;
#2148 = CARTESIAN_POINT ( 'NONE',  ( 1.084202172485504434E-15, 0.6806000000000010930, -0.4019399999999988538 ) ) ;
#2149 = DIRECTION ( 'NONE',  ( 0.000000000000000000, 0.000000000000000000, 1.000000000000000000 ) ) ;
#2150 = ORIENTED_EDGE ( 'NONE', *, *, #2089, .F. ) ;
#2151 = PRESENTATION_LAYER_ASSIGNMENT (  '', '', ( #3082 ) ) ;
#2152 = DIRECTION ( 'NONE',  ( -4.857225732735217637E-17, -7.030606108311833107E-16, 1.000000000000000000 ) ) ;
#2153 = LINE ( 'NONE', #2197, #2215 ) ;
#2154 = LINE ( 'NONE', #2620, #883 ) ;
#2155 = VERTEX_POINT ( 'NONE', #127 ) ;
#2156 = STYLED_ITEM ( 'NONE', ( #2017 ), #2107 ) ;
#2157 = VECTOR ( 'NONE', #1157, 1000.000000000000000 ) ;
#2158 = CARTESIAN_POINT ( 'NONE',  ( 1.725000000000000089, 0.5799999999999995159, 1.724999999999999867 ) ) ;
#2159 = DIRECTION ( 'NONE',  ( -1.000000000000000000, 1.155264364861556454E-16, 9.130123557772677948E-16 ) ) ;
#2160 = STYLED_ITEM ( 'NONE', ( #805 ), #78 ) ;
#2161 = DIRECTION ( 'NONE',  ( 0.000000000000000000, 0.000000000000000000, -1.000000000000000000 ) ) ;
#2162 = AXIS2_PLACEMENT_3D ( 'NONE', #337, #882, #2825 ) ;
#2163 = ORIENTED_EDGE ( 'NONE', *, *, #1913, .T. ) ;
#2164 =( GEOMETRIC_REPRESENTATION_CONTEXT ( 3 ) GLOBAL_UNCERTAINTY_ASSIGNED_CONTEXT ( ( #2036 ) ) GLOBAL_UNIT_ASSIGNED_CONTEXT ( ( #2509, #1304, #2764 ) ) REPRESENTATION_CONTEXT ( 'NONE', 'WORKASPACE' ) );
#2165 = LINE ( 'NONE', #1194, #766 ) ;
#2166 = VERTEX_POINT ( 'NONE', #1106 ) ;
#2167 = STYLED_ITEM ( 'NONE', ( #705 ), #2932 ) ;
#2168 = LINE ( 'NONE', #1678, #2599 ) ;
#2169 = SURFACE_STYLE_USAGE ( .BOTH. , #2214 ) ;
#2170 = FILL_AREA_STYLE_COLOUR ( '', #1745 ) ;
#2171 = AXIS2_PLACEMENT_3D ( 'NONE', #2569, #1110, #2050 ) ;
#2172 = ORIENTED_EDGE ( 'NONE', *, *, #1453, .F. ) ;
#2173 = DIRECTION ( 'NONE',  ( -2.768253462716706535E-16, -7.030606108311833107E-16, 1.000000000000000000 ) ) ;
#2174 = PRESENTATION_STYLE_ASSIGNMENT (( #1208 ) ) ;
#2175 = ORIENTED_EDGE ( 'NONE', *, *, #2071, .T. ) ;
#2176 = DIRECTION ( 'NONE',  ( -4.859377449266741344E-17, 0.000000000000000000, 1.000000000000000000 ) ) ;
#2177 = CARTESIAN_POINT ( 'NONE',  ( 1.084202172485504434E-15, 0.6836000000000007626, 1.102868285104868432E-15 ) ) ;
#2178 = CARTESIAN_POINT ( 'NONE',  ( 0.5465000000000012070, 0.6836000000000005405, 0.3794400000000010542 ) ) ;
#2179 = ORIENTED_EDGE ( 'NONE', *, *, #1990, .F. ) ;
#2180 = EDGE_LOOP ( 'NONE', ( #2116, #1255 ) ) ;
#2181 = DIRECTION ( 'NONE',  ( -1.000000000000000000, 6.644458308135963693E-33, -3.481756742075853408E-34 ) ) ;
#2182 =( LENGTH_UNIT ( ) NAMED_UNIT ( * ) SI_UNIT ( .MILLI., .METRE. ) );
#2183 = PRESENTATION_LAYER_ASSIGNMENT (  '', '', ( #185 ) ) ;
#2184 = DIRECTION ( 'NONE',  ( -3.129636159629258261E-32, -1.000000000000000000, -1.224646799147353454E-16 ) ) ;
#2185 = EDGE_LOOP ( 'NONE', ( #313, #1165, #2095, #739 ) ) ;
#2186 = EDGE_LOOP ( 'NONE', ( #1605, #1176 ) ) ;
#2187 = DIRECTION ( 'NONE',  ( -1.000000000000000000, 1.016439536705160530E-16, 0.000000000000000000 ) ) ;
#2188 = DIRECTION ( 'NONE',  ( -4.857225732735217637E-17, -7.030606108311833107E-16, 1.000000000000000000 ) ) ;
#2189 = ORIENTED_EDGE ( 'NONE', *, *, #1787, .T. ) ;
#2190 = EDGE_CURVE ( 'NONE', #3188, #2482, #2109, .T. ) ;
#2191 = CARTESIAN_POINT ( 'NONE',  ( 1.150000000000001021, 0.04999999999999956563, 1.625000000000000666 ) ) ;
#2192 = CARTESIAN_POINT ( 'NONE',  ( -1.724999999999999645, 0.05000000000000193179, -1.724999999999999867 ) ) ;
#2193 = DIRECTION ( 'NONE',  ( -4.859377449266741344E-17, 0.000000000000000000, 1.000000000000000000 ) ) ;
#2194 = ORIENTED_EDGE ( 'NONE', *, *, #1431, .T. ) ;
#2195 = EDGE_LOOP ( 'NONE', ( #1222, #1361 ) ) ;
#2196 = CARTESIAN_POINT ( 'NONE',  ( -1.724999999999999645, 0.4299999999999994382, 1.725000000000000089 ) ) ;
#2197 = CARTESIAN_POINT ( 'NONE',  ( -0.6500000000000001332, 1.931434212244519054E-15, -1.624999999999998890 ) ) ;
#2198 = FACE_OUTER_BOUND ( 'NONE', #747, .T. ) ;
#2199 = MECHANICAL_DESIGN_GEOMETRIC_PRESENTATION_REPRESENTATION (  '', ( #458 ), #879 ) ;
#2200 = ORIENTED_EDGE ( 'NONE', *, *, #1971, .F. ) ;
#2201 = ORIENTED_EDGE ( 'NONE', *, *, #86, .F. ) ;
#2202 = DIRECTION ( 'NONE',  ( 7.238338640139400425E-19, 1.000000000000000000, 1.217408460507213380E-16 ) ) ;
#2203 = SURFACE_STYLE_FILL_AREA ( #456 ) ;
#2204 = CIRCLE ( 'NONE', #827, 0.1999999999999999833 ) ;
#2205 = AXIS2_PLACEMENT_3D ( 'NONE', #2005, #101, #1549 ) ;
#2206 = DIRECTION ( 'NONE',  ( -7.238338640139153906E-19, -1.000000000000000000, -2.589714009811204974E-16 ) ) ;
#2207 = ADVANCED_FACE ( 'NONE', ( #2092 ), #2127, .T. ) ;
#2208 = CARTESIAN_POINT ( 'NONE',  ( 1.625000000000000888, 0.04999999999999955869, 1.625000000000000666 ) ) ;
#2209 = DIRECTION ( 'NONE',  ( 0.000000000000000000, 0.000000000000000000, 1.000000000000000000 ) ) ;
#2210 = EDGE_LOOP ( 'NONE', ( #1762, #1150 ) ) ;
#2211 = ADVANCED_FACE ( 'NONE', ( #1406, #2861 ), #1623, .F. ) ;
#2212 = ORIENTED_EDGE ( 'NONE', *, *, #924, .T. ) ;
#2213 = PLANE ( 'NONE',  #1261 ) ;
#2214 = SURFACE_SIDE_STYLE ('',( #1471 ) ) ;
#2215 = VECTOR ( 'NONE', #1219, 1000.000000000000000 ) ;
#2216 = CARTESIAN_POINT ( 'NONE',  ( -0.6500000000000001332, 0.05000000000000057176, 0.1999999999999996780 ) ) ;
#2217 = AXIS2_PLACEMENT_3D ( 'NONE', #1692, #2880, #189 ) ;
#2218 = EDGE_CURVE ( 'NONE', #3171, #3041, #2204, .T. ) ;
#2219 = EDGE_LOOP ( 'NONE', ( #2695, #2458, #1546, #2678 ) ) ;
#2220 = ORIENTED_EDGE ( 'NONE', *, *, #645, .T. ) ;
#2221 = LINE ( 'NONE', #1943, #1947 ) ;
#2222 = FACE_BOUND ( 'NONE', #3191, .T. ) ;
#2223 = VECTOR ( 'NONE', #1925, 1000.000000000000000 ) ;
#2224 = CARTESIAN_POINT ( 'NONE',  ( -1.149999999999998801, 1.989197430487597814E-15, -1.625000000000000666 ) ) ;
#2225 = LINE ( 'NONE', #3015, #1284 ) ;
#2226 = ORIENTED_EDGE ( 'NONE', *, *, #1320, .F. ) ;
#2227 = CARTESIAN_POINT ( 'NONE',  ( 2.899999999969767039E-05, 0.6836000000000004295, 0.3999328999999996470 ) ) ;
#2228 = DIRECTION ( 'NONE',  ( 1.445602896647342506E-14, 0.000000000000000000, 1.000000000000000000 ) ) ;
#2229 = CARTESIAN_POINT ( 'NONE',  ( 0.4017000000000007232, 0.6836000000000007626, 1.102868285104868432E-15 ) ) ;
#2230 = LINE ( 'NONE', #2216, #510 ) ;
#2231 = EDGE_CURVE ( 'NONE', #368, #2079, #2610, .T. ) ;
#2232 = MECHANICAL_DESIGN_GEOMETRIC_PRESENTATION_REPRESENTATION (  '', ( #1828 ), #943 ) ;
#2233 = EDGE_LOOP ( 'NONE', ( #1456, #2522, #1367, #5 ) ) ;
#2234 = AXIS2_PLACEMENT_3D ( 'NONE', #2383, #1138, #2078 ) ;
#2235 = ORIENTED_EDGE ( 'NONE', *, *, #1633, .T. ) ;
#2236 = SURFACE_STYLE_FILL_AREA ( #1269 ) ;
#2237 = DIRECTION ( 'NONE',  ( -4.859377449266741344E-17, 0.000000000000000000, 1.000000000000000000 ) ) ;
#2238 = LINE ( 'NONE', #2745, #1904 ) ;
#2239 = EDGE_CURVE ( 'NONE', #3143, #1797, #2382, .T. ) ;
#2240 = CIRCLE ( 'NONE', #1371, 0.03350000000000000200 ) ;
#2241 = PRESENTATION_STYLE_ASSIGNMENT (( #2734 ) ) ;
#2242 = ORIENTED_EDGE ( 'NONE', *, *, #2791, .T. ) ;
#2243 = VERTEX_POINT ( 'NONE', #2363 ) ;
#2244 =( LENGTH_UNIT ( ) NAMED_UNIT ( * ) SI_UNIT ( .MILLI., .METRE. ) );
#2245 = DIRECTION ( 'NONE',  ( -4.857225732735217637E-17, -7.030606108311833107E-16, 1.000000000000000000 ) ) ;
#2246 = FACE_OUTER_BOUND ( 'NONE', #2219, .T. ) ;
#2247 = EDGE_CURVE ( 'NONE', #641, #2536, #411, .T. ) ;
#2248 = EDGE_CURVE ( 'NONE', #1999, #2742, #2565, .T. ) ;
#2249 = ADVANCED_FACE ( 'NONE', ( #3135 ), #2898, .T. ) ;
#2250 = ORIENTED_EDGE ( 'NONE', *, *, #2248, .T. ) ;
#2251 =( GEOMETRIC_REPRESENTATION_CONTEXT ( 3 ) GLOBAL_UNCERTAINTY_ASSIGNED_CONTEXT ( ( #379 ) ) GLOBAL_UNIT_ASSIGNED_CONTEXT ( ( #528, #2018, #2493 ) ) REPRESENTATION_CONTEXT ( 'NONE', 'WORKASPACE' ) );
#2252 = EDGE_LOOP ( 'NONE', ( #1586, #1421, #263, #1567 ) ) ;
#2253 = PLANE ( 'NONE',  #1501 ) ;
#2254 = AXIS2_PLACEMENT_3D ( 'NONE', #2777, #2797, #46 ) ;
#2255 = FACE_OUTER_BOUND ( 'NONE', #332, .T. ) ;
#2256 = DIRECTION ( 'NONE',  ( -1.365067210663853246E-16, -1.000000000000000000, -1.217408460507213380E-16 ) ) ;
#2257 = EDGE_CURVE ( 'NONE', #2263, #1282, #935, .T. ) ;
#2258 = AXIS2_PLACEMENT_3D ( 'NONE', #902, #2595, #2869 ) ;
#2259 = SURFACE_SIDE_STYLE ('',( #2733 ) ) ;
#2260 = CARTESIAN_POINT ( 'NONE',  ( -0.6500000000000001332, 0.05000000000000186240, -1.625000000000000666 ) ) ;
#2261 = ORIENTED_EDGE ( 'NONE', *, *, #3173, .T. ) ;
#2262 = AXIS2_PLACEMENT_3D ( 'NONE', #2822, #1568, #2561 ) ;
#2263 = VERTEX_POINT ( 'NONE', #2887 ) ;
#2264 = DIRECTION ( 'NONE',  ( -7.238338640139153906E-19, -1.000000000000000000, -2.589714009811204974E-16 ) ) ;
#2265 = SURFACE_SIDE_STYLE ('',( #35 ) ) ;
#2266 = UNCERTAINTY_MEASURE_WITH_UNIT (LENGTH_MEASURE( 1.000000000000000082E-05 ), #3057, 'distance_accuracy_value', 'NONE');
#2267 =( NAMED_UNIT ( * ) SI_UNIT ( $, .STERADIAN. ) SOLID_ANGLE_UNIT ( ) );
#2268 = DIRECTION ( 'NONE',  ( -1.365067210663850780E-16, -1.000000000000000000, -2.589714009811205467E-16 ) ) ;
#2269 = ORIENTED_EDGE ( 'NONE', *, *, #1948, .F. ) ;
#2270 = VERTEX_POINT ( 'NONE', #1183 ) ;
#2271 = SURFACE_STYLE_USAGE ( .BOTH. , #2501 ) ;
#2272 = LINE ( 'NONE', #3012, #1597 ) ;
#2273 = DIRECTION ( 'NONE',  ( -4.857225732735218869E-17, -5.665538897647980601E-16, 1.000000000000000000 ) ) ;
#2274 = AXIS2_PLACEMENT_3D ( 'NONE', #1747, #532, #549 ) ;
#2275 = VECTOR ( 'NONE', #1887, 1000.000000000000000 ) ;
#2276 = CARTESIAN_POINT ( 'NONE',  ( -1.724999999999999645, 0.04999999999999950318, 1.724999999999999867 ) ) ;
#2277 = EDGE_LOOP ( 'NONE', ( #242, #2662 ) ) ;
#2278 = ORIENTED_EDGE ( 'NONE', *, *, #1633, .F. ) ;
#2279 = FACE_OUTER_BOUND ( 'NONE', #3110, .T. ) ;
#2280 = LINE ( 'NONE', #2752, #1145 ) ;
#2281 = VERTEX_POINT ( 'NONE', #421 ) ;
#2282 = CARTESIAN_POINT ( 'NONE',  ( 0.2000290000000002344, 0.6836000000000006516, 0.1999329000000008572 ) ) ;
#2283 =( GEOMETRIC_REPRESENTATION_CONTEXT ( 3 ) GLOBAL_UNCERTAINTY_ASSIGNED_CONTEXT ( ( #246 ) ) GLOBAL_UNIT_ASSIGNED_CONTEXT ( ( #2562, #3068, #1164 ) ) REPRESENTATION_CONTEXT ( 'NONE', 'WORKASPACE' ) );
#2284 = EDGE_LOOP ( 'NONE', ( #1625, #2553, #2060, #534 ) ) ;
#2285 = DIRECTION ( 'NONE',  ( -4.857225732735217637E-17, -7.030606108311833107E-16, 1.000000000000000000 ) ) ;
#2286 = ORIENTED_EDGE ( 'NONE', *, *, #2669, .F. ) ;
#2287 = CARTESIAN_POINT ( 'NONE',  ( 1.150000000000001021, 0.05000000000000185546, -1.625000000000000666 ) ) ;
#2288 = DIRECTION ( 'NONE',  ( 1.856725676668152869E-16, -7.030606108311833107E-16, 1.000000000000000000 ) ) ;
#2289 =( GEOMETRIC_REPRESENTATION_CONTEXT ( 3 ) GLOBAL_UNCERTAINTY_ASSIGNED_CONTEXT ( ( #2138 ) ) GLOBAL_UNIT_ASSIGNED_CONTEXT ( ( #687, #1358, #2381 ) ) REPRESENTATION_CONTEXT ( 'NONE', 'WORKASPACE' ) );
#2290 = AXIS2_PLACEMENT_3D ( 'NONE', #701, #689, #2399 ) ;
#2291 = CARTESIAN_POINT ( 'NONE',  ( 0.5464999999999994307, 0.6806000000000010930, -0.3794399999999988893 ) ) ;
#2292 = EDGE_CURVE ( 'NONE', #2451, #1253, #1418, .T. ) ;
#2293 = SURFACE_STYLE_FILL_AREA ( #2308 ) ;
#2294 = PLANE ( 'NONE',  #1028 ) ;
#2295 = EDGE_LOOP ( 'NONE', ( #957, #582, #504, #1746 ) ) ;
#2296 = EDGE_CURVE ( 'NONE', #2919, #388, #2409, .T. ) ;
#2297 = CIRCLE ( 'NONE', #653, 0.03350000000000000200 ) ;
#2298 = PRESENTATION_STYLE_ASSIGNMENT (( #625 ) ) ;
#2299 = CARTESIAN_POINT ( 'NONE',  ( 0.5240000000000012426, 0.6806000000000005379, 0.4019400000000010187 ) ) ;
#2300 = FILL_AREA_STYLE_COLOUR ( '', #2732 ) ;
#2301 = EDGE_LOOP ( 'NONE', ( #1647, #1711, #2567, #2467 ) ) ;
#2302 = UNCERTAINTY_MEASURE_WITH_UNIT (LENGTH_MEASURE( 1.000000000000000082E-05 ), #2305, 'distance_accuracy_value', 'NONE');
#2303 = VERTEX_POINT ( 'NONE', #1650 ) ;
#2304 = SURFACE_STYLE_USAGE ( .BOTH. , #2808 ) ;
#2305 =( LENGTH_UNIT ( ) NAMED_UNIT ( * ) SI_UNIT ( .MILLI., .METRE. ) );
#2306 = AXIS2_PLACEMENT_3D ( 'NONE', #2096, #3090, #893 ) ;
#2307 = CIRCLE ( 'NONE', #2205, 0.02250000000000000611 ) ;
#2308 = FILL_AREA_STYLE ('',( #811 ) ) ;
#2309 = EDGE_LOOP ( 'NONE', ( #2212, #2506, #1875, #2129 ) ) ;
#2310 = EDGE_CURVE ( 'NONE', #2155, #1537, #261, .T. ) ;
#2311 = PRODUCT_DEFINITION_SHAPE ( 'NONE', 'NONE',  #1682 ) ;
#2312 = PLANE ( 'NONE',  #1207 ) ;
#2313 = DIRECTION ( 'NONE',  ( -3.129636159629258261E-32, -1.000000000000000000, -1.224646799147353454E-16 ) ) ;
#2314 = DIRECTION ( 'NONE',  ( 1.000000000000000000, 9.629649721937924046E-35, -2.449117988379029172E-32 ) ) ;
#2315 = EDGE_CURVE ( 'NONE', #75, #677, #1161, .T. ) ;
#2316 = ADVANCED_FACE ( 'NONE', ( #195 ), #2857, .F. ) ;
#2317 = PRESENTATION_LAYER_ASSIGNMENT (  '', '', ( #1551 ) ) ;
#2318 = AXIS2_PLACEMENT_3D ( 'NONE', #1332, #612, #1279 ) ;
#2319 = ORIENTED_EDGE ( 'NONE', *, *, #744, .F. ) ;
#2320 = CARTESIAN_POINT ( 'NONE',  ( -0.5464999999999989866, 0.6836000000000010957, -0.5464999999999989866 ) ) ;
#2321 = AXIS2_PLACEMENT_3D ( 'NONE', #1535, #2314, #821 ) ;
#2322 = AXIS2_PLACEMENT_3D ( 'NONE', #799, #60, #852 ) ;
#2323 = DIRECTION ( 'NONE',  ( -4.857225732735217637E-17, -7.030606108311833107E-16, 1.000000000000000000 ) ) ;
#2324 = AXIS2_PLACEMENT_3D ( 'NONE', #1290, #1079, #2245 ) ;
#2325 = DIRECTION ( 'NONE',  ( -1.000000000000000000, 1.677000728551956718E-16, -4.857225732735396363E-17 ) ) ;
#2326 = MECHANICAL_DESIGN_GEOMETRIC_PRESENTATION_REPRESENTATION (  '', ( #3008 ), #841 ) ;
#2327 = SHAPE_DEFINITION_REPRESENTATION ( #2311, #181 ) ;
#2328 = CARTESIAN_POINT ( 'NONE',  ( 1.725000000000000089, 0.4300000000000018252, -1.724999999999999867 ) ) ;
#2329 = CARTESIAN_POINT ( 'NONE',  ( 0.4017000000000007232, 0.6836000000000010957, -0.5239999999999990221 ) ) ;
#2330 = FACE_OUTER_BOUND ( 'NONE', #2592, .T. ) ;
#2331 = VECTOR ( 'NONE', #2974, 1000.000000000000000 ) ;
#2332 = ORIENTED_EDGE ( 'NONE', *, *, #2457, .T. ) ;
#2333 = DIRECTION ( 'NONE',  ( 4.857225732735217637E-17, 7.030606108311833107E-16, -1.000000000000000000 ) ) ;
#2334 = SURFACE_STYLE_FILL_AREA ( #1345 ) ;
#2335 = LINE ( 'NONE', #3108, #10 ) ;
#2336 = SURFACE_STYLE_FILL_AREA ( #1065 ) ;
#2337 = ORIENTED_EDGE ( 'NONE', *, *, #149, .T. ) ;
#2338 = PRESENTATION_STYLE_ASSIGNMENT (( #2855 ) ) ;
#2339 = EDGE_CURVE ( 'NONE', #399, #655, #1854, .T. ) ;
#2340 = MECHANICAL_DESIGN_GEOMETRIC_PRESENTATION_REPRESENTATION (  '', ( #130 ), #2470 ) ;
#2341 = EDGE_CURVE ( 'NONE', #1763, #1517, #2154, .T. ) ;
#2342 =( NAMED_UNIT ( * ) SI_UNIT ( $, .STERADIAN. ) SOLID_ANGLE_UNIT ( ) );
#2343 = CARTESIAN_POINT ( 'NONE',  ( -0.6500000000000001332, 0.05000000000000057176, 0.1999999999999996780 ) ) ;
#2344 = CARTESIAN_POINT ( 'NONE',  ( 0.3792000000000007587, 0.6806000000000010930, -0.5464999999999989866 ) ) ;
#2345 = DIRECTION ( 'NONE',  ( -1.814787636406182659E-17, 7.030606108311833107E-16, -1.000000000000000000 ) ) ;
#2346 = CARTESIAN_POINT ( 'NONE',  ( 1.084202172485504434E-15, 0.5800000000000007372, 1.067177123195468494E-15 ) ) ;
#2347 = FILL_AREA_STYLE ('',( #3102 ) ) ;
#2348 = EDGE_CURVE ( 'NONE', #789, #769, #2656, .T. ) ;
#2349 = EDGE_LOOP ( 'NONE', ( #2337, #1317, #3151, #2749 ) ) ;
#2350 = CARTESIAN_POINT ( 'NONE',  ( 1.625000000000000888, 0.04999999999999955869, 1.625000000000000666 ) ) ;
#2351 = PLANE ( 'NONE',  #1645 ) ;
#2352 = PRESENTATION_STYLE_ASSIGNMENT (( #3123 ) ) ;
#2353 = DIRECTION ( 'NONE',  ( 7.238338640138938202E-19, 1.000000000000000000, 7.030606108311833107E-16 ) ) ;
#2354 = VERTEX_POINT ( 'NONE', #633 ) ;
#2355 = SURFACE_SIDE_STYLE ('',( #1368 ) ) ;
#2356 = CARTESIAN_POINT ( 'NONE',  ( 0.5715000000000002300, 0.6806000000000010930, -0.5714999999999997859 ) ) ;
#2357 = ADVANCED_FACE ( 'NONE', ( #177 ), #733, .T. ) ;
#2358 = EDGE_CURVE ( 'NONE', #646, #450, #982, .T. ) ;
#2359 = ADVANCED_FACE ( 'NONE', ( #1242 ), #505, .F. ) ;
#2360 =( NAMED_UNIT ( * ) PLANE_ANGLE_UNIT ( ) SI_UNIT ( $, .RADIAN. ) );
#2361 = LINE ( 'NONE', #1608, #708 ) ;
#2362 = DIRECTION ( 'NONE',  ( -1.000000000000000000, 1.503517894563822100E-16, -4.857225732735373560E-17 ) ) ;
#2363 = CARTESIAN_POINT ( 'NONE',  ( 1.150000000000001021, -5.537582340901304663E-16, 1.625000000000000666 ) ) ;
#2364 = CARTESIAN_POINT ( 'NONE',  ( 0.4242000000000006876, 0.6836000000000005405, 0.4019400000000010187 ) ) ;
#2365 =( GEOMETRIC_REPRESENTATION_CONTEXT ( 3 ) GLOBAL_UNCERTAINTY_ASSIGNED_CONTEXT ( ( #1680 ) ) GLOBAL_UNIT_ASSIGNED_CONTEXT ( ( #512, #1493, #1447 ) ) REPRESENTATION_CONTEXT ( 'NONE', 'WORKASPACE' ) );
#2366 = EDGE_LOOP ( 'NONE', ( #2487, #228, #1617, #1521 ) ) ;
#2367 = FACE_OUTER_BOUND ( 'NONE', #3009, .T. ) ;
#2368 = EDGE_CURVE ( 'NONE', #2536, #20, #2221, .T. ) ;
#2369 = DIRECTION ( 'NONE',  ( -7.238338640139153906E-19, -1.000000000000000000, -2.589714009811204974E-16 ) ) ;
#2370 = VECTOR ( 'NONE', #225, 1000.000000000000000 ) ;
#2371 = SURFACE_SIDE_STYLE ('',( #1379 ) ) ;
#2372 = LINE ( 'NONE', #2115, #344 ) ;
#2373 = ORIENTED_EDGE ( 'NONE', *, *, #57, .T. ) ;
#2374 =( NAMED_UNIT ( * ) PLANE_ANGLE_UNIT ( ) SI_UNIT ( $, .RADIAN. ) );
#2375 = UNCERTAINTY_MEASURE_WITH_UNIT (LENGTH_MEASURE( 1.000000000000000082E-05 ), #2805, 'distance_accuracy_value', 'NONE');
#2376 = CIRCLE ( 'NONE', #2775, 0.03350000000000000200 ) ;
#2377 = SURFACE_STYLE_FILL_AREA ( #3078 ) ;
#2378 = SURFACE_STYLE_USAGE ( .BOTH. , #108 ) ;
#2379 = MECHANICAL_DESIGN_GEOMETRIC_PRESENTATION_REPRESENTATION (  '', ( #2578 ), #2164 ) ;
#2380 = CARTESIAN_POINT ( 'NONE',  ( -0.5714999999999997859, 0.6806000000000010930, -0.5714999999999997859 ) ) ;
#2381 =( NAMED_UNIT ( * ) SI_UNIT ( $, .STERADIAN. ) SOLID_ANGLE_UNIT ( ) );
#2382 = LINE ( 'NONE', #1374, #2619 ) ;
#2383 = CARTESIAN_POINT ( 'NONE',  ( 1.084202172485504434E-15, 0.6836000000000004295, 0.4019400000000010187 ) ) ;
#2384 = AXIS2_PLACEMENT_3D ( 'NONE', #2468, #245, #7 ) ;
#2385 = VERTEX_POINT ( 'NONE', #1540 ) ;
#2386 = CARTESIAN_POINT ( 'NONE',  ( 1.084202172485504434E-15, 0.6836000000000007626, 1.102868285104868432E-15 ) ) ;
#2387 = LINE ( 'NONE', #371, #222 ) ;
#2388 = LINE ( 'NONE', #417, #2706 ) ;
#2389 = EDGE_LOOP ( 'NONE', ( #1098, #757 ) ) ;
#2390 = DIRECTION ( 'NONE',  ( -4.857225732735217637E-17, -7.030606108311833107E-16, 1.000000000000000000 ) ) ;
#2391 = AXIS2_PLACEMENT_3D ( 'NONE', #515, #2483, #279 ) ;
#2392 = AXIS2_PLACEMENT_3D ( 'NONE', #1638, #1871, #3133 ) ;
#2393 =( NAMED_UNIT ( * ) SI_UNIT ( $, .STERADIAN. ) SOLID_ANGLE_UNIT ( ) );
#2394 = VERTEX_POINT ( 'NONE', #777 ) ;
#2395 = FACE_OUTER_BOUND ( 'NONE', #2195, .T. ) ;
#2396 = EDGE_CURVE ( 'NONE', #2819, #1656, #2622, .T. ) ;
#2397 = FILL_AREA_STYLE_COLOUR ( '', #1975 ) ;
#2398 = CARTESIAN_POINT ( 'NONE',  ( 2.900000000142992053E-05, 0.6836000000000008736, -0.2335671000000001662 ) ) ;
#2399 = DIRECTION ( 'NONE',  ( 7.238338640139400425E-19, 1.000000000000000000, 1.224646799147353454E-16 ) ) ;
#2400 = ORIENTED_EDGE ( 'NONE', *, *, #2310, .T. ) ;
#2401 = CIRCLE ( 'NONE', #3067, 0.02250000000000000611 ) ;
#2402 = CARTESIAN_POINT ( 'NONE',  ( 0.4000290000000007451, 0.6836000000000007626, -6.710000000313035386E-05 ) ) ;
#2403 = LINE ( 'NONE', #1173, #3157 ) ;
#2404 = FILL_AREA_STYLE_COLOUR ( '', #2888 ) ;
#2405 = CIRCLE ( 'NONE', #1573, 0.03350000000000000200 ) ;
#2406 = ORIENTED_EDGE ( 'NONE', *, *, #2647, .F. ) ;
#2407 = FACE_OUTER_BOUND ( 'NONE', #1109, .T. ) ;
#2408 = PLANE ( 'NONE',  #474 ) ;
#2409 = LINE ( 'NONE', #2356, #2517 ) ;
#2410 = EDGE_LOOP ( 'NONE', ( #2626, #2269, #3189, #2261 ) ) ;
#2411 = DIRECTION ( 'NONE',  ( -7.238338640139153906E-19, -1.000000000000000000, -2.589714009811204974E-16 ) ) ;
#2412 = DIRECTION ( 'NONE',  ( 0.000000000000000000, 0.000000000000000000, 1.000000000000000000 ) ) ;
#2413 = CARTESIAN_POINT ( 'NONE',  ( -0.5714999999999997859, 0.6806000000000010930, -0.5714999999999997859 ) ) ;
#2414 = ORIENTED_EDGE ( 'NONE', *, *, #1388, .F. ) ;
#2415 = DIRECTION ( 'NONE',  ( 7.238338640138938202E-19, 1.000000000000000000, 7.030606108311833107E-16 ) ) ;
#2416 = SURFACE_STYLE_FILL_AREA ( #1644 ) ;
#2417 = CARTESIAN_POINT ( 'NONE',  ( 0.4242000000000006876, 0.6836000000000010957, -0.4244400000000005391 ) ) ;
#2418 = DIRECTION ( 'NONE',  ( -7.238338640139153906E-19, -1.000000000000000000, -2.589714009811204974E-16 ) ) ;
#2419 = EDGE_LOOP ( 'NONE', ( #208, #1288, #3056, #243, #2792, #133, #2963, #2189, #2979, #763, #3138, #2872, #2443, #340 ) ) ;
#2420 = VECTOR ( 'NONE', #1876, 1000.000000000000000 ) ;
#2421 = AXIS2_PLACEMENT_3D ( 'NONE', #1041, #1761, #574 ) ;
#2422 = FILL_AREA_STYLE ('',( #1895 ) ) ;
#2423 =( NAMED_UNIT ( * ) SI_UNIT ( $, .STERADIAN. ) SOLID_ANGLE_UNIT ( ) );
#2424 = ADVANCED_FACE ( 'NONE', ( #267 ), #2253, .T. ) ;
#2425 = DIRECTION ( 'NONE',  ( -4.857225732735217637E-17, -7.030606108311833107E-16, 1.000000000000000000 ) ) ;
#2426 = ORIENTED_EDGE ( 'NONE', *, *, #888, .T. ) ;
#2427 = VECTOR ( 'NONE', #1903, 1000.000000000000000 ) ;
#2428 = CARTESIAN_POINT ( 'NONE',  ( 1.725000000000000089, 0.5799999999999995159, 1.724999999999999867 ) ) ;
#2429 = DIRECTION ( 'NONE',  ( 1.000000000000000000, -1.155264364861562863E-16, -2.440701027073827977E-32 ) ) ;
#2430 = CARTESIAN_POINT ( 'NONE',  ( -1.724999999999999645, 0.4300000000000018252, -1.724999999999999645 ) ) ;
#2431 = VERTEX_POINT ( 'NONE', #1978 ) ;
#2432 = DIRECTION ( 'NONE',  ( -1.000000000000000000, 1.155264364861563110E-16, -4.857225732735216404E-17 ) ) ;
#2433 = AXIS2_PLACEMENT_3D ( 'NONE', #1141, #2587, #1614 ) ;
#2434 = LINE ( 'NONE', #2684, #359 ) ;
#2435 = PLANE ( 'NONE',  #1939 ) ;
#2436 = EDGE_LOOP ( 'NONE', ( #1295, #2039, #875, #425 ) ) ;
#2437 = CARTESIAN_POINT ( 'NONE',  ( -1.724999999999999645, 0.5799999999999995159, 1.725000000000000089 ) ) ;
#2438 = LINE ( 'NONE', #3184, #945 ) ;
#2439 = DIRECTION ( 'NONE',  ( 1.000000000000000000, -7.238338640139361907E-19, 4.857225732735217637E-17 ) ) ;
#2440 = AXIS2_PLACEMENT_3D ( 'NONE', #3074, #1798, #1601 ) ;
#2441 = ORIENTED_EDGE ( 'NONE', *, *, #2978, .T. ) ;
#2442 = EDGE_CURVE ( 'NONE', #1753, #368, #797, .T. ) ;
#2443 = ORIENTED_EDGE ( 'NONE', *, *, #2893, .T. ) ;
#2444 = CYLINDRICAL_SURFACE ( 'NONE', #431, 0.1999999999999999833 ) ;
#2445 = CARTESIAN_POINT ( 'NONE',  ( 1.084202172485504434E-15, 0.6836000000000007626, 1.102868285104868432E-15 ) ) ;
#2446 = AXIS2_PLACEMENT_3D ( 'NONE', #1855, #602, #2823 ) ;
#2447 = ORIENTED_EDGE ( 'NONE', *, *, #2944, .T. ) ;
#2448 = CARTESIAN_POINT ( 'NONE',  ( 0.5319100000000011041, 0.6906000000000005468, 0.5323600000000001664 ) ) ;
#2449 = LINE ( 'NONE', #1232, #981 ) ;
#2450 = ORIENTED_EDGE ( 'NONE', *, *, #1384, .F. ) ;
#2451 = VERTEX_POINT ( 'NONE', #2982 ) ;
#2452 = PLANE ( 'NONE',  #429 ) ;
#2453 = DIRECTION ( 'NONE',  ( 7.238338640139153906E-19, 1.000000000000000000, 2.589714009811204974E-16 ) ) ;
#2454 = CIRCLE ( 'NONE', #37, 0.03350000000000000200 ) ;
#2455 = PLANE ( 'NONE',  #262 ) ;
#2456 = ORIENTED_EDGE ( 'NONE', *, *, #1223, .F. ) ;
#2457 = EDGE_CURVE ( 'NONE', #3143, #3016, #2951, .T. ) ;
#2458 = ORIENTED_EDGE ( 'NONE', *, *, #1781, .F. ) ;
#2459 = VECTOR ( 'NONE', #331, 1000.000000000000000 ) ;
#2460 = FILL_AREA_STYLE_COLOUR ( '', #2521 ) ;
#2461 = DIRECTION ( 'NONE',  ( 1.000000000000000000, -7.238338640138040719E-19, -1.411394088993327694E-16 ) ) ;
#2462 = CARTESIAN_POINT ( 'NONE',  ( -0.3999709999999996324, 0.6836000000000009846, -0.2000671000000001920 ) ) ;
#2463 = LINE ( 'NONE', #1213, #566 ) ;
#2464 = LINE ( 'NONE', #191, #1533 ) ;
#2465 = VERTEX_POINT ( 'NONE', #764 ) ;
#2466 = ADVANCED_FACE ( 'NONE', ( #2727 ), #521, .T. ) ;
#2467 = ORIENTED_EDGE ( 'NONE', *, *, #1970, .T. ) ;
#2468 = CARTESIAN_POINT ( 'NONE',  ( -0.3999709999999996324, 0.6836000000000006516, 0.1999329000000008572 ) ) ;
#2469 = CARTESIAN_POINT ( 'NONE',  ( -0.6500000000000001332, 0.05000000000000057176, 0.1999999999999996780 ) ) ;
#2470 =( GEOMETRIC_REPRESENTATION_CONTEXT ( 3 ) GLOBAL_UNCERTAINTY_ASSIGNED_CONTEXT ( ( #2375 ) ) GLOBAL_UNIT_ASSIGNED_CONTEXT ( ( #2805, #1266, #1681 ) ) REPRESENTATION_CONTEXT ( 'NONE', 'WORKASPACE' ) );
#2471 = VERTEX_POINT ( 'NONE', #107 ) ;
#2472 = ORIENTED_EDGE ( 'NONE', *, *, #39, .F. ) ;
#2473 = CARTESIAN_POINT ( 'NONE',  ( -0.1999709999999990939, 0.6836000000000009846, -0.2000671000000001643 ) ) ;
#2474 = FACE_BOUND ( 'NONE', #2210, .T. ) ;
#2475 = CARTESIAN_POINT ( 'NONE',  ( 2.899999999969519706E-05, 0.6836000000000010957, -0.4335670999999989839 ) ) ;
#2476 = AXIS2_PLACEMENT_3D ( 'NONE', #1615, #659, #2099 ) ;
#2477 = PRESENTATION_LAYER_ASSIGNMENT (  '', '', ( #572 ) ) ;
#2478 = CARTESIAN_POINT ( 'NONE',  ( 1.625000000000000888, -6.086332914210546172E-16, 1.625000000000000666 ) ) ;
#2479 = LINE ( 'NONE', #1273, #3080 ) ;
#2480 = AXIS2_PLACEMENT_3D ( 'NONE', #1270, #2756, #285 ) ;
#2481 = EDGE_LOOP ( 'NONE', ( #404, #1185 ) ) ;
#2482 = VERTEX_POINT ( 'NONE', #3027 ) ;
#2483 = DIRECTION ( 'NONE',  ( -1.155264364861563356E-16, -1.000000000000000000, -1.224646799147353454E-16 ) ) ;
#2484 = VECTOR ( 'NONE', #643, 1000.000000000000000 ) ;
#2485 = AXIS2_PLACEMENT_3D ( 'NONE', #224, #433, #1245 ) ;
#2486 = VERTEX_POINT ( 'NONE', #348 ) ;
#2487 = ORIENTED_EDGE ( 'NONE', *, *, #2292, .T. ) ;
#2488 = FILL_AREA_STYLE_COLOUR ( '', #1135 ) ;
#2489 = CARTESIAN_POINT ( 'NONE',  ( 2.900000000143239387E-05, 0.6836000000000006516, 0.1999329000000008849 ) ) ;
#2490 = FACE_OUTER_BOUND ( 'NONE', #537, .T. ) ;
#2491 = ADVANCED_FACE ( 'NONE', ( #381 ), #1101, .F. ) ;
#2492 = FACE_OUTER_BOUND ( 'NONE', #1018, .T. ) ;
#2493 =( NAMED_UNIT ( * ) SI_UNIT ( $, .STERADIAN. ) SOLID_ANGLE_UNIT ( ) );
#2494 = VERTEX_POINT ( 'NONE', #76 ) ;
#2495 = VERTEX_POINT ( 'NONE', #829 ) ;
#2496 = SURFACE_STYLE_USAGE ( .BOTH. , #485 ) ;
#2497 = DIRECTION ( 'NONE',  ( -3.129636159629258261E-32, -1.000000000000000000, -1.224646799147353454E-16 ) ) ;
#2498 = EDGE_LOOP ( 'NONE', ( #1734, #1991, #2636, #2807 ) ) ;
#2499 = VERTEX_POINT ( 'NONE', #1053 ) ;
#2500 = DIRECTION ( 'NONE',  ( -7.238338640139153906E-19, -1.000000000000000000, -2.589714009811204974E-16 ) ) ;
#2501 = SURFACE_SIDE_STYLE ('',( #522 ) ) ;
#2502 = DIRECTION ( 'NONE',  ( -7.238338640139153906E-19, -1.000000000000000000, -2.589714009811204974E-16 ) ) ;
#2503 = AXIS2_PLACEMENT_3D ( 'NONE', #496, #2418, #2209 ) ;
#2504 = SURFACE_STYLE_USAGE ( .BOTH. , #2259 ) ;
#2505 = DIRECTION ( 'NONE',  ( -1.365067210663851273E-16, -1.000000000000000000, -1.217408460507213380E-16 ) ) ;
#2506 = ORIENTED_EDGE ( 'NONE', *, *, #415, .F. ) ;
#2507 = ORIENTED_EDGE ( 'NONE', *, *, #1491, .T. ) ;
#2508 = SURFACE_STYLE_FILL_AREA ( #3019 ) ;
#2509 =( LENGTH_UNIT ( ) NAMED_UNIT ( * ) SI_UNIT ( .MILLI., .METRE. ) );
#2510 = DIRECTION ( 'NONE',  ( 0.000000000000000000, 0.000000000000000000, 1.000000000000000000 ) ) ;
#2511 = DIRECTION ( 'NONE',  ( -7.238338640139153906E-19, -1.000000000000000000, -2.589714009811204974E-16 ) ) ;
#2512 = VERTEX_POINT ( 'NONE', #2072 ) ;
#2513 = VERTEX_POINT ( 'NONE', #122 ) ;
#2514 = PLANE ( 'NONE',  #253 ) ;
#2515 = DIRECTION ( 'NONE',  ( -3.129636159629258261E-32, -1.000000000000000000, -1.224646799147353454E-16 ) ) ;
#2516 = LINE ( 'NONE', #1794, #1819 ) ;
#2517 = VECTOR ( 'NONE', #926, 1000.000000000000000 ) ;
#2518 =( GEOMETRIC_REPRESENTATION_CONTEXT ( 3 ) GLOBAL_UNCERTAINTY_ASSIGNED_CONTEXT ( ( #824 ) ) GLOBAL_UNIT_ASSIGNED_CONTEXT ( ( #820, #1319, #2267 ) ) REPRESENTATION_CONTEXT ( 'NONE', 'WORKASPACE' ) );
#2519 =( NAMED_UNIT ( * ) SI_UNIT ( $, .STERADIAN. ) SOLID_ANGLE_UNIT ( ) );
#2520 = ORIENTED_EDGE ( 'NONE', *, *, #703, .F. ) ;
#2521 = COLOUR_RGB ( '',0.9686274509803921573, 0.8784313725490195957, 0.5999999999999999778 ) ;
#2522 = ORIENTED_EDGE ( 'NONE', *, *, #1719, .T. ) ;
#2523 = CARTESIAN_POINT ( 'NONE',  ( 0.5240000000000012426, 0.6806000000000010930, -0.4019399999999988538 ) ) ;
#2524 = ORIENTED_EDGE ( 'NONE', *, *, #2368, .F. ) ;
#2525 = EDGE_CURVE ( 'NONE', #484, #2499, #1387, .T. ) ;
#2526 = VECTOR ( 'NONE', #977, 1000.000000000000000 ) ;
#2527 = ORIENTED_EDGE ( 'NONE', *, *, #1462, .F. ) ;
#2528 =( NAMED_UNIT ( * ) SI_UNIT ( $, .STERADIAN. ) SOLID_ANGLE_UNIT ( ) );
#2529 = SURFACE_SIDE_STYLE ('',( #1297 ) ) ;
#2530 = CARTESIAN_POINT ( 'NONE',  ( 0.5465000000000012070, 0.6806000000000005379, 0.3794400000000010542 ) ) ;
#2531 = ADVANCED_FACE ( 'NONE', ( #2639 ), #93, .T. ) ;
#2532 = MECHANICAL_DESIGN_GEOMETRIC_PRESENTATION_REPRESENTATION (  '', ( #846 ), #73 ) ;
#2533 = COLOUR_RGB ( '',0.7921568627450980005, 0.8196078431372548767, 0.9333333333333333481 ) ;
#2534 = PRESENTATION_STYLE_ASSIGNMENT (( #590 ) ) ;
#2535 = PLANE ( 'NONE',  #876 ) ;
#2536 = VERTEX_POINT ( 'NONE', #1069 ) ;
#2537 = ORIENTED_EDGE ( 'NONE', *, *, #15, .T. ) ;
#2538 = SURFACE_STYLE_USAGE ( .BOTH. , #3063 ) ;
#2539 = FILL_AREA_STYLE_COLOUR ( '', #3089 ) ;
#2540 = ORIENTED_EDGE ( 'NONE', *, *, #169, .F. ) ;
#2541 = CIRCLE ( 'NONE', #1160, 0.03350000000000000200 ) ;
#2542 = EDGE_LOOP ( 'NONE', ( #601, #3164 ) ) ;
#2543 = PRESENTATION_STYLE_ASSIGNMENT (( #1824 ) ) ;
#2544 = SURFACE_STYLE_FILL_AREA ( #1312 ) ;
#2545 = AXIS2_PLACEMENT_3D ( 'NONE', #2874, #2142, #2345 ) ;
#2546 = COLOUR_RGB ( '',0.5019607843137254832, 0.5019607843137254832, 0.5019607843137254832 ) ;
#2547 = LINE ( 'NONE', #2773, #116 ) ;
#2548 = EDGE_CURVE ( 'NONE', #2499, #741, #617, .T. ) ;
#2549 = MANIFOLD_SOLID_BREP ( 'NONE', #2711 ) ;
#2550 = EDGE_CURVE ( 'NONE', #3182, #934, #3129, .T. ) ;
#2551 = ADVANCED_FACE ( 'NONE', ( #569, #486, #1198, #230 ), #1730, .T. ) ;
#2552 = DIRECTION ( 'NONE',  ( -4.857225732735386502E-17, -5.658300559007841514E-16, 1.000000000000000000 ) ) ;
#2553 = ORIENTED_EDGE ( 'NONE', *, *, #1789, .F. ) ;
#2554 = AXIS2_PLACEMENT_3D ( 'NONE', #2437, #85, #2268 ) ;
#2555 = CARTESIAN_POINT ( 'NONE',  ( 0.5240000000000012426, 0.6836000000000010957, -0.4019399999999988538 ) ) ;
#2556 = CARTESIAN_POINT ( 'NONE',  ( -1.149999999999998801, 0.05000000000000186240, -1.625000000000000666 ) ) ;
#2557 = SURFACE_STYLE_USAGE ( .BOTH. , #2818 ) ;
#2558 = ORIENTED_EDGE ( 'NONE', *, *, #1056, .F. ) ;
#2559 = PRESENTATION_STYLE_ASSIGNMENT (( #2069 ) ) ;
#2560 = EDGE_LOOP ( 'NONE', ( #1513, #152, #283, #2617 ) ) ;
#2561 = DIRECTION ( 'NONE',  ( -4.857225732735217637E-17, -7.030606108311833107E-16, 1.000000000000000000 ) ) ;
#2562 =( LENGTH_UNIT ( ) NAMED_UNIT ( * ) SI_UNIT ( .MILLI., .METRE. ) );
#2563 = DIRECTION ( 'NONE',  ( 1.000000000000000000, -1.155264364861562863E-16, -2.440701027073827977E-32 ) ) ;
#2564 = CIRCLE ( 'NONE', #1543, 0.03350000000000000200 ) ;
#2565 = LINE ( 'NONE', #2329, #2427 ) ;
#2566 = LINE ( 'NONE', #398, #1366 ) ;
#2567 = ORIENTED_EDGE ( 'NONE', *, *, #2003, .T. ) ;
#2568 = EDGE_CURVE ( 'NONE', #1093, #1591, #2153, .T. ) ;
#2569 = CARTESIAN_POINT ( 'NONE',  ( 0.3792000000000007587, 0.6836000000000010957, -0.5239999999999990221 ) ) ;
#2570 = SURFACE_STYLE_USAGE ( .BOTH. , #2371 ) ;
#2571 = LINE ( 'NONE', #1291, #2459 ) ;
#2572 = AXIS2_PLACEMENT_3D ( 'NONE', #1359, #640, #3085 ) ;
#2573 = VERTEX_POINT ( 'NONE', #760 ) ;
#2574 = EDGE_CURVE ( 'NONE', #2891, #1293, #2438, .T. ) ;
#2575 = CARTESIAN_POINT ( 'NONE',  ( 0.4017000000000007232, 0.6836000000000005405, 0.5240000000000012426 ) ) ;
#2576 =( GEOMETRIC_REPRESENTATION_CONTEXT ( 3 ) GLOBAL_UNCERTAINTY_ASSIGNED_CONTEXT ( ( #600 ) ) GLOBAL_UNIT_ASSIGNED_CONTEXT ( ( #1833, #1097, #1550 ) ) REPRESENTATION_CONTEXT ( 'NONE', 'WORKASPACE' ) );
#2577 = EDGE_CURVE ( 'NONE', #20, #1233, #452, .T. ) ;
#2578 = STYLED_ITEM ( 'NONE', ( #2720 ), #2629 ) ;
#2579 = LINE ( 'NONE', #2088, #2735 ) ;
#2580 = AXIS2_PLACEMENT_3D ( 'NONE', #2650, #446, #2968 ) ;
#2581 =( NAMED_UNIT ( * ) SI_UNIT ( $, .STERADIAN. ) SOLID_ANGLE_UNIT ( ) );
#2582 = FILL_AREA_STYLE ('',( #622 ) ) ;
#2583 = AXIS2_PLACEMENT_3D ( 'NONE', #2618, #420, #2390 ) ;
#2584 = ORIENTED_EDGE ( 'NONE', *, *, #2574, .F. ) ;
#2585 = PRODUCT_DEFINITION_FORMATION_WITH_SPECIFIED_SOURCE ( 'ANY', '', #2834, .NOT_KNOWN. ) ;
#2586 =( NAMED_UNIT ( * ) SI_UNIT ( $, .STERADIAN. ) SOLID_ANGLE_UNIT ( ) );
#2587 = DIRECTION ( 'NONE',  ( 4.857225732735217637E-17, 2.589714009811204974E-16, -1.000000000000000000 ) ) ;
#2588 = EDGE_CURVE ( 'NONE', #237, #1240, #2683, .T. ) ;
#2589 = SURFACE_STYLE_FILL_AREA ( #1849 ) ;
#2590 = DIRECTION ( 'NONE',  ( -1.000000000000000000, 1.155264364861562863E-16, 2.440701027073827977E-32 ) ) ;
#2591 = ADVANCED_FACE ( 'NONE', ( #211 ), #1937, .T. ) ;
#2592 = EDGE_LOOP ( 'NONE', ( #2814, #2558, #3087, #2634 ) ) ;
#2593 = EDGE_CURVE ( 'NONE', #3016, #48, #2688, .T. ) ;
#2594 = COLOUR_RGB ( '',0.9686274509803921573, 0.8784313725490195957, 0.5999999999999999778 ) ;
#2595 = DIRECTION ( 'NONE',  ( -7.238338640139153906E-19, -1.000000000000000000, -2.589714009811204974E-16 ) ) ;
#2596 = PRESENTATION_STYLE_ASSIGNMENT (( #2378 ) ) ;
#2597 = DIRECTION ( 'NONE',  ( -1.000000000000000000, 7.238338640136878420E-19, 3.027949801638992897E-16 ) ) ;
#2598 = EDGE_CURVE ( 'NONE', #1999, #1044, #422, .T. ) ;
#2599 = VECTOR ( 'NONE', #160, 1000.000000000000000 ) ;
#2600 =( LENGTH_UNIT ( ) NAMED_UNIT ( * ) SI_UNIT ( .MILLI., .METRE. ) );
#2601 = ORIENTED_EDGE ( 'NONE', *, *, #2692, .F. ) ;
#2602 = FACE_BOUND ( 'NONE', #1814, .T. ) ;
#2603 = LINE ( 'NONE', #611, #2484 ) ;
#2604 =( LENGTH_UNIT ( ) NAMED_UNIT ( * ) SI_UNIT ( .MILLI., .METRE. ) );
#2605 = EDGE_LOOP ( 'NONE', ( #2833, #1664, #1720, #1467 ) ) ;
#2606 = DIRECTION ( 'NONE',  ( -5.930691298090262904E-16, -7.030606108311833107E-16, 1.000000000000000000 ) ) ;
#2607 = CARTESIAN_POINT ( 'NONE',  ( 0.4242000000000006876, 0.6836000000000005405, 0.4244400000000009832 ) ) ;
#2608 = PLANE ( 'NONE',  #1005 ) ;
#2609 = CARTESIAN_POINT ( 'NONE',  ( -0.3999709999999996324, 0.6836000000000009846, -0.2335671000000001940 ) ) ;
#2610 = LINE ( 'NONE', #1857, #2675 ) ;
#2611 = CIRCLE ( 'NONE', #1243, 0.03350000000000000200 ) ;
#2612 = EDGE_LOOP ( 'NONE', ( #1909, #1927 ) ) ;
#2613 = FACE_OUTER_BOUND ( 'NONE', #1235, .T. ) ;
#2614 = DIRECTION ( 'NONE',  ( 1.000000000000000000, -6.195617382138149515E-17, -1.411394088993327694E-16 ) ) ;
#2615 = DIRECTION ( 'NONE',  ( -4.857225732735220102E-17, -7.030606108311833107E-16, 1.000000000000000000 ) ) ;
#2616 = FILL_AREA_STYLE_COLOUR ( '', #3150 ) ;
#2617 = ORIENTED_EDGE ( 'NONE', *, *, #2998, .T. ) ;
#2618 = CARTESIAN_POINT ( 'NONE',  ( 1.084202172485504434E-15, 0.6836000000000007626, 1.102868285104868432E-15 ) ) ;
#2619 = VECTOR ( 'NONE', #607, 1000.000000000000000 ) ;
#2620 = CARTESIAN_POINT ( 'NONE',  ( 0.4017000000000007232, 0.6836000000000007626, 1.102868285104868432E-15 ) ) ;
#2621 = VECTOR ( 'NONE', #1096, 1000.000000000000000 ) ;
#2622 = CIRCLE ( 'NONE', #2058, 0.03350000000000000200 ) ;
#2623 = ADVANCED_FACE ( 'NONE', ( #1432 ), #2408, .F. ) ;
#2624 = CIRCLE ( 'NONE', #1252, 0.02250000000000000611 ) ;
#2625 = LINE ( 'NONE', #2343, #3170 ) ;
#2626 = ORIENTED_EDGE ( 'NONE', *, *, #2348, .T. ) ;
#2627 = AXIS2_PLACEMENT_3D ( 'NONE', #3035, #1987, #52 ) ;
#2628 = CARTESIAN_POINT ( 'NONE',  ( -0.1999709999999990939, 0.6836000000000010957, -0.4000670999999990096 ) ) ;
#2629 = ADVANCED_FACE ( 'NONE', ( #2961 ), #1713, .T. ) ;
#2630 = DIRECTION ( 'NONE',  ( -1.814787636406182659E-17, 7.006907263567901912E-16, -1.000000000000000000 ) ) ;
#2631 = DIRECTION ( 'NONE',  ( -4.857225732735217637E-17, -7.030606108311833107E-16, 1.000000000000000000 ) ) ;
#2632 = DIRECTION ( 'NONE',  ( 7.238338640138938202E-19, 1.000000000000000000, 7.030606108311833107E-16 ) ) ;
#2633 = CIRCLE ( 'NONE', #2009, 0.02250000000000000611 ) ;
#2634 = ORIENTED_EDGE ( 'NONE', *, *, #606, .T. ) ;
#2635 = CARTESIAN_POINT ( 'NONE',  ( 0.5319100000000011041, 0.6906000000000005468, 0.4123599999999998378 ) ) ;
#2636 = ORIENTED_EDGE ( 'NONE', *, *, #924, .F. ) ;
#2637 = CARTESIAN_POINT ( 'NONE',  ( 1.725000000000000089, 0.4299999999999994382, 1.724999999999999867 ) ) ;
#2638 = AXIS2_PLACEMENT_3D ( 'NONE', #1265, #1968, #2228 ) ;
#2639 = FACE_OUTER_BOUND ( 'NONE', #711, .T. ) ;
#2640 = PRESENTATION_STYLE_ASSIGNMENT (( #915 ) ) ;
#2641 = VERTEX_POINT ( 'NONE', #2299 ) ;
#2642 = LINE ( 'NONE', #906, #385 ) ;
#2643 = FACE_OUTER_BOUND ( 'NONE', #4, .T. ) ;
#2644 =( NAMED_UNIT ( * ) SI_UNIT ( $, .STERADIAN. ) SOLID_ANGLE_UNIT ( ) );
#2645 = ORIENTED_EDGE ( 'NONE', *, *, #1452, .F. ) ;
#2646 = EDGE_CURVE ( 'NONE', #2780, #2465, #2280, .T. ) ;
#2647 = EDGE_CURVE ( 'NONE', #48, #1797, #83, .T. ) ;
#2648 = VECTOR ( 'NONE', #2429, 1000.000000000000000 ) ;
#2649 = CARTESIAN_POINT ( 'NONE',  ( 0.4119100000000007755, 0.6906000000000005468, 0.5323600000000001664 ) ) ;
#2650 = CARTESIAN_POINT ( 'NONE',  ( 1.084202172485504434E-15, 0.6836000000000007626, 1.102868285104868432E-15 ) ) ;
#2651 = LINE ( 'NONE', #2192, #3137 ) ;
#2652 = ORIENTED_EDGE ( 'NONE', *, *, #2692, .T. ) ;
#2653 = PLANE ( 'NONE',  #1402 ) ;
#2654 = DIRECTION ( 'NONE',  ( 7.238338640138938202E-19, 1.000000000000000000, 7.030606108311833107E-16 ) ) ;
#2655 = UNCERTAINTY_MEASURE_WITH_UNIT (LENGTH_MEASURE( 1.000000000000000082E-05 ), #1131, 'distance_accuracy_value', 'NONE');
#2656 = LINE ( 'NONE', #1434, #1898 ) ;
#2657 = VECTOR ( 'NONE', #2918, 1000.000000000000000 ) ;
#2658 = EDGE_LOOP ( 'NONE', ( #925, #2668, #489, #2520 ) ) ;
#2659 = DIRECTION ( 'NONE',  ( -3.129636159629258261E-32, -1.000000000000000000, -1.224646799147353454E-16 ) ) ;
#2660 = PLANE ( 'NONE',  #2322 ) ;
#2661 = CARTESIAN_POINT ( 'NONE',  ( 0.3792000000000007587, 0.6836000000000010957, -0.5464999999999989866 ) ) ;
#2662 = ORIENTED_EDGE ( 'NONE', *, *, #1108, .F. ) ;
#2663 = FACE_BOUND ( 'NONE', #565, .T. ) ;
#2664 = CARTESIAN_POINT ( 'NONE',  ( -0.1999709999999990939, 0.6836000000000008736, -6.709999999966090691E-05 ) ) ;
#2665 = VECTOR ( 'NONE', #301, 1000.000000000000000 ) ;
#2666 = PLANE ( 'NONE',  #55 ) ;
#2667 = APPLICATION_CONTEXT ( 'automotive_design' ) ;
#2668 = ORIENTED_EDGE ( 'NONE', *, *, #1790, .F. ) ;
#2669 = EDGE_CURVE ( 'NONE', #21, #2494, #899, .T. ) ;
#2670 = AXIS2_PLACEMENT_3D ( 'NONE', #414, #2113, #1411 ) ;
#2671 = FACE_OUTER_BOUND ( 'NONE', #43, .T. ) ;
#2672 = COLOUR_RGB ( '',1.000000000000000000, 1.000000000000000000, 1.000000000000000000 ) ;
#2673 = CARTESIAN_POINT ( 'NONE',  ( -0.1999709999999990939, 0.6836000000000009846, -0.2000671000000001643 ) ) ;
#2674 = EDGE_CURVE ( 'NONE', #2079, #1253, #3005, .T. ) ;
#2675 = VECTOR ( 'NONE', #2831, 1000.000000000000000 ) ;
#2676 = ORIENTED_EDGE ( 'NONE', *, *, #169, .T. ) ;
#2677 = AXIS2_PLACEMENT_3D ( 'NONE', #1487, #2500, #555 ) ;
#2678 = ORIENTED_EDGE ( 'NONE', *, *, #772, .T. ) ;
#2679 = ADVANCED_FACE ( 'NONE', ( #341 ), #791, .T. ) ;
#2680 = LINE ( 'NONE', #2984, #2972 ) ;
#2681 = ORIENTED_EDGE ( 'NONE', *, *, #1452, .T. ) ;
#2682 = DIRECTION ( 'NONE',  ( 0.000000000000000000, 0.000000000000000000, 1.000000000000000000 ) ) ;
#2683 = CIRCLE ( 'NONE', #2384, 0.03350000000000000200 ) ;
#2684 = CARTESIAN_POINT ( 'NONE',  ( 0.4017000000000007232, 0.6806000000000007599, 1.101834757250349120E-15 ) ) ;
#2685 = LINE ( 'NONE', #480, #562 ) ;
#2686 = ORIENTED_EDGE ( 'NONE', *, *, #124, .T. ) ;
#2687 = ORIENTED_EDGE ( 'NONE', *, *, #995, .T. ) ;
#2688 = LINE ( 'NONE', #942, #631 ) ;
#2689 = UNCERTAINTY_MEASURE_WITH_UNIT (LENGTH_MEASURE( 1.000000000000000082E-05 ), #1815, 'distance_accuracy_value', 'NONE');
#2690 = DIRECTION ( 'NONE',  ( 1.000000000000000000, -1.155264364861559905E-16, -4.079339205612799461E-16 ) ) ;
#2691 = ADVANCED_FACE ( 'NONE', ( #1532 ), #2035, .T. ) ;
#2692 = EDGE_CURVE ( 'NONE', #3104, #1031, #837, .T. ) ;
#2693 = AXIS2_PLACEMENT_3D ( 'NONE', #2637, #2181, #960 ) ;
#2694 = AXIS2_PLACEMENT_3D ( 'NONE', #2757, #604, #2273 ) ;
#2695 = ORIENTED_EDGE ( 'NONE', *, *, #1972, .T. ) ;
#2696 = ORIENTED_EDGE ( 'NONE', *, *, #1913, .F. ) ;
#2697 = CARTESIAN_POINT ( 'NONE',  ( -1.724999999999999645, 0.4299999999999994382, 1.725000000000000089 ) ) ;
#2698 = CIRCLE ( 'NONE', #1216, 0.03350000000000000200 ) ;
#2699 = EDGE_CURVE ( 'NONE', #229, #2303, #3006, .T. ) ;
#2700 = DIRECTION ( 'NONE',  ( 7.238338640138938202E-19, 1.000000000000000000, 7.030606108311833107E-16 ) ) ;
#2701 = CARTESIAN_POINT ( 'NONE',  ( 2.899999999969767039E-05, 0.6836000000000010957, -0.4000670999999990096 ) ) ;
#2702 = ORIENTED_EDGE ( 'NONE', *, *, #2525, .T. ) ;
#2703 = ORIENTED_EDGE ( 'NONE', *, *, #831, .F. ) ;
#2704 = LINE ( 'NONE', #2196, #1046 ) ;
#2705 = FILL_AREA_STYLE_COLOUR ( '', #2740 ) ;
#2706 = VECTOR ( 'NONE', #628, 1000.000000000000000 ) ;
#2707 = CIRCLE ( 'NONE', #1224, 0.03350000000000000200 ) ;
#2708 = PLANE ( 'NONE',  #936 ) ;
#2709 = ORIENTED_EDGE ( 'NONE', *, *, #1948, .T. ) ;
#2710 = ORIENTED_EDGE ( 'NONE', *, *, #995, .F. ) ;
#2711 = CLOSED_SHELL ( 'NONE', ( #535, #3018, #1957, #3042, #2211, #2359, #23, #2820, #3149 ) ) ;
#2712 = PRESENTATION_STYLE_ASSIGNMENT (( #538 ) ) ;
#2713 = DIRECTION ( 'NONE',  ( -4.857225732735217637E-17, -7.030606108311833107E-16, 1.000000000000000000 ) ) ;
#2714 = DIRECTION ( 'NONE',  ( 7.238338640139153906E-19, 1.000000000000000000, 2.589714009811204974E-16 ) ) ;
#2715 = CARTESIAN_POINT ( 'NONE',  ( -0.3999709999999996324, 0.6836000000000005405, 0.3999328999999997025 ) ) ;
#2716 = CARTESIAN_POINT ( 'NONE',  ( 0.4119100000000007755, 0.6806000000000005379, 0.5323600000000001664 ) ) ;
#2717 = ORIENTED_EDGE ( 'NONE', *, *, #2014, .F. ) ;
#2718 = VERTEX_POINT ( 'NONE', #2051 ) ;
#2719 = FILL_AREA_STYLE_COLOUR ( '', #24 ) ;
#2720 = PRESENTATION_STYLE_ASSIGNMENT (( #1969 ) ) ;
#2721 = UNCERTAINTY_MEASURE_WITH_UNIT (LENGTH_MEASURE( 1.000000000000000082E-05 ), #297, 'distance_accuracy_value', 'NONE');
#2722 = FACE_OUTER_BOUND ( 'NONE', #1004, .T. ) ;
#2723 =( GEOMETRIC_REPRESENTATION_CONTEXT ( 3 ) GLOBAL_UNCERTAINTY_ASSIGNED_CONTEXT ( ( #3077 ) ) GLOBAL_UNIT_ASSIGNED_CONTEXT ( ( #855, #610, #2586 ) ) REPRESENTATION_CONTEXT ( 'NONE', 'WORKASPACE' ) );
#2724 = STYLED_ITEM ( 'NONE', ( #1239 ), #1538 ) ;
#2725 = ORIENTED_EDGE ( 'NONE', *, *, #2568, .T. ) ;
#2726 = VERTEX_POINT ( 'NONE', #563 ) ;
#2727 = FACE_OUTER_BOUND ( 'NONE', #514, .T. ) ;
#2728 = CARTESIAN_POINT ( 'NONE',  ( -0.6500000000000001332, 0.05000000000000186240, -1.625000000000000666 ) ) ;
#2729 = FACE_OUTER_BOUND ( 'NONE', #13, .T. ) ;
#2730 = STYLED_ITEM ( 'NONE', ( #2534 ), #2106 ) ;
#2731 = CIRCLE ( 'NONE', #1336, 0.03350000000000000200 ) ;
#2732 = COLOUR_RGB ( '',1.000000000000000000, 1.000000000000000000, 1.000000000000000000 ) ;
#2733 = SURFACE_STYLE_FILL_AREA ( #2063 ) ;
#2734 = SURFACE_STYLE_USAGE ( .BOTH. , #1813 ) ;
#2735 = VECTOR ( 'NONE', #2073, 1000.000000000000000 ) ;
#2736 = ORIENTED_EDGE ( 'NONE', *, *, #2646, .T. ) ;
#2737 = EDGE_LOOP ( 'NONE', ( #732, #2767, #3051, #34 ) ) ;
#2738 = PRESENTATION_STYLE_ASSIGNMENT (( #2496 ) ) ;
#2739 = ADVANCED_FACE ( 'NONE', ( #1318 ), #1816, .F. ) ;
#2740 = COLOUR_RGB ( '',1.000000000000000000, 1.000000000000000000, 1.000000000000000000 ) ;
#2741 = CIRCLE ( 'NONE', #1346, 0.03350000000000000200 ) ;
#2742 = VERTEX_POINT ( 'NONE', #2114 ) ;
#2743 = ORIENTED_EDGE ( 'NONE', *, *, #1108, .T. ) ;
#2744 = SURFACE_STYLE_USAGE ( .BOTH. , #2529 ) ;
#2745 = CARTESIAN_POINT ( 'NONE',  ( 1.725000000000000089, 0.4300000000000018252, -1.724999999999999867 ) ) ;
#2746 = AXIS2_PLACEMENT_3D ( 'NONE', #1595, #1634, #918 ) ;
#2747 = LINE ( 'NONE', #2276, #202 ) ;
#2748 = SURFACE_STYLE_FILL_AREA ( #1260 ) ;
#2749 = ORIENTED_EDGE ( 'NONE', *, *, #547, .T. ) ;
#2750 = ORIENTED_EDGE ( 'NONE', *, *, #2947, .F. ) ;
#2751 = CARTESIAN_POINT ( 'NONE',  ( 0.6500000000000005773, 1.781249844812516488E-15, -1.625000000000000666 ) ) ;
#2752 = CARTESIAN_POINT ( 'NONE',  ( 0.5715000000000002300, 0.5000000000000004441, 0.5715000000000001190 ) ) ;
#2753 = CARTESIAN_POINT ( 'NONE',  ( 1.725000000000000089, 0.4299999999999994382, 1.724999999999999867 ) ) ;
#2754 = VECTOR ( 'NONE', #869, 1000.000000000000000 ) ;
#2755 = ORIENTED_EDGE ( 'NONE', *, *, #2121, .F. ) ;
#2756 = DIRECTION ( 'NONE',  ( 7.238338640138938202E-19, 1.000000000000000000, 7.030606108311833107E-16 ) ) ;
#2757 = CARTESIAN_POINT ( 'NONE',  ( 1.084202172485504434E-15, 7.177195981987332792E-16, 8.673617379884037444E-16 ) ) ;
#2758 = VECTOR ( 'NONE', #19, 1000.000000000000000 ) ;
#2759 = CARTESIAN_POINT ( 'NONE',  ( 1.725000000000000089, 0.4299999999999994382, 1.724999999999999867 ) ) ;
#2760 = FILL_AREA_STYLE_COLOUR ( '', #649 ) ;
#2761 = VERTEX_POINT ( 'NONE', #1576 ) ;
#2762 = EDGE_LOOP ( 'NONE', ( #561, #2179, #554, #1302 ) ) ;
#2763 = CARTESIAN_POINT ( 'NONE',  ( 0.5319100000000011041, 0.6806000000000010930, -0.5323599999999997223 ) ) ;
#2764 =( NAMED_UNIT ( * ) SI_UNIT ( $, .STERADIAN. ) SOLID_ANGLE_UNIT ( ) );
#2765 = CARTESIAN_POINT ( 'NONE',  ( 0.4017000000000007232, 0.6836000000000005405, 0.4244400000000009832 ) ) ;
#2766 = SURFACE_STYLE_USAGE ( .BOTH. , #71 ) ;
#2767 = ORIENTED_EDGE ( 'NONE', *, *, #2866, .F. ) ;
#2768 = EDGE_CURVE ( 'NONE', #1984, #1230, #1040, .T. ) ;
#2769 = AXIS2_PLACEMENT_3D ( 'NONE', #559, #1058, #2031 ) ;
#2770 = ORIENTED_EDGE ( 'NONE', *, *, #2257, .F. ) ;
#2771 = DIRECTION ( 'NONE',  ( 7.238338640139400425E-19, 1.000000000000000000, 1.224646799147353454E-16 ) ) ;
#2772 = LINE ( 'NONE', #2728, #509 ) ;
#2773 = CARTESIAN_POINT ( 'NONE',  ( 0.6500000000000005773, 0.04999999999999956563, 1.625000000000000666 ) ) ;
#2774 = SURFACE_STYLE_USAGE ( .BOTH. , #2074 ) ;
#2775 = AXIS2_PLACEMENT_3D ( 'NONE', #166, #2077, #667 ) ;
#2776 = VECTOR ( 'NONE', #2313, 1000.000000000000000 ) ;
#2777 = CARTESIAN_POINT ( 'NONE',  ( 0.2000290000000002344, 0.6836000000000008736, -0.2000671000000019406 ) ) ;
#2778 = FILL_AREA_STYLE_COLOUR ( '', #1436 ) ;
#2779 = ORIENTED_EDGE ( 'NONE', *, *, #1236, .F. ) ;
#2780 = VERTEX_POINT ( 'NONE', #389 ) ;
#2781 = DIRECTION ( 'NONE',  ( -6.644458308135963693E-33, -1.000000000000000000, -2.589714009811204974E-16 ) ) ;
#2782 = DIRECTION ( 'NONE',  ( -7.238338640139153906E-19, -1.000000000000000000, -2.589714009811204974E-16 ) ) ;
#2783 = PRESENTATION_STYLE_ASSIGNMENT (( #1767 ) ) ;
#2784 = PRESENTATION_STYLE_ASSIGNMENT (( #2766 ) ) ;
#2785 = EDGE_LOOP ( 'NONE', ( #788, #1709, #2524, #233 ) ) ;
#2786 = VECTOR ( 'NONE', #2801, 1000.000000000000000 ) ;
#2787 =( NAMED_UNIT ( * ) PLANE_ANGLE_UNIT ( ) SI_UNIT ( $, .RADIAN. ) );
#2788 = UNCERTAINTY_MEASURE_WITH_UNIT (LENGTH_MEASURE( 1.000000000000000082E-05 ), #2030, 'distance_accuracy_value', 'NONE');
#2789 = EDGE_CURVE ( 'NONE', #2536, #980, #416, .T. ) ;
#2790 = AXIS2_PLACEMENT_3D ( 'NONE', #2191, #1193, #1907 ) ;
#2791 = EDGE_CURVE ( 'NONE', #3171, #1591, #401, .T. ) ;
#2792 = ORIENTED_EDGE ( 'NONE', *, *, #3066, .F. ) ;
#2793 = PRESENTATION_STYLE_ASSIGNMENT (( #298 ) ) ;
#2794 = LINE ( 'NONE', #588, #372 ) ;
#2795 = CARTESIAN_POINT ( 'NONE',  ( -0.5464999999999989866, 0.6836000000000005405, 0.5465000000000012070 ) ) ;
#2796 = EDGE_CURVE ( 'NONE', #3016, #2486, #1363, .T. ) ;
#2797 = DIRECTION ( 'NONE',  ( -7.238338640139153906E-19, -1.000000000000000000, -2.589714009811204974E-16 ) ) ;
#2798 = DIRECTION ( 'NONE',  ( 1.000000000000000000, -7.238338640139361907E-19, 4.857225732735217637E-17 ) ) ;
#2799 = ORIENTED_EDGE ( 'NONE', *, *, #589, .F. ) ;
#2800 = FILL_AREA_STYLE_COLOUR ( '', #585 ) ;
#2801 = DIRECTION ( 'NONE',  ( -7.238338640139153906E-19, -1.000000000000000000, -2.589714009811204974E-16 ) ) ;
#2802 = CARTESIAN_POINT ( 'NONE',  ( 0.4017000000000007232, 0.6836000000000010957, -0.4244400000000005391 ) ) ;
#2803 = PLANE ( 'NONE',  #2321 ) ;
#2804 = ORIENTED_EDGE ( 'NONE', *, *, #927, .T. ) ;
#2805 =( LENGTH_UNIT ( ) NAMED_UNIT ( * ) SI_UNIT ( .MILLI., .METRE. ) );
#2806 = VECTOR ( 'NONE', #2461, 1000.000000000000000 ) ;
#2807 = ORIENTED_EDGE ( 'NONE', *, *, #57, .F. ) ;
#2808 = SURFACE_SIDE_STYLE ('',( #850 ) ) ;
#2809 = SURFACE_STYLE_USAGE ( .BOTH. , #851 ) ;
#2810 = DIRECTION ( 'NONE',  ( 2.449117988379029172E-32, -7.030606108311833107E-16, 1.000000000000000000 ) ) ;
#2811 = APPLICATION_PROTOCOL_DEFINITION ( 'draft international standard', 'automotive_design', 1998, #1843 ) ;
#2812 = CARTESIAN_POINT ( 'NONE',  ( -0.6500000000000001332, 0.05000000000000071054, -8.501362737464148497E-16 ) ) ;
#2813 = SURFACE_STYLE_USAGE ( .BOTH. , #3060 ) ;
#2814 = ORIENTED_EDGE ( 'NONE', *, *, #2014, .T. ) ;
#2815 =( NAMED_UNIT ( * ) SI_UNIT ( $, .STERADIAN. ) SOLID_ANGLE_UNIT ( ) );
#2816 = CARTESIAN_POINT ( 'NONE',  ( 0.4242000000000006876, 0.6806000000000010930, -0.4019399999999988538 ) ) ;
#2817 = PLANE ( 'NONE',  #1899 ) ;
#2818 = SURFACE_SIDE_STYLE ('',( #307 ) ) ;
#2819 = VERTEX_POINT ( 'NONE', #1862 ) ;
#2820 = ADVANCED_FACE ( 'NONE', ( #1126 ), #2351, .F. ) ;
#2821 = DIRECTION ( 'NONE',  ( -1.411394088993327694E-16, 7.030606108311833107E-16, -1.000000000000000000 ) ) ;
#2822 = CARTESIAN_POINT ( 'NONE',  ( 0.4344100000000007400, 0.6906000000000011019, -0.4348599999999993582 ) ) ;
#2823 = DIRECTION ( 'NONE',  ( -7.238338640139153906E-19, -1.000000000000000000, -2.589714009811204974E-16 ) ) ;
#2824 = VECTOR ( 'NONE', #1708, 1000.000000000000000 ) ;
#2825 = DIRECTION ( 'NONE',  ( 0.000000000000000000, 0.000000000000000000, 1.000000000000000000 ) ) ;
#2826 = COLOUR_RGB ( '',0.9686274509803921573, 0.8784313725490195957, 0.5999999999999999778 ) ;
#2827 = EDGE_CURVE ( 'NONE', #2641, #464, #626, .T. ) ;
#2828 = EDGE_CURVE ( 'NONE', #118, #2573, #1111, .T. ) ;
#2829 = EDGE_CURVE ( 'NONE', #3031, #2243, #2603, .T. ) ;
#2830 = DIRECTION ( 'NONE',  ( 0.000000000000000000, 0.000000000000000000, 1.000000000000000000 ) ) ;
#2831 = DIRECTION ( 'NONE',  ( -8.486801005547741959E-17, 7.006907263567901912E-16, -1.000000000000000000 ) ) ;
#2832 = DIRECTION ( 'NONE',  ( -7.238338640139153906E-19, -1.000000000000000000, -2.589714009811204974E-16 ) ) ;
#2833 = ORIENTED_EDGE ( 'NONE', *, *, #300, .F. ) ;
#2834 = PRODUCT ( 'SST-10-UV-A130-G385-00', 'SST-10-UV-A130-G385-00', '', ( #1838 ) ) ;
#2835 = CARTESIAN_POINT ( 'NONE',  ( 1.725000000000000089, 0.5799999999999995159, 1.724999999999999867 ) ) ;
#2836 = CARTESIAN_POINT ( 'NONE',  ( 0.3792000000000007587, 0.6836000000000005405, 0.5240000000000012426 ) ) ;
#2837 = CARTESIAN_POINT ( 'NONE',  ( -1.724999999999999645, 0.5800000000000019584, -1.724999999999999645 ) ) ;
#2838 = VECTOR ( 'NONE', #1148, 1000.000000000000000 ) ;
#2839 = VERTEX_POINT ( 'NONE', #657 ) ;
#2840 =( NAMED_UNIT ( * ) PLANE_ANGLE_UNIT ( ) SI_UNIT ( $, .RADIAN. ) );
#2841 = FILL_AREA_STYLE_COLOUR ( '', #1134 ) ;
#2842 = FACE_OUTER_BOUND ( 'NONE', #1507, .T. ) ;
#2843 = MECHANICAL_DESIGN_GEOMETRIC_PRESENTATION_REPRESENTATION (  '', ( #119 ), #161 ) ;
#2844 = CARTESIAN_POINT ( 'NONE',  ( 1.150000000000001021, 0.04999999999999956563, 1.625000000000000666 ) ) ;
#2845 = CARTESIAN_POINT ( 'NONE',  ( 0.6500000000000005773, 0.05000000000000186240, -1.625000000000000666 ) ) ;
#2846 = SURFACE_STYLE_FILL_AREA ( #1137 ) ;
#2847 = SURFACE_STYLE_FILL_AREA ( #2582 ) ;
#2848 = ORIENTED_EDGE ( 'NONE', *, *, #487, .T. ) ;
#2849 = AXIS2_PLACEMENT_3D ( 'NONE', #455, #1687, #2896 ) ;
#2850 = FILL_AREA_STYLE ('',( #1906 ) ) ;
#2851 = CARTESIAN_POINT ( 'NONE',  ( 0.4119100000000007755, 0.6906000000000011019, -0.4348599999999993582 ) ) ;
#2852 = CARTESIAN_POINT ( 'NONE',  ( -1.625000000000000444, -2.331723728410470195E-16, 1.625000000000000666 ) ) ;
#2853 = CARTESIAN_POINT ( 'NONE',  ( 0.4119100000000007755, 0.6906000000000011019, -0.4348599999999993582 ) ) ;
#2854 = VERTEX_POINT ( 'NONE', #2816 ) ;
#2855 = SURFACE_STYLE_USAGE ( .BOTH. , #2355 ) ;
#2856 = AXIS2_PLACEMENT_3D ( 'NONE', #179, #615, #1592 ) ;
#2857 = PLANE ( 'NONE',  #2886 ) ;
#2858 = LINE ( 'NONE', #2910, #2275 ) ;
#2859 = COLOUR_RGB ( '',0.9686274509803921573, 0.8784313725490195957, 0.5999999999999999778 ) ;
#2860 = LINE ( 'NONE', #2845, #1419 ) ;
#2861 = FACE_OUTER_BOUND ( 'NONE', #188, .T. ) ;
#2862 =( NAMED_UNIT ( * ) PLANE_ANGLE_UNIT ( ) SI_UNIT ( $, .RADIAN. ) );
#2863 = EDGE_LOOP ( 'NONE', ( #1204, #1323, #2702, #192 ) ) ;
#2864 = PLANE ( 'NONE',  #424 ) ;
#2865 = SURFACE_STYLE_USAGE ( .BOTH. , #3093 ) ;
#2866 = EDGE_CURVE ( 'NONE', #741, #1676, #1378, .T. ) ;
#2867 = ORIENTED_EDGE ( 'NONE', *, *, #149, .F. ) ;
#2868 = FACE_OUTER_BOUND ( 'NONE', #2186, .T. ) ;
#2869 = DIRECTION ( 'NONE',  ( 0.000000000000000000, 0.000000000000000000, 1.000000000000000000 ) ) ;
#2870 = EDGE_CURVE ( 'NONE', #347, #2839, #2387, .T. ) ;
#2871 = CARTESIAN_POINT ( 'NONE',  ( -0.1999709999999990939, 0.6836000000000005405, 0.3999328999999996470 ) ) ;
#2872 = ORIENTED_EDGE ( 'NONE', *, *, #2827, .T. ) ;
#2873 = DIRECTION ( 'NONE',  ( 4.857225732735387735E-17, 7.030606108311833107E-16, -1.000000000000000000 ) ) ;
#2874 = CARTESIAN_POINT ( 'NONE',  ( 0.6500000000000005773, 0.05000000000000186240, -1.625000000000000666 ) ) ;
#2875 =( NAMED_UNIT ( * ) PLANE_ANGLE_UNIT ( ) SI_UNIT ( $, .RADIAN. ) );
#2876 = LINE ( 'NONE', #352, #801 ) ;
#2877 = PRESENTATION_LAYER_ASSIGNMENT (  '', '', ( #663 ) ) ;
#2878 = ORIENTED_EDGE ( 'NONE', *, *, #730, .T. ) ;
#2879 = LINE ( 'NONE', #3106, #2420 ) ;
#2880 = DIRECTION ( 'NONE',  ( -7.238338640139153906E-19, -1.000000000000000000, -2.589714009811204974E-16 ) ) ;
#2881 = DIRECTION ( 'NONE',  ( -7.238338640139153906E-19, -1.000000000000000000, -2.589714009811204974E-16 ) ) ;
#2882 = LINE ( 'NONE', #143, #3048 ) ;
#2883 = VERTEX_POINT ( 'NONE', #156 ) ;
#2884 = DIRECTION ( 'NONE',  ( -7.238338640139153906E-19, -1.000000000000000000, -2.589714009811204974E-16 ) ) ;
#2885 = UNCERTAINTY_MEASURE_WITH_UNIT (LENGTH_MEASURE( 1.000000000000000082E-05 ), #552, 'distance_accuracy_value', 'NONE');
#2886 = AXIS2_PLACEMENT_3D ( 'NONE', #1632, #648, #2104 ) ;
#2887 = CARTESIAN_POINT ( 'NONE',  ( -1.442220510185594939, 0.5800000000000009592, 4.499987435223916244E-15 ) ) ;
#2888 = COLOUR_RGB ( '',1.000000000000000000, 1.000000000000000000, 1.000000000000000000 ) ;
#2889 =( GEOMETRIC_REPRESENTATION_CONTEXT ( 3 ) GLOBAL_UNCERTAINTY_ASSIGNED_CONTEXT ( ( #2721 ) ) GLOBAL_UNIT_ASSIGNED_CONTEXT ( ( #297, #1736, #1011 ) ) REPRESENTATION_CONTEXT ( 'NONE', 'WORKASPACE' ) );
#2890 = ADVANCED_FACE ( 'NONE', ( #354 ), #2864, .F. ) ;
#2891 = VERTEX_POINT ( 'NONE', #2635 ) ;
#2892 = VECTOR ( 'NONE', #1557, 1000.000000000000000 ) ;
#2893 = EDGE_CURVE ( 'NONE', #464, #546, #2633, .T. ) ;
#2894 = EDGE_CURVE ( 'NONE', #1797, #2281, #239, .T. ) ;
#2895 = AXIS2_PLACEMENT_3D ( 'NONE', #1562, #819, #305 ) ;
#2896 = DIRECTION ( 'NONE',  ( 4.857225732735384653E-17, 5.004010026856174159E-16, -1.000000000000000000 ) ) ;
#2897 = SURFACE_STYLE_FILL_AREA ( #386 ) ;
#2898 = PLANE ( 'NONE',  #3043 ) ;
#2899 =( NAMED_UNIT ( * ) PLANE_ANGLE_UNIT ( ) SI_UNIT ( $, .RADIAN. ) );
#2900 = ORIENTED_EDGE ( 'NONE', *, *, #1789, .T. ) ;
#2901 = FACE_BOUND ( 'NONE', #1539, .T. ) ;
#2902 = PLANE ( 'NONE',  #684 ) ;
#2903 = SURFACE_STYLE_FILL_AREA ( #3142 ) ;
#2904 = ORIENTED_EDGE ( 'NONE', *, *, #847, .F. ) ;
#2905 = LINE ( 'NONE', #1883, #917 ) ;
#2906 = DIRECTION ( 'NONE',  ( 1.155264364861563110E-16, 1.000000000000000000, 5.665538897647980601E-16 ) ) ;
#2907 = CARTESIAN_POINT ( 'NONE',  ( -0.6500000000000001332, 0.04999999999999956563, 1.625000000000000666 ) ) ;
#2908 = STYLED_ITEM ( 'NONE', ( #2338 ), #1520 ) ;
#2909 = EDGE_LOOP ( 'NONE', ( #159, #1391, #1249, #49 ) ) ;
#2910 = CARTESIAN_POINT ( 'NONE',  ( -1.625000000000000444, 0.05000000000000186240, -1.625000000000000666 ) ) ;
#2911 = EDGE_CURVE ( 'NONE', #860, #929, #1256, .T. ) ;
#2912 = CARTESIAN_POINT ( 'NONE',  ( 0.5319100000000011041, 0.6806000000000005379, 0.5323600000000001664 ) ) ;
#2913 = CARTESIAN_POINT ( 'NONE',  ( 0.4000290000000007451, 0.6836000000000006516, 0.2334328999999974175 ) ) ;
#2914 = ORIENTED_EDGE ( 'NONE', *, *, #2024, .T. ) ;
#2915 = PRESENTATION_STYLE_ASSIGNMENT (( #268 ) ) ;
#2916 = ADVANCED_FACE ( 'NONE', ( #718 ), #2954, .F. ) ;
#2917 = DIRECTION ( 'NONE',  ( 7.238338640139153906E-19, 1.000000000000000000, 2.589714009811204974E-16 ) ) ;
#2918 = DIRECTION ( 'NONE',  ( 4.857225732735385269E-17, 7.006907263567901912E-16, -1.000000000000000000 ) ) ;
#2919 = VERTEX_POINT ( 'NONE', #1920 ) ;
#2920 = CARTESIAN_POINT ( 'NONE',  ( 2.900000000142992053E-05, 0.6836000000000006516, 0.1664329000000008829 ) ) ;
#2921 = SURFACE_STYLE_USAGE ( .BOTH. , #194 ) ;
#2922 = FILL_AREA_STYLE ('',( #3145 ) ) ;
#2923 = CARTESIAN_POINT ( 'NONE',  ( -0.6500000000000001332, 9.329499271860934287E-16, -0.1999999999999996503 ) ) ;
#2924 = EDGE_CURVE ( 'NONE', #217, #1779, #121, .T. ) ;
#2925 = AXIS2_PLACEMENT_3D ( 'NONE', #2844, #1372, #2810 ) ;
#2926 = ORIENTED_EDGE ( 'NONE', *, *, #1739, .T. ) ;
#2927 = ORIENTED_EDGE ( 'NONE', *, *, #2315, .T. ) ;
#2928 = FACE_OUTER_BOUND ( 'NONE', #991, .T. ) ;
#2929 = DIRECTION ( 'NONE',  ( 7.238338640138938202E-19, 1.000000000000000000, 7.030606108311833107E-16 ) ) ;
#2930 = ADVANCED_FACE ( 'NONE', ( #1932 ), #2902, .T. ) ;
#2931 = EDGE_LOOP ( 'NONE', ( #2175, #1376, #2472, #419 ) ) ;
#2932 = ADVANCED_FACE ( 'NONE', ( #205 ), #1673, .T. ) ;
#2933 = SURFACE_SIDE_STYLE ('',( #2416 ) ) ;
#2934 = EDGE_CURVE ( 'NONE', #473, #1497, #2741, .T. ) ;
#2935 = VECTOR ( 'NONE', #2047, 1000.000000000000000 ) ;
#2936 = LINE ( 'NONE', #511, #2994 ) ;
#2937 = SURFACE_SIDE_STYLE ('',( #2903 ) ) ;
#2938 = ORIENTED_EDGE ( 'NONE', *, *, #2791, .F. ) ;
#2939 = ORIENTED_EDGE ( 'NONE', *, *, #3111, .T. ) ;
#2940 =( GEOMETRIC_REPRESENTATION_CONTEXT ( 3 ) GLOBAL_UNCERTAINTY_ASSIGNED_CONTEXT ( ( #3054 ) ) GLOBAL_UNIT_ASSIGNED_CONTEXT ( ( #674, #971, #1428 ) ) REPRESENTATION_CONTEXT ( 'NONE', 'WORKASPACE' ) );
#2941 = DIRECTION ( 'NONE',  ( 7.238338640138938202E-19, 1.000000000000000000, 7.030606108311833107E-16 ) ) ;
#2942 =( NAMED_UNIT ( * ) PLANE_ANGLE_UNIT ( ) SI_UNIT ( $, .RADIAN. ) );
#2943 = LINE ( 'NONE', #729, #828 ) ;
#2944 = EDGE_CURVE ( 'NONE', #1139, #980, #673, .T. ) ;
#2945 =( GEOMETRIC_REPRESENTATION_CONTEXT ( 3 ) GLOBAL_UNCERTAINTY_ASSIGNED_CONTEXT ( ( #212 ) ) GLOBAL_UNIT_ASSIGNED_CONTEXT ( ( #1511, #767, #2519 ) ) REPRESENTATION_CONTEXT ( 'NONE', 'WORKASPACE' ) );
#2946 = PRESENTATION_LAYER_ASSIGNMENT (  '', '', ( #111 ) ) ;
#2947 = EDGE_CURVE ( 'NONE', #646, #815, #2403, .T. ) ;
#2948 = EDGE_CURVE ( 'NONE', #1010, #2513, #1754, .T. ) ;
#2949 = EDGE_LOOP ( 'NONE', ( #430, #491, #65, #2709 ) ) ;
#2950 = ORIENTED_EDGE ( 'NONE', *, *, #1886, .F. ) ;
#2951 = LINE ( 'NONE', #748, #994 ) ;
#2952 = CARTESIAN_POINT ( 'NONE',  ( -0.5714999999999997859, 0.5000000000000012212, -0.5714999999999997859 ) ) ;
#2953 = ADVANCED_FACE ( 'NONE', ( #691 ), #1658, .T. ) ;
#2954 = PLANE ( 'NONE',  #2790 ) ;
#2955 = AXIS2_PLACEMENT_3D ( 'NONE', #840, #1782, #2004 ) ;
#2956 = FACE_OUTER_BOUND ( 'NONE', #586, .T. ) ;
#2957 = CARTESIAN_POINT ( 'NONE',  ( 0.4119100000000007755, 0.6806000000000005379, 0.4348599999999998023 ) ) ;
#2958 = VERTEX_POINT ( 'NONE', #754 ) ;
#2959 = ORIENTED_EDGE ( 'NONE', *, *, #2257, .T. ) ;
#2960 = FACE_OUTER_BOUND ( 'NONE', #2309, .T. ) ;
#2961 = FACE_OUTER_BOUND ( 'NONE', #1268, .T. ) ;
#2962 = DIRECTION ( 'NONE',  ( -4.857225732735217637E-17, -7.030606108311833107E-16, 1.000000000000000000 ) ) ;
#2963 = ORIENTED_EDGE ( 'NONE', *, *, #249, .T. ) ;
#2964 = ORIENTED_EDGE ( 'NONE', *, *, #1719, .F. ) ;
#2965 = DIRECTION ( 'NONE',  ( 1.000000000000000000, -1.155264364861559412E-16, -4.565061778886338974E-16 ) ) ;
#2966 = DIRECTION ( 'NONE',  ( -4.857225732735217637E-17, -7.030606108311833107E-16, 1.000000000000000000 ) ) ;
#2967 = STYLED_ITEM ( 'NONE', ( #2596 ), #1461 ) ;
#2968 = DIRECTION ( 'NONE',  ( -4.857225732735217637E-17, -7.030606108311833107E-16, 1.000000000000000000 ) ) ;
#2969 = LINE ( 'NONE', #2448, #2370 ) ;
#2970 = DIRECTION ( 'NONE',  ( -7.238338640139153906E-19, -1.000000000000000000, -2.589714009811204974E-16 ) ) ;
#2971 = ORIENTED_EDGE ( 'NONE', *, *, #2598, .F. ) ;
#2972 = VECTOR ( 'NONE', #999, 1000.000000000000000 ) ;
#2973 = VERTEX_POINT ( 'NONE', #1000 ) ;
#2974 = DIRECTION ( 'NONE',  ( -4.857225732735217637E-17, -7.030606108311833107E-16, 1.000000000000000000 ) ) ;
#2975 = CIRCLE ( 'NONE', #184, 0.03350000000000000200 ) ;
#2976 = STYLED_ITEM ( 'NONE', ( #2137 ), #1116 ) ;
#2977 = LINE ( 'NONE', #962, #723 ) ;
#2978 = EDGE_CURVE ( 'NONE', #2996, #789, #1810, .T. ) ;
#2979 = ORIENTED_EDGE ( 'NONE', *, *, #393, .T. ) ;
#2980 = ORIENTED_EDGE ( 'NONE', *, *, #1100, .T. ) ;
#2981 = PRESENTATION_LAYER_ASSIGNMENT (  '', '', ( #1724 ) ) ;
#2982 = CARTESIAN_POINT ( 'NONE',  ( -1.150000000000000577, -2.880474301719706774E-16, 1.625000000000000666 ) ) ;
#2983 = FILL_AREA_STYLE_COLOUR ( '', #1846 ) ;
#2984 = CARTESIAN_POINT ( 'NONE',  ( 0.5464999999999994307, 0.6806000000000008709, 1.101834757250349120E-15 ) ) ;
#2985 = LINE ( 'NONE', #2208, #1439 ) ;
#2986 = DIRECTION ( 'NONE',  ( -4.857225732735385269E-17, -7.006907263567901912E-16, 1.000000000000000000 ) ) ;
#2987 = ORIENTED_EDGE ( 'NONE', *, *, #3173, .F. ) ;
#2988 = ORIENTED_EDGE ( 'NONE', *, *, #1780, .F. ) ;
#2989 = FACE_OUTER_BOUND ( 'NONE', #2277, .T. ) ;
#2990 = DIRECTION ( 'NONE',  ( -1.000000000000000000, 6.195617382138149515E-17, 1.411394088993327694E-16 ) ) ;
#2991 = PRODUCT_DEFINITION_CONTEXT ( 'detailed design', #2667, 'design' ) ;
#2992 = SURFACE_STYLE_USAGE ( .BOTH. , #1200 ) ;
#2993 = PRESENTATION_LAYER_ASSIGNMENT (  '', '', ( #458 ) ) ;
#2994 = VECTOR ( 'NONE', #1259, 1000.000000000000000 ) ;
#2995 = EDGE_LOOP ( 'NONE', ( #2007, #717, #1830, #343 ) ) ;
#2996 = VERTEX_POINT ( 'NONE', #665 ) ;
#2997 = DIRECTION ( 'NONE',  ( 0.000000000000000000, 0.000000000000000000, 1.000000000000000000 ) ) ;
#2998 = EDGE_CURVE ( 'NONE', #2973, #3188, #219, .T. ) ;
#2999 = PLANE ( 'NONE',  #2480 ) ;
#3000 = AXIS2_PLACEMENT_3D ( 'NONE', #2346, #136, #868 ) ;
#3001 = SURFACE_STYLE_FILL_AREA ( #527 ) ;
#3002 = CIRCLE ( 'NONE', #780, 0.03350000000000000200 ) ;
#3003 = ORIENTED_EDGE ( 'NONE', *, *, #322, .T. ) ;
#3004 = ORIENTED_EDGE ( 'NONE', *, *, #1236, .T. ) ;
#3005 = LINE ( 'NONE', #99, #1201 ) ;
#3006 = CIRCLE ( 'NONE', #2895, 0.03350000000000000200 ) ;
#3007 = SURFACE_SIDE_STYLE ('',( #53 ) ) ;
#3008 = STYLED_ITEM ( 'NONE', ( #1831 ), #2890 ) ;
#3009 = EDGE_LOOP ( 'NONE', ( #2456, #1796, #1934, #2540, #2450, #2750, #1060, #2033, #308, #2201, #2023, #2939, #3114, #520 ) ) ;
#3010 = COLOUR_RGB ( '',1.000000000000000000, 1.000000000000000000, 1.000000000000000000 ) ;
#3011 = ORIENTED_EDGE ( 'NONE', *, *, #1320, .T. ) ;
#3012 = CARTESIAN_POINT ( 'NONE',  ( 1.725000000000000089, 0.4299999999999994382, 1.724999999999999867 ) ) ;
#3013 = ADVANCED_FACE ( 'NONE', ( #1665 ), #1386, .F. ) ;
#3014 = CIRCLE ( 'NONE', #1051, 0.03350000000000000200 ) ;
#3015 = CARTESIAN_POINT ( 'NONE',  ( 0.4119100000000007755, 0.6906000000000005468, 0.5323600000000001664 ) ) ;
#3016 = VERTEX_POINT ( 'NONE', #2158 ) ;
#3017 = ORIENTED_EDGE ( 'NONE', *, *, #589, .T. ) ;
#3018 = ADVANCED_FACE ( 'NONE', ( #920 ), #183, .F. ) ;
#3019 = FILL_AREA_STYLE ('',( #2719 ) ) ;
#3020 =( NAMED_UNIT ( * ) PLANE_ANGLE_UNIT ( ) SI_UNIT ( $, .RADIAN. ) );
#3021 = UNCERTAINTY_MEASURE_WITH_UNIT (LENGTH_MEASURE( 1.000000000000000082E-05 ), #1748, 'distance_accuracy_value', 'NONE');
#3022 = DIRECTION ( 'NONE',  ( -4.857225732735217637E-17, -7.030606108311833107E-16, 1.000000000000000000 ) ) ;
#3023 = FACE_OUTER_BOUND ( 'NONE', #2295, .T. ) ;
#3024 = ORIENTED_EDGE ( 'NONE', *, *, #2934, .T. ) ;
#3025 = CIRCLE ( 'NONE', #493, 0.02250000000000000611 ) ;
#3026 = ORIENTED_EDGE ( 'NONE', *, *, #1715, .F. ) ;
#3027 = CARTESIAN_POINT ( 'NONE',  ( 1.725000000000000089, 0.04999999999999949624, 1.724999999999999867 ) ) ;
#3028 = DIRECTION ( 'NONE',  ( 0.000000000000000000, 0.000000000000000000, 1.000000000000000000 ) ) ;
#3029 = CARTESIAN_POINT ( 'NONE',  ( -1.724999999999999645, 0.04999999999999950318, 1.724999999999999867 ) ) ;
#3030 = LINE ( 'NONE', #63, #880 ) ;
#3031 = VERTEX_POINT ( 'NONE', #3175 ) ;
#3032 = ORIENTED_EDGE ( 'NONE', *, *, #1298, .F. ) ;
#3033 = EDGE_CURVE ( 'NONE', #388, #2385, #686, .T. ) ;
#3034 = CARTESIAN_POINT ( 'NONE',  ( -1.293025284993980728, 0.7144827586206909942, 4.520149477271272534E-15 ) ) ;
#3035 = CARTESIAN_POINT ( 'NONE',  ( 0.4000290000000007451, 0.6836000000000006516, 0.1999328999999974155 ) ) ;
#3036 = DIRECTION ( 'NONE',  ( 7.238338640138938202E-19, 1.000000000000000000, 7.030606108311833107E-16 ) ) ;
#3037 = CARTESIAN_POINT ( 'NONE',  ( 0.5715000000000002300, 0.6806000000000004269, 0.5715000000000002300 ) ) ;
#3038 = ORIENTED_EDGE ( 'NONE', *, *, #606, .F. ) ;
#3039 = PRESENTATION_STYLE_ASSIGNMENT (( #2040 ) ) ;
#3040 = AXIS2_PLACEMENT_3D ( 'NONE', #2649, #704, #1140 ) ;
#3041 = VERTEX_POINT ( 'NONE', #3155 ) ;
#3042 = ADVANCED_FACE ( 'NONE', ( #2395 ), #950, .T. ) ;
#3043 = AXIS2_PLACEMENT_3D ( 'NONE', #2143, #933, #688 ) ;
#3044 = CIRCLE ( 'NONE', #2318, 0.03350000000000000200 ) ;
#3045 = CARTESIAN_POINT ( 'NONE',  ( -0.1999709999999990939, 0.6836000000000008736, 0.03343290000000034151 ) ) ;
#3046 = MECHANICAL_DESIGN_GEOMETRIC_PRESENTATION_REPRESENTATION (  '', ( #887 ), #3094 ) ;
#3047 = EDGE_LOOP ( 'NONE', ( #1455, #1287, #100, #1770 ) ) ;
#3048 = VECTOR ( 'NONE', #1128, 1000.000000000000000 ) ;
#3049 =( NAMED_UNIT ( * ) PLANE_ANGLE_UNIT ( ) SI_UNIT ( $, .RADIAN. ) );
#3050 = CARTESIAN_POINT ( 'NONE',  ( 1.084202172485504434E-15, 0.6836000000000007626, 1.102868285104868432E-15 ) ) ;
#3051 = ORIENTED_EDGE ( 'NONE', *, *, #1669, .T. ) ;
#3052 = VECTOR ( 'NONE', #2080, 1000.000000000000000 ) ;
#3053 =( NAMED_UNIT ( * ) PLANE_ANGLE_UNIT ( ) SI_UNIT ( $, .RADIAN. ) );
#3054 = UNCERTAINTY_MEASURE_WITH_UNIT (LENGTH_MEASURE( 1.000000000000000082E-05 ), #674, 'distance_accuracy_value', 'NONE');
#3055 = COLOUR_RGB ( '',1.000000000000000000, 1.000000000000000000, 1.000000000000000000 ) ;
#3056 = ORIENTED_EDGE ( 'NONE', *, *, #1491, .F. ) ;
#3057 =( LENGTH_UNIT ( ) NAMED_UNIT ( * ) SI_UNIT ( .MILLI., .METRE. ) );
#3058 = SURFACE_STYLE_FILL_AREA ( #1370 ) ;
#3059 = CARTESIAN_POINT ( 'NONE',  ( 0.000000000000000000, 0.000000000000000000, 0.000000000000000000 ) ) ;
#3060 = SURFACE_SIDE_STYLE ('',( #1598 ) ) ;
#3061 = ORIENTED_EDGE ( 'NONE', *, *, #3111, .F. ) ;
#3062 = MECHANICAL_DESIGN_GEOMETRIC_PRESENTATION_REPRESENTATION (  '', ( #2908 ), #1104 ) ;
#3063 = SURFACE_SIDE_STYLE ('',( #2066 ) ) ;
#3064 = CARTESIAN_POINT ( 'NONE',  ( -0.3999709999999996324, 0.6836000000000008736, -6.709999999966090691E-05 ) ) ;
#3065 = ORIENTED_EDGE ( 'NONE', *, *, #2059, .T. ) ;
#3066 = EDGE_CURVE ( 'NONE', #2742, #661, #1049, .T. ) ;
#3067 = AXIS2_PLACEMENT_3D ( 'NONE', #1013, #1740, #983 ) ;
#3068 =( NAMED_UNIT ( * ) PLANE_ANGLE_UNIT ( ) SI_UNIT ( $, .RADIAN. ) );
#3069 = DIRECTION ( 'NONE',  ( -4.857225732735386502E-17, -5.658300559007841514E-16, 1.000000000000000000 ) ) ;
#3070 = SURFACE_STYLE_USAGE ( .BOTH. , #3118 ) ;
#3071 = DIRECTION ( 'NONE',  ( -1.023677875345299248E-16, -1.000000000000000000, -1.224646799147353454E-16 ) ) ;
#3072 = PRESENTATION_LAYER_ASSIGNMENT (  '', '', ( #1120 ) ) ;
#3073 = EDGE_LOOP ( 'NONE', ( #27, #1890 ) ) ;
#3074 = CARTESIAN_POINT ( 'NONE',  ( 1.084202172485504434E-15, 0.6836000000000007626, 1.102868285104868432E-15 ) ) ;
#3075 = CARTESIAN_POINT ( 'NONE',  ( 0.4344100000000007400, 0.6906000000000005468, 0.4348599999999998023 ) ) ;
#3076 = EDGE_LOOP ( 'NONE', ( #1701, #1397 ) ) ;
#3077 = UNCERTAINTY_MEASURE_WITH_UNIT (LENGTH_MEASURE( 1.000000000000000082E-05 ), #855, 'distance_accuracy_value', 'NONE');
#3078 = FILL_AREA_STYLE ('',( #2086 ) ) ;
#3079 =( NAMED_UNIT ( * ) SI_UNIT ( $, .STERADIAN. ) SOLID_ANGLE_UNIT ( ) );
#3080 = VECTOR ( 'NONE', #2505, 1000.000000000000000 ) ;
#3081 = CARTESIAN_POINT ( 'NONE',  ( 0.4242000000000006876, 0.6836000000000005405, 0.4244400000000009832 ) ) ;
#3082 = STYLED_ITEM ( 'NONE', ( #2352 ), #1866 ) ;
#3083 =( LENGTH_UNIT ( ) NAMED_UNIT ( * ) SI_UNIT ( .MILLI., .METRE. ) );
#3084 = CARTESIAN_POINT ( 'NONE',  ( -1.625000000000000444, 2.044072487818521965E-15, -1.625000000000000666 ) ) ;
#3085 = DIRECTION ( 'NONE',  ( -4.857225732735217637E-17, -7.030606108311833107E-16, 1.000000000000000000 ) ) ;
#3086 = PRESENTATION_STYLE_ASSIGNMENT (( #2813 ) ) ;
#3087 = ORIENTED_EDGE ( 'NONE', *, *, #62, .F. ) ;
#3088 = VECTOR ( 'NONE', #3119, 1000.000000000000000 ) ;
#3089 = COLOUR_RGB ( '',0.9686274509803921573, 0.8784313725490195957, 0.5999999999999999778 ) ;
#3090 = DIRECTION ( 'NONE',  ( 1.000000000000000000, -7.238338640143186804E-19, 5.930691298090262904E-16 ) ) ;
#3091 = DIRECTION ( 'NONE',  ( -1.000000000000000000, 7.238338640139361907E-19, -4.857225732735220102E-17 ) ) ;
#3092 = DIRECTION ( 'NONE',  ( -7.238338640139153906E-19, -1.000000000000000000, -2.589714009811204974E-16 ) ) ;
#3093 = SURFACE_SIDE_STYLE ('',( #1143 ) ) ;
#3094 =( GEOMETRIC_REPRESENTATION_CONTEXT ( 3 ) GLOBAL_UNCERTAINTY_ASSIGNED_CONTEXT ( ( #2266 ) ) GLOBAL_UNIT_ASSIGNED_CONTEXT ( ( #3057, #1311, #2528 ) ) REPRESENTATION_CONTEXT ( 'NONE', 'WORKASPACE' ) );
#3095 = ORIENTED_EDGE ( 'NONE', *, *, #2870, .T. ) ;
#3096 = CARTESIAN_POINT ( 'NONE',  ( -0.1999709999999990939, 0.6836000000000010957, -0.4000670999999990096 ) ) ;
#3097 = DIRECTION ( 'NONE',  ( 0.000000000000000000, 0.000000000000000000, 1.000000000000000000 ) ) ;
#3098 = PRESENTATION_LAYER_ASSIGNMENT (  '', '', ( #119 ) ) ;
#3099 = EDGE_CURVE ( 'NONE', #2270, #1881, #2642, .T. ) ;
#3100 = CARTESIAN_POINT ( 'NONE',  ( -1.724999999999999645, 0.5800000000000019584, -1.724999999999999645 ) ) ;
#3101 =( NAMED_UNIT ( * ) SI_UNIT ( $, .STERADIAN. ) SOLID_ANGLE_UNIT ( ) );
#3102 = FILL_AREA_STYLE_COLOUR ( '', #2859 ) ;
#3103 = AXIS2_PLACEMENT_3D ( 'NONE', #1033, #1954, #304 ) ;
#3104 = VERTEX_POINT ( 'NONE', #1151 ) ;
#3105 = VECTOR ( 'NONE', #426, 1000.000000000000000 ) ;
#3106 = CARTESIAN_POINT ( 'NONE',  ( 0.4017000000000007232, 0.6836000000000005405, 0.5240000000000012426 ) ) ;
#3107 = DIRECTION ( 'NONE',  ( -7.238338640139153906E-19, -1.000000000000000000, -2.589714009811204974E-16 ) ) ;
#3108 = CARTESIAN_POINT ( 'NONE',  ( 0.5240000000000012426, 0.6836000000000005405, 0.4019400000000010187 ) ) ;
#3109 = PLANE ( 'NONE',  #1750 ) ;
#3110 = EDGE_LOOP ( 'NONE', ( #776, #838, #2971, #2250 ) ) ;
#3111 = EDGE_CURVE ( 'NONE', #1044, #1494, #1441, .T. ) ;
#3112 = CARTESIAN_POINT ( 'NONE',  ( 1.442220510185596938, 0.5800000000000005151, 4.463470173564615418E-15 ) ) ;
#3113 = FACE_OUTER_BOUND ( 'NONE', #2737, .T. ) ;
#3114 = ORIENTED_EDGE ( 'NONE', *, *, #1099, .T. ) ;
#3115 = DIRECTION ( 'NONE',  ( -4.859377449266741344E-17, 0.000000000000000000, 1.000000000000000000 ) ) ;
#3116 = STYLED_ITEM ( 'NONE', ( #1840 ), #178 ) ;
#3117 = STYLED_ITEM ( 'NONE', ( #1858 ), #969 ) ;
#3118 = SURFACE_SIDE_STYLE ('',( #2897 ) ) ;
#3119 = DIRECTION ( 'NONE',  ( 1.000000000000000000, -1.155264364861562863E-16, -2.440701027073827977E-32 ) ) ;
#3120 = DIRECTION ( 'NONE',  ( -1.000000000000000000, 7.238338640139280055E-19, -4.857225732735220102E-17 ) ) ;
#3121 = ORIENTED_EDGE ( 'NONE', *, *, #2457, .F. ) ;
#3122 = PLANE ( 'NONE',  #1793 ) ;
#3123 = SURFACE_STYLE_USAGE ( .BOTH. , #1364 ) ;
#3124 = CARTESIAN_POINT ( 'NONE',  ( 0.4017000000000007232, 0.6836000000000007626, 1.102868285104868432E-15 ) ) ;
#3125 = ORIENTED_EDGE ( 'NONE', *, *, #1099, .F. ) ;
#3126 = EDGE_CURVE ( 'NONE', #984, #2145, #1516, .T. ) ;
#3127 = VECTOR ( 'NONE', #1800, 1000.000000000000000 ) ;
#3128 = CARTESIAN_POINT ( 'NONE',  ( -0.6500000000000001332, 1.931434212244519054E-15, -1.624999999999998890 ) ) ;
#3129 = LINE ( 'NONE', #808, #1454 ) ;
#3130 = EDGE_CURVE ( 'NONE', #234, #1753, #2858, .T. ) ;
#3131 = PRESENTATION_STYLE_ASSIGNMENT (( #878 ) ) ;
#3132 = ORIENTED_EDGE ( 'NONE', *, *, #985, .F. ) ;
#3133 = DIRECTION ( 'NONE',  ( -4.857225732735218869E-17, -5.658300559007841514E-16, 1.000000000000000000 ) ) ;
#3134 = CARTESIAN_POINT ( 'NONE',  ( 0.2000290000000002344, 0.6836000000000007626, -0.03356710000000139721 ) ) ;
#3135 = FACE_OUTER_BOUND ( 'NONE', #1381, .T. ) ;
#3136 = CIRCLE ( 'NONE', #1184, 0.03350000000000000200 ) ;
#3137 = VECTOR ( 'NONE', #956, 1000.000000000000000 ) ;
#3138 = ORIENTED_EDGE ( 'NONE', *, *, #605, .T. ) ;
#3139 = FACE_BOUND ( 'NONE', #203, .T. ) ;
#3140 = CARTESIAN_POINT ( 'NONE',  ( 1.084202172485504434E-15, 7.177195981987332792E-16, 8.673617379884037444E-16 ) ) ;
#3141 = LINE ( 'NONE', #434, #315 ) ;
#3142 = FILL_AREA_STYLE ('',( #3180 ) ) ;
#3143 = VERTEX_POINT ( 'NONE', #699 ) ;
#3144 = LINE ( 'NONE', #679, #1774 ) ;
#3145 = FILL_AREA_STYLE_COLOUR ( '', #579 ) ;
#3146 = MECHANICAL_DESIGN_GEOMETRIC_PRESENTATION_REPRESENTATION (  '', ( #9 ), #1801 ) ;
#3147 = FILL_AREA_STYLE ('',( #2841 ) ) ;
#3148 = STYLED_ITEM ( 'NONE', ( #2783 ), #1771 ) ;
#3149 = ADVANCED_FACE ( 'NONE', ( #198 ), #2608, .F. ) ;
#3150 = COLOUR_RGB ( '',0.5019607843137254832, 0.5019607843137254832, 0.5019607843137254832 ) ;
#3151 = ORIENTED_EDGE ( 'NONE', *, *, #1653, .F. ) ;
#3152 = CIRCLE ( 'NONE', #1199, 0.02250000000000000611 ) ;
#3153 = EDGE_CURVE ( 'NONE', #655, #399, #533, .T. ) ;
#3154 =( GEOMETRIC_REPRESENTATION_CONTEXT ( 3 ) GLOBAL_UNCERTAINTY_ASSIGNED_CONTEXT ( ( #306 ) ) GLOBAL_UNIT_ASSIGNED_CONTEXT ( ( #1806, #680, #2342 ) ) REPRESENTATION_CONTEXT ( 'NONE', 'WORKASPACE' ) );
#3155 = CARTESIAN_POINT ( 'NONE',  ( -0.6500000000000001332, 0.05000000000000057176, 0.1999999999999996780 ) ) ;
#3156 = CARTESIAN_POINT ( 'NONE',  ( 1.084202172485504434E-15, 0.6836000000000007626, 1.102868285104868432E-15 ) ) ;
#3157 = VECTOR ( 'NONE', #1412, 1000.000000000000000 ) ;
#3158 = EDGE_LOOP ( 'NONE', ( #2645, #1066 ) ) ;
#3159 =( NAMED_UNIT ( * ) PLANE_ANGLE_UNIT ( ) SI_UNIT ( $, .RADIAN. ) );
#3160 = FILL_AREA_STYLE_COLOUR ( '', #3055 ) ;
#3161 = ADVANCED_FACE ( 'NONE', ( #2928 ), #1403, .F. ) ;
#3162 = DIRECTION ( 'NONE',  ( -1.365067210663853246E-16, -1.000000000000000000, -1.217408460507213380E-16 ) ) ;
#3163 = CIRCLE ( 'NONE', #792, 0.03350000000000000200 ) ;
#3164 = ORIENTED_EDGE ( 'NONE', *, *, #276, .T. ) ;
#3165 = AXIS2_PLACEMENT_3D ( 'NONE', #1621, #2411, #3115 ) ;
#3166 = DIRECTION ( 'NONE',  ( -7.238338640139153906E-19, -1.000000000000000000, -2.589714009811204974E-16 ) ) ;
#3167 = CARTESIAN_POINT ( 'NONE',  ( 0.5715000000000002300, 0.6806000000000010930, -0.5714999999999997859 ) ) ;
#3168 = CARTESIAN_POINT ( 'NONE',  ( 1.084202172485504434E-15, 0.05000000000000071054, 8.845872022303920475E-16 ) ) ;
#3169 = CARTESIAN_POINT ( 'NONE',  ( 0.4119100000000007755, 0.6906000000000011019, -0.5323599999999997223 ) ) ;
#3170 = VECTOR ( 'NONE', #1149, 1000.000000000000000 ) ;
#3171 = VERTEX_POINT ( 'NONE', #965 ) ;
#3172 = ADVANCED_FACE ( 'NONE', ( #1458 ), #2444, .F. ) ;
#3173 = EDGE_CURVE ( 'NONE', #2761, #789, #651, .T. ) ;
#3174 = ADVANCED_FACE ( 'NONE', ( #1072 ), #886, .F. ) ;
#3175 = CARTESIAN_POINT ( 'NONE',  ( 1.150000000000001021, 1.723486626569437137E-15, -1.624999999999998890 ) ) ;
#3176 = CARTESIAN_POINT ( 'NONE',  ( 0.5715000000000002300, 0.6806000000000004269, 0.5715000000000002300 ) ) ;
#3177 = ORIENTED_EDGE ( 'NONE', *, *, #2870, .F. ) ;
#3178 = VECTOR ( 'NONE', #221, 1000.000000000000000 ) ;
#3179 = EDGE_CURVE ( 'NONE', #849, #677, #2516, .T. ) ;
#3180 = FILL_AREA_STYLE_COLOUR ( '', #138 ) ;
#3181 = VERTEX_POINT ( 'NONE', #834 ) ;
#3182 = VERTEX_POINT ( 'NONE', #2795 ) ;
#3183 = DIRECTION ( 'NONE',  ( -3.129636159629258261E-32, -1.000000000000000000, -1.224646799147353454E-16 ) ) ;
#3184 = CARTESIAN_POINT ( 'NONE',  ( 0.5319100000000011041, 0.6906000000000005468, 0.4123599999999998378 ) ) ;
#3185 = UNCERTAINTY_MEASURE_WITH_UNIT (LENGTH_MEASURE( 1.000000000000000082E-05 ), #787, 'distance_accuracy_value', 'NONE');
#3186 = CARTESIAN_POINT ( 'NONE',  ( -0.6500000000000001332, 0.05000000000000186240, -1.625000000000000666 ) ) ;
#3187 = AXIS2_PLACEMENT_3D ( 'NONE', #619, #1103, #2325 ) ;
#3188 = VERTEX_POINT ( 'NONE', #3029 ) ;
#3189 = ORIENTED_EDGE ( 'NONE', *, *, #885, .F. ) ;
#3190 = CARTESIAN_POINT ( 'NONE',  ( 0.3792000000000007587, 0.6806000000000005379, 0.5465000000000012070 ) ) ;
#3191 = EDGE_LOOP ( 'NONE', ( #709, #1463 ) ) ;
ENDSEC;
END-ISO-10303-21;
