ISO-10303-21;
HEADER;
FILE_DESCRIPTION (( 'STEP AP214' ),
    '1' );
FILE_NAME ('XPEBPR-L1-0000-00C01.STEP',
    '2024-10-20T15:06:42',
    ( '' ),
    ( '' ),
    'SwSTEP 2.0',
    'SolidWorks 2023',
    '' );
FILE_SCHEMA (( 'AUTOMOTIVE_DESIGN' ));
ENDSEC;

DATA;
#1 = FILL_AREA_STYLE_COLOUR ( '', #2382 ) ;
#2 = COLOUR_RGB ( '',0.9607843137254902244, 0.9607843137254902244, 0.9607843137254902244 ) ;
#3 = PLANE ( 'NONE',  #2383 ) ;
#4 = VERTEX_POINT ( 'NONE', #1329 ) ;
#5 = CARTESIAN_POINT ( 'NONE',  ( -0.05511811023622047168, 0.06496062992125983815, 0.003937007874015747977 ) ) ;
#6 = AXIS2_PLACEMENT_3D ( 'NONE', #1974, #1479, #2796 ) ;
#7 = CARTESIAN_POINT ( 'NONE',  ( -0.06608167308357429381, -0.06815290028347045781, 0.03295450302580740787 ) ) ;
#8 = VERTEX_POINT ( 'NONE', #1833 ) ;
#9 = CARTESIAN_POINT ( 'NONE',  ( -0.06778168899398558100, 0.06690628474306035967, 0.03197576238189893394 ) ) ;
#10 = SURFACE_SIDE_STYLE ('',( #304 ) ) ;
#11 = LENGTH_MEASURE_WITH_UNIT ( LENGTH_MEASURE( 0.02539999999999999897 ), #305 );
#12 = LINE ( 'NONE', #560, #2932 ) ;
#13 = DIRECTION ( 'NONE',  ( -1.000000000000000000, -0.000000000000000000, -0.000000000000000000 ) ) ;
#14 = FACE_OUTER_BOUND ( 'NONE', #3248, .T. ) ;
#15 = SURFACE_SIDE_STYLE ('',( #253 ) ) ;
#16 = CARTESIAN_POINT ( 'NONE',  ( -0.06603088049213515220, -0.06690628474306035967, 0.03372657088374937662 ) ) ;
#17 = PRODUCT_DEFINITION_SHAPE ( 'NONE', 'NONE',  #1579 ) ;
#18 = ADVANCED_BREP_SHAPE_REPRESENTATION ( '', ( #2138, #999, #2945 ), #2444 ) ;
#19 =( NAMED_UNIT ( * ) SI_UNIT ( $, .STERADIAN. ) SOLID_ANGLE_UNIT ( ) );
#20 = EDGE_CURVE ( 'NONE', #2290, #1201, #1443, .T. ) ;
#21 = EDGE_LOOP ( 'NONE', ( #1788, #570, #1959, #3276 ) ) ;
#22 = FILL_AREA_STYLE_COLOUR ( '', #1209 ) ;
#23 =( CONVERSION_BASED_UNIT ( 'INCH', #2565 ) LENGTH_UNIT ( ) NAMED_UNIT ( #2394 ) );
#24 = FILL_AREA_STYLE_COLOUR ( '', #110 ) ;
#25 = ORIENTED_EDGE ( 'NONE', *, *, #3335, .F. ) ;
#26 = FILL_AREA_STYLE ('',( #2699 ) ) ;
#27 = APPLICATION_CONTEXT ( 'automotive_design' ) ;
#28 = FILL_AREA_STYLE_COLOUR ( '', #2485 ) ;
#29 =( LENGTH_UNIT ( ) NAMED_UNIT ( * ) SI_UNIT ( $, .METRE. ) );
#30 = CARTESIAN_POINT ( 'NONE',  ( 0.008131318926468754371, -0.06404969646090269420, 0.03385826771653543954 ) ) ;
#31 = PRESENTATION_STYLE_ASSIGNMENT (( #363 ) ) ;
#32 = PRESENTATION_STYLE_ASSIGNMENT (( #882 ) ) ;
#33 = PRODUCT_DEFINITION ( 'UNKNOWN', '', #1401, #3295 ) ;
#34 =( NAMED_UNIT ( * ) SI_UNIT ( $, .STERADIAN. ) SOLID_ANGLE_UNIT ( ) );
#35 = ORIENTED_EDGE ( 'NONE', *, *, #2885, .F. ) ;
#36 = EDGE_CURVE ( 'NONE', #2571, #2743, #1029, .T. ) ;
#37 = SURFACE_STYLE_FILL_AREA ( #106 ) ;
#38 = CARTESIAN_POINT ( 'NONE',  ( -0.06545461617834223700, -0.06659572013568822169, 0.03368170598279806444 ) ) ;
#39 = ORIENTED_EDGE ( 'NONE', *, *, #1971, .F. ) ;
#40 = DIMENSIONAL_EXPONENTS ( 1.000000000000000000, 0.000000000000000000, 0.000000000000000000, 0.000000000000000000, 0.000000000000000000, 0.000000000000000000, 0.000000000000000000 ) ;
#41 = MECHANICAL_DESIGN_GEOMETRIC_PRESENTATION_REPRESENTATION (  '', ( #3428 ), #1042 ) ;
#42 =( CONVERSION_BASED_UNIT ( 'INCH', #56 ) LENGTH_UNIT ( ) NAMED_UNIT ( #952 ) );
#43 = CIRCLE ( 'NONE', #544, 0.001968503937007870519 ) ;
#44 = PRODUCT_DEFINITION_SHAPE ( 'NONE', 'NONE',  #3452 ) ;
#45 =( NAMED_UNIT ( * ) SI_UNIT ( $, .STERADIAN. ) SOLID_ANGLE_UNIT ( ) );
#46 = PRESENTATION_LAYER_ASSIGNMENT (  '', '', ( #2808 ) ) ;
#47 = CARTESIAN_POINT ( 'NONE',  ( 0.06594488188976378729, 0.06594488188976378729, 0.02401574803149606266 ) ) ;
#48 = AXIS2_PLACEMENT_3D ( 'NONE', #2122, #1083, #1576 ) ;
#49 = SURFACE_STYLE_FILL_AREA ( #1135 ) ;
#50 = STYLED_ITEM ( 'NONE', ( #800 ), #2639 ) ;
#51 = EDGE_LOOP ( 'NONE', ( #1225, #2226, #2588, #2525 ) ) ;
#52 = STYLED_ITEM ( 'NONE', ( #547 ), #3312 ) ;
#53 = CARTESIAN_POINT ( 'NONE',  ( 0.06791338582677165780, -0.06791338582677165780, 0.000000000000000000 ) ) ;
#54 = ORIENTED_EDGE ( 'NONE', *, *, #3173, .F. ) ;
#55 = AXIS2_PLACEMENT_3D ( 'NONE', #2998, #397, #1464 ) ;
#56 = LENGTH_MEASURE_WITH_UNIT ( LENGTH_MEASURE( 0.02539999999999999897 ), #3214 );
#57 = AXIS2_PLACEMENT_3D ( 'NONE', #144, #2490, #373 ) ;
#58 = ADVANCED_FACE ( 'NONE', ( #2844 ), #788, .T. ) ;
#59 = CARTESIAN_POINT ( 'NONE',  ( -0.06791338582677165780, 0.06594488188976378729, 0.03385826771653543260 ) ) ;
#60 = PLANE ( 'NONE',  #996 ) ;
#61 = DIMENSIONAL_EXPONENTS ( 1.000000000000000000, 0.000000000000000000, 0.000000000000000000, 0.000000000000000000, 0.000000000000000000, 0.000000000000000000, 0.000000000000000000 ) ;
#62 = LENGTH_MEASURE_WITH_UNIT ( LENGTH_MEASURE( 0.02539999999999999897 ), #280 );
#63 = CARTESIAN_POINT ( 'NONE',  ( -0.05871022922462586918, -0.02561654022106314710, 0.03385826771653543260 ) ) ;
#64 = CARTESIAN_POINT ( 'NONE',  ( -0.06708139816769612129, -0.06708139816769612129, 0.03302628005745991691 ) ) ;
#65 =( LENGTH_UNIT ( ) NAMED_UNIT ( * ) SI_UNIT ( $, .METRE. ) );
#66 =( CONVERSION_BASED_UNIT ( 'INCH', #1150 ) LENGTH_UNIT ( ) NAMED_UNIT ( #3419 ) );
#67 = VERTEX_POINT ( 'NONE', #3190 ) ;
#68 = CARTESIAN_POINT ( 'NONE',  ( 0.06594488188976378729, -0.06791338582677165780, 0.03188976377952756208 ) ) ;
#69 = CARTESIAN_POINT ( 'NONE',  ( -0.06661742414146146207, 0.06708139816769613517, 0.03349025408369458306 ) ) ;
#70 = ORIENTED_EDGE ( 'NONE', *, *, #594, .T. ) ;
#71 = CARTESIAN_POINT ( 'NONE',  ( 0.000000000000000000, 0.000000000000000000, 0.000000000000000000 ) ) ;
#72 = EDGE_CURVE ( 'NONE', #392, #1805, #3146, .T. ) ;
#73 = SURFACE_STYLE_USAGE ( .BOTH. , #2142 ) ;
#74 =( LENGTH_UNIT ( ) NAMED_UNIT ( * ) SI_UNIT ( $, .METRE. ) );
#75 = CARTESIAN_POINT ( 'NONE',  ( -0.06012275551999343021, -0.1202455110399868049, 0.03755374136515146621 ) ) ;
#76 = LINE ( 'NONE', #2132, #1391 ) ;
#77 = UNCERTAINTY_MEASURE_WITH_UNIT (LENGTH_MEASURE( 1.000000000000000082E-05 ), #653, 'distance_accuracy_value', 'NONE');
#78 = DIRECTION ( 'NONE',  ( 1.000000000000000000, 0.000000000000000000, 0.000000000000000000 ) ) ;
#79 =( NAMED_UNIT ( * ) PLANE_ANGLE_UNIT ( ) SI_UNIT ( $, .RADIAN. ) );
#80 = EDGE_LOOP ( 'NONE', ( #619, #1609, #566, #137, #3363 ) ) ;
#81 = FILL_AREA_STYLE_COLOUR ( '', #713 ) ;
#82 = DIRECTION ( 'NONE',  ( -0.000000000000000000, 1.000000000000000000, 0.000000000000000000 ) ) ;
#83 = ORIENTED_EDGE ( 'NONE', *, *, #554, .F. ) ;
#84 = UNCERTAINTY_MEASURE_WITH_UNIT (LENGTH_MEASURE( 1.000000000000000082E-05 ), #3316, 'distance_accuracy_value', 'NONE');
#85 = DIRECTION ( 'NONE',  ( 1.000000000000000000, 0.000000000000000000, 0.000000000000000000 ) ) ;
#86 = APPLICATION_CONTEXT ( 'automotive_design' ) ;
#87 =( NAMED_UNIT ( * ) PLANE_ANGLE_UNIT ( ) SI_UNIT ( $, .RADIAN. ) );
#88 = CARTESIAN_POINT ( 'NONE',  ( 0.05217084608555380698, 0.05836028005570886162, 0.03385826771653543260 ) ) ;
#89 = UNCERTAINTY_MEASURE_WITH_UNIT (LENGTH_MEASURE( 1.000000000000000082E-05 ), #3125, 'distance_accuracy_value', 'NONE');
#90 =( NAMED_UNIT ( * ) SI_UNIT ( $, .STERADIAN. ) SOLID_ANGLE_UNIT ( ) );
#91 = CARTESIAN_POINT ( 'NONE',  ( 0.06496062992125983815, 0.000000000000000000, 0.003937007874015747977 ) ) ;
#92 =( CONVERSION_BASED_UNIT ( 'INCH', #2472 ) LENGTH_UNIT ( ) NAMED_UNIT ( #2659 ) );
#93 = CARTESIAN_POINT ( 'NONE',  ( 0.02559055118110236532, 0.06496062992125983815, 0.000000000000000000 ) ) ;
#94 = PRESENTATION_LAYER_ASSIGNMENT (  '', '', ( #937 ) ) ;
#96 = VERTEX_POINT ( 'NONE', #1560 ) ;
#95 = CARTESIAN_POINT ( 'NONE',  ( 0.05153350197540488425, -0.03904606333163621740, 0.03385826771653542566 ) ) ;
#97 = AXIS2_PLACEMENT_3D ( 'NONE', #601, #307, #1358 ) ;
#98 = PRESENTATION_LAYER_ASSIGNMENT (  '', '', ( #2087 ) ) ;
#99 = ADVANCED_FACE ( 'NONE', ( #1591 ), #1056, .T. ) ;
#100 = PLANE ( 'NONE',  #2811 ) ;
#101 = CLOSED_SHELL ( 'NONE', ( #3358, #634, #1072, #1172, #3237, #928 ) ) ;
#102 = LENGTH_MEASURE_WITH_UNIT ( LENGTH_MEASURE( 0.02539999999999999897 ), #849 );
#103 = ORIENTED_EDGE ( 'NONE', *, *, #2352, .T. ) ;
#104 = AXIS2_PLACEMENT_3D ( 'NONE', #1363, #2415, #921 ) ;
#105 = AXIS2_PLACEMENT_3D ( 'NONE', #578, #3058, #1756 ) ;
#106 = FILL_AREA_STYLE ('',( #1432 ) ) ;
#107 = ORIENTED_EDGE ( 'NONE', *, *, #2348, .F. ) ;
#108 = VECTOR ( 'NONE', #3390, 39.37007874015748143 ) ;
#109 = APPLICATION_PROTOCOL_DEFINITION ( 'draft international standard', 'automotive_design', 1998, #3361 ) ;
#110 = COLOUR_RGB ( '',0.9019607843137255054, 0.9019607843137255054, 0.9019607843137255054 ) ;
#111 = CARTESIAN_POINT ( 'NONE',  ( 0.06202239067041444287, 0.05572056663999627735, 0.03385826771653543260 ) ) ;
#112 = CARTESIAN_POINT ( 'NONE',  ( 0.06012275551999341633, 0.000000000000000000, 0.03755374136515146621 ) ) ;
#113 = FACE_OUTER_BOUND ( 'NONE', #2627, .T. ) ;
#114 =( NAMED_UNIT ( * ) PLANE_ANGLE_UNIT ( ) SI_UNIT ( $, .RADIAN. ) );
#115 = DIRECTION ( 'NONE',  ( -1.000000000000000000, 0.000000000000000000, 0.000000000000000000 ) ) ;
#117 = ORIENTED_EDGE ( 'NONE', *, *, #3234, .F. ) ;
#116 = SURFACE_SIDE_STYLE ('',( #134 ) ) ;
#118 = FILL_AREA_STYLE_COLOUR ( '', #2266 ) ;
#119 = LINE ( 'NONE', #1556, #1392 ) ;
#120 = EDGE_CURVE ( 'NONE', #2489, #752, #1374, .T. ) ;
#121 = SURFACE_STYLE_FILL_AREA ( #1188 ) ;
#122 = ORIENTED_EDGE ( 'NONE', *, *, #1559, .F. ) ;
#123 =( CONVERSION_BASED_UNIT ( 'INCH', #415 ) LENGTH_UNIT ( ) NAMED_UNIT ( #2022 ) );
#124 = EDGE_CURVE ( 'NONE', #1490, #1750, #1098, .T. ) ;
#125 = DIMENSIONAL_EXPONENTS ( 1.000000000000000000, 0.000000000000000000, 0.000000000000000000, 0.000000000000000000, 0.000000000000000000, 0.000000000000000000, 0.000000000000000000 ) ;
#126 = DIRECTION ( 'NONE',  ( 1.000000000000000000, 0.000000000000000000, -0.000000000000000000 ) ) ;
#127 = VERTEX_POINT ( 'NONE', #2722 ) ;
#128 = FACE_OUTER_BOUND ( 'NONE', #3329, .T. ) ;
#129 = APPLICATION_PROTOCOL_DEFINITION ( 'draft international standard', 'automotive_design', 1998, #1529 ) ;
#130 = CARTESIAN_POINT ( 'NONE',  ( -0.06594488188976378729, -0.06791338582677165780, 0.000000000000000000 ) ) ;
#131 = FILL_AREA_STYLE_COLOUR ( '', #1273 ) ;
#132 = CARTESIAN_POINT ( 'NONE',  ( -0.02559055118110236532, 0.06496062992125983815, 0.000000000000000000 ) ) ;
#133 = DIRECTION ( 'NONE',  ( -0.000000000000000000, -1.000000000000000000, 0.000000000000000000 ) ) ;
#135 = EDGE_LOOP ( 'NONE', ( #1658, #2939, #271, #542 ) ) ;
#134 = SURFACE_STYLE_FILL_AREA ( #661 ) ;
#136 = DIRECTION ( 'NONE',  ( -0.000000000000000000, 0.000000000000000000, -1.000000000000000000 ) ) ;
#137 = ORIENTED_EDGE ( 'NONE', *, *, #1761, .F. ) ;
#138 = DIRECTION ( 'NONE',  ( 0.000000000000000000, 0.000000000000000000, -1.000000000000000000 ) ) ;
#139 = EDGE_CURVE ( 'NONE', #2754, #714, #1663, .T. ) ;
#140 = LINE ( 'NONE', #416, #1503 ) ;
#141 = ORIENTED_EDGE ( 'NONE', *, *, #2137, .T. ) ;
#142 =( LENGTH_UNIT ( ) NAMED_UNIT ( * ) SI_UNIT ( $, .METRE. ) );
#143 = EDGE_CURVE ( 'NONE', #3305, #4, #76, .T. ) ;
#144 = CARTESIAN_POINT ( 'NONE',  ( 4.821444091131299415E-20, 0.000000000000000000, 0.003937007874015747977 ) ) ;
#145 = DIMENSIONAL_EXPONENTS ( 1.000000000000000000, 0.000000000000000000, 0.000000000000000000, 0.000000000000000000, 0.000000000000000000, 0.000000000000000000, 0.000000000000000000 ) ;
#146 = CARTESIAN_POINT ( 'NONE',  ( 0.05511811023622047168, 0.06496062992125983815, 0.003937007874015747977 ) ) ;
#147 = AXIS2_PLACEMENT_3D ( 'NONE', #1842, #2891, #2904 ) ;
#148 = LENGTH_MEASURE_WITH_UNIT ( LENGTH_MEASURE( 0.02539999999999999897 ), #2530 );
#149 = LINE ( 'NONE', #1721, #2387 ) ;
#150 = LINE ( 'NONE', #958, #1992 ) ;
#151 = FILL_AREA_STYLE ('',( #118 ) ) ;
#152 = UNCERTAINTY_MEASURE_WITH_UNIT (LENGTH_MEASURE( 1.000000000000000082E-05 ), #781, 'distance_accuracy_value', 'NONE');
#153 =( NAMED_UNIT ( * ) SI_UNIT ( $, .STERADIAN. ) SOLID_ANGLE_UNIT ( ) );
#154 = COLOUR_RGB ( '',0.8627450980392157298, 0.6274509803921568540, 0.05882352941176470507 ) ;
#155 = ORIENTED_EDGE ( 'NONE', *, *, #2078, .F. ) ;
#156 = DIRECTION ( 'NONE',  ( 0.000000000000000000, 0.000000000000000000, 1.000000000000000000 ) ) ;
#157 = VECTOR ( 'NONE', #1367, 39.37007874015748143 ) ;
#158 =( GEOMETRIC_REPRESENTATION_CONTEXT ( 3 ) GLOBAL_UNCERTAINTY_ASSIGNED_CONTEXT ( ( #1931 ) ) GLOBAL_UNIT_ASSIGNED_CONTEXT ( ( #358, #2166, #2179 ) ) REPRESENTATION_CONTEXT ( 'NONE', 'WORKASPACE' ) );
#159 = AXIS2_PLACEMENT_3D ( 'NONE', #1859, #496, #2562 ) ;
#160 = COLOUR_RGB ( '',0.9019607843137255054, 0.9019607843137255054, 0.9019607843137255054 ) ;
#161 = STYLED_ITEM ( 'NONE', ( #1011 ), #973 ) ;
#162 = VERTEX_POINT ( 'NONE', #1685 ) ;
#163 =( NAMED_UNIT ( * ) PLANE_ANGLE_UNIT ( ) SI_UNIT ( $, .RADIAN. ) );
#164 = MECHANICAL_DESIGN_GEOMETRIC_PRESENTATION_REPRESENTATION (  '', ( #1564 ), #613 ) ;
#165 = VECTOR ( 'NONE', #2679, 39.37007874015748143 ) ;
#166 = AXIS2_PLACEMENT_3D ( 'NONE', #2859, #1307, #3393 ) ;
#167 = ADVANCED_FACE ( 'NONE', ( #1410 ), #2706, .F. ) ;
#168 = CIRCLE ( 'NONE', #1118, 0.001968503937007870519 ) ;
#169 = UNCERTAINTY_MEASURE_WITH_UNIT (LENGTH_MEASURE( 1.000000000000000082E-05 ), #908, 'distance_accuracy_value', 'NONE');
#170 = CARTESIAN_POINT ( 'NONE',  ( 0.06594488188976378729, -0.06594488188976377341, 0.03188976377952756208 ) ) ;
#171 = COLOUR_RGB ( '',0.9607843137254902244, 0.9607843137254902244, 0.9607843137254902244 ) ;
#172 = SURFACE_STYLE_USAGE ( .BOTH. , #116 ) ;
#173 = PRESENTATION_STYLE_ASSIGNMENT (( #1725 ) ) ;
#174 = DIMENSIONAL_EXPONENTS ( 1.000000000000000000, 0.000000000000000000, 0.000000000000000000, 0.000000000000000000, 0.000000000000000000, 0.000000000000000000, 0.000000000000000000 ) ;
#175 = PRODUCT_DEFINITION_FORMATION_WITH_SPECIFIED_SOURCE ( 'ANY', '', #602, .NOT_KNOWN. ) ;
#176 = SURFACE_STYLE_USAGE ( .BOTH. , #2032 ) ;
#177 = ORIENTED_EDGE ( 'NONE', *, *, #2774, .T. ) ;
#178 =( LENGTH_UNIT ( ) NAMED_UNIT ( * ) SI_UNIT ( $, .METRE. ) );
#179 = CARTESIAN_POINT ( 'NONE',  ( 0.06778168899398559488, 0.06690628474306035967, 0.03197576238189894782 ) ) ;
#180 = ORIENTED_EDGE ( 'NONE', *, *, #2675, .T. ) ;
#181 = DIRECTION ( 'NONE',  ( -0.000000000000000000, -0.000000000000000000, 1.000000000000000000 ) ) ;
#182 =( CONVERSION_BASED_UNIT ( 'INCH', #1839 ) LENGTH_UNIT ( ) NAMED_UNIT ( #2686 ) );
#183 = DIRECTION ( 'NONE',  ( 0.000000000000000000, -0.000000000000000000, 1.000000000000000000 ) ) ;
#184 = FACE_OUTER_BOUND ( 'NONE', #2272, .T. ) ;
#185 = CARTESIAN_POINT ( 'NONE',  ( -0.06023622047244091282, -0.1062924212896837611, 0.2511307459926707675 ) ) ;
#186 = PRESENTATION_STYLE_ASSIGNMENT (( #500 ) ) ;
#187 = LENGTH_MEASURE_WITH_UNIT ( LENGTH_MEASURE( 0.02539999999999999897 ), #1823 );
#188 = LENGTH_MEASURE_WITH_UNIT ( LENGTH_MEASURE( 0.02539999999999999897 ), #1218 );
#189 = LINE ( 'NONE', #3410, #780 ) ;
#190 = EDGE_CURVE ( 'NONE', #3360, #1490, #814, .T. ) ;
#191 = CARTESIAN_POINT ( 'NONE',  ( 0.06405234738404527728, 0.000000000000000000, 0.03385826771653543260 ) ) ;
#192 = FACE_OUTER_BOUND ( 'NONE', #2613, .T. ) ;
#193 =( CONVERSION_BASED_UNIT ( 'INCH', #974 ) LENGTH_UNIT ( ) NAMED_UNIT ( #777 ) );
#194 = VERTEX_POINT ( 'NONE', #2149 ) ;
#195 = CARTESIAN_POINT ( 'NONE',  ( 0.000000000000000000, -0.06496062992125983815, 0.003937007874015747977 ) ) ;
#196 = DIMENSIONAL_EXPONENTS ( 1.000000000000000000, 0.000000000000000000, 0.000000000000000000, 0.000000000000000000, 0.000000000000000000, 0.000000000000000000, 0.000000000000000000 ) ;
#197 = CARTESIAN_POINT ( 'NONE',  ( 0.06879251875382839942, 0.06488462522337470895, 0.03298659214174179399 ) ) ;
#198 = EDGE_LOOP ( 'NONE', ( #3081, #850, #3010, #1179 ) ) ;
#199 = DIRECTION ( 'NONE',  ( -0.000000000000000000, 0.000000000000000000, 1.000000000000000000 ) ) ;
#200 = EDGE_LOOP ( 'NONE', ( #880, #1154, #698, #122 ) ) ;
#201 = LINE ( 'NONE', #1265, #1882 ) ;
#202 = PLANE ( 'NONE',  #1220 ) ;
#203 = SURFACE_STYLE_USAGE ( .BOTH. , #3158 ) ;
#204 = LENGTH_MEASURE_WITH_UNIT ( LENGTH_MEASURE( 0.02539999999999999897 ), #727 );
#205 = LINE ( 'NONE', #2320, #108 ) ;
#206 = FILL_AREA_STYLE_COLOUR ( '', #220 ) ;
#207 = SURFACE_SIDE_STYLE ('',( #3107 ) ) ;
#208 =( LENGTH_UNIT ( ) NAMED_UNIT ( * ) SI_UNIT ( $, .METRE. ) );
#209 = APPLICATION_CONTEXT ( 'automotive_design' ) ;
#210 = CARTESIAN_POINT ( 'NONE',  ( -0.01601788884156673740, 0.06255061279835293087, 0.03385826771653543260 ) ) ;
#211 = CARTESIAN_POINT ( 'NONE',  ( 0.06641919073914016869, -0.06923098684347647747, 0.03008186471421187003 ) ) ;
#212 = EDGE_CURVE ( 'NONE', #2333, #582, #2984, .T. ) ;
#213 = VECTOR ( 'NONE', #1088, 39.37007874015748143 ) ;
#214 =( NAMED_UNIT ( * ) PLANE_ANGLE_UNIT ( ) SI_UNIT ( $, .RADIAN. ) );
#215 = SURFACE_SIDE_STYLE ('',( #733 ) ) ;
#216 = DIRECTION ( 'NONE',  ( 0.000000000000000000, 0.000000000000000000, 1.000000000000000000 ) ) ;
#217 = LENGTH_MEASURE_WITH_UNIT ( LENGTH_MEASURE( 0.02539999999999999897 ), #1611 );
#218 = ORIENTED_EDGE ( 'NONE', *, *, #960, .F. ) ;
#219 = PRESENTATION_LAYER_ASSIGNMENT (  '', '', ( #1772 ) ) ;
#220 = COLOUR_RGB ( '',0.9019607843137255054, 0.9019607843137255054, 0.9019607843137255054 ) ;
#221 =( GEOMETRIC_REPRESENTATION_CONTEXT ( 3 ) GLOBAL_UNCERTAINTY_ASSIGNED_CONTEXT ( ( #1353 ) ) GLOBAL_UNIT_ASSIGNED_CONTEXT ( ( #1770, #898, #3405 ) ) REPRESENTATION_CONTEXT ( 'NONE', 'WORKASPACE' ) );
#222 = CLOSED_SHELL ( 'NONE', ( #1677, #697, #2585, #436, #2569, #1488, #476, #3314, #2639, #167 ) ) ;
#223 = COLOUR_RGB ( '',0.000000000000000000, 0.7490196078431372584, 0.000000000000000000 ) ;
#224 = SURFACE_SIDE_STYLE ('',( #469 ) ) ;
#225 = ORIENTED_EDGE ( 'NONE', *, *, #2675, .F. ) ;
#226 = DIMENSIONAL_EXPONENTS ( 1.000000000000000000, 0.000000000000000000, 0.000000000000000000, 0.000000000000000000, 0.000000000000000000, 0.000000000000000000, 0.000000000000000000 ) ;
#227 =( NAMED_UNIT ( * ) PLANE_ANGLE_UNIT ( ) SI_UNIT ( $, .RADIAN. ) );
#228 = PRESENTATION_LAYER_ASSIGNMENT (  '', '', ( #1564 ) ) ;
#229 = CARTESIAN_POINT ( 'NONE',  ( 0.06018078117395367355, -0.002581398291951334141, 0.03396879805412497677 ) ) ;
#230 =( GEOMETRIC_REPRESENTATION_CONTEXT ( 3 ) GLOBAL_UNCERTAINTY_ASSIGNED_CONTEXT ( ( #2354 ) ) GLOBAL_UNIT_ASSIGNED_CONTEXT ( ( #1254, #2800, #153 ) ) REPRESENTATION_CONTEXT ( 'NONE', 'WORKASPACE' ) );
#231 = CARTESIAN_POINT ( 'NONE',  ( -0.06594488188976378729, -0.03297244094488189364, 0.03188976377952756208 ) ) ;
#232 = PRESENTATION_LAYER_ASSIGNMENT (  '', '', ( #2815 ) ) ;
#233 = SURFACE_SIDE_STYLE ('',( #741 ) ) ;
#234 = UNCERTAINTY_MEASURE_WITH_UNIT (LENGTH_MEASURE( 1.000000000000000082E-05 ), #193, 'distance_accuracy_value', 'NONE');
#235 = STYLED_ITEM ( 'NONE', ( #760 ), #3071 ) ;
#236 = CARTESIAN_POINT ( 'NONE',  ( 0.05253982106728025819, 0.03711608812321545714, 0.03385826771653543260 ) ) ;
#237 =( NAMED_UNIT ( * ) SI_UNIT ( $, .STERADIAN. ) SOLID_ANGLE_UNIT ( ) );
#238 =( GEOMETRIC_REPRESENTATION_CONTEXT ( 3 ) GLOBAL_UNCERTAINTY_ASSIGNED_CONTEXT ( ( #1453 ) ) GLOBAL_UNIT_ASSIGNED_CONTEXT ( ( #92, #3016, #2264 ) ) REPRESENTATION_CONTEXT ( 'NONE', 'WORKASPACE' ) );
#239 = DIRECTION ( 'NONE',  ( 0.000000000000000000, 0.000000000000000000, -1.000000000000000000 ) ) ;
#240 = DIRECTION ( 'NONE',  ( 0.000000000000000000, -1.000000000000000000, 0.000000000000000000 ) ) ;
#241 = ADVANCED_FACE ( 'NONE', ( #1778 ), #1452, .T. ) ;
#242 = PRODUCT_DEFINITION_FORMATION_WITH_SPECIFIED_SOURCE ( 'ANY', '', #1856, .NOT_KNOWN. ) ;
#243 = DIRECTION ( 'NONE',  ( 0.000000000000000000, -1.000000000000000000, -0.000000000000000000 ) ) ;
#244 = ORIENTED_EDGE ( 'NONE', *, *, #3029, .T. ) ;
#245 = LINE ( 'NONE', #1818, #3394 ) ;
#246 = VERTEX_POINT ( 'NONE', #972 ) ;
#247 = UNCERTAINTY_MEASURE_WITH_UNIT (LENGTH_MEASURE( 1.000000000000000082E-05 ), #920, 'distance_accuracy_value', 'NONE');
#248 =( NAMED_UNIT ( * ) SI_UNIT ( $, .STERADIAN. ) SOLID_ANGLE_UNIT ( ) );
#249 =( NAMED_UNIT ( * ) PLANE_ANGLE_UNIT ( ) SI_UNIT ( $, .RADIAN. ) );
#250 = DIMENSIONAL_EXPONENTS ( 1.000000000000000000, 0.000000000000000000, 0.000000000000000000, 0.000000000000000000, 0.000000000000000000, 0.000000000000000000, 0.000000000000000000 ) ;
#251 = SURFACE_SIDE_STYLE ('',( #3425 ) ) ;
#252 = SURFACE_STYLE_FILL_AREA ( #2623 ) ;
#253 = SURFACE_STYLE_FILL_AREA ( #1296 ) ;
#254 = PRESENTATION_STYLE_ASSIGNMENT (( #729 ) ) ;
#255 = FACE_OUTER_BOUND ( 'NONE', #1338, .T. ) ;
#256 = ADVANCED_FACE ( 'NONE', ( #1743 ), #100, .T. ) ;
#257 = VERTEX_POINT ( 'NONE', #2478 ) ;
#258 = CARTESIAN_POINT ( 'NONE',  ( 0.000000000000000000, 0.06496062992125983815, 0.003937007874015747977 ) ) ;
#259 = ORIENTED_EDGE ( 'NONE', *, *, #1946, .F. ) ;
#260 = CARTESIAN_POINT ( 'NONE',  ( -0.06594488188976378729, -0.06791338582677165780, 0.000000000000000000 ) ) ;
#261 = DIRECTION ( 'NONE',  ( -0.000000000000000000, -0.000000000000000000, -1.000000000000000000 ) ) ;
#262 = CARTESIAN_POINT ( 'NONE',  ( 0.05914141468327811790, 0.02460277419964426726, 0.03385826771653543954 ) ) ;
#263 = DIRECTION ( 'NONE',  ( 0.000000000000000000, -1.000000000000000000, 0.000000000000000000 ) ) ;
#264 = FILL_AREA_STYLE_COLOUR ( '', #223 ) ;
#265 = DIMENSIONAL_EXPONENTS ( 1.000000000000000000, 0.000000000000000000, 0.000000000000000000, 0.000000000000000000, 0.000000000000000000, 0.000000000000000000, 0.000000000000000000 ) ;
#266 =( CONVERSION_BASED_UNIT ( 'INCH', #2884 ) LENGTH_UNIT ( ) NAMED_UNIT ( #842 ) );
#267 = ORIENTED_EDGE ( 'NONE', *, *, #72, .T. ) ;
#268 =( LENGTH_UNIT ( ) NAMED_UNIT ( * ) SI_UNIT ( $, .METRE. ) );
#269 = MECHANICAL_DESIGN_GEOMETRIC_PRESENTATION_REPRESENTATION (  '', ( #1768 ), #1554 ) ;
#270 = PRESENTATION_LAYER_ASSIGNMENT (  '', '', ( #1557 ) ) ;
#271 = ORIENTED_EDGE ( 'NONE', *, *, #2450, .T. ) ;
#272 = DIRECTION ( 'NONE',  ( -1.000000000000000000, -0.000000000000000000, -0.000000000000000000 ) ) ;
#273 = CIRCLE ( 'NONE', #773, 0.001968503937007874856 ) ;
#274 = COLOUR_RGB ( '',0.9019607843137255054, 0.9019607843137255054, 0.9019607843137255054 ) ;
#275 = VECTOR ( 'NONE', #463, 39.37007874015748143 ) ;
#276 =( GEOMETRIC_REPRESENTATION_CONTEXT ( 3 ) GLOBAL_UNCERTAINTY_ASSIGNED_CONTEXT ( ( #3404 ) ) GLOBAL_UNIT_ASSIGNED_CONTEXT ( ( #3176, #2911, #512 ) ) REPRESENTATION_CONTEXT ( 'NONE', 'WORKASPACE' ) );
#277 = VECTOR ( 'NONE', #707, 39.37007874015748143 ) ;
#278 = CIRCLE ( 'NONE', #438, 0.001968503937007874422 ) ;
#279 = COLOUR_RGB ( '',0.8627450980392157298, 0.6274509803921568540, 0.05882352941176470507 ) ;
#280 =( LENGTH_UNIT ( ) NAMED_UNIT ( * ) SI_UNIT ( $, .METRE. ) );
#281 =( LENGTH_UNIT ( ) NAMED_UNIT ( * ) SI_UNIT ( $, .METRE. ) );
#282 =( CONVERSION_BASED_UNIT ( 'INCH', #1865 ) LENGTH_UNIT ( ) NAMED_UNIT ( #2251 ) );
#283 = CARTESIAN_POINT ( 'NONE',  ( -0.04527559055118110520, 0.000000000000000000, 0.003937007874015747977 ) ) ;
#284 =( GEOMETRIC_REPRESENTATION_CONTEXT ( 3 ) GLOBAL_UNCERTAINTY_ASSIGNED_CONTEXT ( ( #1826 ) ) GLOBAL_UNIT_ASSIGNED_CONTEXT ( ( #182, #2889, #1583 ) ) REPRESENTATION_CONTEXT ( 'NONE', 'WORKASPACE' ) );
#285 = CYLINDRICAL_SURFACE ( 'NONE', #1662, 0.001968503937007870519 ) ;
#286 = LINE ( 'NONE', #2899, #498 ) ;
#287 = ORIENTED_EDGE ( 'NONE', *, *, #1165, .T. ) ;
#288 = FILL_AREA_STYLE ('',( #22 ) ) ;
#289 = PRESENTATION_LAYER_ASSIGNMENT (  '', '', ( #1730 ) ) ;
#290 = SURFACE_STYLE_USAGE ( .BOTH. , #1089 ) ;
#291 = CARTESIAN_POINT ( 'NONE',  ( -0.06773682409303424801, -0.06659572013568823556, 0.03139949806810600486 ) ) ;
#292 = ORIENTED_EDGE ( 'NONE', *, *, #545, .F. ) ;
#293 = CARTESIAN_POINT ( 'NONE',  ( 0.04527559055118110520, -0.06496062992125983815, 0.000000000000000000 ) ) ;
#294 = EDGE_CURVE ( 'NONE', #2222, #298, #1202, .T. ) ;
#295 = CARTESIAN_POINT ( 'NONE',  ( 0.06641919073914014093, 0.06923098684347649134, 0.03008186471421183186 ) ) ;
#296 = EDGE_CURVE ( 'NONE', #647, #1616, #2216, .T. ) ;
#297 = CARTESIAN_POINT ( 'NONE',  ( -0.02559055118110236532, -0.06496062992125983815, 0.003937007874015747977 ) ) ;
#298 = VERTEX_POINT ( 'NONE', #2840 ) ;
#299 = SURFACE_SIDE_STYLE ('',( #1613 ) ) ;
#300 = SURFACE_STYLE_USAGE ( .BOTH. , #969 ) ;
#301 = CARTESIAN_POINT ( 'NONE',  ( -0.06700962113604361226, -0.06815290028347044393, 0.03202655497333806861 ) ) ;
#302 = ORIENTED_EDGE ( 'NONE', *, *, #2241, .T. ) ;
#303 = CARTESIAN_POINT ( 'NONE',  ( -0.06661742414146146207, 0.06708139816769612129, 0.03349025408369457613 ) ) ;
#304 = SURFACE_STYLE_FILL_AREA ( #2484 ) ;
#305 =( LENGTH_UNIT ( ) NAMED_UNIT ( * ) SI_UNIT ( $, .METRE. ) );
#306 = CARTESIAN_POINT ( 'NONE',  ( 0.06791338582677165780, -0.06594488188976377341, 0.03188976377952756208 ) ) ;
#307 = DIRECTION ( 'NONE',  ( 0.000000000000000000, 0.000000000000000000, 1.000000000000000000 ) ) ;
#308 =( LENGTH_UNIT ( ) NAMED_UNIT ( * ) SI_UNIT ( $, .METRE. ) );
#309 = DIMENSIONAL_EXPONENTS ( 1.000000000000000000, 0.000000000000000000, 0.000000000000000000, 0.000000000000000000, 0.000000000000000000, 0.000000000000000000, 0.000000000000000000 ) ;
#310 = DIRECTION ( 'NONE',  ( -1.000000000000000000, 0.000000000000000000, 0.000000000000000000 ) ) ;
#311 = CARTESIAN_POINT ( 'NONE',  ( -0.05637370741522971379, -0.03056469795973061968, 0.03385826771653543954 ) ) ;
#312 = CARTESIAN_POINT ( 'NONE',  ( -0.05511811023622047168, 0.06496062992125983815, 0.000000000000000000 ) ) ;
#313 = EDGE_CURVE ( 'NONE', #3297, #827, #1040, .T. ) ;
#314 = FACE_OUTER_BOUND ( 'NONE', #791, .T. ) ;
#315 = ORIENTED_EDGE ( 'NONE', *, *, #2774, .F. ) ;
#316 = VECTOR ( 'NONE', #183, 39.37007874015748143 ) ;
#317 =( NAMED_UNIT ( * ) SI_UNIT ( $, .STERADIAN. ) SOLID_ANGLE_UNIT ( ) );
#318 = CARTESIAN_POINT ( 'NONE',  ( -0.06708139816769612129, -0.06708139816769612129, 0.03302628005745989609 ) ) ;
#319 = EDGE_LOOP ( 'NONE', ( #1077, #947, #1581, #2586 ) ) ;
#320 = STYLED_ITEM ( 'NONE', ( #2084 ), #1927 ) ;
#321 = SURFACE_STYLE_USAGE ( .BOTH. , #1403 ) ;
#322 = SHAPE_REPRESENTATION_RELATIONSHIP ( 'NONE' , 'NONE' ,  #2358, #1723 ) ;
#323 =( GEOMETRIC_REPRESENTATION_CONTEXT ( 3 ) GLOBAL_UNCERTAINTY_ASSIGNED_CONTEXT ( ( #84 ) ) GLOBAL_UNIT_ASSIGNED_CONTEXT ( ( #3316, #1199, #693 ) ) REPRESENTATION_CONTEXT ( 'NONE', 'WORKASPACE' ) );
#324 = CARTESIAN_POINT ( 'NONE',  ( -0.06594488188976378729, 0.06594488188976378729, 0.02401574803149606266 ) ) ;
#325 = CARTESIAN_POINT ( 'NONE',  ( -0.06594488188976378729, 0.06594488188976377341, 0.03385826771653543954 ) ) ;
#326 = LENGTH_MEASURE_WITH_UNIT ( LENGTH_MEASURE( 0.02539999999999999897 ), #308 );
#327 = MECHANICAL_DESIGN_GEOMETRIC_PRESENTATION_REPRESENTATION (  '', ( #1656 ), #3097 ) ;
#328 = COLOUR_RGB ( '',0.2862745098039215508, 0.2862745098039215508, 0.2862745098039215508 ) ;
#329 = DIRECTION ( 'NONE',  ( 0.000000000000000000, 0.000000000000000000, 1.000000000000000000 ) ) ;
#330 =( CONVERSION_BASED_UNIT ( 'INCH', #1360 ) LENGTH_UNIT ( ) NAMED_UNIT ( #2878 ) );
#331 = STYLED_ITEM ( 'NONE', ( #1349 ), #999 ) ;
#332 = CARTESIAN_POINT ( 'NONE',  ( -0.05914141468327809709, -0.02460277419964386481, 0.03385826771653543954 ) ) ;
#333 = DIRECTION ( 'NONE',  ( 0.000000000000000000, 0.000000000000000000, 1.000000000000000000 ) ) ;
#334 = SURFACE_STYLE_USAGE ( .BOTH. , #2480 ) ;
#335 = VECTOR ( 'NONE', #3294, 39.37007874015748143 ) ;
#336 = DIMENSIONAL_EXPONENTS ( 1.000000000000000000, 0.000000000000000000, 0.000000000000000000, 0.000000000000000000, 0.000000000000000000, 0.000000000000000000, 0.000000000000000000 ) ;
#337 = CARTESIAN_POINT ( 'NONE',  ( -0.06594488188976378729, 0.06594488188976378729, 0.000000000000000000 ) ) ;
#338 = VECTOR ( 'NONE', #133, 39.37007874015748143 ) ;
#339 = ORIENTED_EDGE ( 'NONE', *, *, #826, .F. ) ;
#340 = PRODUCT_DEFINITION ( 'UNKNOWN', '', #175, #1555 ) ;
#341 = CARTESIAN_POINT ( 'NONE',  ( -0.06770556533661400977, -0.06682522361318890547, 0.03188976377952756208 ) ) ;
#342 = DIRECTION ( 'NONE',  ( 0.000000000000000000, 0.000000000000000000, -1.000000000000000000 ) ) ;
#343 = VERTEX_POINT ( 'NONE', #2894 ) ;
#344 =( GEOMETRIC_REPRESENTATION_CONTEXT ( 3 ) GLOBAL_UNCERTAINTY_ASSIGNED_CONTEXT ( ( #234 ) ) GLOBAL_UNIT_ASSIGNED_CONTEXT ( ( #193, #2451, #618 ) ) REPRESENTATION_CONTEXT ( 'NONE', 'WORKASPACE' ) );
#345 =( NAMED_UNIT ( * ) SI_UNIT ( $, .STERADIAN. ) SOLID_ANGLE_UNIT ( ) );
#346 = EDGE_CURVE ( 'NONE', #2954, #827, #2857, .T. ) ;
#347 = DIRECTION ( 'NONE',  ( -1.000000000000000000, 0.000000000000000000, 0.000000000000000000 ) ) ;
#348 = DIRECTION ( 'NONE',  ( 1.000000000000000000, 0.000000000000000000, 0.000000000000000000 ) ) ;
#349 = FILL_AREA_STYLE_COLOUR ( '', #1101 ) ;
#350 = DIRECTION ( 'NONE',  ( 0.000000000000000000, 0.000000000000000000, 1.000000000000000000 ) ) ;
#351 = SURFACE_STYLE_USAGE ( .BOTH. , #2953 ) ;
#352 = ORIENTED_EDGE ( 'NONE', *, *, #1582, .F. ) ;
#353 = PRESENTATION_STYLE_ASSIGNMENT (( #583 ) ) ;
#354 = VERTEX_POINT ( 'NONE', #505 ) ;
#355 = SURFACE_STYLE_USAGE ( .BOTH. , #689 ) ;
#356 = APPLICATION_PROTOCOL_DEFINITION ( 'draft international standard', 'automotive_design', 1998, #1874 ) ;
#357 = EDGE_CURVE ( 'NONE', #3151, #776, #1846, .T. ) ;
#358 =( CONVERSION_BASED_UNIT ( 'INCH', #1907 ) LENGTH_UNIT ( ) NAMED_UNIT ( #1965 ) );
#359 = PRESENTATION_STYLE_ASSIGNMENT (( #1421 ) ) ;
#360 = SURFACE_STYLE_FILL_AREA ( #1626 ) ;
#362 = ORIENTED_EDGE ( 'NONE', *, *, #2610, .T. ) ;
#361 = CARTESIAN_POINT ( 'NONE',  ( 0.06185058140335424753, -0.01688364434984556545, 0.03385826771653545342 ) ) ;
#363 = SURFACE_STYLE_USAGE ( .BOTH. , #1880 ) ;
#364 = PRODUCT_DEFINITION_CONTEXT ( 'detailed design', #1695, 'design' ) ;
#365 = DIRECTION ( 'NONE',  ( 0.000000000000000000, 0.000000000000000000, -1.000000000000000000 ) ) ;
#366 = FACE_OUTER_BOUND ( 'NONE', #2723, .T. ) ;
#367 = ORIENTED_EDGE ( 'NONE', *, *, #1471, .T. ) ;
#368 = LINE ( 'NONE', #2687, #715 ) ;
#369 = DIRECTION ( 'NONE',  ( 1.000000000000000000, 0.000000000000000000, 0.000000000000000000 ) ) ;
#370 = CARTESIAN_POINT ( 'NONE',  ( -0.06677085923414281809, 0.06892794426274602426, 0.03096493262205609470 ) ) ;
#371 = EDGE_LOOP ( 'NONE', ( #3262, #141, #1612, #2850, #1652, #2086 ) ) ;
#372 = UNCERTAINTY_MEASURE_WITH_UNIT (LENGTH_MEASURE( 1.000000000000000082E-05 ), #23, 'distance_accuracy_value', 'NONE');
#373 = DIRECTION ( 'NONE',  ( -1.000000000000000000, 0.000000000000000000, 1.224646799147350002E-16 ) ) ;
#374 = PRESENTATION_LAYER_ASSIGNMENT (  '', '', ( #320 ) ) ;
#375 = DIRECTION ( 'NONE',  ( -1.000000000000000000, 0.000000000000000000, 0.000000000000000000 ) ) ;
#376 = DIRECTION ( 'NONE',  ( -0.000000000000000000, 1.000000000000000000, 0.000000000000000000 ) ) ;
#377 = EDGE_CURVE ( 'NONE', #2743, #386, #1587, .T. ) ;
#378 = LINE ( 'NONE', #957, #1891 ) ;
#379 = STYLED_ITEM ( 'NONE', ( #502 ), #2194 ) ;
#380 = VERTEX_POINT ( 'NONE', #1574 ) ;
#381 = MECHANICAL_DESIGN_GEOMETRIC_PRESENTATION_REPRESENTATION (  '', ( #823 ), #2758 ) ;
#382 = MECHANICAL_DESIGN_GEOMETRIC_PRESENTATION_REPRESENTATION (  '', ( #2203 ), #2102 ) ;
#383 = EDGE_CURVE ( 'NONE', #3259, #298, #189, .T. ) ;
#384 = PRESENTATION_LAYER_ASSIGNMENT (  '', '', ( #3382 ) ) ;
#385 =( NAMED_UNIT ( * ) PLANE_ANGLE_UNIT ( ) SI_UNIT ( $, .RADIAN. ) );
#386 = VERTEX_POINT ( 'NONE', #3141 ) ;
#387 = AXIS2_PLACEMENT_3D ( 'NONE', #3090, #2253, #1962 ) ;
#388 = CARTESIAN_POINT ( 'NONE',  ( -0.04527559055118110520, 0.06496062992125983815, 0.000000000000000000 ) ) ;
#389 = AXIS2_PLACEMENT_3D ( 'NONE', #1815, #1830, #1027 ) ;
#390 = CARTESIAN_POINT ( 'NONE',  ( 0.06708139816769612129, 0.06708139816769612129, 0.03302628005745990303 ) ) ;
#391 = CARTESIAN_POINT ( 'NONE',  ( -0.06773682409303427576, 0.06659572013568823556, 0.03139949806810600486 ) ) ;
#392 = VERTEX_POINT ( 'NONE', #2118 ) ;
#393 = PRODUCT_CONTEXT ( 'NONE', #1529, 'mechanical' ) ;
#394 =( GEOMETRIC_REPRESENTATION_CONTEXT ( 3 ) GLOBAL_UNCERTAINTY_ASSIGNED_CONTEXT ( ( #919 ) ) GLOBAL_UNIT_ASSIGNED_CONTEXT ( ( #2468, #1433, #3091 ) ) REPRESENTATION_CONTEXT ( 'NONE', 'WORKASPACE' ) );
#395 = DIMENSIONAL_EXPONENTS ( 1.000000000000000000, 0.000000000000000000, 0.000000000000000000, 0.000000000000000000, 0.000000000000000000, 0.000000000000000000, 0.000000000000000000 ) ;
#396 = CARTESIAN_POINT ( 'NONE',  ( 0.06185682882060709181, 0.1237136576412141697, 0.03385826771653542566 ) ) ;
#397 = DIRECTION ( 'NONE',  ( 1.000000000000000000, 0.000000000000000000, 0.000000000000000000 ) ) ;
#398 =( NAMED_UNIT ( * ) SI_UNIT ( $, .STERADIAN. ) SOLID_ANGLE_UNIT ( ) );
#399 = EDGE_CURVE ( 'NONE', #162, #2638, #477, .T. ) ;
#401 = ORIENTED_EDGE ( 'NONE', *, *, #190, .F. ) ;
#400 = CARTESIAN_POINT ( 'NONE',  ( 0.06266652544965535532, 0.05211465105542225501, 0.03385826771653543954 ) ) ;
#402 = EDGE_LOOP ( 'NONE', ( #1136, #2452, #1928, #1087, #3064, #2654, #2560, #352 ) ) ;
#403 = CARTESIAN_POINT ( 'NONE',  ( -0.04527559055118110520, -0.06496062992125983815, 0.000000000000000000 ) ) ;
#404 = ORIENTED_EDGE ( 'NONE', *, *, #1597, .T. ) ;
#405 = FILL_AREA_STYLE ('',( #1712 ) ) ;
#406 = DIRECTION ( 'NONE',  ( 1.000000000000000000, 0.000000000000000000, 0.000000000000000000 ) ) ;
#407 = DIRECTION ( 'NONE',  ( 0.000000000000000000, 0.000000000000000000, 1.000000000000000000 ) ) ;
#408 = SURFACE_STYLE_FILL_AREA ( #1956 ) ;
#409 = DIRECTION ( 'NONE',  ( 0.000000000000000000, 0.000000000000000000, 1.000000000000000000 ) ) ;
#410 =( NAMED_UNIT ( * ) PLANE_ANGLE_UNIT ( ) SI_UNIT ( $, .RADIAN. ) );
#411 =( CONVERSION_BASED_UNIT ( 'INCH', #2775 ) LENGTH_UNIT ( ) NAMED_UNIT ( #993 ) );
#412 = DIMENSIONAL_EXPONENTS ( 1.000000000000000000, 0.000000000000000000, 0.000000000000000000, 0.000000000000000000, 0.000000000000000000, 0.000000000000000000, 0.000000000000000000 ) ;
#413 = FILL_AREA_STYLE ('',( #3322 ) ) ;
#414 = ORIENTED_EDGE ( 'NONE', *, *, #313, .T. ) ;
#415 = LENGTH_MEASURE_WITH_UNIT ( LENGTH_MEASURE( 0.02539999999999999897 ), #178 );
#416 = CARTESIAN_POINT ( 'NONE',  ( 0.02559055118110236532, -0.06496062992125983815, 0.000000000000000000 ) ) ;
#417 = VERTEX_POINT ( 'NONE', #798 ) ;
#418 =( NAMED_UNIT ( * ) SI_UNIT ( $, .STERADIAN. ) SOLID_ANGLE_UNIT ( ) );
#419 = CARTESIAN_POINT ( 'NONE',  ( 0.06594488188976378729, -0.06791338582677165780, 0.03385826771653543260 ) ) ;
#420 = FACE_OUTER_BOUND ( 'NONE', #2404, .T. ) ;
#421 = DIRECTION ( 'NONE',  ( -0.000000000000000000, -0.000000000000000000, 1.000000000000000000 ) ) ;
#422 =( NAMED_UNIT ( * ) SI_UNIT ( $, .STERADIAN. ) SOLID_ANGLE_UNIT ( ) );
#423 = FILL_AREA_STYLE_COLOUR ( '', #491 ) ;
#424 =( LENGTH_UNIT ( ) NAMED_UNIT ( * ) SI_UNIT ( $, .METRE. ) );
#425 = PRODUCT_DEFINITION_CONTEXT ( 'detailed design', #27, 'design' ) ;
#426 = FILL_AREA_STYLE ('',( #2030 ) ) ;
#427 = MECHANICAL_DESIGN_GEOMETRIC_PRESENTATION_REPRESENTATION (  '', ( #1049 ), #551 ) ;
#428 = AXIS2_PLACEMENT_3D ( 'NONE', #1482, #3317, #2532 ) ;
#429 = SURFACE_SIDE_STYLE ('',( #2238 ) ) ;
#430 = VERTEX_POINT ( 'NONE', #1863 ) ;
#431 = PLANE ( 'NONE',  #3328 ) ;
#432 = AXIS2_PLACEMENT_3D ( 'NONE', #1094, #1964, #2905 ) ;
#433 = CARTESIAN_POINT ( 'NONE',  ( 0.06708139816769612129, 0.06708139816769612129, 0.03302628005745989609 ) ) ;
#434 = STYLED_ITEM ( 'NONE', ( #1919 ), #440 ) ;
#435 = CIRCLE ( 'NONE', #2813, 0.06012275551999341633 ) ;
#436 = ADVANCED_FACE ( 'NONE', ( #2300 ), #1539, .T. ) ;
#437 = ORIENTED_EDGE ( 'NONE', *, *, #2218, .T. ) ;
#438 = AXIS2_PLACEMENT_3D ( 'NONE', #3287, #692, #1197 ) ;
#439 = MECHANICAL_DESIGN_GEOMETRIC_PRESENTATION_REPRESENTATION (  '', ( #2888 ), #230 ) ;
#440 = ADVANCED_FACE ( 'NONE', ( #2442 ), #60, .T. ) ;
#441 = VECTOR ( 'NONE', #2249, 39.37007874015748143 ) ;
#442 = CARTESIAN_POINT ( 'NONE',  ( 0.06405234738404527728, 0.1281046947680905268, 0.03385826771653543260 ) ) ;
#443 =( NAMED_UNIT ( * ) PLANE_ANGLE_UNIT ( ) SI_UNIT ( $, .RADIAN. ) );
#444 = PRESENTATION_STYLE_ASSIGNMENT (( #203 ) ) ;
#445 = CIRCLE ( 'NONE', #2718, 0.001968503937007870519 ) ;
#446 = CARTESIAN_POINT ( 'NONE',  ( -0.06791338582677165780, -0.06594488188976378729, 0.03385826771653543260 ) ) ;
#447 = COLOUR_RGB ( '',0.8627450980392157298, 0.6274509803921568540, 0.05882352941176470507 ) ;
#448 = DIRECTION ( 'NONE',  ( -1.000000000000000000, 0.000000000000000000, 0.000000000000000000 ) ) ;
#449 =( GEOMETRIC_REPRESENTATION_CONTEXT ( 3 ) GLOBAL_UNCERTAINTY_ASSIGNED_CONTEXT ( ( #77 ) ) GLOBAL_UNIT_ASSIGNED_CONTEXT ( ( #653, #87, #2257 ) ) REPRESENTATION_CONTEXT ( 'NONE', 'WORKASPACE' ) );
#450 = PRESENTATION_STYLE_ASSIGNMENT (( #942 ) ) ;
#451 = CARTESIAN_POINT ( 'NONE',  ( -0.06608167308357430769, 0.06815290028347048557, 0.03295450302580740093 ) ) ;
#452 = VERTEX_POINT ( 'NONE', #1665 ) ;
#453 = DIRECTION ( 'NONE',  ( 1.000000000000000000, 0.000000000000000000, -0.000000000000000000 ) ) ;
#454 = CARTESIAN_POINT ( 'NONE',  ( 0.06603088049213515220, 0.06690628474306035967, 0.03372657088374936274 ) ) ;
#455 = ORIENTED_EDGE ( 'NONE', *, *, #3446, .F. ) ;
#456 = LENGTH_MEASURE_WITH_UNIT ( LENGTH_MEASURE( 0.02539999999999999897 ), #3096 );
#457 = FILL_AREA_STYLE ('',( #3133 ) ) ;
#458 = VERTEX_POINT ( 'NONE', #1405 ) ;
#459 = DIMENSIONAL_EXPONENTS ( 1.000000000000000000, 0.000000000000000000, 0.000000000000000000, 0.000000000000000000, 0.000000000000000000, 0.000000000000000000, 0.000000000000000000 ) ;
#460 = DIRECTION ( 'NONE',  ( 0.000000000000000000, 0.000000000000000000, 1.000000000000000000 ) ) ;
#461 = EDGE_CURVE ( 'NONE', #386, #962, #12, .T. ) ;
#462 = PRESENTATION_STYLE_ASSIGNMENT (( #1862 ) ) ;
#463 = DIRECTION ( 'NONE',  ( -1.000000000000000000, -0.000000000000000000, 0.000000000000000000 ) ) ;
#464 = CARTESIAN_POINT ( 'NONE',  ( -0.06405234738404529116, 2.614716740058183562E-18, 0.03385826771653543260 ) ) ;
#465 = CARTESIAN_POINT ( 'NONE',  ( 0.02559055118110236532, -0.06496062992125983815, 0.000000000000000000 ) ) ;
#466 = DIRECTION ( 'NONE',  ( -0.000000000000000000, 1.000000000000000000, 0.000000000000000000 ) ) ;
#467 = SURFACE_STYLE_FILL_AREA ( #771 ) ;
#468 = ORIENTED_EDGE ( 'NONE', *, *, #826, .T. ) ;
#469 = SURFACE_STYLE_FILL_AREA ( #2849 ) ;
#470 = EDGE_LOOP ( 'NONE', ( #749, #2593, #965, #1365 ) ) ;
#471 = FILL_AREA_STYLE_COLOUR ( '', #1333 ) ;
#472 = DIRECTION ( 'NONE',  ( 0.000000000000000000, -0.000000000000000000, -1.000000000000000000 ) ) ;
#473 = DIRECTION ( 'NONE',  ( 1.000000000000000000, 0.000000000000000000, 0.000000000000000000 ) ) ;
#474 =( NAMED_UNIT ( * ) PLANE_ANGLE_UNIT ( ) SI_UNIT ( $, .RADIAN. ) );
#475 = CARTESIAN_POINT ( 'NONE',  ( -0.04527559055118110520, 0.06496062992125983815, 0.000000000000000000 ) ) ;
#476 = ADVANCED_FACE ( 'NONE', ( #1144 ), #1624, .T. ) ;
#477 = LINE ( 'NONE', #783, #3333 ) ;
#478 = DIMENSIONAL_EXPONENTS ( 1.000000000000000000, 0.000000000000000000, 0.000000000000000000, 0.000000000000000000, 0.000000000000000000, 0.000000000000000000, 0.000000000000000000 ) ;
#479 = CARTESIAN_POINT ( 'NONE',  ( 0.05936773891448984125, 0.02405021482261282539, 0.03385826771653542566 ) ) ;
#480 = CARTESIAN_POINT ( 'NONE',  ( 0.06594488188976378729, 0.06594488188976378729, 0.03188976377952758290 ) ) ;
#481 = CIRCLE ( 'NONE', #2866, 0.001968503937007870519 ) ;
#482 =( NAMED_UNIT ( * ) SI_UNIT ( $, .STERADIAN. ) SOLID_ANGLE_UNIT ( ) );
#483 = EDGE_CURVE ( 'NONE', #1531, #1732, #3067, .T. ) ;
#484 = DIRECTION ( 'NONE',  ( 0.000000000000000000, -0.000000000000000000, -1.000000000000000000 ) ) ;
#485 = SURFACE_STYLE_FILL_AREA ( #2557 ) ;
#486 = VECTOR ( 'NONE', #1359, 39.37007874015748143 ) ;
#487 =( NAMED_UNIT ( * ) PLANE_ANGLE_UNIT ( ) SI_UNIT ( $, .RADIAN. ) );
#488 = ORIENTED_EDGE ( 'NONE', *, *, #2288, .F. ) ;
#489 = MECHANICAL_DESIGN_GEOMETRIC_PRESENTATION_REPRESENTATION (  '', ( #379 ), #1217 ) ;
#490 = DIRECTION ( 'NONE',  ( 1.000000000000000000, 0.000000000000000000, -0.000000000000000000 ) ) ;
#491 = COLOUR_RGB ( '',0.8627450980392157298, 0.6274509803921568540, 0.05882352941176470507 ) ;
#492 = CIRCLE ( 'NONE', #2043, 0.001968503937007870519 ) ;
#493 = VECTOR ( 'NONE', #243, 39.37007874015748143 ) ;
#494 = MECHANICAL_DESIGN_GEOMETRIC_PRESENTATION_REPRESENTATION (  '', ( #2658 ), #1113 ) ;
#495 = ORIENTED_EDGE ( 'NONE', *, *, #574, .F. ) ;
#496 = DIRECTION ( 'NONE',  ( 1.000000000000000000, 0.000000000000000000, 0.000000000000000000 ) ) ;
#497 = LENGTH_MEASURE_WITH_UNIT ( LENGTH_MEASURE( 0.02539999999999999897 ), #706 );
#498 = VECTOR ( 'NONE', #2912, 39.37007874015748143 ) ;
#499 = CARTESIAN_POINT ( 'NONE',  ( 0.05522697974356908374, 0.1178578973175054140, 0.03893640427590543129 ) ) ;
#500 = SURFACE_STYLE_USAGE ( .BOTH. , #538 ) ;
#501 = CIRCLE ( 'NONE', #1510, 0.001968503937007870519 ) ;
#502 = PRESENTATION_STYLE_ASSIGNMENT (( #300 ) ) ;
#503 =( GEOMETRIC_REPRESENTATION_CONTEXT ( 3 ) GLOBAL_UNCERTAINTY_ASSIGNED_CONTEXT ( ( #1686 ) ) GLOBAL_UNIT_ASSIGNED_CONTEXT ( ( #2027, #2003, #398 ) ) REPRESENTATION_CONTEXT ( 'NONE', 'WORKASPACE' ) );
#504 = DIRECTION ( 'NONE',  ( 0.000000000000000000, 0.000000000000000000, -1.000000000000000000 ) ) ;
#505 = CARTESIAN_POINT ( 'NONE',  ( 0.06594488188976378729, -0.06791338582677165780, 0.02795275590551181411 ) ) ;
#506 = UNCERTAINTY_MEASURE_WITH_UNIT (LENGTH_MEASURE( 1.000000000000000082E-05 ), #584, 'distance_accuracy_value', 'NONE');
#507 = COLOUR_RGB ( '',0.000000000000000000, 0.7490196078431372584, 0.000000000000000000 ) ;
#508 = EDGE_CURVE ( 'NONE', #127, #452, #1463, .T. ) ;
#509 =( CONVERSION_BASED_UNIT ( 'INCH', #1295 ) LENGTH_UNIT ( ) NAMED_UNIT ( #747 ) );
#510 = CARTESIAN_POINT ( 'NONE',  ( -0.06405234738404529116, 7.844150220174540671E-18, 0.03385826771653543260 ) ) ;
#511 =( NAMED_UNIT ( * ) PLANE_ANGLE_UNIT ( ) SI_UNIT ( $, .RADIAN. ) );
#512 =( NAMED_UNIT ( * ) SI_UNIT ( $, .STERADIAN. ) SOLID_ANGLE_UNIT ( ) );
#513 = EDGE_CURVE ( 'NONE', #1400, #614, #2997, .T. ) ;
#514 = DIMENSIONAL_EXPONENTS ( 1.000000000000000000, 0.000000000000000000, 0.000000000000000000, 0.000000000000000000, 0.000000000000000000, 0.000000000000000000, 0.000000000000000000 ) ;
#515 = CYLINDRICAL_SURFACE ( 'NONE', #1389, 0.001968503937007874856 ) ;
#516 = VERTEX_POINT ( 'NONE', #1420 ) ;
#517 =( CONVERSION_BASED_UNIT ( 'INCH', #750 ) LENGTH_UNIT ( ) NAMED_UNIT ( #459 ) );
#518 = PRESENTATION_STYLE_ASSIGNMENT (( #751 ) ) ;
#519 = ORIENTED_EDGE ( 'NONE', *, *, #1718, .T. ) ;
#520 = UNCERTAINTY_MEASURE_WITH_UNIT (LENGTH_MEASURE( 1.000000000000000082E-05 ), #2079, 'distance_accuracy_value', 'NONE');
#521 = DIRECTION ( 'NONE',  ( -1.000000000000000000, 0.000000000000000000, 0.000000000000000000 ) ) ;
#522 = SURFACE_STYLE_FILL_AREA ( #1304 ) ;
#523 = SHAPE_REPRESENTATION_RELATIONSHIP ( 'NONE' , 'NONE' ,  #1961, #3089 ) ;
#524 =( CONVERSION_BASED_UNIT ( 'INCH', #2906 ) LENGTH_UNIT ( ) NAMED_UNIT ( #2523 ) );
#525 = CARTESIAN_POINT ( 'NONE',  ( 0.02559055118110236532, 0.06496062992125983815, 0.000000000000000000 ) ) ;
#526 =( LENGTH_UNIT ( ) NAMED_UNIT ( * ) SI_UNIT ( $, .METRE. ) );
#527 = DIRECTION ( 'NONE',  ( 1.000000000000000000, 0.000000000000000000, -0.000000000000000000 ) ) ;
#528 = DIRECTION ( 'NONE',  ( 0.000000000000000000, -1.000000000000000000, -0.000000000000000000 ) ) ;
#529 =( LENGTH_UNIT ( ) NAMED_UNIT ( * ) SI_UNIT ( $, .METRE. ) );
#530 = FILL_AREA_STYLE_COLOUR ( '', #2433 ) ;
#531 = ORIENTED_EDGE ( 'NONE', *, *, #2885, .T. ) ;
#532 = SURFACE_STYLE_USAGE ( .BOTH. , #299 ) ;
#533 = EDGE_CURVE ( 'NONE', #2668, #2754, #2262, .T. ) ;
#534 = CARTESIAN_POINT ( 'NONE',  ( -0.06502005073229230603, -0.06892794426274602426, 0.03271574112390655820 ) ) ;
#535 = ORIENTED_EDGE ( 'NONE', *, *, #843, .T. ) ;
#536 =( NAMED_UNIT ( * ) SI_UNIT ( $, .STERADIAN. ) SOLID_ANGLE_UNIT ( ) );
#537 = EDGE_CURVE ( 'NONE', #2890, #2386, #278, .T. ) ;
#538 = SURFACE_SIDE_STYLE ('',( #2578 ) ) ;
#539 = DIRECTION ( 'NONE',  ( 0.000000000000000000, -0.000000000000000000, 1.000000000000000000 ) ) ;
#540 = CARTESIAN_POINT ( 'NONE',  ( 0.06413698282444808829, -0.06923098684347651910, 0.03236407262890389491 ) ) ;
#541 =( LENGTH_UNIT ( ) NAMED_UNIT ( * ) SI_UNIT ( $, .METRE. ) );
#542 = ORIENTED_EDGE ( 'NONE', *, *, #1149, .T. ) ;
#543 = DIRECTION ( 'NONE',  ( -1.000000000000000000, -0.000000000000000000, 0.000000000000000000 ) ) ;
#544 = AXIS2_PLACEMENT_3D ( 'NONE', #1885, #1009, #2053 ) ;
#545 = EDGE_CURVE ( 'NONE', #2956, #2697, #2547, .T. ) ;
#546 = CIRCLE ( 'NONE', #1384, 0.001968503937007870519 ) ;
#547 = PRESENTATION_STYLE_ASSIGNMENT (( #1337 ) ) ;
#548 = AXIS2_PLACEMENT_3D ( 'NONE', #1760, #1243, #1190 ) ;
#549 = ORIENTED_EDGE ( 'NONE', *, *, #1582, .T. ) ;
#550 = CARTESIAN_POINT ( 'NONE',  ( -0.06791338582677165780, -0.06594488188976378729, 0.000000000000000000 ) ) ;
#551 =( GEOMETRIC_REPRESENTATION_CONTEXT ( 3 ) GLOBAL_UNCERTAINTY_ASSIGNED_CONTEXT ( ( #2113 ) ) GLOBAL_UNIT_ASSIGNED_CONTEXT ( ( #1137, #2559, #1205 ) ) REPRESENTATION_CONTEXT ( 'NONE', 'WORKASPACE' ) );
#552 = PRESENTATION_LAYER_ASSIGNMENT (  '', '', ( #3045 ) ) ;
#553 =( GEOMETRIC_REPRESENTATION_CONTEXT ( 3 ) GLOBAL_UNCERTAINTY_ASSIGNED_CONTEXT ( ( #753 ) ) GLOBAL_UNIT_ASSIGNED_CONTEXT ( ( #801, #769, #2636 ) ) REPRESENTATION_CONTEXT ( 'NONE', 'WORKASPACE' ) );
#554 = EDGE_CURVE ( 'NONE', #1400, #3094, #3279, .T. ) ;
#555 = CARTESIAN_POINT ( 'NONE',  ( 0.05577676167012780850, 0.04490281988627423115, 0.03385826771653543260 ) ) ;
#556 =( GEOMETRIC_REPRESENTATION_CONTEXT ( 3 ) GLOBAL_UNCERTAINTY_ASSIGNED_CONTEXT ( ( #3424 ) ) GLOBAL_UNIT_ASSIGNED_CONTEXT ( ( #3258, #79, #34 ) ) REPRESENTATION_CONTEXT ( 'NONE', 'WORKASPACE' ) );
#557 = DIRECTION ( 'NONE',  ( 0.000000000000000000, 0.000000000000000000, 1.000000000000000000 ) ) ;
#558 = AXIS2_PLACEMENT_3D ( 'NONE', #2952, #333, #3205 ) ;
#559 = CIRCLE ( 'NONE', #166, 0.001968503937007874422 ) ;
#560 = CARTESIAN_POINT ( 'NONE',  ( 0.04527559055118110520, 0.06496062992125983815, 0.000000000000000000 ) ) ;
#561 = CIRCLE ( 'NONE', #3337, 0.001968503937007874856 ) ;
#562 = CARTESIAN_POINT ( 'NONE',  ( -0.06012275551999341633, 7.362914010347880260E-18, 0.03755374136515146621 ) ) ;
#563 = CARTESIAN_POINT ( 'NONE',  ( -0.04527559055118110520, -0.06496062992125983815, 0.000000000000000000 ) ) ;
#564 =( GEOMETRIC_REPRESENTATION_CONTEXT ( 3 ) GLOBAL_UNCERTAINTY_ASSIGNED_CONTEXT ( ( #506 ) ) GLOBAL_UNIT_ASSIGNED_CONTEXT ( ( #584, #1632, #2955 ) ) REPRESENTATION_CONTEXT ( 'NONE', 'WORKASPACE' ) );
#565 = CARTESIAN_POINT ( 'NONE',  ( 0.04527559055118110520, -0.06496062992125983815, 0.0007874015748031497038 ) ) ;
#566 = ORIENTED_EDGE ( 'NONE', *, *, #3054, .F. ) ;
#567 =( NAMED_UNIT ( * ) PLANE_ANGLE_UNIT ( ) SI_UNIT ( $, .RADIAN. ) );
#568 = FILL_AREA_STYLE ('',( #1021 ) ) ;
#569 = CARTESIAN_POINT ( 'NONE',  ( -0.06594488188976378729, 0.06594488188976377341, 0.03188976377952756208 ) ) ;
#570 = ORIENTED_EDGE ( 'NONE', *, *, #1471, .F. ) ;
#571 = DIRECTION ( 'NONE',  ( 0.000000000000000000, 0.000000000000000000, 1.000000000000000000 ) ) ;
#572 = DIRECTION ( 'NONE',  ( 0.000000000000000000, 0.000000000000000000, -1.000000000000000000 ) ) ;
#573 =( CONVERSION_BASED_UNIT ( 'INCH', #1647 ) LENGTH_UNIT ( ) NAMED_UNIT ( #3061 ) );
#574 = EDGE_CURVE ( 'NONE', #2991, #2023, #2017, .T. ) ;
#575 =( LENGTH_UNIT ( ) NAMED_UNIT ( * ) SI_UNIT ( $, .METRE. ) );
#576 =( NAMED_UNIT ( * ) SI_UNIT ( $, .STERADIAN. ) SOLID_ANGLE_UNIT ( ) );
#577 = CARTESIAN_POINT ( 'NONE',  ( 0.02712551128205368395, -0.05804597414799074484, 0.03385826771653543954 ) ) ;
#578 = CARTESIAN_POINT ( 'NONE',  ( 0.06594488188976378729, -0.06594488188976378729, 0.03188976377952756208 ) ) ;
#579 = SURFACE_STYLE_FILL_AREA ( #1651 ) ;
#580 = PRODUCT_DEFINITION_SHAPE ( 'NONE', 'NONE',  #3167 ) ;
#581 = DIRECTION ( 'NONE',  ( -0.000000000000000000, -0.000000000000000000, -1.000000000000000000 ) ) ;
#582 = VERTEX_POINT ( 'NONE', #1680 ) ;
#583 = SURFACE_STYLE_USAGE ( .BOTH. , #2467 ) ;
#584 =( CONVERSION_BASED_UNIT ( 'INCH', #2684 ) LENGTH_UNIT ( ) NAMED_UNIT ( #514 ) );
#585 = ORIENTED_EDGE ( 'NONE', *, *, #1110, .T. ) ;
#586 = UNCERTAINTY_MEASURE_WITH_UNIT (LENGTH_MEASURE( 1.000000000000000082E-05 ), #3198, 'distance_accuracy_value', 'NONE');
#587 = CARTESIAN_POINT ( 'NONE',  ( 0.06266652544965535532, 0.05211465105542225501, 0.03385826771653543954 ) ) ;
#588 = CARTESIAN_POINT ( 'NONE',  ( 0.04527559055118110520, 0.06496062992125983815, 0.000000000000000000 ) ) ;
#589 = SURFACE_STYLE_FILL_AREA ( #844 ) ;
#590 = CARTESIAN_POINT ( 'NONE',  ( 0.04527559055118110520, 0.000000000000000000, 0.003937007874015747977 ) ) ;
#591 = CARTESIAN_POINT ( 'NONE',  ( 0.06545461617834223700, 0.06659572013568823556, 0.03368170598279802974 ) ) ;
#592 = CARTESIAN_POINT ( 'NONE',  ( -0.04841474211344228007, -0.04217102279155989647, 0.03385826771653543954 ) ) ;
#593 = LENGTH_MEASURE_WITH_UNIT ( LENGTH_MEASURE( 0.02539999999999999897 ), #2427 );
#594 = EDGE_CURVE ( 'NONE', #776, #3092, #676, .T. ) ;
#595 = VERTEX_POINT ( 'NONE', #1213 ) ;
#596 = CARTESIAN_POINT ( 'NONE',  ( -0.06496062992125983815, 0.06496062992125983815, 0.000000000000000000 ) ) ;
#597 = EDGE_LOOP ( 'NONE', ( #1430, #910, #180, #1186, #1817, #1567, #1257, #1676 ) ) ;
#598 = COLOUR_RGB ( '',0.000000000000000000, 0.7490196078431372584, 0.000000000000000000 ) ;
#599 = CARTESIAN_POINT ( 'NONE',  ( 0.06791338582677165780, 0.06594488188976378729, 0.02795275590551181411 ) ) ;
#600 = VECTOR ( 'NONE', #833, 39.37007874015748143 ) ;
#601 = CARTESIAN_POINT ( 'NONE',  ( 0.06594488188976378729, -0.06594488188976378729, 0.000000000000000000 ) ) ;
#602 = PRODUCT ( 'base', 'base', '', ( #2994 ) ) ;
#603 = MECHANICAL_DESIGN_GEOMETRIC_PRESENTATION_REPRESENTATION (  '', ( #1772 ), #1104 ) ;
#604 = MECHANICAL_DESIGN_GEOMETRIC_PRESENTATION_REPRESENTATION (  '', ( #2095 ), #2598 ) ;
#605 = AXIS2_PLACEMENT_3D ( 'NONE', #3420, #1249, #3156 ) ;
#606 =( CONVERSION_BASED_UNIT ( 'INCH', #799 ) LENGTH_UNIT ( ) NAMED_UNIT ( #1603 ) );
#607 = LINE ( 'NONE', #1668, #1666 ) ;
#608 = STYLED_ITEM ( 'NONE', ( #32 ), #1000 ) ;
#609 = CARTESIAN_POINT ( 'NONE',  ( 0.06012275551999340245, -0.1202455110399868188, 0.03755374136515146621 ) ) ;
#610 = CARTESIAN_POINT ( 'NONE',  ( -0.06715317519934864421, -0.06600989605192179865, 0.03402600514158172357 ) ) ;
#611 = COLOUR_RGB ( '',0.8627450980392157298, 0.6274509803921568540, 0.05882352941176470507 ) ;
#612 = VECTOR ( 'NONE', #3168, 39.37007874015748143 ) ;
#613 =( GEOMETRIC_REPRESENTATION_CONTEXT ( 3 ) GLOBAL_UNCERTAINTY_ASSIGNED_CONTEXT ( ( #1797 ) ) GLOBAL_UNIT_ASSIGNED_CONTEXT ( ( #1485, #385, #2519 ) ) REPRESENTATION_CONTEXT ( 'NONE', 'WORKASPACE' ) );
#614 = VERTEX_POINT ( 'NONE', #1954 ) ;
#615 = EDGE_CURVE ( 'NONE', #1732, #2469, #2513, .T. ) ;
#616 = VECTOR ( 'NONE', #261, 39.37007874015748143 ) ;
#617 =( NAMED_UNIT ( * ) PLANE_ANGLE_UNIT ( ) SI_UNIT ( $, .RADIAN. ) );
#618 =( NAMED_UNIT ( * ) SI_UNIT ( $, .STERADIAN. ) SOLID_ANGLE_UNIT ( ) );
#619 = ORIENTED_EDGE ( 'NONE', *, *, #537, .F. ) ;
#620 = STYLED_ITEM ( 'NONE', ( #1460 ), #3319 ) ;
#621 = UNCERTAINTY_MEASURE_WITH_UNIT (LENGTH_MEASURE( 1.000000000000000082E-05 ), #2821, 'distance_accuracy_value', 'NONE');
#622 = PLANE ( 'NONE',  #2589 ) ;
#623 = CONTEXT_DEPENDENT_SHAPE_REPRESENTATION ( #1762, #3246 ) ;
#624 = DIRECTION ( 'NONE',  ( 0.000000000000000000, -0.000000000000000000, -1.000000000000000000 ) ) ;
#625 = SURFACE_STYLE_USAGE ( .BOTH. , #3017 ) ;
#626 = LINE ( 'NONE', #2395, #782 ) ;
#628 = ORIENTED_EDGE ( 'NONE', *, *, #1597, .F. ) ;
#627 = CARTESIAN_POINT ( 'NONE',  ( 0.06025744991038835957, -0.1205148998207767469, 0.03536235842654903566 ) ) ;
#629 = FILL_AREA_STYLE_COLOUR ( '', #944 ) ;
#630 =( REPRESENTATION_RELATIONSHIP ('NONE','NONE', #1765, #2358 ) REPRESENTATION_RELATIONSHIP_WITH_TRANSFORMATION ( #2730 )SHAPE_REPRESENTATION_RELATIONSHIP( ) );
#631 = EDGE_LOOP ( 'NONE', ( #2292, #1724, #70, #315 ) ) ;
#632 = CARTESIAN_POINT ( 'NONE',  ( 0.06791338582677165780, 0.06594488188976378729, 0.02795275590551181411 ) ) ;
#633 = LINE ( 'NONE', #2201, #1498 ) ;
#634 = ADVANCED_FACE ( 'NONE', ( #420 ), #3315, .T. ) ;
#635 = ORIENTED_EDGE ( 'NONE', *, *, #513, .F. ) ;
#636 = PLANE ( 'NONE',  #3265 ) ;
#637 = DIRECTION ( 'NONE',  ( 0.000000000000000000, 0.000000000000000000, 1.000000000000000000 ) ) ;
#638 = DIRECTION ( 'NONE',  ( -1.000000000000000000, 0.000000000000000000, 0.000000000000000000 ) ) ;
#639 = FILL_AREA_STYLE ('',( #1737 ) ) ;
#640 = CARTESIAN_POINT ( 'NONE',  ( -0.04527559055118110520, -0.06496062992125983815, 0.000000000000000000 ) ) ;
#642 = ORIENTED_EDGE ( 'NONE', *, *, #3143, .T. ) ;
#641 = FACE_OUTER_BOUND ( 'NONE', #1298, .T. ) ;
#643 = DIRECTION ( 'NONE',  ( 0.000000000000000000, -1.000000000000000000, 0.000000000000000000 ) ) ;
#644 = UNCERTAINTY_MEASURE_WITH_UNIT (LENGTH_MEASURE( 1.000000000000000082E-05 ), #2046, 'distance_accuracy_value', 'NONE');
#645 = LENGTH_MEASURE_WITH_UNIT ( LENGTH_MEASURE( 0.02539999999999999897 ), #1779 );
#646 = PRESENTATION_STYLE_ASSIGNMENT (( #1758 ) ) ;
#647 = VERTEX_POINT ( 'NONE', #1250 ) ;
#648 = DIRECTION ( 'NONE',  ( 0.000000000000000000, 8.239936510889829912E-14, 1.000000000000000000 ) ) ;
#649 =( CONVERSION_BASED_UNIT ( 'INCH', #2988 ) LENGTH_UNIT ( ) NAMED_UNIT ( #1562 ) );
#650 = DIRECTION ( 'NONE',  ( 0.000000000000000000, 0.000000000000000000, -1.000000000000000000 ) ) ;
#651 = ORIENTED_EDGE ( 'NONE', *, *, #683, .T. ) ;
#652 = CARTESIAN_POINT ( 'NONE',  ( 0.06791338582677165780, -0.06594488188976378729, 0.000000000000000000 ) ) ;
#653 =( CONVERSION_BASED_UNIT ( 'INCH', #1157 ) LENGTH_UNIT ( ) NAMED_UNIT ( #61 ) );
#654 = PRESENTATION_STYLE_ASSIGNMENT (( #2228 ) ) ;
#655 = CARTESIAN_POINT ( 'NONE',  ( 0.06012275551999342327, 0.1202455110399868049, 0.03755374136515146621 ) ) ;
#656 = PRESENTATION_STYLE_ASSIGNMENT (( #2018 ) ) ;
#657 = COLOUR_RGB ( '',0.8627450980392157298, 0.6274509803921568540, 0.05882352941176470507 ) ;
#658 = ADVANCED_FACE ( 'NONE', ( #184 ), #2089, .T. ) ;
#659 = FILL_AREA_STYLE_COLOUR ( '', #2256 ) ;
#660 = CARTESIAN_POINT ( 'NONE',  ( -0.06708139816769612129, -0.06708139816769612129, 0.03302628005745989609 ) ) ;
#662 = VERTEX_POINT ( 'NONE', #260 ) ;
#661 = FILL_AREA_STYLE ('',( #3304 ) ) ;
#663 = PRESENTATION_LAYER_ASSIGNMENT (  '', '', ( #2095 ) ) ;
#664 = STYLED_ITEM ( 'NONE', ( #2291 ), #928 ) ;
#665 = PRESENTATION_STYLE_ASSIGNMENT (( #3306 ) ) ;
#666 = PRESENTATION_LAYER_ASSIGNMENT (  '', '', ( #608 ) ) ;
#667 = CARTESIAN_POINT ( 'NONE',  ( -0.06594488188976378729, -0.06594488188976378729, 0.000000000000000000 ) ) ;
#668 = ORIENTED_EDGE ( 'NONE', *, *, #2034, .F. ) ;
#669 = VECTOR ( 'NONE', #239, 39.37007874015748143 ) ;
#670 = FILL_AREA_STYLE_COLOUR ( '', #1274 ) ;
#671 = CARTESIAN_POINT ( 'NONE',  ( 0.06704171025197798450, 0.06488462522337470895, 0.03473740064359218810 ) ) ;
#672 = EDGE_LOOP ( 'NONE', ( #519, #2792, #1759, #1091, #1475 ) ) ;
#673 = FILL_AREA_STYLE ('',( #2729 ) ) ;
#674 = CARTESIAN_POINT ( 'NONE',  ( 0.06791338582677165780, -0.06594488188976378729, 0.02795275590551181411 ) ) ;
#675 = DIRECTION ( 'NONE',  ( -0.000000000000000000, -0.000000000000000000, 1.000000000000000000 ) ) ;
#676 = LINE ( 'NONE', #132, #883 ) ;
#677 = AXIS2_PLACEMENT_3D ( 'NONE', #1356, #1696, #3331 ) ;
#678 = SURFACE_STYLE_FILL_AREA ( #1185 ) ;
#679 =( BOUNDED_SURFACE ( )  B_SPLINE_SURFACE ( 3, 3, ( 
 ( #2488, #2725, #2570, #1709 ),
 ( #69, #451, #1256, #2843 ),
 ( #990, #3112, #370, #1138 ),
 ( #2225, #2188, #1966, #391 ) ),
 .UNSPECIFIED., .F., .F., .F. ) 
 B_SPLINE_SURFACE_WITH_KNOTS ( ( 4, 4 ),
 ( 4, 4 ),
 ( 0.000000000000000000, 1.000000000000000000 ),
 ( 0.000000000000000000, 1.000000000000000000 ),
 .UNSPECIFIED. ) 
 GEOMETRIC_REPRESENTATION_ITEM ( )  RATIONAL_B_SPLINE_SURFACE ( (
 ( 1.000000000000000000, 0.3333333333333343140, 0.3333333333333343140, 1.000000000000000000),
 ( 0.9245018060306359198, 0.3081672686768795466, 0.3081672686768795466, 0.9245018060306359198),
 ( 0.9245018060306359198, 0.3081672686768795466, 0.3081672686768795466, 0.9245018060306359198),
 ( 1.000000000000000000, 0.3333333333333343140, 0.3333333333333343140, 1.000000000000000000) ) ) 
 REPRESENTATION_ITEM ( '' )  SURFACE ( )  );
#681 = ORIENTED_EDGE ( 'NONE', *, *, #2610, .F. ) ;
#680 = CARTESIAN_POINT ( 'NONE',  ( 0.06879251875382844106, -0.06488462522337468119, 0.03298659214174175930 ) ) ;
#682 = DIRECTION ( 'NONE',  ( -0.000000000000000000, -0.000000000000000000, 1.000000000000000000 ) ) ;
#683 = EDGE_CURVE ( 'NONE', #1549, #1986, #3120, .T. ) ;
#684 = ORIENTED_EDGE ( 'NONE', *, *, #190, .T. ) ;
#685 = CARTESIAN_POINT ( 'NONE',  ( 0.000000000000000000, 0.000000000000000000, 0.03755374136515146621 ) ) ;
#686 = DIMENSIONAL_EXPONENTS ( 1.000000000000000000, 0.000000000000000000, 0.000000000000000000, 0.000000000000000000, 0.000000000000000000, 0.000000000000000000, 0.000000000000000000 ) ;
#687 = CARTESIAN_POINT ( 'NONE',  ( 0.06754537219393078051, 0.06708139816769612129, 0.03256230603122525075 ) ) ;
#688 = ORIENTED_EDGE ( 'NONE', *, *, #2450, .F. ) ;
#689 = SURFACE_SIDE_STYLE ('',( #3352 ) ) ;
#690 = UNCERTAINTY_MEASURE_WITH_UNIT (LENGTH_MEASURE( 1.000000000000000082E-05 ), #1979, 'distance_accuracy_value', 'NONE');
#691 = DIRECTION ( 'NONE',  ( -1.224646799147353207E-16, -1.000000000000000000, 0.000000000000000000 ) ) ;
#692 = DIRECTION ( 'NONE',  ( 0.4082482904638630727, -0.8164965809277261455, -0.4082482904638630727 ) ) ;
#693 =( NAMED_UNIT ( * ) SI_UNIT ( $, .STERADIAN. ) SOLID_ANGLE_UNIT ( ) );
#694 = SURFACE_SIDE_STYLE ('',( #678 ) ) ;
#695 =( CONVERSION_BASED_UNIT ( 'INCH', #188 ) LENGTH_UNIT ( ) NAMED_UNIT ( #2546 ) );
#696 = CARTESIAN_POINT ( 'NONE',  ( 0.06496062992125983815, 0.06496062992125983815, 0.000000000000000000 ) ) ;
#697 = ADVANCED_FACE ( 'NONE', ( #3421 ), #202, .T. ) ;
#698 = ORIENTED_EDGE ( 'NONE', *, *, #461, .F. ) ;
#699 = FACE_OUTER_BOUND ( 'NONE', #1450, .T. ) ;
#700 = EDGE_CURVE ( 'NONE', #354, #3154, #1439, .T. ) ;
#701 = CARTESIAN_POINT ( 'NONE',  ( -0.06496062992125983815, -0.06496062992125983815, 0.000000000000000000 ) ) ;
#702 = ORIENTED_EDGE ( 'NONE', *, *, #2161, .F. ) ;
#703 = CARTESIAN_POINT ( 'NONE',  ( 0.06791338582677165780, 0.06594488188976378729, 0.03385826771653543260 ) ) ;
#704 = CARTESIAN_POINT ( 'NONE',  ( -0.06791338582677165780, 0.06594488188976377341, 0.03188976377952756208 ) ) ;
#705 = SURFACE_STYLE_FILL_AREA ( #1716 ) ;
#706 =( LENGTH_UNIT ( ) NAMED_UNIT ( * ) SI_UNIT ( $, .METRE. ) );
#707 = DIRECTION ( 'NONE',  ( 0.000000000000000000, -0.000000000000000000, 1.000000000000000000 ) ) ;
#708 = CARTESIAN_POINT ( 'NONE',  ( -0.04527559055118110520, -0.06496062992125983815, 0.000000000000000000 ) ) ;
#709 = PRESENTATION_LAYER_ASSIGNMENT (  '', '', ( #2195 ) ) ;
#710 = UNCERTAINTY_MEASURE_WITH_UNIT (LENGTH_MEASURE( 1.000000000000000082E-05 ), #2282, 'distance_accuracy_value', 'NONE');
#711 = PRESENTATION_LAYER_ASSIGNMENT (  '', '', ( #379 ) ) ;
#712 = DIRECTION ( 'NONE',  ( 1.000000000000000000, 0.000000000000000000, 0.000000000000000000 ) ) ;
#713 = COLOUR_RGB ( '',0.8627450980392157298, 0.6274509803921568540, 0.05882352941176470507 ) ;
#714 = VERTEX_POINT ( 'NONE', #755 ) ;
#715 = VECTOR ( 'NONE', #2644, 39.37007874015748143 ) ;
#716 = PRESENTATION_STYLE_ASSIGNMENT (( #1530 ) ) ;
#717 =( GEOMETRIC_REPRESENTATION_CONTEXT ( 3 ) GLOBAL_UNCERTAINTY_ASSIGNED_CONTEXT ( ( #2279 ) ) GLOBAL_UNIT_ASSIGNED_CONTEXT ( ( #815, #1276, #1629 ) ) REPRESENTATION_CONTEXT ( 'NONE', 'WORKASPACE' ) );
#718 = EDGE_LOOP ( 'NONE', ( #2154, #2789, #904, #1854 ) ) ;
#719 = EDGE_CURVE ( 'NONE', #3092, #1275, #368, .T. ) ;
#720 = CIRCLE ( 'NONE', #2935, 0.001968503937007870519 ) ;
#721 = VECTOR ( 'NONE', #624, 39.37007874015748143 ) ;
#722 = CARTESIAN_POINT ( 'NONE',  ( -0.06405234738404529116, 2.614716740058183562E-18, 0.03385826771653543260 ) ) ;
#723 = VECTOR ( 'NONE', #199, 39.37007874015748143 ) ;
#724 = DIRECTION ( 'NONE',  ( -1.000000000000000000, 0.000000000000000000, 0.000000000000000000 ) ) ;
#725 = DIRECTION ( 'NONE',  ( -1.000000000000000000, 0.000000000000000000, 0.000000000000000000 ) ) ;
#726 = CIRCLE ( 'NONE', #2219, 0.001968503937007874422 ) ;
#727 =( LENGTH_UNIT ( ) NAMED_UNIT ( * ) SI_UNIT ( $, .METRE. ) );
#728 = FACE_OUTER_BOUND ( 'NONE', #51, .T. ) ;
#729 = SURFACE_STYLE_USAGE ( .BOTH. , #3174 ) ;
#730 = CARTESIAN_POINT ( 'NONE',  ( -0.02712551128205268128, 0.05804597414799173016, 0.03385826771653542566 ) ) ;
#731 =( GEOMETRIC_REPRESENTATION_CONTEXT ( 3 ) GLOBAL_UNCERTAINTY_ASSIGNED_CONTEXT ( ( #2479 ) ) GLOBAL_UNIT_ASSIGNED_CONTEXT ( ( #1111, #2370, #1342 ) ) REPRESENTATION_CONTEXT ( 'NONE', 'WORKASPACE' ) );
#732 = DIRECTION ( 'NONE',  ( -0.4082482904638629062, 0.8164965809277260345, -0.4082482904638632948 ) ) ;
#733 = SURFACE_STYLE_FILL_AREA ( #1851 ) ;
#734 =( NAMED_UNIT ( * ) PLANE_ANGLE_UNIT ( ) SI_UNIT ( $, .RADIAN. ) );
#735 = ORIENTED_EDGE ( 'NONE', *, *, #1279, .T. ) ;
#736 = CARTESIAN_POINT ( 'NONE',  ( -0.04527559055118110520, 0.06496062992125983815, 0.000000000000000000 ) ) ;
#737 = FILL_AREA_STYLE_COLOUR ( '', #1727 ) ;
#738 = ORIENTED_EDGE ( 'NONE', *, *, #2948, .T. ) ;
#739 = CARTESIAN_POINT ( 'NONE',  ( -0.04527559055118110520, 0.06496062992125983815, 0.003937007874015747977 ) ) ;
#740 = EDGE_CURVE ( 'NONE', #2616, #452, #1431, .T. ) ;
#741 = SURFACE_STYLE_FILL_AREA ( #1572 ) ;
#742 = CARTESIAN_POINT ( 'NONE',  ( 0.03178832506566972582, 0.05630747899031646186, 0.03385826771653543954 ) ) ;
#743 = CARTESIAN_POINT ( 'NONE',  ( 0.06545461617834223700, -0.06659572013568824944, 0.03368170598279802974 ) ) ;
#744 = CARTESIAN_POINT ( 'NONE',  ( 0.06594488188976378729, 0.06791338582677165780, 0.02795275590551181411 ) ) ;
#745 = DIRECTION ( 'NONE',  ( 0.4082482904638630727, -0.8164965809277261455, 0.4082482904638630727 ) ) ;
#746 = CARTESIAN_POINT ( 'NONE',  ( 0.000000000000000000, 0.000000000000000000, 0.000000000000000000 ) ) ;
#747 = DIMENSIONAL_EXPONENTS ( 1.000000000000000000, 0.000000000000000000, 0.000000000000000000, 0.000000000000000000, 0.000000000000000000, 0.000000000000000000, 0.000000000000000000 ) ;
#748 = SURFACE_STYLE_USAGE ( .BOTH. , #790 ) ;
#749 = ORIENTED_EDGE ( 'NONE', *, *, #3376, .F. ) ;
#750 = LENGTH_MEASURE_WITH_UNIT ( LENGTH_MEASURE( 0.02539999999999999897 ), #2059 );
#751 = SURFACE_STYLE_USAGE ( .BOTH. , #2351 ) ;
#752 = VERTEX_POINT ( 'NONE', #388 ) ;
#753 = UNCERTAINTY_MEASURE_WITH_UNIT (LENGTH_MEASURE( 1.000000000000000082E-05 ), #801, 'distance_accuracy_value', 'NONE');
#754 = PLANE ( 'NONE',  #159 ) ;
#755 = CARTESIAN_POINT ( 'NONE',  ( 0.06594488188976378729, 0.06791338582677165780, 0.02401574803149606266 ) ) ;
#756 = CARTESIAN_POINT ( 'NONE',  ( 0.06018078117395368742, 0.002376693301371368434, 0.03871977520093519004 ) ) ;
#757 = FILL_AREA_STYLE ('',( #3138 ) ) ;
#758 = EDGE_CURVE ( 'NONE', #2074, #582, #1777, .T. ) ;
#759 = DIRECTION ( 'NONE',  ( 0.000000000000000000, 0.000000000000000000, 1.000000000000000000 ) ) ;
#760 = PRESENTATION_STYLE_ASSIGNMENT (( #2298 ) ) ;
#761 = B_SPLINE_CURVE_WITH_KNOTS ( 'NONE', 3,
 ( #1898, #2148, #2951, #361, #2214, #1148, #2425, #879, #95, #3003, #1395, #2691, #577, #2193, #1425, #2962, #1650, #30, #2445, #1683, #847, #2476, #2705, #2172, #1640, #2411, #592, #2736, #311, #1166, #63, #332, #1939, #903, #1627, #1958 ),
 .UNSPECIFIED., .F., .F.,
 ( 4, 1, 1, 2, 2, 2, 1, 1, 1, 2, 2, 2, 1, 1, 2, 2, 2, 1, 1, 1, 2, 2, 4 ),
 ( 0.000000000000000000, 0.06250000000000011102, 0.09375000000000018041, 0.1093750000000002359, 0.1250000000000002776, 0.2500000000000007772, 0.3125000000000009992, 0.3437500000000011102, 0.3593750000000011657, 0.3671875000000011657, 0.3750000000000011657, 0.5000000000000006661, 0.5625000000000004441, 0.5937500000000002220, 0.6093750000000002220, 0.6250000000000001110, 0.7499999999999995559, 0.8124999999999993339, 0.8437499999999991118, 0.8593749999999991118, 0.8671874999999991118, 0.8749999999999991118, 1.000000000000000000 ),
 .UNSPECIFIED. ) ;
#762 = FILL_AREA_STYLE ('',( #3370 ) ) ;
#763 =( CONVERSION_BASED_UNIT ( 'INCH', #2322 ) LENGTH_UNIT ( ) NAMED_UNIT ( #3100 ) );
#764 = EDGE_CURVE ( 'NONE', #1263, #1916, #1945, .T. ) ;
#765 =( NAMED_UNIT ( * ) SI_UNIT ( $, .STERADIAN. ) SOLID_ANGLE_UNIT ( ) );
#766 = PRESENTATION_LAYER_ASSIGNMENT (  '', '', ( #817 ) ) ;
#767 = DIRECTION ( 'NONE',  ( -0.000000000000000000, 1.000000000000000000, 0.000000000000000000 ) ) ;
#768 = PRESENTATION_STYLE_ASSIGNMENT (( #1311 ) ) ;
#769 =( NAMED_UNIT ( * ) PLANE_ANGLE_UNIT ( ) SI_UNIT ( $, .RADIAN. ) );
#770 = PRESENTATION_LAYER_ASSIGNMENT (  '', '', ( #2704 ) ) ;
#771 = FILL_AREA_STYLE ('',( #530 ) ) ;
#772 = VECTOR ( 'NONE', #866, 39.37007874015748143 ) ;
#773 = AXIS2_PLACEMENT_3D ( 'NONE', #1340, #1175, #648 ) ;
#774 = AXIS2_PLACEMENT_3D ( 'NONE', #3059, #448, #1470 ) ;
#775 =( LENGTH_UNIT ( ) NAMED_UNIT ( * ) SI_UNIT ( $, .METRE. ) );
#776 = VERTEX_POINT ( 'NONE', #1355 ) ;
#777 = DIMENSIONAL_EXPONENTS ( 1.000000000000000000, 0.000000000000000000, 0.000000000000000000, 0.000000000000000000, 0.000000000000000000, 0.000000000000000000, 0.000000000000000000 ) ;
#778 = FILL_AREA_STYLE ('',( #3183 ) ) ;
#779 = CARTESIAN_POINT ( 'NONE',  ( 0.000000000000000000, 0.000000000000000000, 0.03385826771653543260 ) ) ;
#780 = VECTOR ( 'NONE', #1253, 39.37007874015748143 ) ;
#781 =( CONVERSION_BASED_UNIT ( 'INCH', #2314 ) LENGTH_UNIT ( ) NAMED_UNIT ( #3447 ) );
#782 = VECTOR ( 'NONE', #861, 39.37007874015748143 ) ;
#783 = CARTESIAN_POINT ( 'NONE',  ( -0.04527559055118110520, -0.06496062992125983815, 0.000000000000000000 ) ) ;
#784 = FILL_AREA_STYLE_COLOUR ( '', #1785 ) ;
#785 = MECHANICAL_DESIGN_GEOMETRIC_PRESENTATION_REPRESENTATION (  '', ( #1786 ), #1568 ) ;
#786 = CARTESIAN_POINT ( 'NONE',  ( 0.01006207033655012739, 0.06349251392544837114, 0.03385826771653543954 ) ) ;
#787 = CARTESIAN_POINT ( 'NONE',  ( 0.06405234738404529116, -1.568830044034908134E-17, 0.03385826771653543260 ) ) ;
#788 = PLANE ( 'NONE',  #992 ) ;
#789 = SURFACE_STYLE_FILL_AREA ( #1592 ) ;
#790 = SURFACE_SIDE_STYLE ('',( #467 ) ) ;
#791 = EDGE_LOOP ( 'NONE', ( #642, #1434, #922, #414 ) ) ;
#792 = DIRECTION ( 'NONE',  ( 1.000000000000000000, 0.000000000000000000, 0.000000000000000000 ) ) ;
#793 = FILL_AREA_STYLE_COLOUR ( '', #1844 ) ;
#794 = ORIENTED_EDGE ( 'NONE', *, *, #1745, .T. ) ;
#795 = SURFACE_SIDE_STYLE ('',( #2511 ) ) ;
#796 = LENGTH_MEASURE_WITH_UNIT ( LENGTH_MEASURE( 0.02539999999999999897 ), #1600 );
#797 =( CONVERSION_BASED_UNIT ( 'INCH', #2117 ) LENGTH_UNIT ( ) NAMED_UNIT ( #1867 ) );
#798 = CARTESIAN_POINT ( 'NONE',  ( -0.06594488188976378729, 0.06791338582677165780, 0.03188976377952756208 ) ) ;
#799 = LENGTH_MEASURE_WITH_UNIT ( LENGTH_MEASURE( 0.02539999999999999897 ), #575 );
#800 = PRESENTATION_STYLE_ASSIGNMENT (( #2651 ) ) ;
#801 =( CONVERSION_BASED_UNIT ( 'INCH', #3147 ) LENGTH_UNIT ( ) NAMED_UNIT ( #906 ) );
#802 = EDGE_CURVE ( 'NONE', #3134, #1549, #273, .T. ) ;
#803 = EDGE_LOOP ( 'NONE', ( #2204, #1884, #531, #1784 ) ) ;
#804 = CARTESIAN_POINT ( 'NONE',  ( 0.06708139816769612129, -0.06708139816769612129, 0.03302628005745989609 ) ) ;
#805 = ADVANCED_FACE ( 'NONE', ( #2390 ), #2920, .T. ) ;
#806 = FACE_OUTER_BOUND ( 'NONE', #135, .T. ) ;
#807 = ORIENTED_EDGE ( 'NONE', *, *, #2712, .F. ) ;
#808 = CARTESIAN_POINT ( 'NONE',  ( -0.06905445744692838284, 0.06396045342789997978, 0.03271713142200013275 ) ) ;
#809 =( CONVERSION_BASED_UNIT ( 'INCH', #11 ) LENGTH_UNIT ( ) NAMED_UNIT ( #2438 ) );
#810 = CARTESIAN_POINT ( 'NONE',  ( -0.06496062992125983815, -0.06496062992125983815, 0.000000000000000000 ) ) ;
#811 = DIRECTION ( 'NONE',  ( 0.000000000000000000, 1.000000000000000000, 0.000000000000000000 ) ) ;
#812 = CARTESIAN_POINT ( 'NONE',  ( 0.06700962113604365389, 0.06815290028347044393, 0.03202655497333806167 ) ) ;
#813 = DIRECTION ( 'NONE',  ( -1.000000000000000000, 0.000000000000000000, 0.000000000000000000 ) ) ;
#814 = LINE ( 'NONE', #563, #165 ) ;
#815 =( CONVERSION_BASED_UNIT ( 'INCH', #1085 ) LENGTH_UNIT ( ) NAMED_UNIT ( #3031 ) );
#816 = DIMENSIONAL_EXPONENTS ( 1.000000000000000000, 0.000000000000000000, 0.000000000000000000, 0.000000000000000000, 0.000000000000000000, 0.000000000000000000, 0.000000000000000000 ) ;
#817 = STYLED_ITEM ( 'NONE', ( #1766 ), #2000 ) ;
#818 = ORIENTED_EDGE ( 'NONE', *, *, #399, .F. ) ;
#819 = DIRECTION ( 'NONE',  ( 0.000000000000000000, 0.000000000000000000, 1.000000000000000000 ) ) ;
#820 = PRESENTATION_LAYER_ASSIGNMENT (  '', '', ( #2147 ) ) ;
#821 = CARTESIAN_POINT ( 'NONE',  ( 0.06496062992125983815, 0.06496062992125983815, 0.000000000000000000 ) ) ;
#822 = AXIS2_PLACEMENT_3D ( 'NONE', #821, #3122, #3388 ) ;
#823 = STYLED_ITEM ( 'NONE', ( #2247 ), #1674 ) ;
#824 = SURFACE_SIDE_STYLE ('',( #3181 ) ) ;
#825 = COLOUR_RGB ( '',0.9607843137254902244, 0.9607843137254902244, 0.9607843137254902244 ) ;
#826 = EDGE_CURVE ( 'NONE', #96, #417, #3216, .T. ) ;
#827 = VERTEX_POINT ( 'NONE', #1058 ) ;
#828 = DIRECTION ( 'NONE',  ( -1.000000000000000000, 0.000000000000000000, 0.000000000000000000 ) ) ;
#829 = DIRECTION ( 'NONE',  ( -1.000000000000000000, 0.000000000000000000, 0.000000000000000000 ) ) ;
#830 = CARTESIAN_POINT ( 'NONE',  ( 0.000000000000000000, 0.000000000000000000, 0.000000000000000000 ) ) ;
#831 = STYLED_ITEM ( 'NONE', ( #173 ), #1072 ) ;
#832 = VECTOR ( 'NONE', #2846, 39.37007874015748143 ) ;
#833 = DIRECTION ( 'NONE',  ( -0.000000000000000000, -0.000000000000000000, -1.000000000000000000 ) ) ;
#834 = VECTOR ( 'NONE', #1813, 39.37007874015748143 ) ;
#835 = CARTESIAN_POINT ( 'NONE',  ( 0.06708139816769613517, 0.06708139816769612129, 0.03302628005745991691 ) ) ;
#836 = CARTESIAN_POINT ( 'NONE',  ( -0.06025744991038839427, -0.1205148998207767469, 0.03536235842654903566 ) ) ;
#837 = DIRECTION ( 'NONE',  ( 1.000000000000000000, 0.000000000000000000, -0.000000000000000000 ) ) ;
#838 = MECHANICAL_DESIGN_GEOMETRIC_PRESENTATION_REPRESENTATION (  '', ( #1897 ), #238 ) ;
#839 = ORIENTED_EDGE ( 'NONE', *, *, #296, .T. ) ;
#840 = CARTESIAN_POINT ( 'NONE',  ( -0.06594488188976378729, 0.06791338582677165780, 0.03385826771653543260 ) ) ;
#841 = ORIENTED_EDGE ( 'NONE', *, *, #139, .F. ) ;
#842 = DIMENSIONAL_EXPONENTS ( 1.000000000000000000, 0.000000000000000000, 0.000000000000000000, 0.000000000000000000, 0.000000000000000000, 0.000000000000000000, 0.000000000000000000 ) ;
#843 = EDGE_CURVE ( 'NONE', #1242, #1746, #1386, .T. ) ;
#844 = FILL_AREA_STYLE ('',( #3239 ) ) ;
#845 = EDGE_CURVE ( 'NONE', #2139, #2333, #2466, .T. ) ;
#846 =( CONVERSION_BASED_UNIT ( 'INCH', #3254 ) LENGTH_UNIT ( ) NAMED_UNIT ( #336 ) );
#847 = CARTESIAN_POINT ( 'NONE',  ( -0.01687924595938116931, -0.06185232107166651477, 0.03385826771653544648 ) ) ;
#848 = DIRECTION ( 'NONE',  ( -1.000000000000000000, 0.000000000000000000, 0.000000000000000000 ) ) ;
#849 =( LENGTH_UNIT ( ) NAMED_UNIT ( * ) SI_UNIT ( $, .METRE. ) );
#850 = ORIENTED_EDGE ( 'NONE', *, *, #508, .T. ) ;
#851 = PRESENTATION_STYLE_ASSIGNMENT (( #1102 ) ) ;
#852 = ORIENTED_EDGE ( 'NONE', *, *, #2034, .T. ) ;
#853 = UNCERTAINTY_MEASURE_WITH_UNIT (LENGTH_MEASURE( 1.000000000000000082E-05 ), #1972, 'distance_accuracy_value', 'NONE');
#854 = CARTESIAN_POINT ( 'NONE',  ( -0.06808112325181793489, 0.06600989605192179865, 0.03309805708911238431 ) ) ;
#855 = DIRECTION ( 'NONE',  ( 0.000000000000000000, 0.000000000000000000, 1.000000000000000000 ) ) ;
#856 =( NAMED_UNIT ( * ) SI_UNIT ( $, .STERADIAN. ) SOLID_ANGLE_UNIT ( ) );
#857 = DIRECTION ( 'NONE',  ( -1.000000000000000000, 0.000000000000000000, 0.000000000000000000 ) ) ;
#858 = EDGE_CURVE ( 'NONE', #3154, #1819, #888, .T. ) ;
#859 =( NAMED_UNIT ( * ) PLANE_ANGLE_UNIT ( ) SI_UNIT ( $, .RADIAN. ) );
#860 = FILL_AREA_STYLE ('',( #2443 ) ) ;
#861 = DIRECTION ( 'NONE',  ( -0.000000000000000000, 0.000000000000000000, -1.000000000000000000 ) ) ;
#862 = FILL_AREA_STYLE_COLOUR ( '', #869 ) ;
#863 = CARTESIAN_POINT ( 'NONE',  ( -0.06879251875382842718, -0.06488462522337473670, 0.03298659214174176624 ) ) ;
#864 = EDGE_LOOP ( 'NONE', ( #1139, #1167, #978, #2741 ) ) ;
#865 = COLOUR_RGB ( '',0.9607843137254902244, 0.9607843137254902244, 0.9607843137254902244 ) ;
#866 = DIRECTION ( 'NONE',  ( -0.000000000000000000, 1.000000000000000000, 0.000000000000000000 ) ) ;
#867 = ORIENTED_EDGE ( 'NONE', *, *, #1792, .F. ) ;
#868 = PRESENTATION_STYLE_ASSIGNMENT (( #321 ) ) ;
#869 = COLOUR_RGB ( '',0.9607843137254902244, 0.9607843137254902244, 0.9607843137254902244 ) ;
#870 = DIRECTION ( 'NONE',  ( 0.000000000000000000, 0.000000000000000000, 1.000000000000000000 ) ) ;
#871 = CARTESIAN_POINT ( 'NONE',  ( 0.06496062992125983815, -0.06496062992125983815, 0.003937007874015747977 ) ) ;
#872 = AXIS2_PLACEMENT_3D ( 'NONE', #3339, #691, #1442 ) ;
#873 = VECTOR ( 'NONE', #829, 39.37007874015748143 ) ;
#874 =( CONVERSION_BASED_UNIT ( 'INCH', #1681 ) LENGTH_UNIT ( ) NAMED_UNIT ( #2144 ) );
#875 = COLOUR_RGB ( '',0.9019607843137255054, 0.9019607843137255054, 0.9019607843137255054 ) ;
#876 = STYLED_ITEM ( 'NONE', ( #665 ), #256 ) ;
#877 = CARTESIAN_POINT ( 'NONE',  ( 0.06708139816769610742, 0.06708139816769613517, 0.03302628005745991691 ) ) ;
#878 = AXIS2_PLACEMENT_3D ( 'NONE', #3310, #3078, #923 ) ;
#880 = ORIENTED_EDGE ( 'NONE', *, *, #3029, .F. ) ;
#879 = CARTESIAN_POINT ( 'NONE',  ( 0.05630747899032322035, -0.03178832506566294652, 0.03385826771653543260 ) ) ;
#881 =( LENGTH_UNIT ( ) NAMED_UNIT ( * ) SI_UNIT ( $, .METRE. ) );
#882 = SURFACE_STYLE_USAGE ( .BOTH. , #1925 ) ;
#883 = VECTOR ( 'NONE', #914, 39.37007874015748143 ) ;
#884 = PRESENTATION_LAYER_ASSIGNMENT (  '', '', ( #2385 ) ) ;
#885 = CYLINDRICAL_SURFACE ( 'NONE', #2549, 0.001968503937007870519 ) ;
#886 = COLOUR_RGB ( '',0.8627450980392157298, 0.6274509803921568540, 0.05882352941176470507 ) ;
#887 = ORIENTED_EDGE ( 'NONE', *, *, #3446, .T. ) ;
#888 = LINE ( 'NONE', #632, #2378 ) ;
#889 = ADVANCED_FACE ( 'NONE', ( #1690 ), #3298, .T. ) ;
#890 = DIRECTION ( 'NONE',  ( 0.000000000000000000, -0.000000000000000000, 1.000000000000000000 ) ) ;
#891 = PRESENTATION_STYLE_ASSIGNMENT (( #176 ) ) ;
#892 = ORIENTED_EDGE ( 'NONE', *, *, #2916, .F. ) ;
#893 = STYLED_ITEM ( 'NONE', ( #656 ), #3402 ) ;
#894 = LINE ( 'NONE', #2243, #2642 ) ;
#895 = APPLICATION_PROTOCOL_DEFINITION ( 'draft international standard', 'automotive_design', 1998, #209 ) ;
#896 = AXIS2_PLACEMENT_3D ( 'NONE', #830, #2688, #1129 ) ;
#897 = DIRECTION ( 'NONE',  ( 0.000000000000000000, -0.000000000000000000, -1.000000000000000000 ) ) ;
#898 =( NAMED_UNIT ( * ) PLANE_ANGLE_UNIT ( ) SI_UNIT ( $, .RADIAN. ) );
#899 = DIRECTION ( 'NONE',  ( 0.000000000000000000, 1.000000000000000000, 0.000000000000000000 ) ) ;
#900 =( CONVERSION_BASED_UNIT ( 'INCH', #3288 ) LENGTH_UNIT ( ) NAMED_UNIT ( #1041 ) );
#901 = FILL_AREA_STYLE_COLOUR ( '', #1926 ) ;
#902 = DIRECTION ( 'NONE',  ( 0.000000000000000000, 0.000000000000000000, 1.000000000000000000 ) ) ;
#904 = ORIENTED_EDGE ( 'NONE', *, *, #2748, .T. ) ;
#903 = CARTESIAN_POINT ( 'NONE',  ( -0.06255327267378753275, -0.01601117635866611266, 0.03385826771653543954 ) ) ;
#905 = LENGTH_MEASURE_WITH_UNIT ( LENGTH_MEASURE( 0.02539999999999999897 ), #424 );
#906 = DIMENSIONAL_EXPONENTS ( 1.000000000000000000, 0.000000000000000000, 0.000000000000000000, 0.000000000000000000, 0.000000000000000000, 0.000000000000000000, 0.000000000000000000 ) ;
#907 = ORIENTED_EDGE ( 'NONE', *, *, #3269, .F. ) ;
#908 =( CONVERSION_BASED_UNIT ( 'INCH', #2126 ) LENGTH_UNIT ( ) NAMED_UNIT ( #1264 ) );
#909 = EDGE_CURVE ( 'NONE', #392, #3360, #3349, .T. ) ;
#910 = ORIENTED_EDGE ( 'NONE', *, *, #1064, .T. ) ;
#911 = PRESENTATION_STYLE_ASSIGNMENT (( #1694 ) ) ;
#912 = EDGE_CURVE ( 'NONE', #1057, #647, #2845, .T. ) ;
#913 = SURFACE_STYLE_FILL_AREA ( #1462 ) ;
#914 = DIRECTION ( 'NONE',  ( -0.000000000000000000, -1.000000000000000000, 0.000000000000000000 ) ) ;
#915 = FILL_AREA_STYLE ('',( #1198 ) ) ;
#917 = ORIENTED_EDGE ( 'NONE', *, *, #3191, .F. ) ;
#916 = CARTESIAN_POINT ( 'NONE',  ( 0.06708139816769609354, -0.06708139816769612129, 0.03302628005745989609 ) ) ;
#918 = SURFACE_STYLE_USAGE ( .BOTH. , #3021 ) ;
#919 = UNCERTAINTY_MEASURE_WITH_UNIT (LENGTH_MEASURE( 1.000000000000000082E-05 ), #2468, 'distance_accuracy_value', 'NONE');
#920 =( CONVERSION_BASED_UNIT ( 'INCH', #645 ) LENGTH_UNIT ( ) NAMED_UNIT ( #3079 ) );
#921 = DIRECTION ( 'NONE',  ( 0.000000000000000000, 0.000000000000000000, 1.000000000000000000 ) ) ;
#922 = ORIENTED_EDGE ( 'NONE', *, *, #3093, .F. ) ;
#923 = DIRECTION ( 'NONE',  ( -1.000000000000000000, -1.301042606982607687E-14, 0.000000000000000000 ) ) ;
#924 = DIMENSIONAL_EXPONENTS ( 1.000000000000000000, 0.000000000000000000, 0.000000000000000000, 0.000000000000000000, 0.000000000000000000, 0.000000000000000000, 0.000000000000000000 ) ;
#925 = ORIENTED_EDGE ( 'NONE', *, *, #2121, .T. ) ;
#926 = DIRECTION ( 'NONE',  ( 0.000000000000000000, 0.000000000000000000, -1.000000000000000000 ) ) ;
#927 = PRODUCT_CONTEXT ( 'NONE', #86, 'mechanical' ) ;
#928 = ADVANCED_FACE ( 'NONE', ( #3375 ), #2521, .F. ) ;
#929 =( GEOMETRIC_REPRESENTATION_CONTEXT ( 3 ) GLOBAL_UNCERTAINTY_ASSIGNED_CONTEXT ( ( #2698 ) ) GLOBAL_UNIT_ASSIGNED_CONTEXT ( ( #2015, #2278, #418 ) ) REPRESENTATION_CONTEXT ( 'NONE', 'WORKASPACE' ) );
#930 = LINE ( 'NONE', #1233, #1790 ) ;
#931 = UNCERTAINTY_MEASURE_WITH_UNIT (LENGTH_MEASURE( 1.000000000000000082E-05 ), #3005, 'distance_accuracy_value', 'NONE');
#932 = CARTESIAN_POINT ( 'NONE',  ( -0.06185682882060709875, 7.575276742056223301E-18, 0.03385826771653543260 ) ) ;
#933 = DIRECTION ( 'NONE',  ( 0.000000000000000000, -1.000000000000000000, 0.000000000000000000 ) ) ;
#934 = DIRECTION ( 'NONE',  ( -1.000000000000000000, 1.301042606982607687E-14, 0.000000000000000000 ) ) ;
#935 = EDGE_CURVE ( 'NONE', #343, #1458, #2711, .T. ) ;
#936 = CARTESIAN_POINT ( 'NONE',  ( 0.02559055118110236532, 0.06496062992125983815, 0.000000000000000000 ) ) ;
#937 = STYLED_ITEM ( 'NONE', ( #1465 ), #2181 ) ;
#938 = ORIENTED_EDGE ( 'NONE', *, *, #1967, .F. ) ;
#939 = PRESENTATION_LAYER_ASSIGNMENT (  '', '', ( #2428 ) ) ;
#940 = STYLED_ITEM ( 'NONE', ( #1079 ), #805 ) ;
#941 =( GEOMETRIC_REPRESENTATION_CONTEXT ( 3 ) GLOBAL_UNCERTAINTY_ASSIGNED_CONTEXT ( ( #3365 ) ) GLOBAL_UNIT_ASSIGNED_CONTEXT ( ( #976, #734, #2779 ) ) REPRESENTATION_CONTEXT ( 'NONE', 'WORKASPACE' ) );
#942 = SURFACE_STYLE_USAGE ( .BOTH. , #429 ) ;
#943 = EDGE_LOOP ( 'NONE', ( #1352, #1982, #3418, #3057 ) ) ;
#944 = COLOUR_RGB ( '',0.9607843137254902244, 0.9607843137254902244, 0.9607843137254902244 ) ;
#945 = STYLED_ITEM ( 'NONE', ( #31 ), #167 ) ;
#946 = AXIS2_PLACEMENT_3D ( 'NONE', #3070, #1481, #1424 ) ;
#947 = ORIENTED_EDGE ( 'NONE', *, *, #143, .F. ) ;
#948 =( CONVERSION_BASED_UNIT ( 'INCH', #3330 ) LENGTH_UNIT ( ) NAMED_UNIT ( #2507 ) );
#949 = MECHANICAL_DESIGN_GEOMETRIC_PRESENTATION_REPRESENTATION (  '', ( #52 ), #564 ) ;
#950 = APPLICATION_PROTOCOL_DEFINITION ( 'draft international standard', 'automotive_design', 1998, #1695 ) ;
#951 = MECHANICAL_DESIGN_GEOMETRIC_PRESENTATION_REPRESENTATION (  '', ( #2061 ), #1672 ) ;
#952 = DIMENSIONAL_EXPONENTS ( 1.000000000000000000, 0.000000000000000000, 0.000000000000000000, 0.000000000000000000, 0.000000000000000000, 0.000000000000000000, 0.000000000000000000 ) ;
#953 = CARTESIAN_POINT ( 'NONE',  ( 0.06025744991038838733, 0.000000000000000000, 0.03536235842654904954 ) ) ;
#954 = DIRECTION ( 'NONE',  ( -0.000000000000000000, -1.000000000000000000, 0.000000000000000000 ) ) ;
#955 = PRODUCT_DEFINITION_FORMATION_WITH_SPECIFIED_SOURCE ( 'ANY', '', #2261, .NOT_KNOWN. ) ;
#956 = LENGTH_MEASURE_WITH_UNIT ( LENGTH_MEASURE( 0.02539999999999999897 ), #1975 );
#957 = CARTESIAN_POINT ( 'NONE',  ( -0.04527559055118110520, 0.06496062992125983815, 0.000000000000000000 ) ) ;
#958 = CARTESIAN_POINT ( 'NONE',  ( 0.04527559055118110520, -0.06496062992125983815, 0.000000000000000000 ) ) ;
#959 = DIRECTION ( 'NONE',  ( 0.000000000000000000, -0.000000000000000000, -1.000000000000000000 ) ) ;
#960 = EDGE_CURVE ( 'NONE', #1746, #1242, #435, .T. ) ;
#961 = CARTESIAN_POINT ( 'NONE',  ( 0.06700962113604366777, -0.06815290028347040230, 0.03202655497333808943 ) ) ;
#962 = VERTEX_POINT ( 'NONE', #1227 ) ;
#963 = SURFACE_STYLE_FILL_AREA ( #1528 ) ;
#964 = CARTESIAN_POINT ( 'NONE',  ( 0.06791338582677165780, 0.03297244094488189364, 0.03188976377952756208 ) ) ;
#965 = ORIENTED_EDGE ( 'NONE', *, *, #1625, .T. ) ;
#966 = DIRECTION ( 'NONE',  ( 1.000000000000000000, 0.000000000000000000, -0.000000000000000000 ) ) ;
#967 = CARTESIAN_POINT ( 'NONE',  ( 0.04527559055118110520, -0.06496062992125983815, 0.000000000000000000 ) ) ;
#968 = CARTESIAN_POINT ( 'NONE',  ( 0.06025744991038838733, 0.1205148998207767469, 0.03536235842654903566 ) ) ;
#969 = SURFACE_SIDE_STYLE ('',( #2401 ) ) ;
#970 = FACE_OUTER_BOUND ( 'NONE', #1174, .T. ) ;
#971 = CARTESIAN_POINT ( 'NONE',  ( 0.06808112325181799040, -0.06600989605192179865, 0.03309805708911236349 ) ) ;
#972 = CARTESIAN_POINT ( 'NONE',  ( -0.02559055118110236532, 0.06496062992125983815, 0.0007874015748031497038 ) ) ;
#973 = ADVANCED_FACE ( 'NONE', ( #699 ), #431, .F. ) ;
#974 = LENGTH_MEASURE_WITH_UNIT ( LENGTH_MEASURE( 0.02539999999999999897 ), #3009 );
#975 = ORIENTED_EDGE ( 'NONE', *, *, #2694, .T. ) ;
#976 =( CONVERSION_BASED_UNIT ( 'INCH', #3114 ) LENGTH_UNIT ( ) NAMED_UNIT ( #478 ) );
#977 = CARTESIAN_POINT ( 'NONE',  ( 0.06677224953223637183, 0.06396045342789999366, 0.03499933933669214375 ) ) ;
#978 = ORIENTED_EDGE ( 'NONE', *, *, #2348, .T. ) ;
#979 =( CONVERSION_BASED_UNIT ( 'INCH', #497 ) LENGTH_UNIT ( ) NAMED_UNIT ( #2568 ) );
#980 = FILL_AREA_STYLE ('',( #1535 ) ) ;
#981 = VECTOR ( 'NONE', #2614, 39.37007874015748143 ) ;
#982 = DIRECTION ( 'NONE',  ( 1.000000000000000000, 0.000000000000000000, -0.000000000000000000 ) ) ;
#983 = DIRECTION ( 'NONE',  ( -0.000000000000000000, -1.000000000000000000, 0.000000000000000000 ) ) ;
#984 = DIRECTION ( 'NONE',  ( -0.000000000000000000, -0.000000000000000000, -1.000000000000000000 ) ) ;
#985 = COLOUR_RGB ( '',0.7921568627450980005, 0.8196078431372548767, 0.9333333333333333481 ) ;
#986 = UNCERTAINTY_MEASURE_WITH_UNIT (LENGTH_MEASURE( 1.000000000000000082E-05 ), #3192, 'distance_accuracy_value', 'NONE');
#987 = CARTESIAN_POINT ( 'NONE',  ( -0.03056469795972876352, 0.05637370741523386325, 0.03385826771653541872 ) ) ;
#988 = VECTOR ( 'NONE', #369, 39.37007874015748143 ) ;
#989 = MANIFOLD_SOLID_BREP ( 'Imported2', #3327 ) ;
#990 = CARTESIAN_POINT ( 'NONE',  ( -0.06603088049213515220, 0.06690628474306038742, 0.03372657088374937662 ) ) ;
#991 = SURFACE_STYLE_USAGE ( .BOTH. , #2572 ) ;
#992 = AXIS2_PLACEMENT_3D ( 'NONE', #2104, #240, #484 ) ;
#993 = DIMENSIONAL_EXPONENTS ( 1.000000000000000000, 0.000000000000000000, 0.000000000000000000, 0.000000000000000000, 0.000000000000000000, 0.000000000000000000, 0.000000000000000000 ) ;
#994 = FILL_AREA_STYLE_COLOUR ( '', #3099 ) ;
#995 = STYLED_ITEM ( 'NONE', ( #646 ), #2585 ) ;
#996 = AXIS2_PLACEMENT_3D ( 'NONE', #2167, #811, #539 ) ;
#997 =( GEOMETRIC_REPRESENTATION_CONTEXT ( 3 ) GLOBAL_UNCERTAINTY_ASSIGNED_CONTEXT ( ( #3155 ) ) GLOBAL_UNIT_ASSIGNED_CONTEXT ( ( #2620, #474, #3398 ) ) REPRESENTATION_CONTEXT ( 'NONE', 'WORKASPACE' ) );
#998 = ORIENTED_EDGE ( 'NONE', *, *, #2537, .T. ) ;
#999 = MANIFOLD_SOLID_BREP ( 'Imported2', #1834 ) ;
#1000 = ADVANCED_FACE ( 'NONE', ( #2680 ), #285, .T. ) ;
#1001 = MECHANICAL_DESIGN_GEOMETRIC_PRESENTATION_REPRESENTATION (  '', ( #2329 ), #503 ) ;
#1002 = VECTOR ( 'NONE', #954, 39.37007874015748143 ) ;
#1003 = ORIENTED_EDGE ( 'NONE', *, *, #2645, .T. ) ;
#1004 = AXIS2_PLACEMENT_3D ( 'NONE', #3185, #2875, #982 ) ;
#1005 = DIRECTION ( 'NONE',  ( 1.000000000000000000, 0.000000000000000000, -0.000000000000000000 ) ) ;
#1006 = FILL_AREA_STYLE_COLOUR ( '', #160 ) ;
#1007 = LINE ( 'NONE', #2066, #616 ) ;
#1008 = SURFACE_SIDE_STYLE ('',( #3391 ) ) ;
#1009 = DIRECTION ( 'NONE',  ( -0.000000000000000000, -0.000000000000000000, 1.000000000000000000 ) ) ;
#1010 = FACE_OUTER_BOUND ( 'NONE', #3046, .T. ) ;
#1011 = PRESENTATION_STYLE_ASSIGNMENT (( #1866 ) ) ;
#1012 =( LENGTH_UNIT ( ) NAMED_UNIT ( * ) SI_UNIT ( $, .METRE. ) );
#1013 = ORIENTED_EDGE ( 'NONE', *, *, #3335, .T. ) ;
#1014 = LINE ( 'NONE', #258, #981 ) ;
#1015 =( NAMED_UNIT ( * ) SI_UNIT ( $, .STERADIAN. ) SOLID_ANGLE_UNIT ( ) );
#1016 = ADVANCED_FACE ( 'NONE', ( #3257 ), #3022, .T. ) ;
#1017 = EDGE_LOOP ( 'NONE', ( #404, #1904, #1191, #998 ) ) ;
#1018 = SURFACE_STYLE_USAGE ( .BOTH. , #1319 ) ;
#1019 = DIRECTION ( 'NONE',  ( 1.000000000000000000, 0.000000000000000000, -0.000000000000000000 ) ) ;
#1020 = DIRECTION ( 'NONE',  ( 0.000000000000000000, 0.000000000000000000, 1.000000000000000000 ) ) ;
#1021 = FILL_AREA_STYLE_COLOUR ( '', #2098 ) ;
#1022 = DIRECTION ( 'NONE',  ( 0.000000000000000000, 0.000000000000000000, -1.000000000000000000 ) ) ;
#1023 = FILL_AREA_STYLE ('',( #206 ) ) ;
#1024 = SURFACE_STYLE_USAGE ( .BOTH. , #207 ) ;
#1025 = UNCERTAINTY_MEASURE_WITH_UNIT (LENGTH_MEASURE( 1.000000000000000082E-05 ), #509, 'distance_accuracy_value', 'NONE');
#1026 =( NAMED_UNIT ( * ) PLANE_ANGLE_UNIT ( ) SI_UNIT ( $, .RADIAN. ) );
#1027 = DIRECTION ( 'NONE',  ( 1.000000000000000000, 0.000000000000000000, 0.000000000000000000 ) ) ;
#1028 = LINE ( 'NONE', #1816, #2004 ) ;
#1029 = LINE ( 'NONE', #1545, #2263 ) ;
#1030 = CARTESIAN_POINT ( 'NONE',  ( -0.03297244094488189364, 0.06594488188976378729, 0.03188976377952756208 ) ) ;
#1031 = ORIENTED_EDGE ( 'NONE', *, *, #296, .F. ) ;
#1032 = FILL_AREA_STYLE ('',( #3417 ) ) ;
#1033 = FACE_OUTER_BOUND ( 'NONE', #21, .T. ) ;
#1034 = VERTEX_POINT ( 'NONE', #2979 ) ;
#1035 = UNCERTAINTY_MEASURE_WITH_UNIT (LENGTH_MEASURE( 1.000000000000000082E-05 ), #763, 'distance_accuracy_value', 'NONE');
#1036 = SURFACE_STYLE_USAGE ( .BOTH. , #1266 ) ;
#1037 = CARTESIAN_POINT ( 'NONE',  ( -0.06023622047244094752, 7.344999610877102758E-18, 0.03385826771653543954 ) ) ;
#1038 = CARTESIAN_POINT ( 'NONE',  ( -0.04527559055118110520, 0.06496062992125983815, 0.0007874015748031497038 ) ) ;
#1039 = SURFACE_SIDE_STYLE ('',( #1306 ) ) ;
#1040 = LINE ( 'NONE', #2093, #2157 ) ;
#1041 = DIMENSIONAL_EXPONENTS ( 1.000000000000000000, 0.000000000000000000, 0.000000000000000000, 0.000000000000000000, 0.000000000000000000, 0.000000000000000000, 0.000000000000000000 ) ;
#1042 =( GEOMETRIC_REPRESENTATION_CONTEXT ( 3 ) GLOBAL_UNCERTAINTY_ASSIGNED_CONTEXT ( ( #1318 ) ) GLOBAL_UNIT_ASSIGNED_CONTEXT ( ( #948, #163, #3281 ) ) REPRESENTATION_CONTEXT ( 'NONE', 'WORKASPACE' ) );
#1043 = CARTESIAN_POINT ( 'NONE',  ( -0.04217102279155846012, 0.04841474211344548584, 0.03385826771653543954 ) ) ;
#1044 =( GEOMETRIC_REPRESENTATION_CONTEXT ( 3 ) GLOBAL_UNCERTAINTY_ASSIGNED_CONTEXT ( ( #3011 ) ) GLOBAL_UNIT_ASSIGNED_CONTEXT ( ( #874, #114, #3035 ) ) REPRESENTATION_CONTEXT ( 'NONE', 'WORKASPACE' ) );
#1045 =( LENGTH_UNIT ( ) NAMED_UNIT ( * ) SI_UNIT ( $, .METRE. ) );
#1046 =( GEOMETRIC_REPRESENTATION_CONTEXT ( 3 ) GLOBAL_UNCERTAINTY_ASSIGNED_CONTEXT ( ( #621 ) ) GLOBAL_UNIT_ASSIGNED_CONTEXT ( ( #2821, #1026, #765 ) ) REPRESENTATION_CONTEXT ( 'NONE', 'WORKASPACE' ) );
#1047 = VECTOR ( 'NONE', #1081, 39.37007874015748143 ) ;
#1048 = ORIENTED_EDGE ( 'NONE', *, *, #700, .T. ) ;
#1049 = STYLED_ITEM ( 'NONE', ( #851 ), #2397 ) ;
#1050 = SURFACE_SIDE_STYLE ('',( #3431 ) ) ;
#1051 = COLOUR_RGB ( '',0.9607843137254902244, 0.9607843137254902244, 0.9607843137254902244 ) ;
#1052 = CIRCLE ( 'NONE', #872, 0.003937007874015749712 ) ;
#1053 = AXIS2_PLACEMENT_3D ( 'NONE', #2076, #2338, #3136 ) ;
#1054 = CLOSED_SHELL ( 'NONE', ( #1674, #99, #3341, #2745, #1380, #1853, #3422, #1316, #658, #2244, #2522, #2581, #1016, #3312, #889, #1809, #2283, #2397, #1888, #2629, #241, #1832, #3215, #3071, #1491, #1000 ) ) ;
#1055 = COLOUR_RGB ( '',0.9607843137254902244, 0.9607843137254902244, 0.9607843137254902244 ) ;
#1056 =( BOUNDED_SURFACE ( )  B_SPLINE_SURFACE ( 3, 3, ( 
 ( #2738, #1396, #2930, #64 ),
 ( #1670, #610, #2184, #3224 ),
 ( #16, #3256, #863, #2692 ),
 ( #2446, #1923, #2173, #1427 ) ),
 .UNSPECIFIED., .F., .F., .F. ) 
 B_SPLINE_SURFACE_WITH_KNOTS ( ( 4, 4 ),
 ( 4, 4 ),
 ( 0.000000000000000000, 1.000000000000000000 ),
 ( 0.000000000000000000, 1.000000000000000000 ),
 .UNSPECIFIED. ) 
 GEOMETRIC_REPRESENTATION_ITEM ( )  RATIONAL_B_SPLINE_SURFACE ( (
 ( 1.000000000000000000, 0.3333333333333362014, 0.3333333333333362014, 1.000000000000000000),
 ( 0.9245018060306364749, 0.3081672686768814895, 0.3081672686768814895, 0.9245018060306364749),
 ( 0.9245018060306364749, 0.3081672686768814895, 0.3081672686768814895, 0.9245018060306364749),
 ( 1.000000000000000000, 0.3333333333333362014, 0.3333333333333362014, 1.000000000000000000) ) ) 
 REPRESENTATION_ITEM ( '' )  SURFACE ( )  );
#1057 = VERTEX_POINT ( 'NONE', #297 ) ;
#1058 = CARTESIAN_POINT ( 'NONE',  ( -0.06594488188976378729, 0.06791338582677165780, 0.000000000000000000 ) ) ;
#1059 =( GEOMETRIC_REPRESENTATION_CONTEXT ( 3 ) GLOBAL_UNCERTAINTY_ASSIGNED_CONTEXT ( ( #1483 ) ) GLOBAL_UNIT_ASSIGNED_CONTEXT ( ( #66, #2196, #2681 ) ) REPRESENTATION_CONTEXT ( 'NONE', 'WORKASPACE' ) );
#1060 = MECHANICAL_DESIGN_GEOMETRIC_PRESENTATION_REPRESENTATION (  '', ( #1226 ), #2986 ) ;
#1061 = VECTOR ( 'NONE', #2607, 39.37007874015748143 ) ;
#1062 = CYLINDRICAL_SURFACE ( 'NONE', #1066, 0.001968503937007870519 ) ;
#1063 =( NAMED_UNIT ( * ) PLANE_ANGLE_UNIT ( ) SI_UNIT ( $, .RADIAN. ) );
#1064 = EDGE_CURVE ( 'NONE', #380, #67, #2413, .T. ) ;
#1065 = SURFACE_STYLE_FILL_AREA ( #2604 ) ;
#1066 = AXIS2_PLACEMENT_3D ( 'NONE', #2457, #572, #347 ) ;
#1067 = CARTESIAN_POINT ( 'NONE',  ( 0.04527559055118110520, -0.06496062992125983815, 0.000000000000000000 ) ) ;
#1068 = SURFACE_STYLE_FILL_AREA ( #1606 ) ;
#1069 = ADVANCED_BREP_SHAPE_REPRESENTATION ( '', ( #2168, #2945 ), #1293 ) ;
#1070 = PRESENTATION_LAYER_ASSIGNMENT (  '', '', ( #2558 ) ) ;
#1071 = FILL_AREA_STYLE_COLOUR ( '', #1116 ) ;
#1072 = ADVANCED_FACE ( 'NONE', ( #1899 ), #2506, .T. ) ;
#1073 = DIRECTION ( 'NONE',  ( -0.000000000000000000, 1.000000000000000000, 0.000000000000000000 ) ) ;
#1074 = FILL_AREA_STYLE ('',( #2864 ) ) ;
#1075 = ORIENTED_EDGE ( 'NONE', *, *, #909, .T. ) ;
#1076 =( NAMED_UNIT ( * ) SI_UNIT ( $, .STERADIAN. ) SOLID_ANGLE_UNIT ( ) );
#1077 = ORIENTED_EDGE ( 'NONE', *, *, #2898, .F. ) ;
#1078 = CARTESIAN_POINT ( 'NONE',  ( -0.06594488188976378729, -0.06594488188976378729, 0.03385826771653543260 ) ) ;
#1079 = PRESENTATION_STYLE_ASSIGNMENT (( #1459 ) ) ;
#1080 = CARTESIAN_POINT ( 'NONE',  ( 0.05938267725470179614, 0.04586902205513562064, 0.03385826771653543260 ) ) ;
#1081 = DIRECTION ( 'NONE',  ( -0.000000000000000000, 1.000000000000000000, 0.000000000000000000 ) ) ;
#1082 = SURFACE_SIDE_STYLE ('',( #360 ) ) ;
#1083 = DIRECTION ( 'NONE',  ( 0.4082482904638631283, 0.8164965809277259234, -0.4082482904638628507 ) ) ;
#1084 =( NAMED_UNIT ( * ) SI_UNIT ( $, .STERADIAN. ) SOLID_ANGLE_UNIT ( ) );
#1085 = LENGTH_MEASURE_WITH_UNIT ( LENGTH_MEASURE( 0.02539999999999999897 ), #529 );
#1086 = FACE_OUTER_BOUND ( 'NONE', #2416, .T. ) ;
#1087 = ORIENTED_EDGE ( 'NONE', *, *, #3143, .F. ) ;
#1088 = DIRECTION ( 'NONE',  ( -0.000000000000000000, -1.000000000000000000, 0.000000000000000000 ) ) ;
#1089 = SURFACE_SIDE_STYLE ('',( #2297 ) ) ;
#1090 = PRESENTATION_STYLE_ASSIGNMENT (( #1107 ) ) ;
#1091 = ORIENTED_EDGE ( 'NONE', *, *, #3139, .F. ) ;
#1092 = DIMENSIONAL_EXPONENTS ( 1.000000000000000000, 0.000000000000000000, 0.000000000000000000, 0.000000000000000000, 0.000000000000000000, 0.000000000000000000, 0.000000000000000000 ) ;
#1093 = DIRECTION ( 'NONE',  ( 0.000000000000000000, 0.000000000000000000, -1.000000000000000000 ) ) ;
#1094 = CARTESIAN_POINT ( 'NONE',  ( 0.06594488188976378729, -0.06594488188976378729, 0.03188976377952756208 ) ) ;
#1095 = SURFACE_STYLE_FILL_AREA ( #2672 ) ;
#1096 = LENGTH_MEASURE_WITH_UNIT ( LENGTH_MEASURE( 0.02539999999999999897 ), #29 );
#1097 = DIRECTION ( 'NONE',  ( 1.000000000000000000, 0.000000000000000000, 0.000000000000000000 ) ) ;
#1098 = LINE ( 'NONE', #312, #1781 ) ;
#1099 = ORIENTED_EDGE ( 'NONE', *, *, #2712, .T. ) ;
#1100 = EDGE_CURVE ( 'NONE', #1732, #4, #2753, .T. ) ;
#1101 = COLOUR_RGB ( '',0.8627450980392157298, 0.6274509803921568540, 0.05882352941176470507 ) ;
#1102 = SURFACE_STYLE_USAGE ( .BOTH. , #1178 ) ;
#1103 = PRODUCT_DEFINITION_SHAPE ( 'NONE', 'NONE',  #340 ) ;
#1104 =( GEOMETRIC_REPRESENTATION_CONTEXT ( 3 ) GLOBAL_UNCERTAINTY_ASSIGNED_CONTEXT ( ( #520 ) ) GLOBAL_UNIT_ASSIGNED_CONTEXT ( ( #2079, #1537, #2026 ) ) REPRESENTATION_CONTEXT ( 'NONE', 'WORKASPACE' ) );
#1105 = COLOUR_RGB ( '',0.000000000000000000, 0.7490196078431372584, 0.000000000000000000 ) ;
#1106 = PRESENTATION_LAYER_ASSIGNMENT (  '', '', ( #823 ) ) ;
#1107 = SURFACE_STYLE_USAGE ( .BOTH. , #824 ) ;
#1108 = ORIENTED_EDGE ( 'NONE', *, *, #2790, .F. ) ;
#1109 = CARTESIAN_POINT ( 'NONE',  ( -0.06754537219393078051, 0.06708139816769610742, 0.03256230603122522993 ) ) ;
#1110 = EDGE_CURVE ( 'NONE', #1458, #96, #2818, .T. ) ;
#1111 =( CONVERSION_BASED_UNIT ( 'INCH', #1906 ) LENGTH_UNIT ( ) NAMED_UNIT ( #309 ) );
#1112 = AXIS2_PLACEMENT_3D ( 'NONE', #2123, #745, #2910 ) ;
#1113 =( GEOMETRIC_REPRESENTATION_CONTEXT ( 3 ) GLOBAL_UNCERTAINTY_ASSIGNED_CONTEXT ( ( #3084 ) ) GLOBAL_UNIT_ASSIGNED_CONTEXT ( ( #2707, #1398, #3296 ) ) REPRESENTATION_CONTEXT ( 'NONE', 'WORKASPACE' ) );
#1114 = LINE ( 'NONE', #59, #600 ) ;
#1115 = STYLED_ITEM ( 'NONE', ( #3345 ), #241 ) ;
#1116 = COLOUR_RGB ( '',0.9607843137254902244, 0.9607843137254902244, 0.9607843137254902244 ) ;
#1117 =( NAMED_UNIT ( * ) SI_UNIT ( $, .STERADIAN. ) SOLID_ANGLE_UNIT ( ) );
#1118 = AXIS2_PLACEMENT_3D ( 'NONE', #2750, #409, #1447 ) ;
#1119 = DIRECTION ( 'NONE',  ( 1.000000000000000000, 0.000000000000000000, 0.000000000000000000 ) ) ;
#1120 = VECTOR ( 'NONE', #2213, 39.37007874015748143 ) ;
#1121 = MECHANICAL_DESIGN_GEOMETRIC_PRESENTATION_REPRESENTATION (  '', ( #620 ), #394 ) ;
#1122 =( LENGTH_UNIT ( ) NAMED_UNIT ( * ) SI_UNIT ( $, .METRE. ) );
#1123 = ORIENTED_EDGE ( 'NONE', *, *, #3275, .T. ) ;
#1124 = CARTESIAN_POINT ( 'NONE',  ( -0.02559055118110236532, -0.06496062992125983815, 0.000000000000000000 ) ) ;
#1125 = PRODUCT_RELATED_PRODUCT_CATEGORY ( 'part', '', ( #2923 ) ) ;
#1126 = LENGTH_MEASURE_WITH_UNIT ( LENGTH_MEASURE( 0.02539999999999999897 ), #2696 );
#1127 = ORIENTED_EDGE ( 'NONE', *, *, #461, .T. ) ;
#1128 = CARTESIAN_POINT ( 'NONE',  ( -0.06708139816769612129, 0.06708139816769612129, 0.03302628005745991691 ) ) ;
#1129 = DIRECTION ( 'NONE',  ( 1.000000000000000000, 0.000000000000000000, 0.000000000000000000 ) ) ;
#1130 = ADVANCED_FACE ( 'NONE', ( #1523 ), #1484, .T. ) ;
#1131 = SURFACE_STYLE_FILL_AREA ( #1371 ) ;
#1132 = FILL_AREA_STYLE_COLOUR ( '', #985 ) ;
#1133 = CARTESIAN_POINT ( 'NONE',  ( 0.06754537219393079439, 0.06708139816769612129, 0.03256230603122522993 ) ) ;
#1134 = CARTESIAN_POINT ( 'NONE',  ( 0.03297244094488189364, -0.06594488188976378729, 0.03188976377952756208 ) ) ;
#1135 = FILL_AREA_STYLE ('',( #629 ) ) ;
#1136 = ORIENTED_EDGE ( 'NONE', *, *, #2860, .F. ) ;
#1137 =( CONVERSION_BASED_UNIT ( 'INCH', #2449 ) LENGTH_UNIT ( ) NAMED_UNIT ( #1376 ) );
#1138 = CARTESIAN_POINT ( 'NONE',  ( -0.06778168899398560876, 0.06690628474306037354, 0.03197576238189894782 ) ) ;
#1139 = ORIENTED_EDGE ( 'NONE', *, *, #1303, .F. ) ;
#1140 = UNCERTAINTY_MEASURE_WITH_UNIT (LENGTH_MEASURE( 1.000000000000000082E-05 ), #1366, 'distance_accuracy_value', 'NONE');
#1141 = DIRECTION ( 'NONE',  ( -0.000000000000000000, -1.000000000000000000, -0.000000000000000000 ) ) ;
#1142 = UNCERTAINTY_MEASURE_WITH_UNIT (LENGTH_MEASURE( 1.000000000000000082E-05 ), #411, 'distance_accuracy_value', 'NONE');
#1143 = CARTESIAN_POINT ( 'NONE',  ( 0.03543307086614173873, 0.06496062992125983815, 0.0007874015748031497038 ) ) ;
#1144 = FACE_OUTER_BOUND ( 'NONE', #3384, .T. ) ;
#1145 = SHAPE_REPRESENTATION ( 'lens_', ( #2945 ), #1293 ) ;
#1146 = EDGE_CURVE ( 'NONE', #2465, #3360, #2301, .T. ) ;
#1147 = PLANE ( 'NONE',  #3432 ) ;
#1148 = CARTESIAN_POINT ( 'NONE',  ( 0.06028123756605314326, -0.02167792249452892353, 0.03385826771653543954 ) ) ;
#1149 = EDGE_CURVE ( 'NONE', #1901, #3378, #119, .T. ) ;
#1150 = LENGTH_MEASURE_WITH_UNIT ( LENGTH_MEASURE( 0.02539999999999999897 ), #1122 );
#1151 = EDGE_LOOP ( 'NONE', ( #2399, #1546, #2276, #1914 ) ) ;
#1152 = LINE ( 'NONE', #1381, #157 ) ;
#1153 = SURFACE_STYLE_FILL_AREA ( #1800 ) ;
#1154 = ORIENTED_EDGE ( 'NONE', *, *, #2948, .F. ) ;
#1155 = AXIS2_PLACEMENT_3D ( 'NONE', #1877, #310, #329 ) ;
#1156 = CARTESIAN_POINT ( 'NONE',  ( -0.06594488188976378729, 0.06791338582677165780, 0.02795275590551181411 ) ) ;
#1157 = LENGTH_MEASURE_WITH_UNIT ( LENGTH_MEASURE( 0.02539999999999999897 ), #2245 );
#1158 = PRESENTATION_LAYER_ASSIGNMENT (  '', '', ( #3325 ) ) ;
#1159 = DIRECTION ( 'NONE',  ( 0.000000000000000000, 0.000000000000000000, 1.000000000000000000 ) ) ;
#1160 = CARTESIAN_POINT ( 'NONE',  ( -0.06405234738404529116, 7.844150220174540671E-18, 0.03385826771653543260 ) ) ;
#1161 = DIRECTION ( 'NONE',  ( 1.000000000000000000, 0.000000000000000000, 0.000000000000000000 ) ) ;
#1162 = DIRECTION ( 'NONE',  ( -0.4082482904638629062, 0.8164965809277260345, 0.4082482904638632948 ) ) ;
#1163 = FILL_AREA_STYLE ('',( #659 ) ) ;
#1164 = AXIS2_PLACEMENT_3D ( 'NONE', #1729, #2010, #2240 ) ;
#1165 = EDGE_CURVE ( 'NONE', #1314, #458, #559, .T. ) ;
#1167 = ORIENTED_EDGE ( 'NONE', *, *, #1300, .T. ) ;
#1166 = CARTESIAN_POINT ( 'NONE',  ( -0.05804597414798929461, -0.02712551128205377415, 0.03385826771653542566 ) ) ;
#1168 = DIRECTION ( 'NONE',  ( 0.000000000000000000, 0.000000000000000000, 1.000000000000000000 ) ) ;
#1169 = UNCERTAINTY_MEASURE_WITH_UNIT (LENGTH_MEASURE( 1.000000000000000082E-05 ), #2391, 'distance_accuracy_value', 'NONE');
#1170 =( GEOMETRIC_REPRESENTATION_CONTEXT ( 3 ) GLOBAL_UNCERTAINTY_ASSIGNED_CONTEXT ( ( #2343 ) ) GLOBAL_UNIT_ASSIGNED_CONTEXT ( ( #846, #2720, #1938 ) ) REPRESENTATION_CONTEXT ( 'NONE', 'WORKASPACE' ) );
#1171 = LINE ( 'NONE', #2740, #1780 ) ;
#1172 = ADVANCED_FACE ( 'NONE', ( #3187 ), #1540, .T. ) ;
#1173 = AXIS2_PLACEMENT_3D ( 'NONE', #324, #870, #2922 ) ;
#1174 = EDGE_LOOP ( 'NONE', ( #2072, #177, #2886, #2189 ) ) ;
#1175 = DIRECTION ( 'NONE',  ( 1.000000000000000000, -0.000000000000000000, -0.000000000000000000 ) ) ;
#1176 =( GEOMETRIC_REPRESENTATION_CONTEXT ( 3 ) GLOBAL_UNCERTAINTY_ASSIGNED_CONTEXT ( ( #710 ) ) GLOBAL_UNIT_ASSIGNED_CONTEXT ( ( #2282, #249, #1550 ) ) REPRESENTATION_CONTEXT ( 'NONE', 'WORKASPACE' ) );
#1177 = DIMENSIONAL_EXPONENTS ( 1.000000000000000000, 0.000000000000000000, 0.000000000000000000, 0.000000000000000000, 0.000000000000000000, 0.000000000000000000, 0.000000000000000000 ) ;
#1178 = SURFACE_SIDE_STYLE ('',( #37 ) ) ;
#1179 = ORIENTED_EDGE ( 'NONE', *, *, #1237, .F. ) ;
#1180 = APPLICATION_PROTOCOL_DEFINITION ( 'draft international standard', 'automotive_design', 1998, #27 ) ;
#1181 = DIRECTION ( 'NONE',  ( 0.000000000000000000, -1.000000000000000000, -0.000000000000000000 ) ) ;
#1182 = SURFACE_SIDE_STYLE ('',( #705 ) ) ;
#1183 =( NAMED_UNIT ( * ) SI_UNIT ( $, .STERADIAN. ) SOLID_ANGLE_UNIT ( ) );
#1184 = CARTESIAN_POINT ( 'NONE',  ( 0.000000000000000000, 0.000000000000000000, 0.003937007874015747977 ) ) ;
#1185 = FILL_AREA_STYLE ('',( #1466 ) ) ;
#1186 = ORIENTED_EDGE ( 'NONE', *, *, #533, .T. ) ;
#1187 = SURFACE_STYLE_FILL_AREA ( #151 ) ;
#1188 = FILL_AREA_STYLE ('',( #1456 ) ) ;
#1189 = ORIENTED_EDGE ( 'NONE', *, *, #2096, .T. ) ;
#1190 = DIRECTION ( 'NONE',  ( 0.000000000000000000, 0.000000000000000000, 1.000000000000000000 ) ) ;
#1191 = ORIENTED_EDGE ( 'NONE', *, *, #845, .F. ) ;
#1192 = FACE_OUTER_BOUND ( 'NONE', #319, .T. ) ;
#1193 = APPLICATION_PROTOCOL_DEFINITION ( 'draft international standard', 'automotive_design', 1998, #3189 ) ;
#1194 = EDGE_CURVE ( 'NONE', #614, #1201, #2493, .T. ) ;
#1195 = DIMENSIONAL_EXPONENTS ( 1.000000000000000000, 0.000000000000000000, 0.000000000000000000, 0.000000000000000000, 0.000000000000000000, 0.000000000000000000, 0.000000000000000000 ) ;
#1196 = CARTESIAN_POINT ( 'NONE',  ( -0.06496062992125983815, 0.06496062992125983815, 0.003937007874015747977 ) ) ;
#1197 = DIRECTION ( 'NONE',  ( -0.5773502691896287287, -0.5773502691896243988, 0.5773502691896243988 ) ) ;
#1198 = FILL_AREA_STYLE_COLOUR ( '', #447 ) ;
#1199 =( NAMED_UNIT ( * ) PLANE_ANGLE_UNIT ( ) SI_UNIT ( $, .RADIAN. ) );
#1200 = LINE ( 'NONE', #936, #2820 ) ;
#1201 = VERTEX_POINT ( 'NONE', #1551 ) ;
#1202 = LINE ( 'NONE', #446, #3444 ) ;
#1203 = PRESENTATION_STYLE_ASSIGNMENT (( #2533 ) ) ;
#1204 = EDGE_LOOP ( 'NONE', ( #1229, #3318, #1260, #2903 ) ) ;
#1205 =( NAMED_UNIT ( * ) SI_UNIT ( $, .STERADIAN. ) SOLID_ANGLE_UNIT ( ) );
#1206 = ADVANCED_FACE ( 'NONE', ( #2339 ), #1310, .T. ) ;
#1207 = ORIENTED_EDGE ( 'NONE', *, *, #124, .T. ) ;
#1208 =( GEOMETRIC_REPRESENTATION_CONTEXT ( 3 ) GLOBAL_UNCERTAINTY_ASSIGNED_CONTEXT ( ( #1905 ) ) GLOBAL_UNIT_ASSIGNED_CONTEXT ( ( #42, #2177, #345 ) ) REPRESENTATION_CONTEXT ( 'NONE', 'WORKASPACE' ) );
#1209 = COLOUR_RGB ( '',0.9019607843137255054, 0.9019607843137255054, 0.9019607843137255054 ) ;
#1210 = CARTESIAN_POINT ( 'NONE',  ( 0.04888699789060024087, 0.05331662291694691524, 0.03385826771653542566 ) ) ;
#1211 = EDGE_CURVE ( 'NONE', #1314, #3134, #2268, .T. ) ;
#1212 = CARTESIAN_POINT ( 'NONE',  ( -0.06012275551999341633, 7.362914010347880260E-18, 0.03755374136515146621 ) ) ;
#1213 = CARTESIAN_POINT ( 'NONE',  ( 0.02559055118110236532, 0.06496062992125983815, 0.0007874015748031497038 ) ) ;
#1214 = DIRECTION ( 'NONE',  ( -0.5773502691896243988, -0.5773502691896287287, 0.5773502691896243988 ) ) ;
#1215 =( GEOMETRIC_REPRESENTATION_CONTEXT ( 3 ) GLOBAL_UNCERTAINTY_ASSIGNED_CONTEXT ( ( #3266 ) ) GLOBAL_UNIT_ASSIGNED_CONTEXT ( ( #282, #214, #482 ) ) REPRESENTATION_CONTEXT ( 'NONE', 'WORKASPACE' ) );
#1216 = PRESENTATION_STYLE_ASSIGNMENT (( #3291 ) ) ;
#1217 =( GEOMETRIC_REPRESENTATION_CONTEXT ( 3 ) GLOBAL_UNCERTAINTY_ASSIGNED_CONTEXT ( ( #372 ) ) GLOBAL_UNIT_ASSIGNED_CONTEXT ( ( #23, #2814, #1291 ) ) REPRESENTATION_CONTEXT ( 'NONE', 'WORKASPACE' ) );
#1218 =( LENGTH_UNIT ( ) NAMED_UNIT ( * ) SI_UNIT ( $, .METRE. ) );
#1219 = CIRCLE ( 'NONE', #605, 0.001968503937007874422 ) ;
#1220 = AXIS2_PLACEMENT_3D ( 'NONE', #2313, #1807, #472 ) ;
#1221 = CARTESIAN_POINT ( 'NONE',  ( 0.02559055118110236532, 0.06496062992125983815, 0.000000000000000000 ) ) ;
#1222 =( GEOMETRIC_REPRESENTATION_CONTEXT ( 3 ) GLOBAL_UNCERTAINTY_ASSIGNED_CONTEXT ( ( #3118 ) ) GLOBAL_UNIT_ASSIGNED_CONTEXT ( ( #1348, #511, #3113 ) ) REPRESENTATION_CONTEXT ( 'NONE', 'WORKASPACE' ) );
#1223 = MECHANICAL_DESIGN_GEOMETRIC_PRESENTATION_REPRESENTATION (  '', ( #1614 ), #553 ) ;
#1224 = CARTESIAN_POINT ( 'NONE',  ( 0.06708139816769612129, -0.06708139816769610742, 0.03302628005745991691 ) ) ;
#1225 = ORIENTED_EDGE ( 'NONE', *, *, #1303, .T. ) ;
#1226 = STYLED_ITEM ( 'NONE', ( #1553 ), #436 ) ;
#1227 = CARTESIAN_POINT ( 'NONE',  ( 0.02559055118110236532, 0.06496062992125983815, 0.000000000000000000 ) ) ;
#1228 = CARTESIAN_POINT ( 'NONE',  ( 0.06773682409303423413, 0.06659572013568823556, 0.03139949806810601179 ) ) ;
#1229 = ORIENTED_EDGE ( 'NONE', *, *, #3191, .T. ) ;
#1230 = LENGTH_MEASURE_WITH_UNIT ( LENGTH_MEASURE( 0.02539999999999999897 ), #2205 );
#1231 = VECTOR ( 'NONE', #2531, 39.37007874015748143 ) ;
#1232 = AXIS2_PLACEMENT_3D ( 'NONE', #569, #2763, #650 ) ;
#1233 = CARTESIAN_POINT ( 'NONE',  ( 0.02559055118110236532, 0.000000000000000000, 0.0007874015748031497038 ) ) ;
#1234 =( NAMED_UNIT ( * ) PLANE_ANGLE_UNIT ( ) SI_UNIT ( $, .RADIAN. ) );
#1235 = CARTESIAN_POINT ( 'NONE',  ( -0.04527559055118110520, 0.000000000000000000, 0.0007874015748031497038 ) ) ;
#1236 = CARTESIAN_POINT ( 'NONE',  ( -0.06023622047244094058, -7.469896857675718968E-18, 0.03385826771653545342 ) ) ;
#1237 = EDGE_CURVE ( 'NONE', #2983, #2616, #1608, .T. ) ;
#1238 = CARTESIAN_POINT ( 'NONE',  ( -0.06791338582677165780, -0.06791338582677165780, 0.000000000000000000 ) ) ;
#1239 =( NAMED_UNIT ( * ) PLANE_ANGLE_UNIT ( ) SI_UNIT ( $, .RADIAN. ) );
#1240 = UNCERTAINTY_MEASURE_WITH_UNIT (LENGTH_MEASURE( 1.000000000000000082E-05 ), #2036, 'distance_accuracy_value', 'NONE');
#1241 = SURFACE_SIDE_STYLE ('',( #2567 ) ) ;
#1242 = VERTEX_POINT ( 'NONE', #2608 ) ;
#1243 = DIRECTION ( 'NONE',  ( -1.000000000000000000, 0.000000000000000000, 0.000000000000000000 ) ) ;
#1244 = PRODUCT_DEFINITION_SHAPE ( 'NONE', 'NONE',  #33 ) ;
#1245 = CARTESIAN_POINT ( 'NONE',  ( 0.06905445744692836896, 0.06396045342790000754, 0.03271713142200013275 ) ) ;
#1246 = EDGE_LOOP ( 'NONE', ( #1048, #3309, #3235, #39, #1527 ) ) ;
#1247 = DIRECTION ( 'NONE',  ( -1.000000000000000000, -4.336808689942025625E-15, 0.000000000000000000 ) ) ;
#1248 = DIRECTION ( 'NONE',  ( 0.000000000000000000, 0.000000000000000000, 1.000000000000000000 ) ) ;
#1249 = DIRECTION ( 'NONE',  ( 0.4082482904638631283, 0.8164965809277259234, 0.4082482904638628507 ) ) ;
#1250 = CARTESIAN_POINT ( 'NONE',  ( 0.02559055118110236532, -0.06496062992125983815, 0.003937007874015747977 ) ) ;
#1251 =( LENGTH_UNIT ( ) NAMED_UNIT ( * ) SI_UNIT ( $, .METRE. ) );
#1252 = DIRECTION ( 'NONE',  ( -0.000000000000000000, -1.000000000000000000, 0.000000000000000000 ) ) ;
#1253 = DIRECTION ( 'NONE',  ( 0.000000000000000000, -1.000000000000000000, 0.000000000000000000 ) ) ;
#1254 =( CONVERSION_BASED_UNIT ( 'INCH', #2287 ) LENGTH_UNIT ( ) NAMED_UNIT ( #1177 ) );
#1255 = CARTESIAN_POINT ( 'NONE',  ( 0.04841474211344244660, 0.04217102279156149935, 0.03385826771653542566 ) ) ;
#1256 = CARTESIAN_POINT ( 'NONE',  ( -0.06700962113604366777, 0.06815290028347047169, 0.03202655497333804779 ) ) ;
#1257 = ORIENTED_EDGE ( 'NONE', *, *, #3093, .T. ) ;
#1258 = PRESENTATION_STYLE_ASSIGNMENT (( #1860 ) ) ;
#1259 = CARTESIAN_POINT ( 'NONE',  ( 0.06808112325181792102, 0.06600989605192185417, 0.03309805708911239125 ) ) ;
#1260 = ORIENTED_EDGE ( 'NONE', *, *, #3269, .T. ) ;
#1261 =( NAMED_UNIT ( * ) SI_UNIT ( $, .STERADIAN. ) SOLID_ANGLE_UNIT ( ) );
#1262 = LINE ( 'NONE', #2809, #3232 ) ;
#1263 = VERTEX_POINT ( 'NONE', #744 ) ;
#1264 = DIMENSIONAL_EXPONENTS ( 1.000000000000000000, 0.000000000000000000, 0.000000000000000000, 0.000000000000000000, 0.000000000000000000, 0.000000000000000000, 0.000000000000000000 ) ;
#1265 = CARTESIAN_POINT ( 'NONE',  ( 0.05511811023622047168, -0.06496062992125983815, 0.003937007874015747977 ) ) ;
#1266 = SURFACE_SIDE_STYLE ('',( #3438 ) ) ;
#1267 = CARTESIAN_POINT ( 'NONE',  ( -0.06023622047244094752, 7.344999610877102758E-18, 0.03385826771653545342 ) ) ;
#1268 = PLANE ( 'NONE',  #2757 ) ;
#1269 = UNCERTAINTY_MEASURE_WITH_UNIT (LENGTH_MEASURE( 1.000000000000000082E-05 ), #2615, 'distance_accuracy_value', 'NONE');
#1270 = EDGE_CURVE ( 'NONE', #2754, #3378, #1028, .T. ) ;
#1271 = CARTESIAN_POINT ( 'NONE',  ( -0.05630747899030970338, 0.03178832506567647043, 0.03385826771653543954 ) ) ;
#1272 =( GEOMETRIC_REPRESENTATION_CONTEXT ( 3 ) GLOBAL_UNCERTAINTY_ASSIGNED_CONTEXT ( ( #1693 ) ) GLOBAL_UNIT_ASSIGNED_CONTEXT ( ( #2500, #2515, #422 ) ) REPRESENTATION_CONTEXT ( 'NONE', 'WORKASPACE' ) );
#1273 = COLOUR_RGB ( '',0.9607843137254902244, 0.9607843137254902244, 0.9607843137254902244 ) ;
#1274 = COLOUR_RGB ( '',0.000000000000000000, 0.7490196078431372584, 0.000000000000000000 ) ;
#1275 = VERTEX_POINT ( 'NONE', #2897 ) ;
#1276 =( NAMED_UNIT ( * ) PLANE_ANGLE_UNIT ( ) SI_UNIT ( $, .RADIAN. ) );
#1277 = VECTOR ( 'NONE', #3080, 39.37007874015748143 ) ;
#1278 = MECHANICAL_DESIGN_GEOMETRIC_PRESENTATION_REPRESENTATION (  '', ( #831 ), #1561 ) ;
#1279 = EDGE_CURVE ( 'NONE', #417, #458, #501, .T. ) ;
#1280 = DIRECTION ( 'NONE',  ( 0.000000000000000000, 0.000000000000000000, 1.000000000000000000 ) ) ;
#1281 = STYLED_ITEM ( 'NONE', ( #3006 ), #2569 ) ;
#1282 = MECHANICAL_DESIGN_GEOMETRIC_PRESENTATION_REPRESENTATION (  '', ( #876 ), #3227 ) ;
#1283 = AXIS2_PLACEMENT_3D ( 'NONE', #1221, #2021, #1757 ) ;
#1284 = ORIENTED_EDGE ( 'NONE', *, *, #2726, .T. ) ;
#1285 = DIRECTION ( 'NONE',  ( 0.000000000000000000, 0.000000000000000000, 1.000000000000000000 ) ) ;
#1286 = DIRECTION ( 'NONE',  ( 0.000000000000000000, -0.000000000000000000, 1.000000000000000000 ) ) ;
#1287 = ORIENTED_EDGE ( 'NONE', *, *, #2456, .T. ) ;
#1288 = UNCERTAINTY_MEASURE_WITH_UNIT (LENGTH_MEASURE( 1.000000000000000082E-05 ), #123, 'distance_accuracy_value', 'NONE');
#1289 = LENGTH_MEASURE_WITH_UNIT ( LENGTH_MEASURE( 0.02539999999999999897 ), #1843 );
#1290 = CARTESIAN_POINT ( 'NONE',  ( 0.05522697974356907680, -0.1178592562376465785, 0.03890476651550710263 ) ) ;
#1291 =( NAMED_UNIT ( * ) SI_UNIT ( $, .STERADIAN. ) SOLID_ANGLE_UNIT ( ) );
#1292 = PRESENTATION_STYLE_ASSIGNMENT (( #2372 ) ) ;
#1293 =( GEOMETRIC_REPRESENTATION_CONTEXT ( 3 ) GLOBAL_UNCERTAINTY_ASSIGNED_CONTEXT ( ( #1169 ) ) GLOBAL_UNIT_ASSIGNED_CONTEXT ( ( #2391, #2957, #2127 ) ) REPRESENTATION_CONTEXT ( 'NONE', 'WORKASPACE' ) );
#1294 = DIMENSIONAL_EXPONENTS ( 1.000000000000000000, 0.000000000000000000, 0.000000000000000000, 0.000000000000000000, 0.000000000000000000, 0.000000000000000000, 0.000000000000000000 ) ;
#1295 = LENGTH_MEASURE_WITH_UNIT ( LENGTH_MEASURE( 0.02539999999999999897 ), #281 );
#1296 = FILL_AREA_STYLE ('',( #1071 ) ) ;
#1297 = FILL_AREA_STYLE_COLOUR ( '', #1051 ) ;
#1298 = EDGE_LOOP ( 'NONE', ( #495, #117, #852, #455 ) ) ;
#1299 = SURFACE_STYLE_USAGE ( .BOTH. , #2626 ) ;
#1300 = EDGE_CURVE ( 'NONE', #1368, #2638, #3414, .T. ) ;
#1301 = SURFACE_STYLE_FILL_AREA ( #457 ) ;
#1302 = ORIENTED_EDGE ( 'NONE', *, *, #2898, .T. ) ;
#1303 = EDGE_CURVE ( 'NONE', #1368, #246, #1328, .T. ) ;
#1304 = FILL_AREA_STYLE ('',( #1006 ) ) ;
#1305 =( NAMED_UNIT ( * ) SI_UNIT ( $, .STERADIAN. ) SOLID_ANGLE_UNIT ( ) );
#1306 = SURFACE_STYLE_FILL_AREA ( #1601 ) ;
#1307 = DIRECTION ( 'NONE',  ( -0.4082482904638630727, -0.8164965809277261455, 0.4082482904638630727 ) ) ;
#1308 = CARTESIAN_POINT ( 'NONE',  ( -0.02404979529243131062, 0.05936790515670447438, 0.03385826771653542566 ) ) ;
#1309 = SURFACE_SIDE_STYLE ('',( #252 ) ) ;
#1310 = PLANE ( 'NONE',  #1722 ) ;
#1311 = SURFACE_STYLE_USAGE ( .BOTH. , #215 ) ;
#1312 = FILL_AREA_STYLE_COLOUR ( '', #1388 ) ;
#1313 = DIMENSIONAL_EXPONENTS ( 1.000000000000000000, 0.000000000000000000, 0.000000000000000000, 0.000000000000000000, 0.000000000000000000, 0.000000000000000000, 0.000000000000000000 ) ;
#1314 = VERTEX_POINT ( 'NONE', #1590 ) ;
#1315 = CARTESIAN_POINT ( 'NONE',  ( -0.06594488188976377341, -0.06594488188976378729, 0.03385826771653543954 ) ) ;
#1316 = ADVANCED_FACE ( 'NONE', ( #1010 ), #1512, .F. ) ;
#1317 = ORIENTED_EDGE ( 'NONE', *, *, #740, .T. ) ;
#1318 = UNCERTAINTY_MEASURE_WITH_UNIT (LENGTH_MEASURE( 1.000000000000000082E-05 ), #948, 'distance_accuracy_value', 'NONE');
#1319 = SURFACE_SIDE_STYLE ('',( #2628 ) ) ;
#1320 = FILL_AREA_STYLE_COLOUR ( '', #328 ) ;
#1321 =( NAMED_UNIT ( * ) SI_UNIT ( $, .STERADIAN. ) SOLID_ANGLE_UNIT ( ) );
#1322 = EDGE_CURVE ( 'NONE', #257, #3244, #761, .T. ) ;
#1323 = CARTESIAN_POINT ( 'NONE',  ( 0.06594488188976378729, 0.06791338582677165780, 0.000000000000000000 ) ) ;
#1324 = PRESENTATION_LAYER_ASSIGNMENT (  '', '', ( #3428 ) ) ;
#1325 = CARTESIAN_POINT ( 'NONE',  ( 0.004065659463236769369, 0.06405367284561656882, 0.03385826771653541872 ) ) ;
#1326 = FILL_AREA_STYLE_COLOUR ( '', #2883 ) ;
#1327 = PRESENTATION_LAYER_ASSIGNMENT (  '', '', ( #1768 ) ) ;
#1328 = LINE ( 'NONE', #3145, #2605 ) ;
#1329 = CARTESIAN_POINT ( 'NONE',  ( 0.06496062992125983815, 0.06496062992125983815, 0.000000000000000000 ) ) ;
#1330 = PRESENTATION_LAYER_ASSIGNMENT (  '', '', ( #1656 ) ) ;
#1331 = VERTEX_POINT ( 'NONE', #3255 ) ;
#1332 = VECTOR ( 'NONE', #2275, 39.37007874015748143 ) ;
#1333 = COLOUR_RGB ( '',0.9607843137254902244, 0.9607843137254902244, 0.9607843137254902244 ) ;
#1334 = PRESENTATION_LAYER_ASSIGNMENT (  '', '', ( #2203 ) ) ;
#1335 =( GEOMETRIC_REPRESENTATION_CONTEXT ( 3 ) GLOBAL_UNCERTAINTY_ASSIGNED_CONTEXT ( ( #2552 ) ) GLOBAL_UNIT_ASSIGNED_CONTEXT ( ( #1981, #1525, #2508 ) ) REPRESENTATION_CONTEXT ( 'NONE', 'WORKASPACE' ) );
#1336 = MECHANICAL_DESIGN_GEOMETRIC_PRESENTATION_REPRESENTATION (  '', ( #434 ), #2492 ) ;
#1337 = SURFACE_STYLE_USAGE ( .BOTH. , #224 ) ;
#1338 = EDGE_LOOP ( 'NONE', ( #362, #2538, #2062, #2135, #2556, #468 ) ) ;
#1339 =( NAMED_UNIT ( * ) SI_UNIT ( $, .STERADIAN. ) SOLID_ANGLE_UNIT ( ) );
#1340 = CARTESIAN_POINT ( 'NONE',  ( -0.06594488188976378729, 0.06594488188976378729, 0.03188976377952756208 ) ) ;
#1341 = MECHANICAL_DESIGN_GEOMETRIC_PRESENTATION_REPRESENTATION (  '', ( #3387 ), #1618 ) ;
#1342 =( NAMED_UNIT ( * ) SI_UNIT ( $, .STERADIAN. ) SOLID_ANGLE_UNIT ( ) );
#1343 = MECHANICAL_DESIGN_GEOMETRIC_PRESENTATION_REPRESENTATION (  '', ( #1835 ), #997 ) ;
#1344 =( GEOMETRIC_REPRESENTATION_CONTEXT ( 3 ) GLOBAL_UNCERTAINTY_ASSIGNED_CONTEXT ( ( #1025 ) ) GLOBAL_UNIT_ASSIGNED_CONTEXT ( ( #509, #1543, #237 ) ) REPRESENTATION_CONTEXT ( 'NONE', 'WORKASPACE' ) );
#1345 = CARTESIAN_POINT ( 'NONE',  ( -0.02559055118110236532, -0.06496062992125983815, 0.000000000000000000 ) ) ;
#1346 = PRESENTATION_LAYER_ASSIGNMENT (  '', '', ( #893 ) ) ;
#1347 =( REPRESENTATION_RELATIONSHIP ('NONE','NONE', #1765, #1145 ) REPRESENTATION_RELATIONSHIP_WITH_TRANSFORMATION ( #3028 )SHAPE_REPRESENTATION_RELATIONSHIP( ) );
#1348 =( CONVERSION_BASED_UNIT ( 'INCH', #2882 ) LENGTH_UNIT ( ) NAMED_UNIT ( #2851 ) );
#1349 = PRESENTATION_STYLE_ASSIGNMENT (( #2105 ) ) ;
#1350 = EDGE_LOOP ( 'NONE', ( #702, #892, #302, #2367 ) ) ;
#1351 = DIRECTION ( 'NONE',  ( 0.000000000000000000, 0.000000000000000000, -1.000000000000000000 ) ) ;
#1352 = ORIENTED_EDGE ( 'NONE', *, *, #3173, .T. ) ;
#1353 = UNCERTAINTY_MEASURE_WITH_UNIT (LENGTH_MEASURE( 1.000000000000000082E-05 ), #1770, 'distance_accuracy_value', 'NONE');
#1354 = CYLINDRICAL_SURFACE ( 'NONE', #1767, 0.001968503937007870519 ) ;
#1355 = CARTESIAN_POINT ( 'NONE',  ( -0.02559055118110236532, 0.06496062992125983815, 0.000000000000000000 ) ) ;
#1356 = CARTESIAN_POINT ( 'NONE',  ( 0.000000000000000000, 0.000000000000000000, 0.000000000000000000 ) ) ;
#1357 = CARTESIAN_POINT ( 'NONE',  ( 0.04888699789060024781, 0.05091267919389756702, 0.03385826771653543260 ) ) ;
#1358 = DIRECTION ( 'NONE',  ( 1.000000000000000000, 0.000000000000000000, 0.000000000000000000 ) ) ;
#1359 = DIRECTION ( 'NONE',  ( 0.000000000000000000, -1.000000000000000000, -0.000000000000000000 ) ) ;
#1360 = LENGTH_MEASURE_WITH_UNIT ( LENGTH_MEASURE( 0.02539999999999999897 ), #1878 );
#1361 = SURFACE_STYLE_FILL_AREA ( #2721 ) ;
#1362 = FILL_AREA_STYLE_COLOUR ( '', #2434 ) ;
#1363 = CARTESIAN_POINT ( 'NONE',  ( 0.06594488188976378729, 0.03297244094488189364, 0.03188976377952756208 ) ) ;
#1364 = EDGE_CURVE ( 'NONE', #1034, #2139, #1828, .T. ) ;
#1365 = ORIENTED_EDGE ( 'NONE', *, *, #1364, .F. ) ;
#1366 =( CONVERSION_BASED_UNIT ( 'INCH', #2136 ) LENGTH_UNIT ( ) NAMED_UNIT ( #174 ) );
#1367 = DIRECTION ( 'NONE',  ( -1.000000000000000000, -0.000000000000000000, 0.000000000000000000 ) ) ;
#1368 = VERTEX_POINT ( 'NONE', #1373 ) ;
#1369 =( NAMED_UNIT ( * ) PLANE_ANGLE_UNIT ( ) SI_UNIT ( $, .RADIAN. ) );
#1370 = CARTESIAN_POINT ( 'NONE',  ( 0.04527559055118110520, -0.06496062992125983815, 0.000000000000000000 ) ) ;
#1371 = FILL_AREA_STYLE ('',( #1936 ) ) ;
#1372 = CARTESIAN_POINT ( 'NONE',  ( -0.06594488188976377341, -0.06791338582677165780, 0.03188976377952756208 ) ) ;
#1373 = CARTESIAN_POINT ( 'NONE',  ( -0.02559055118110236532, -0.06496062992125983815, 0.0007874015748031497038 ) ) ;
#1374 = LINE ( 'NONE', #2462, #3165 ) ;
#1375 = PRODUCT_RELATED_PRODUCT_CATEGORY ( 'part', '', ( #602 ) ) ;
#1376 = DIMENSIONAL_EXPONENTS ( 1.000000000000000000, 0.000000000000000000, 0.000000000000000000, 0.000000000000000000, 0.000000000000000000, 0.000000000000000000, 0.000000000000000000 ) ;
#1377 = STYLED_ITEM ( 'NONE', ( #2665 ), #2085 ) ;
#1378 = DIRECTION ( 'NONE',  ( 0.000000000000000000, 0.000000000000000000, 1.000000000000000000 ) ) ;
#1379 = ORIENTED_EDGE ( 'NONE', *, *, #2854, .F. ) ;
#1380 = ADVANCED_FACE ( 'NONE', ( #1669 ), #1619, .T. ) ;
#1381 = CARTESIAN_POINT ( 'NONE',  ( -0.03543307086614173873, 0.06496062992125983815, 0.0007874015748031497038 ) ) ;
#1382 =( GEOMETRIC_REPRESENTATION_CONTEXT ( 3 ) GLOBAL_UNCERTAINTY_ASSIGNED_CONTEXT ( ( #3436 ) ) GLOBAL_UNIT_ASSIGNED_CONTEXT ( ( #649, #617, #317 ) ) REPRESENTATION_CONTEXT ( 'NONE', 'WORKASPACE' ) );
#1383 =( GEOMETRIC_REPRESENTATION_CONTEXT ( 3 ) GLOBAL_UNCERTAINTY_ASSIGNED_CONTEXT ( ( #2389 ) ) GLOBAL_UNIT_ASSIGNED_CONTEXT ( ( #2047, #1063, #1845 ) ) REPRESENTATION_CONTEXT ( 'NONE', 'WORKASPACE' ) );
#1384 = AXIS2_PLACEMENT_3D ( 'NONE', #2295, #3366, #521 ) ;
#1385 = CARTESIAN_POINT ( 'NONE',  ( -0.06661742414146146207, -0.06708139816769612129, 0.03349025408369457613 ) ) ;
#1386 = CIRCLE ( 'NONE', #1929, 0.06012275551999341633 ) ;
#1387 = VERTEX_POINT ( 'NONE', #400 ) ;
#1388 = COLOUR_RGB ( '',0.9607843137254902244, 0.9607843137254902244, 0.9607843137254902244 ) ;
#1389 = AXIS2_PLACEMENT_3D ( 'NONE', #1030, #1563, #1280 ) ;
#1390 = CARTESIAN_POINT ( 'NONE',  ( -0.06594488188976378729, -0.06594488188976378729, 0.03188976377952756208 ) ) ;
#1391 = VECTOR ( 'NONE', #3242, 39.37007874015748143 ) ;
#1392 = VECTOR ( 'NONE', #3169, 39.37007874015748143 ) ;
#1393 =( BOUNDED_SURFACE ( )  B_SPLINE_SURFACE ( 3, 3, ( 
 ( #3001, #2677, #877, #835 ),
 ( #1133, #812, #2975, #2170 ),
 ( #2182, #2961, #2690, #2950 ),
 ( #2423, #295, #2461, #591 ) ),
 .UNSPECIFIED., .F., .F., .T. ) 
 B_SPLINE_SURFACE_WITH_KNOTS ( ( 4, 4 ),
 ( 4, 4 ),
 ( 0.000000000000000000, 1.000000000000000000 ),
 ( 0.000000000000000000, 1.000000000000000000 ),
 .UNSPECIFIED. ) 
 GEOMETRIC_REPRESENTATION_ITEM ( )  RATIONAL_B_SPLINE_SURFACE ( (
 ( 1.000000000000000000, 0.3333333333333300952, 0.3333333333333300952, 1.000000000000000000),
 ( 0.9245018060306359198, 0.3081672686768756608, 0.3081672686768756608, 0.9245018060306359198),
 ( 0.9245018060306359198, 0.3081672686768756608, 0.3081672686768756608, 0.9245018060306359198),
 ( 1.000000000000000000, 0.3333333333333300952, 0.3333333333333300952, 1.000000000000000000) ) ) 
 REPRESENTATION_ITEM ( '' )  SURFACE ( )  );
#1394 = FILL_AREA_STYLE ('',( #349 ) ) ;
#1395 = CARTESIAN_POINT ( 'NONE',  ( 0.03711608812321243178, -0.05253982106728328355, 0.03385826771653543954 ) ) ;
#1396 = CARTESIAN_POINT ( 'NONE',  ( -0.06708139816769613517, -0.06708139816769610742, 0.03302628005745991691 ) ) ;
#1397 = PRESENTATION_LAYER_ASSIGNMENT (  '', '', ( #235 ) ) ;
#1398 =( NAMED_UNIT ( * ) PLANE_ANGLE_UNIT ( ) SI_UNIT ( $, .RADIAN. ) );
#1399 = PRESENTATION_LAYER_ASSIGNMENT (  '', '', ( #620 ) ) ;
#1400 = VERTEX_POINT ( 'NONE', #3088 ) ;
#1401 = PRODUCT_DEFINITION_FORMATION_WITH_SPECIFIED_SOURCE ( 'ANY', '', #1636, .NOT_KNOWN. ) ;
#1402 = ORIENTED_EDGE ( 'NONE', *, *, #2916, .T. ) ;
#1403 = SURFACE_SIDE_STYLE ('',( #2970 ) ) ;
#1404 = LINE ( 'NONE', #1143, #1610 ) ;
#1405 = CARTESIAN_POINT ( 'NONE',  ( -0.06770556533661400977, 0.06682522361318890547, 0.03188976377952756208 ) ) ;
#1406 = CARTESIAN_POINT ( 'NONE',  ( 0.06594488188976378729, -0.06594488188976378729, 0.03188976377952756208 ) ) ;
#1407 = DIRECTION ( 'NONE',  ( 0.000000000000000000, -0.000000000000000000, -1.000000000000000000 ) ) ;
#1408 =( BOUNDED_SURFACE ( )  B_SPLINE_SURFACE ( 3, 3, ( 
 ( #2782, #442, #1477, #1160 ),
 ( #3032, #396, #2280, #932 ),
 ( #953, #968, #2495, #2025 ),
 ( #112, #655, #3066, #1212 ) ),
 .UNSPECIFIED., .F., .F., .F. ) 
 B_SPLINE_SURFACE_WITH_KNOTS ( ( 4, 4 ),
 ( 4, 4 ),
 ( 0.000000000000000000, 1.000000000000000000 ),
 ( 0.000000000000000000, 1.000000000000000000 ),
 .UNSPECIFIED. ) 
 GEOMETRIC_REPRESENTATION_ITEM ( )  RATIONAL_B_SPLINE_SURFACE ( (
 ( 1.000000000000000000, 0.3333333333333334259, 0.3333333333333334259, 1.000000000000000000),
 ( 0.8189828853656890839, 0.2729942951218964353, 0.2729942951218964353, 0.8189828853656890839),
 ( 0.8189828853656890839, 0.2729942951218964353, 0.2729942951218964353, 0.8189828853656890839),
 ( 1.000000000000000000, 0.3333333333333334259, 0.3333333333333334259, 1.000000000000000000) ) ) 
 REPRESENTATION_ITEM ( '' )  SURFACE ( )  );
#1409 =( CONVERSION_BASED_UNIT ( 'INCH', #3241 ) LENGTH_UNIT ( ) NAMED_UNIT ( #1441 ) );
#1410 = FACE_OUTER_BOUND ( 'NONE', #402, .T. ) ;
#1411 = PRODUCT_DEFINITION_CONTEXT ( 'detailed design', #3189, 'design' ) ;
#1412 = ORIENTED_EDGE ( 'NONE', *, *, #513, .T. ) ;
#1413 = DIRECTION ( 'NONE',  ( 1.000000000000000000, 0.000000000000000000, 0.000000000000000000 ) ) ;
#1414 = FACE_OUTER_BOUND ( 'NONE', #2847, .T. ) ;
#1415 =( LENGTH_UNIT ( ) NAMED_UNIT ( * ) SI_UNIT ( $, .METRE. ) );
#1416 = EDGE_LOOP ( 'NONE', ( #2520, #3351, #1302, #1402 ) ) ;
#1417 = UNCERTAINTY_MEASURE_WITH_UNIT (LENGTH_MEASURE( 1.000000000000000082E-05 ), #606, 'distance_accuracy_value', 'NONE');
#1418 = PRESENTATION_STYLE_ASSIGNMENT (( #355 ) ) ;
#1419 = UNCERTAINTY_MEASURE_WITH_UNIT (LENGTH_MEASURE( 1.000000000000000082E-05 ), #695, 'distance_accuracy_value', 'NONE');
#1420 = CARTESIAN_POINT ( 'NONE',  ( 0.04527559055118110520, -0.06496062992125983815, 0.003937007874015747977 ) ) ;
#1421 = SURFACE_STYLE_USAGE ( .BOTH. , #1753 ) ;
#1422 = EDGE_CURVE ( 'NONE', #194, #2222, #1522, .T. ) ;
#1423 = FACE_OUTER_BOUND ( 'NONE', #3435, .T. ) ;
#1424 = DIRECTION ( 'NONE',  ( 0.000000000000000000, -0.000000000000000000, -1.000000000000000000 ) ) ;
#1426 = ORIENTED_EDGE ( 'NONE', *, *, #2831, .F. ) ;
#1425 = CARTESIAN_POINT ( 'NONE',  ( 0.02460277419964384052, -0.05914141468327855505, 0.03385826771653543954 ) ) ;
#1427 = CARTESIAN_POINT ( 'NONE',  ( -0.06773682409303427576, -0.06659572013568824944, 0.03139949806810602567 ) ) ;
#1428 = SURFACE_STYLE_FILL_AREA ( #2739 ) ;
#1429 = SURFACE_STYLE_USAGE ( .BOTH. , #3274 ) ;
#1430 = ORIENTED_EDGE ( 'NONE', *, *, #2078, .T. ) ;
#1431 = LINE ( 'NONE', #550, #2429 ) ;
#1432 = FILL_AREA_STYLE_COLOUR ( '', #3440 ) ;
#1433 =( NAMED_UNIT ( * ) PLANE_ANGLE_UNIT ( ) SI_UNIT ( $, .RADIAN. ) );
#1434 = ORIENTED_EDGE ( 'NONE', *, *, #3060, .F. ) ;
#1435 = PRESENTATION_LAYER_ASSIGNMENT (  '', '', ( #2424 ) ) ;
#1436 = DIRECTION ( 'NONE',  ( 0.000000000000000000, 0.000000000000000000, 1.000000000000000000 ) ) ;
#1437 = APPLICATION_PROTOCOL_DEFINITION ( 'draft international standard', 'automotive_design', 1998, #3000 ) ;
#1438 = AXIS2_PLACEMENT_3D ( 'NONE', #1635, #3201, #857 ) ;
#1439 = CIRCLE ( 'NONE', #1053, 0.001968503937007870519 ) ;
#1440 = CARTESIAN_POINT ( 'NONE',  ( 0.04888699789060025475, 0.05211465105542223419, 0.03385826771653543260 ) ) ;
#1441 = DIMENSIONAL_EXPONENTS ( 1.000000000000000000, 0.000000000000000000, 0.000000000000000000, 0.000000000000000000, 0.000000000000000000, 0.000000000000000000, 0.000000000000000000 ) ;
#1442 = DIRECTION ( 'NONE',  ( -1.000000000000000000, 1.224646799147353207E-16, 0.000000000000000000 ) ) ;
#1443 = CIRCLE ( 'NONE', #1112, 0.001968503937007874422 ) ;
#1444 = MECHANICAL_DESIGN_GEOMETRIC_PRESENTATION_REPRESENTATION (  '', ( #608 ), #2321 ) ;
#1445 = CIRCLE ( 'NONE', #387, 0.001968503937007874856 ) ;
#1446 = COLOUR_RGB ( '',0.9019607843137255054, 0.9019607843137255054, 0.9019607843137255054 ) ;
#1447 = DIRECTION ( 'NONE',  ( 1.000000000000000000, 0.000000000000000000, 0.000000000000000000 ) ) ;
#1448 = AXIS2_PLACEMENT_3D ( 'NONE', #3159, #725, #1795 ) ;
#1450 = EDGE_LOOP ( 'NONE', ( #3212, #3293, #2242, #1968 ) ) ;
#1449 = PLANE ( 'NONE',  #428 ) ;
#1451 = ADVANCED_FACE ( 'NONE', ( #641 ), #1449, .T. ) ;
#1452 = PLANE ( 'NONE',  #2051 ) ;
#1453 = UNCERTAINTY_MEASURE_WITH_UNIT (LENGTH_MEASURE( 1.000000000000000082E-05 ), #92, 'distance_accuracy_value', 'NONE');
#1454 = DIRECTION ( 'NONE',  ( 1.000000000000000000, 0.000000000000000000, 0.000000000000000000 ) ) ;
#1455 = VECTOR ( 'NONE', #376, 39.37007874015748143 ) ;
#1456 = FILL_AREA_STYLE_COLOUR ( '', #875 ) ;
#1457 = AXIS2_PLACEMENT_3D ( 'NONE', #2073, #1248, #1533 ) ;
#1458 = VERTEX_POINT ( 'NONE', #2819 ) ;
#1459 = SURFACE_STYLE_USAGE ( .BOTH. , #10 ) ;
#1460 = PRESENTATION_STYLE_ASSIGNMENT (( #3025 ) ) ;
#1461 = ORIENTED_EDGE ( 'NONE', *, *, #1745, .F. ) ;
#1462 = FILL_AREA_STYLE ('',( #131 ) ) ;
#1463 = LINE ( 'NONE', #2528, #1002 ) ;
#1464 = DIRECTION ( 'NONE',  ( 0.000000000000000000, 0.000000000000000000, -1.000000000000000000 ) ) ;
#1465 = PRESENTATION_STYLE_ASSIGNMENT (( #625 ) ) ;
#1466 = FILL_AREA_STYLE_COLOUR ( '', #886 ) ;
#1468 = EDGE_LOOP ( 'NONE', ( #807, #2033, #3026, #3007, #3348 ) ) ;
#1467 = CARTESIAN_POINT ( 'NONE',  ( -0.06791338582677165780, -0.06594488188976378729, 0.02795275590551181411 ) ) ;
#1469 =( NAMED_UNIT ( * ) SI_UNIT ( $, .STERADIAN. ) SOLID_ANGLE_UNIT ( ) );
#1470 = DIRECTION ( 'NONE',  ( 0.000000000000000000, 0.000000000000000000, 1.000000000000000000 ) ) ;
#1471 = EDGE_CURVE ( 'NONE', #2353, #2571, #150, .T. ) ;
#1472 = ORIENTED_EDGE ( 'NONE', *, *, #124, .F. ) ;
#1473 = ADVANCED_FACE ( 'NONE', ( #2286 ), #2028, .T. ) ;
#1474 = DIRECTION ( 'NONE',  ( 0.000000000000000000, 0.000000000000000000, 1.000000000000000000 ) ) ;
#1475 = ORIENTED_EDGE ( 'NONE', *, *, #294, .F. ) ;
#1476 = CARTESIAN_POINT ( 'NONE',  ( 0.000000000000000000, 0.000000000000000000, 0.003937007874015747977 ) ) ;
#1477 = CARTESIAN_POINT ( 'NONE',  ( -0.06405234738404526340, 0.1281046947680905268, 0.03385826771653543260 ) ) ;
#1478 = CARTESIAN_POINT ( 'NONE',  ( 0.02559055118110236532, -0.06496062992125983815, 0.000000000000000000 ) ) ;
#1479 = DIRECTION ( 'NONE',  ( 0.000000000000000000, 0.000000000000000000, 1.000000000000000000 ) ) ;
#1480 = SURFACE_STYLE_FILL_AREA ( #1163 ) ;
#1481 = DIRECTION ( 'NONE',  ( 0.000000000000000000, -1.000000000000000000, 0.000000000000000000 ) ) ;
#1482 = CARTESIAN_POINT ( 'NONE',  ( -0.04527559055118110520, 0.06496062992125983815, 0.000000000000000000 ) ) ;
#1483 = UNCERTAINTY_MEASURE_WITH_UNIT (LENGTH_MEASURE( 1.000000000000000082E-05 ), #66, 'distance_accuracy_value', 'NONE');
#1484 = PLANE ( 'NONE',  #1283 ) ;
#1485 =( CONVERSION_BASED_UNIT ( 'INCH', #2289 ) LENGTH_UNIT ( ) NAMED_UNIT ( #2617 ) );
#1486 = EDGE_LOOP ( 'NONE', ( #1836, #1840, #2083, #3038 ) ) ;
#1487 =( LENGTH_UNIT ( ) NAMED_UNIT ( * ) SI_UNIT ( $, .METRE. ) );
#1488 = ADVANCED_FACE ( 'NONE', ( #1573 ), #1268, .T. ) ;
#1489 = CARTESIAN_POINT ( 'NONE',  ( 0.06791338582677165780, -0.06594488188976378729, 0.000000000000000000 ) ) ;
#1490 = VERTEX_POINT ( 'NONE', #475 ) ;
#1491 = ADVANCED_FACE ( 'NONE', ( #3443 ), #1552, .T. ) ;
#1492 = MECHANICAL_DESIGN_GEOMETRIC_PRESENTATION_REPRESENTATION (  '', ( #817 ), #1984 ) ;
#1493 = PLANE ( 'NONE',  #1457 ) ;
#1494 =( LENGTH_UNIT ( ) NAMED_UNIT ( * ) SI_UNIT ( $, .METRE. ) );
#1495 = CARTESIAN_POINT ( 'NONE',  ( 0.06770556533661400977, -0.06682522361318890547, 0.03188976377952756208 ) ) ;
#1496 = PRESENTATION_LAYER_ASSIGNMENT (  '', '', ( #3160 ) ) ;
#1497 = LINE ( 'NONE', #2232, #1838 ) ;
#1498 = VECTOR ( 'NONE', #2435, 39.37007874015748143 ) ;
#1499 = CARTESIAN_POINT ( 'NONE',  ( 0.06545461617834223700, -0.06659572013568824944, 0.03368170598279802974 ) ) ;
#1500 =( GEOMETRIC_REPRESENTATION_CONTEXT ( 3 ) GLOBAL_UNCERTAINTY_ASSIGNED_CONTEXT ( ( #169 ) ) GLOBAL_UNIT_ASSIGNED_CONTEXT ( ( #908, #2742, #1599 ) ) REPRESENTATION_CONTEXT ( 'NONE', 'WORKASPACE' ) );
#1501 = FILL_AREA_STYLE_COLOUR ( '', #1615 ) ;
#1502 = CARTESIAN_POINT ( 'NONE',  ( -0.06496062992125983815, -0.06496062992125983815, 0.000000000000000000 ) ) ;
#1503 = VECTOR ( 'NONE', #1787, 39.37007874015748143 ) ;
#1504 = MECHANICAL_DESIGN_GEOMETRIC_PRESENTATION_REPRESENTATION (  '', ( #1115 ), #2002 ) ;
#1505 = PRESENTATION_LAYER_ASSIGNMENT (  '', '', ( #2658 ) ) ;
#1506 = DIRECTION ( 'NONE',  ( 0.000000000000000000, 0.000000000000000000, 1.000000000000000000 ) ) ;
#1507 = ORIENTED_EDGE ( 'NONE', *, *, #960, .T. ) ;
#1508 =( GEOMETRIC_REPRESENTATION_CONTEXT ( 3 ) GLOBAL_UNCERTAINTY_ASSIGNED_CONTEXT ( ( #986 ) ) GLOBAL_UNIT_ASSIGNED_CONTEXT ( ( #3192, #2660, #1868 ) ) REPRESENTATION_CONTEXT ( 'NONE', 'WORKASPACE' ) );
#1509 = AXIS2_PLACEMENT_3D ( 'NONE', #2393, #2924, #1648 ) ;
#1510 = AXIS2_PLACEMENT_3D ( 'NONE', #2909, #2653, #813 ) ;
#1511 = FILL_AREA_STYLE_COLOUR ( '', #2877 ) ;
#1512 =( BOUNDED_SURFACE ( )  B_SPLINE_SURFACE ( 3, 3, ( 
 ( #510, #2863, #1831, #787 ),
 ( #1850, #2396, #1879, #1544 ),
 ( #2327, #836, #627, #2183 ),
 ( #562, #75, #609, #3292 ) ),
 .UNSPECIFIED., .F., .F., .T. ) 
 B_SPLINE_SURFACE_WITH_KNOTS ( ( 4, 4 ),
 ( 4, 4 ),
 ( 0.000000000000000000, 1.000000000000000000 ),
 ( 0.000000000000000000, 1.000000000000000000 ),
 .UNSPECIFIED. ) 
 GEOMETRIC_REPRESENTATION_ITEM ( )  RATIONAL_B_SPLINE_SURFACE ( (
 ( 1.000000000000000000, 0.3333333333333334259, 0.3333333333333334259, 1.000000000000000000),
 ( 0.8189828853656890839, 0.2729942951218964353, 0.2729942951218964353, 0.8189828853656890839),
 ( 0.8189828853656890839, 0.2729942951218964353, 0.2729942951218964353, 0.8189828853656890839),
 ( 1.000000000000000000, 0.3333333333333334259, 0.3333333333333334259, 1.000000000000000000) ) ) 
 REPRESENTATION_ITEM ( '' )  SURFACE ( )  );
#1513 = PRESENTATION_LAYER_ASSIGNMENT (  '', '', ( #2329 ) ) ;
#1514 = CARTESIAN_POINT ( 'NONE',  ( 0.06708139816769612129, 0.06708139816769612129, 0.03302628005745991691 ) ) ;
#1515 = EDGE_LOOP ( 'NONE', ( #2013, #2867, #2641, #1645 ) ) ;
#1516 =( NAMED_UNIT ( * ) PLANE_ANGLE_UNIT ( ) SI_UNIT ( $, .RADIAN. ) );
#1517 = CIRCLE ( 'NONE', #1173, 0.001968503937007870519 ) ;
#1518 = EDGE_CURVE ( 'NONE', #2743, #595, #1404, .T. ) ;
#1519 = PRESENTATION_LAYER_ASSIGNMENT (  '', '', ( #1897 ) ) ;
#1520 = LENGTH_MEASURE_WITH_UNIT ( LENGTH_MEASURE( 0.02539999999999999897 ), #3286 );
#1521 =( LENGTH_UNIT ( ) NAMED_UNIT ( * ) SI_UNIT ( $, .METRE. ) );
#1522 = LINE ( 'NONE', #1467, #3271 ) ;
#1523 = FACE_OUTER_BOUND ( 'NONE', #2186, .T. ) ;
#1524 = SURFACE_STYLE_USAGE ( .BOTH. , #251 ) ;
#1525 =( NAMED_UNIT ( * ) PLANE_ANGLE_UNIT ( ) SI_UNIT ( $, .RADIAN. ) );
#1526 = LENGTH_MEASURE_WITH_UNIT ( LENGTH_MEASURE( 0.02539999999999999897 ), #1415 );
#1527 = ORIENTED_EDGE ( 'NONE', *, *, #3209, .F. ) ;
#1528 = FILL_AREA_STYLE ('',( #670 ) ) ;
#1529 = APPLICATION_CONTEXT ( 'automotive_design' ) ;
#1530 = SURFACE_STYLE_USAGE ( .BOTH. , #2524 ) ;
#1531 = VERTEX_POINT ( 'NONE', #871 ) ;
#1532 = FACE_OUTER_BOUND ( 'NONE', #2512, .T. ) ;
#1533 = DIRECTION ( 'NONE',  ( 1.000000000000000000, 0.000000000000000000, -0.000000000000000000 ) ) ;
#1534 = EDGE_LOOP ( 'NONE', ( #1472, #401, #2715, #35 ) ) ;
#1535 = FILL_AREA_STYLE_COLOUR ( '', #3289 ) ;
#1536 = EDGE_CURVE ( 'NONE', #3259, #194, #1114, .T. ) ;
#1537 =( NAMED_UNIT ( * ) PLANE_ANGLE_UNIT ( ) SI_UNIT ( $, .RADIAN. ) );
#1538 = PLANE ( 'NONE',  #1004 ) ;
#1539 = PLANE ( 'NONE',  #1509 ) ;
#1540 = PLANE ( 'NONE',  #1654 ) ;
#1541 = EDGE_CURVE ( 'NONE', #8, #2465, #1895, .T. ) ;
#1542 = CARTESIAN_POINT ( 'NONE',  ( 0.06405234738404529116, 0.008152066289633578752, 0.03385826771653543954 ) ) ;
#1543 =( NAMED_UNIT ( * ) PLANE_ANGLE_UNIT ( ) SI_UNIT ( $, .RADIAN. ) );
#1544 = CARTESIAN_POINT ( 'NONE',  ( 0.06185682882060709875, -1.515055348411244660E-17, 0.03385826771653543260 ) ) ;
#1545 = CARTESIAN_POINT ( 'NONE',  ( 0.04527559055118110520, 0.000000000000000000, 0.0007874015748031497038 ) ) ;
#1546 = ORIENTED_EDGE ( 'NONE', *, *, #1541, .T. ) ;
#1547 = FACE_OUTER_BOUND ( 'NONE', #1764, .T. ) ;
#1548 = CARTESIAN_POINT ( 'NONE',  ( -0.06594488188976378729, 0.06791338582677165780, 0.02401574803149606266 ) ) ;
#1549 = VERTEX_POINT ( 'NONE', #325 ) ;
#1550 =( NAMED_UNIT ( * ) SI_UNIT ( $, .STERADIAN. ) SOLID_ANGLE_UNIT ( ) );
#1551 = CARTESIAN_POINT ( 'NONE',  ( 0.06594488188976377341, 0.06682522361318889159, 0.03365044722637779151 ) ) ;
#1552 = CYLINDRICAL_SURFACE ( 'NONE', #1438, 0.001968503937007870519 ) ;
#1553 = PRESENTATION_STYLE_ASSIGNMENT (( #1024 ) ) ;
#1554 =( GEOMETRIC_REPRESENTATION_CONTEXT ( 3 ) GLOBAL_UNCERTAINTY_ASSIGNED_CONTEXT ( ( #1417 ) ) GLOBAL_UNIT_ASSIGNED_CONTEXT ( ( #606, #2676, #1649 ) ) REPRESENTATION_CONTEXT ( 'NONE', 'WORKASPACE' ) );
#1555 = PRODUCT_DEFINITION_CONTEXT ( 'detailed design', #1874, 'design' ) ;
#1556 = CARTESIAN_POINT ( 'NONE',  ( 0.06791338582677165780, -0.06791338582677165780, 0.000000000000000000 ) ) ;
#1557 = STYLED_ITEM ( 'NONE', ( #3344 ), #1451 ) ;
#1558 = CARTESIAN_POINT ( 'NONE',  ( 0.06791338582677165780, -0.06594488188976378729, 0.03385826771653543260 ) ) ;
#1559 = EDGE_CURVE ( 'NONE', #2353, #386, #2973, .T. ) ;
#1560 = CARTESIAN_POINT ( 'NONE',  ( 0.06594488188976377341, 0.06791338582677165780, 0.03188976377952756208 ) ) ;
#1561 =( GEOMETRIC_REPRESENTATION_CONTEXT ( 3 ) GLOBAL_UNCERTAINTY_ASSIGNED_CONTEXT ( ( #247 ) ) GLOBAL_UNIT_ASSIGNED_CONTEXT ( ( #920, #2518, #1702 ) ) REPRESENTATION_CONTEXT ( 'NONE', 'WORKASPACE' ) );
#1562 = DIMENSIONAL_EXPONENTS ( 1.000000000000000000, 0.000000000000000000, 0.000000000000000000, 0.000000000000000000, 0.000000000000000000, 0.000000000000000000, 0.000000000000000000 ) ;
#1563 = DIRECTION ( 'NONE',  ( -1.000000000000000000, 0.000000000000000000, 0.000000000000000000 ) ) ;
#1564 = STYLED_ITEM ( 'NONE', ( #450 ), #2629 ) ;
#1565 = PRESENTATION_LAYER_ASSIGNMENT (  '', '', ( #945 ) ) ;
#1566 = ORIENTED_EDGE ( 'NONE', *, *, #143, .T. ) ;
#1567 = ORIENTED_EDGE ( 'NONE', *, *, #2031, .T. ) ;
#1568 =( GEOMETRIC_REPRESENTATION_CONTEXT ( 3 ) GLOBAL_UNCERTAINTY_ASSIGNED_CONTEXT ( ( #1269 ) ) GLOBAL_UNIT_ASSIGNED_CONTEXT ( ( #2615, #2040, #1015 ) ) REPRESENTATION_CONTEXT ( 'NONE', 'WORKASPACE' ) );
#1569 = UNCERTAINTY_MEASURE_WITH_UNIT (LENGTH_MEASURE( 1.000000000000000082E-05 ), #2185, 'distance_accuracy_value', 'NONE');
#1570 = CARTESIAN_POINT ( 'NONE',  ( -0.06594488188976378729, -0.06594488188976378729, 0.02795275590551181411 ) ) ;
#1571 = CARTESIAN_POINT ( 'NONE',  ( -0.06023622047244093364, -0.1153840533697318982, 0.03879878325463401167 ) ) ;
#1572 = FILL_AREA_STYLE ('',( #3123 ) ) ;
#1573 = FACE_OUTER_BOUND ( 'NONE', #718, .T. ) ;
#1574 = CARTESIAN_POINT ( 'NONE',  ( -0.06594488188976378729, -0.06791338582677165780, 0.02401574803149606266 ) ) ;
#1575 = CARTESIAN_POINT ( 'NONE',  ( 0.06496062992125983815, -0.06496062992125983815, 0.000000000000000000 ) ) ;
#1576 = DIRECTION ( 'NONE',  ( -0.5773502691896243988, 0.5773502691896287287, 0.5773502691896243988 ) ) ;
#1577 = SURFACE_STYLE_FILL_AREA ( #2379 ) ;
#1578 = PRESENTATION_STYLE_ASSIGNMENT (( #3130 ) ) ;
#1579 = PRODUCT_DEFINITION ( 'UNKNOWN', '', #242, #364 ) ;
#1580 = CARTESIAN_POINT ( 'NONE',  ( -0.05511811023622047168, 0.000000000000000000, 0.003937007874015747977 ) ) ;
#1581 = ORIENTED_EDGE ( 'NONE', *, *, #2352, .F. ) ;
#1582 = EDGE_CURVE ( 'NONE', #1331, #1901, #2977, .T. ) ;
#1583 =( NAMED_UNIT ( * ) SI_UNIT ( $, .STERADIAN. ) SOLID_ANGLE_UNIT ( ) );
#1584 = ORIENTED_EDGE ( 'NONE', *, *, #3195, .F. ) ;
#1585 = DIMENSIONAL_EXPONENTS ( 1.000000000000000000, 0.000000000000000000, 0.000000000000000000, 0.000000000000000000, 0.000000000000000000, 0.000000000000000000, 0.000000000000000000 ) ;
#1586 = DIRECTION ( 'NONE',  ( 0.000000000000000000, 0.000000000000000000, 1.000000000000000000 ) ) ;
#1587 = LINE ( 'NONE', #2374, #834 ) ;
#1588 = CARTESIAN_POINT ( 'NONE',  ( -0.02561654022106250178, 0.05871022922462732635, 0.03385826771653543954 ) ) ;
#1589 = CARTESIAN_POINT ( 'NONE',  ( 0.06603088049213517996, -0.06690628474306037354, 0.03372657088374936274 ) ) ;
#1590 = CARTESIAN_POINT ( 'NONE',  ( -0.06708139816769612129, 0.06708139816769612129, 0.03302628005745989609 ) ) ;
#1591 = FACE_OUTER_BOUND ( 'NONE', #80, .T. ) ;
#1592 = FILL_AREA_STYLE ('',( #1 ) ) ;
#1593 = SURFACE_STYLE_FILL_AREA ( #1074 ) ;
#1594 = ORIENTED_EDGE ( 'NONE', *, *, #1946, .T. ) ;
#1595 = CARTESIAN_POINT ( 'NONE',  ( -0.06594488188976378729, -0.06594488188976378729, 0.02401574803149606266 ) ) ;
#1596 =( NAMED_UNIT ( * ) SI_UNIT ( $, .STERADIAN. ) SOLID_ANGLE_UNIT ( ) );
#1597 = EDGE_CURVE ( 'NONE', #2575, #354, #2441, .T. ) ;
#1598 = VERTEX_POINT ( 'NONE', #588 ) ;
#1599 =( NAMED_UNIT ( * ) SI_UNIT ( $, .STERADIAN. ) SOLID_ANGLE_UNIT ( ) );
#1600 =( LENGTH_UNIT ( ) NAMED_UNIT ( * ) SI_UNIT ( $, .METRE. ) );
#1601 = FILL_AREA_STYLE ('',( #2601 ) ) ;
#1602 = SURFACE_STYLE_USAGE ( .BOTH. , #3267 ) ;
#1603 = DIMENSIONAL_EXPONENTS ( 1.000000000000000000, 0.000000000000000000, 0.000000000000000000, 0.000000000000000000, 0.000000000000000000, 0.000000000000000000, 0.000000000000000000 ) ;
#1604 = MECHANICAL_DESIGN_GEOMETRIC_PRESENTATION_REPRESENTATION (  '', ( #320 ), #2038 ) ;
#1605 = SURFACE_SIDE_STYLE ('',( #2960 ) ) ;
#1606 = FILL_AREA_STYLE ('',( #1326 ) ) ;
#1607 = PRESENTATION_LAYER_ASSIGNMENT (  '', '', ( #1377 ) ) ;
#1609 = ORIENTED_EDGE ( 'NONE', *, *, #3376, .T. ) ;
#1608 = LINE ( 'NONE', #3128, #2550 ) ;
#1610 = VECTOR ( 'NONE', #1918, 39.37007874015748143 ) ;
#1611 =( LENGTH_UNIT ( ) NAMED_UNIT ( * ) SI_UNIT ( $, .METRE. ) );
#1612 = ORIENTED_EDGE ( 'NONE', *, *, #2694, .F. ) ;
#1613 = SURFACE_STYLE_FILL_AREA ( #288 ) ;
#1614 = STYLED_ITEM ( 'NONE', ( #1578 ), #989 ) ;
#1615 = COLOUR_RGB ( '',0.9607843137254902244, 0.9607843137254902244, 0.9607843137254902244 ) ;
#1616 = VERTEX_POINT ( 'NONE', #2408 ) ;
#1617 = AXIS2_PLACEMENT_3D ( 'NONE', #2326, #1799, #3396 ) ;
#1618 =( GEOMETRIC_REPRESENTATION_CONTEXT ( 3 ) GLOBAL_UNCERTAINTY_ASSIGNED_CONTEXT ( ( #2732 ) ) GLOBAL_UNIT_ASSIGNED_CONTEXT ( ( #2673, #2409, #45 ) ) REPRESENTATION_CONTEXT ( 'NONE', 'WORKASPACE' ) );
#1619 =( BOUNDED_SURFACE ( )  B_SPLINE_SURFACE ( 3, 3, ( 
 ( #3037, #916, #2503, #2269 ),
 ( #2005, #971, #1775, #3369 ),
 ( #2772, #680, #1977, #1741 ),
 ( #3072, #2020, #3019, #1499 ) ),
 .UNSPECIFIED., .F., .F., .F. ) 
 B_SPLINE_SURFACE_WITH_KNOTS ( ( 4, 4 ),
 ( 4, 4 ),
 ( 0.000000000000000000, 1.000000000000000000 ),
 ( 0.000000000000000000, 1.000000000000000000 ),
 .UNSPECIFIED. ) 
 GEOMETRIC_REPRESENTATION_ITEM ( )  RATIONAL_B_SPLINE_SURFACE ( (
 ( 1.000000000000000000, 0.3333333333333280413, 0.3333333333333280413, 1.000000000000000000),
 ( 0.9245018060306359198, 0.3081672686768737734, 0.3081672686768737734, 0.9245018060306359198),
 ( 0.9245018060306359198, 0.3081672686768737734, 0.3081672686768737734, 0.9245018060306359198),
 ( 1.000000000000000000, 0.3333333333333280413, 0.3333333333333280413, 1.000000000000000000) ) ) 
 REPRESENTATION_ITEM ( '' )  SURFACE ( )  );
#1620 = ADVANCED_FACE ( 'NONE', ( #1623 ), #1876, .T. ) ;
#1621 = AXIS2_PLACEMENT_3D ( 'NONE', #2579, #1586, #2080 ) ;
#1622 = CARTESIAN_POINT ( 'NONE',  ( 0.04953113266984118107, 0.04850873547084823961, 0.03385826771653543260 ) ) ;
#1623 = FACE_OUTER_BOUND ( 'NONE', #631, .T. ) ;
#1624 = CYLINDRICAL_SURFACE ( 'NONE', #2384, 0.001968503937007870519 ) ;
#1625 = EDGE_CURVE ( 'NONE', #2386, #2139, #3380, .T. ) ;
#1626 = FILL_AREA_STYLE ('',( #2735 ) ) ;
#1627 = CARTESIAN_POINT ( 'NONE',  ( -0.06405234738404529116, -0.008152066289637282387, 0.03385826771653544648 ) ) ;
#1628 =( NAMED_UNIT ( * ) PLANE_ANGLE_UNIT ( ) SI_UNIT ( $, .RADIAN. ) );
#1629 =( NAMED_UNIT ( * ) SI_UNIT ( $, .STERADIAN. ) SOLID_ANGLE_UNIT ( ) );
#1630 = ORIENTED_EDGE ( 'NONE', *, *, #2304, .T. ) ;
#1631 = FILL_AREA_STYLE ('',( #2065 ) ) ;
#1632 =( NAMED_UNIT ( * ) PLANE_ANGLE_UNIT ( ) SI_UNIT ( $, .RADIAN. ) );
#1633 = VERTEX_POINT ( 'NONE', #1196 ) ;
#1634 = DIRECTION ( 'NONE',  ( -1.000000000000000000, 0.000000000000000000, 0.000000000000000000 ) ) ;
#1635 = CARTESIAN_POINT ( 'NONE',  ( 0.06594488188976378729, 0.06594488188976378729, 0.03385826771653543260 ) ) ;
#1636 = PRODUCT ( 'lens_', 'lens_', '', ( #393 ) ) ;
#1637 = PRODUCT_DEFINITION ( 'UNKNOWN', '', #2674, #1411 ) ;
#1638 = SURFACE_SIDE_STYLE ('',( #1131 ) ) ;
#1639 = SURFACE_SIDE_STYLE ('',( #1920 ) ) ;
#1640 = CARTESIAN_POINT ( 'NONE',  ( -0.03178832506567218913, -0.05630747899031755821, 0.03385826771653542566 ) ) ;
#1641 = EDGE_CURVE ( 'NONE', #3244, #1746, #1052, .T. ) ;
#1642 = DIRECTION ( 'NONE',  ( 0.000000000000000000, -0.000000000000000000, -1.000000000000000000 ) ) ;
#1643 = EDGE_LOOP ( 'NONE', ( #2510, #2804, #1127, #2504 ) ) ;
#1644 = CARTESIAN_POINT ( 'NONE',  ( -0.06778168899398558100, -0.06690628474306035967, 0.03197576238189893394 ) ) ;
#1645 = ORIENTED_EDGE ( 'NONE', *, *, #2218, .F. ) ;
#1646 = CARTESIAN_POINT ( 'NONE',  ( -0.06708139816769612129, 0.06708139816769612129, 0.03302628005745989609 ) ) ;
#1647 = LENGTH_MEASURE_WITH_UNIT ( LENGTH_MEASURE( 0.02539999999999999897 ), #2946 );
#1648 = DIRECTION ( 'NONE',  ( 0.000000000000000000, 0.000000000000000000, 1.000000000000000000 ) ) ;
#1649 =( NAMED_UNIT ( * ) SI_UNIT ( $, .STERADIAN. ) SOLID_ANGLE_UNIT ( ) );
#1650 = CARTESIAN_POINT ( 'NONE',  ( 0.01601788884157049481, -0.06255061279835295862, 0.03385826771653543260 ) ) ;
#1651 = FILL_AREA_STYLE ('',( #1312 ) ) ;
#1652 = ORIENTED_EDGE ( 'NONE', *, *, #1364, .T. ) ;
#1653 = MECHANICAL_DESIGN_GEOMETRIC_PRESENTATION_REPRESENTATION (  '', ( #2195 ), #2591 ) ;
#1654 = AXIS2_PLACEMENT_3D ( 'NONE', #2371, #3439, #2597 ) ;
#1655 = AXIS2_PLACEMENT_3D ( 'NONE', #840, #82, #890 ) ;
#1656 = STYLED_ITEM ( 'NONE', ( #462 ), #1488 ) ;
#1657 =( GEOMETRIC_REPRESENTATION_CONTEXT ( 3 ) GLOBAL_UNCERTAINTY_ASSIGNED_CONTEXT ( ( #2969 ) ) GLOBAL_UNIT_ASSIGNED_CONTEXT ( ( #2355, #2595, #536 ) ) REPRESENTATION_CONTEXT ( 'NONE', 'WORKASPACE' ) );
#1658 = ORIENTED_EDGE ( 'NONE', *, *, #1270, .F. ) ;
#1659 = UNCERTAINTY_MEASURE_WITH_UNIT (LENGTH_MEASURE( 1.000000000000000082E-05 ), #517, 'distance_accuracy_value', 'NONE');
#1660 = CARTESIAN_POINT ( 'NONE',  ( -0.06677224953223638571, 0.06396045342789995203, 0.03499933933669219926 ) ) ;
#1661 = SHAPE_DEFINITION_REPRESENTATION ( #1244, #1145 ) ;
#1662 = AXIS2_PLACEMENT_3D ( 'NONE', #2217, #365, #848 ) ;
#1663 = CIRCLE ( 'NONE', #2324, 0.001968503937007870519 ) ;
#1664 = PRESENTATION_LAYER_ASSIGNMENT (  '', '', ( #2888 ) ) ;
#1665 = CARTESIAN_POINT ( 'NONE',  ( -0.06791338582677165780, -0.06594488188976378729, 0.000000000000000000 ) ) ;
#1666 = VECTOR ( 'NONE', #1407, 39.37007874015748143 ) ;
#1667 = SURFACE_STYLE_USAGE ( .BOTH. , #1639 ) ;
#1668 = CARTESIAN_POINT ( 'NONE',  ( -0.02559055118110236532, -0.06496062992125983815, 0.000000000000000000 ) ) ;
#1669 = FACE_OUTER_BOUND ( 'NONE', #2913, .T. ) ;
#1670 = CARTESIAN_POINT ( 'NONE',  ( -0.06661742414146146207, -0.06708139816769612129, 0.03349025408369457613 ) ) ;
#1671 = STYLED_ITEM ( 'NONE', ( #518 ), #3237 ) ;
#1672 =( GEOMETRIC_REPRESENTATION_CONTEXT ( 3 ) GLOBAL_UNCERTAINTY_ASSIGNED_CONTEXT ( ( #2236 ) ) GLOBAL_UNIT_ASSIGNED_CONTEXT ( ( #2436, #1915, #1596 ) ) REPRESENTATION_CONTEXT ( 'NONE', 'WORKASPACE' ) );
#1673 = ORIENTED_EDGE ( 'NONE', *, *, #2509, .T. ) ;
#1674 = ADVANCED_FACE ( 'NONE', ( #1953 ), #1408, .F. ) ;
#1675 = FACE_OUTER_BOUND ( 'NONE', #1710, .T. ) ;
#1676 = ORIENTED_EDGE ( 'NONE', *, *, #1237, .T. ) ;
#1677 = ADVANCED_FACE ( 'NONE', ( #1996 ), #1751, .T. ) ;
#1678 = SURFACE_SIDE_STYLE ('',( #2996 ) ) ;
#1679 =( NAMED_UNIT ( * ) PLANE_ANGLE_UNIT ( ) SI_UNIT ( $, .RADIAN. ) );
#1680 = CARTESIAN_POINT ( 'NONE',  ( 0.06594488188976378729, -0.06682522361318889159, 0.03365044722637779151 ) ) ;
#1681 = LENGTH_MEASURE_WITH_UNIT ( LENGTH_MEASURE( 0.02539999999999999897 ), #2749 );
#1682 = PLANE ( 'NONE',  #2055 ) ;
#1684 = ORIENTED_EDGE ( 'NONE', *, *, #2473, .T. ) ;
#1683 = CARTESIAN_POINT ( 'NONE',  ( -0.01006207033654598487, -0.06349251392544835726, 0.03385826771653542566 ) ) ;
#1685 = CARTESIAN_POINT ( 'NONE',  ( -0.04527559055118110520, -0.06496062992125983815, 0.000000000000000000 ) ) ;
#1686 = UNCERTAINTY_MEASURE_WITH_UNIT (LENGTH_MEASURE( 1.000000000000000082E-05 ), #2027, 'distance_accuracy_value', 'NONE');
#1687 = LENGTH_MEASURE_WITH_UNIT ( LENGTH_MEASURE( 0.02539999999999999897 ), #65 );
#1688 = PRESENTATION_STYLE_ASSIGNMENT (( #351 ) ) ;
#1689 = ORIENTED_EDGE ( 'NONE', *, *, #399, .T. ) ;
#1690 = FACE_OUTER_BOUND ( 'NONE', #1486, .T. ) ;
#1691 = CARTESIAN_POINT ( 'NONE',  ( 0.04527559055118110520, -0.06496062992125983815, 0.000000000000000000 ) ) ;
#1692 = EDGE_LOOP ( 'NONE', ( #2573, #887, #1689, #1700 ) ) ;
#1693 = UNCERTAINTY_MEASURE_WITH_UNIT (LENGTH_MEASURE( 1.000000000000000082E-05 ), #2500, 'distance_accuracy_value', 'NONE');
#1694 = SURFACE_STYLE_USAGE ( .BOTH. , #1733 ) ;
#1695 = APPLICATION_CONTEXT ( 'automotive_design' ) ;
#1696 = DIRECTION ( 'NONE',  ( 0.000000000000000000, 0.000000000000000000, 1.000000000000000000 ) ) ;
#1697 = ADVANCED_FACE ( 'NONE', ( #2618 ), #754, .T. ) ;
#1698 = SURFACE_STYLE_USAGE ( .BOTH. , #2471 ) ;
#1699 =( NAMED_UNIT ( * ) SI_UNIT ( $, .STERADIAN. ) SOLID_ANGLE_UNIT ( ) );
#1700 = ORIENTED_EDGE ( 'NONE', *, *, #1300, .F. ) ;
#1701 = DIRECTION ( 'NONE',  ( 0.000000000000000000, -0.000000000000000000, -1.000000000000000000 ) ) ;
#1702 =( NAMED_UNIT ( * ) SI_UNIT ( $, .STERADIAN. ) SOLID_ANGLE_UNIT ( ) );
#1703 = DIMENSIONAL_EXPONENTS ( 1.000000000000000000, 0.000000000000000000, 0.000000000000000000, 0.000000000000000000, 0.000000000000000000, 0.000000000000000000, 0.000000000000000000 ) ;
#1704 =( LENGTH_UNIT ( ) NAMED_UNIT ( * ) SI_UNIT ( $, .METRE. ) );
#1705 = ORIENTED_EDGE ( 'NONE', *, *, #1100, .F. ) ;
#1706 = FILL_AREA_STYLE_COLOUR ( '', #825 ) ;
#1707 = COLOUR_RGB ( '',0.8627450980392157298, 0.6274509803921568540, 0.05882352941176470507 ) ;
#1708 = DIRECTION ( 'NONE',  ( 0.000000000000000000, -0.000000000000000000, 1.000000000000000000 ) ) ;
#1709 = CARTESIAN_POINT ( 'NONE',  ( -0.06708139816769613517, 0.06708139816769612129, 0.03302628005745991691 ) ) ;
#1710 = EDGE_LOOP ( 'NONE', ( #2968, #2802, #681, #735 ) ) ;
#1711 = VECTOR ( 'NONE', #1827, 39.37007874015748143 ) ;
#1712 = FILL_AREA_STYLE_COLOUR ( '', #865 ) ;
#1713 = MECHANICAL_DESIGN_GEOMETRIC_PRESENTATION_REPRESENTATION (  '', ( #2925 ), #2317 ) ;
#1714 = STYLED_ITEM ( 'NONE', ( #3437 ), #1697 ) ;
#1715 = MECHANICAL_DESIGN_GEOMETRIC_PRESENTATION_REPRESENTATION (  '', ( #664 ), #941 ) ;
#1716 = FILL_AREA_STYLE ('',( #2794 ) ) ;
#1717 = PRESENTATION_LAYER_ASSIGNMENT (  '', '', ( #1614 ) ) ;
#1718 = EDGE_CURVE ( 'NONE', #2222, #2575, #492, .T. ) ;
#1719 = PRESENTATION_LAYER_ASSIGNMENT (  '', '', ( #2323 ) ) ;
#1720 = PRESENTATION_LAYER_ASSIGNMENT (  '', '', ( #1115 ) ) ;
#1721 = CARTESIAN_POINT ( 'NONE',  ( 0.05511811023622047168, 0.06496062992125983815, 0.000000000000000000 ) ) ;
#1722 = AXIS2_PLACEMENT_3D ( 'NONE', #2070, #263, #2103 ) ;
#1723 = ADVANCED_BREP_SHAPE_REPRESENTATION ( '', ( #2085, #2945 ), #731 ) ;
#1724 = ORIENTED_EDGE ( 'NONE', *, *, #2545, .T. ) ;
#1725 = SURFACE_STYLE_USAGE ( .BOTH. , #3307 ) ;
#1726 = EDGE_CURVE ( 'NONE', #1916, #417, #2312, .T. ) ;
#1727 = COLOUR_RGB ( '',0.9607843137254902244, 0.9607843137254902244, 0.9607843137254902244 ) ;
#1728 = ORIENTED_EDGE ( 'NONE', *, *, #2330, .F. ) ;
#1729 = CARTESIAN_POINT ( 'NONE',  ( 0.03543307086614173873, 0.000000000000000000, 0.000000000000000000 ) ) ;
#1730 = STYLED_ITEM ( 'NONE', ( #444 ), #3422 ) ;
#1731 = FILL_AREA_STYLE ('',( #994 ) ) ;
#1732 = VERTEX_POINT ( 'NONE', #2063 ) ;
#1733 = SURFACE_SIDE_STYLE ('',( #2227 ) ) ;
#1734 = CONTEXT_DEPENDENT_SHAPE_REPRESENTATION ( #1347, #44 ) ;
#1735 = CARTESIAN_POINT ( 'NONE',  ( -0.06594488188976378729, -0.06594488188976378729, 0.03188976377952756208 ) ) ;
#1736 = LENGTH_MEASURE_WITH_UNIT ( LENGTH_MEASURE( 0.02539999999999999897 ), #3355 );
#1737 = FILL_AREA_STYLE_COLOUR ( '', #2936 ) ;
#1738 =( LENGTH_UNIT ( ) NAMED_UNIT ( * ) SI_UNIT ( $, .METRE. ) );
#1739 = DIRECTION ( 'NONE',  ( -0.000000000000000000, -0.000000000000000000, -1.000000000000000000 ) ) ;
#1740 = EDGE_CURVE ( 'NONE', #2074, #3374, #1219, .T. ) ;
#1742 = ORIENTED_EDGE ( 'NONE', *, *, #1270, .T. ) ;
#1741 = CARTESIAN_POINT ( 'NONE',  ( 0.06603088049213515220, -0.06690628474306038742, 0.03372657088374936968 ) ) ;
#1743 = FACE_OUTER_BOUND ( 'NONE', #1692, .T. ) ;
#1744 = CARTESIAN_POINT ( 'NONE',  ( 0.06708139816769612129, -0.06708139816769612129, 0.03302628005745988915 ) ) ;
#1745 = EDGE_CURVE ( 'NONE', #516, #1531, #201, .T. ) ;
#1746 = VERTEX_POINT ( 'NONE', #3119 ) ;
#1747 = DIRECTION ( 'NONE',  ( 1.000000000000000000, 0.000000000000000000, 0.000000000000000000 ) ) ;
#1748 =( BOUNDED_SURFACE ( )  B_SPLINE_SURFACE ( 3, 3, ( 
 ( #3406, #756, #2563, #229 ),
 ( #499, #2812, #2577, #1290 ),
 ( #3103, #2853, #185, #1571 ),
 ( #1037, #1267, #1236, #2077 ) ),
 .UNSPECIFIED., .F., .F., .T. ) 
 B_SPLINE_SURFACE_WITH_KNOTS ( ( 4, 4 ),
 ( 4, 4 ),
 ( 0.000000000000000000, 1.000000000000000000 ),
 ( 0.000000000000000000, 1.000000000000000000 ),
 .UNSPECIFIED. ) 
 GEOMETRIC_REPRESENTATION_ITEM ( )  RATIONAL_B_SPLINE_SURFACE ( (
 ( 1.000000000000000000, 0.3619419392046301365, 0.3619419392046301365, 1.000000000000000000),
 ( 0.3476345751174890752, 0.1258235322526016498, 0.1258235322526016498, 0.3476345751174890752),
 ( 0.3476345751174890752, 0.1258235322526016498, 0.1258235322526016498, 0.3476345751174890752),
 ( 1.000000000000000000, 0.3619419392046301365, 0.3619419392046301365, 1.000000000000000000) ) ) 
 REPRESENTATION_ITEM ( '' )  SURFACE ( )  );
#1749 = LENGTH_MEASURE_WITH_UNIT ( LENGTH_MEASURE( 0.02539999999999999897 ), #3326 );
#1750 = VERTEX_POINT ( 'NONE', #2369 ) ;
#1751 = PLANE ( 'NONE',  #1993 ) ;
#1752 = DIRECTION ( 'NONE',  ( 0.000000000000000000, 0.000000000000000000, 1.000000000000000000 ) ) ;
#1753 = SURFACE_SIDE_STYLE ('',( #1955 ) ) ;
#1754 = PLANE ( 'NONE',  #2199 ) ;
#1755 = DIRECTION ( 'NONE',  ( -0.000000000000000000, 0.000000000000000000, -1.000000000000000000 ) ) ;
#1756 = DIRECTION ( 'NONE',  ( 0.000000000000000000, 0.000000000000000000, -1.000000000000000000 ) ) ;
#1757 = DIRECTION ( 'NONE',  ( 0.000000000000000000, -0.000000000000000000, 1.000000000000000000 ) ) ;
#1758 = SURFACE_STYLE_USAGE ( .BOTH. , #2555 ) ;
#1759 = ORIENTED_EDGE ( 'NONE', *, *, #1625, .F. ) ;
#1760 = CARTESIAN_POINT ( 'NONE',  ( -0.06791338582677165780, -0.06594488188976378729, 0.03385826771653543260 ) ) ;
#1761 = EDGE_CURVE ( 'NONE', #298, #1986, #2873, .T. ) ;
#1762 =( REPRESENTATION_RELATIONSHIP ('NONE','NONE', #1765, #1961 ) REPRESENTATION_RELATIONSHIP_WITH_TRANSFORMATION ( #3047 )SHAPE_REPRESENTATION_RELATIONSHIP( ) );
#1763 = CARTESIAN_POINT ( 'NONE',  ( 0.04527559055118110520, 0.06496062992125983815, 0.003937007874015747977 ) ) ;
#1764 = EDGE_LOOP ( 'NONE', ( #2307, #2448, #1207, #3004 ) ) ;
#1765 = SHAPE_REPRESENTATION ( 'XPEBPR-L1-0000-00C01', ( #677, #2561, #3002, #2171, #57 ), #449 ) ;
#1766 = PRESENTATION_STYLE_ASSIGNMENT (( #3082 ) ) ;
#1767 = AXIS2_PLACEMENT_3D ( 'NONE', #1078, #1093, #828 ) ;
#1768 = STYLED_ITEM ( 'NONE', ( #2169 ), #2143 ) ;
#1769 = LINE ( 'NONE', #2294, #723 ) ;
#1770 =( CONVERSION_BASED_UNIT ( 'INCH', #1520 ) LENGTH_UNIT ( ) NAMED_UNIT ( #3371 ) );
#1771 = LINE ( 'NONE', #3367, #2011 ) ;
#1772 = STYLED_ITEM ( 'NONE', ( #1796 ), #2244 ) ;
#1773 = MECHANICAL_DESIGN_GEOMETRIC_PRESENTATION_REPRESENTATION (  '', ( #2805 ), #158 ) ;
#1774 = DIRECTION ( 'NONE',  ( 0.000000000000000000, 1.000000000000000000, 0.000000000000000000 ) ) ;
#1775 = CARTESIAN_POINT ( 'NONE',  ( 0.06715317519934863033, -0.06600989605192178478, 0.03402600514158173745 ) ) ;
#1776 = PRESENTATION_LAYER_ASSIGNMENT (  '', '', ( #3273 ) ) ;
#1777 = CIRCLE ( 'NONE', #432, 0.001968503937007874422 ) ;
#1778 = FACE_OUTER_BOUND ( 'NONE', #1017, .T. ) ;
#1779 =( LENGTH_UNIT ( ) NAMED_UNIT ( * ) SI_UNIT ( $, .METRE. ) );
#1780 = VECTOR ( 'NONE', #1642, 39.37007874015748143 ) ;
#1781 = VECTOR ( 'NONE', #2426, 39.37007874015748143 ) ;
#1782 = CARTESIAN_POINT ( 'NONE',  ( -0.05996107878614231196, 0.02255095584976258075, 0.03385826771653542566 ) ) ;
#1783 = LENGTH_MEASURE_WITH_UNIT ( LENGTH_MEASURE( 0.02539999999999999897 ), #2303 );
#1784 = ORIENTED_EDGE ( 'NONE', *, *, #1541, .F. ) ;
#1785 = COLOUR_RGB ( '',0.000000000000000000, 0.7490196078431372584, 0.000000000000000000 ) ;
#1786 = STYLED_ITEM ( 'NONE', ( #654 ), #3215 ) ;
#1787 = DIRECTION ( 'NONE',  ( -0.000000000000000000, 1.000000000000000000, 0.000000000000000000 ) ) ;
#1788 = ORIENTED_EDGE ( 'NONE', *, *, #36, .F. ) ;
#1789 = LINE ( 'NONE', #703, #2536 ) ;
#1790 = VECTOR ( 'NONE', #1181, 39.37007874015748143 ) ;
#1791 = DIRECTION ( 'NONE',  ( -1.000000000000000000, -0.000000000000000000, 0.000000000000000000 ) ) ;
#1792 = EDGE_CURVE ( 'NONE', #1916, #194, #546, .T. ) ;
#1793 = DIRECTION ( 'NONE',  ( -0.000000000000000000, -0.000000000000000000, 1.000000000000000000 ) ) ;
#1794 =( NAMED_UNIT ( * ) SI_UNIT ( $, .STERADIAN. ) SOLID_ANGLE_UNIT ( ) );
#1795 = DIRECTION ( 'NONE',  ( 0.000000000000000000, 0.000000000000000000, 1.000000000000000000 ) ) ;
#1796 = PRESENTATION_STYLE_ASSIGNMENT (( #290 ) ) ;
#1797 = UNCERTAINTY_MEASURE_WITH_UNIT (LENGTH_MEASURE( 1.000000000000000082E-05 ), #1485, 'distance_accuracy_value', 'NONE');
#1798 = CARTESIAN_POINT ( 'NONE',  ( 0.01976261328430647252, 0.06093820110999167289, 0.03385826771653543260 ) ) ;
#1799 = DIRECTION ( 'NONE',  ( 0.000000000000000000, 0.000000000000000000, 1.000000000000000000 ) ) ;
#1800 = FILL_AREA_STYLE ('',( #2990 ) ) ;
#1801 =( CONVERSION_BASED_UNIT ( 'INCH', #3399 ) LENGTH_UNIT ( ) NAMED_UNIT ( #1995 ) );
#1802 = CARTESIAN_POINT ( 'NONE',  ( 0.06661742414146144819, 0.06708139816769612129, 0.03349025408369455531 ) ) ;
#1803 = EDGE_LOOP ( 'NONE', ( #2024, #2773, #1944, #2828, #628, #2780, #2517, #867 ) ) ;
#1804 = CARTESIAN_POINT ( 'NONE',  ( 0.06496062992125983815, -0.06496062992125983815, 0.000000000000000000 ) ) ;
#1805 = VERTEX_POINT ( 'NONE', #739 ) ;
#1806 = UNCERTAINTY_MEASURE_WITH_UNIT (LENGTH_MEASURE( 1.000000000000000082E-05 ), #3033, 'distance_accuracy_value', 'NONE');
#1807 = DIRECTION ( 'NONE',  ( 0.000000000000000000, -1.000000000000000000, 0.000000000000000000 ) ) ;
#1808 = CARTESIAN_POINT ( 'NONE',  ( 0.000000000000000000, 0.000000000000000000, 0.000000000000000000 ) ) ;
#1809 = ADVANCED_FACE ( 'NONE', ( #2337 ), #3412, .T. ) ;
#1810 = CYLINDRICAL_SURFACE ( 'NONE', #2041, 0.001968503937007874856 ) ;
#1811 = SURFACE_SIDE_STYLE ('',( #3423 ) ) ;
#1812 = CARTESIAN_POINT ( 'NONE',  ( 0.06791338582677165780, 0.06791338582677165780, 0.000000000000000000 ) ) ;
#1813 = DIRECTION ( 'NONE',  ( -0.000000000000000000, 0.000000000000000000, -1.000000000000000000 ) ) ;
#1814 = PRESENTATION_STYLE_ASSIGNMENT (( #1524 ) ) ;
#1815 = CARTESIAN_POINT ( 'NONE',  ( 0.06594488188976378729, -0.06594488188976378729, 0.000000000000000000 ) ) ;
#1816 = CARTESIAN_POINT ( 'NONE',  ( 0.06791338582677165780, 0.06594488188976378729, 0.000000000000000000 ) ) ;
#1817 = ORIENTED_EDGE ( 'NONE', *, *, #139, .T. ) ;
#1818 = CARTESIAN_POINT ( 'NONE',  ( -0.04527559055118110520, 0.06496062992125983815, 0.000000000000000000 ) ) ;
#1819 = VERTEX_POINT ( 'NONE', #599 ) ;
#1820 = SURFACE_STYLE_FILL_AREA ( #3135 ) ;
#1821 =( NAMED_UNIT ( * ) SI_UNIT ( $, .STERADIAN. ) SOLID_ANGLE_UNIT ( ) );
#1822 = AXIS2_PLACEMENT_3D ( 'NONE', #2365, #1285, #490 ) ;
#1823 =( LENGTH_UNIT ( ) NAMED_UNIT ( * ) SI_UNIT ( $, .METRE. ) );
#1824 = SURFACE_SIDE_STYLE ('',( #3409 ) ) ;
#1825 =( NAMED_UNIT ( * ) PLANE_ANGLE_UNIT ( ) SI_UNIT ( $, .RADIAN. ) );
#1826 = UNCERTAINTY_MEASURE_WITH_UNIT (LENGTH_MEASURE( 1.000000000000000082E-05 ), #182, 'distance_accuracy_value', 'NONE');
#1827 = DIRECTION ( 'NONE',  ( 0.000000000000000000, -0.000000000000000000, -1.000000000000000000 ) ) ;
#1828 = CIRCLE ( 'NONE', #2152, 0.001968503937007874856 ) ;
#1829 = MECHANICAL_DESIGN_GEOMETRIC_PRESENTATION_REPRESENTATION (  '', ( #2087 ), #2926 ) ;
#1830 = DIRECTION ( 'NONE',  ( 0.000000000000000000, 0.000000000000000000, 1.000000000000000000 ) ) ;
#1831 = CARTESIAN_POINT ( 'NONE',  ( 0.06405234738404524952, -0.1281046947680905546, 0.03385826771653543260 ) ) ;
#1832 = ADVANCED_FACE ( 'NONE', ( #2716 ), #1354, .T. ) ;
#1833 = CARTESIAN_POINT ( 'NONE',  ( -0.06496062992125983815, -0.06496062992125983815, 0.003937007874015747977 ) ) ;
#1834 = CLOSED_SHELL ( 'NONE', ( #2963, #440, #1697, #256, #1451, #1927 ) ) ;
#1835 = STYLED_ITEM ( 'NONE', ( #186 ), #1206 ) ;
#1836 = ORIENTED_EDGE ( 'NONE', *, *, #1422, .T. ) ;
#1837 = PLANE ( 'NONE',  #1822 ) ;
#1838 = VECTOR ( 'NONE', #1976, 39.37007874015748143 ) ;
#1839 = LENGTH_MEASURE_WITH_UNIT ( LENGTH_MEASURE( 0.02539999999999999897 ), #775 );
#1840 = ORIENTED_EDGE ( 'NONE', *, *, #294, .T. ) ;
#1841 = AXIS2_PLACEMENT_3D ( 'NONE', #3442, #2632, #1022 ) ;
#1842 = CARTESIAN_POINT ( 'NONE',  ( -0.06594488188976378729, -0.06594488188976378729, 0.03188976377952756208 ) ) ;
#1843 =( LENGTH_UNIT ( ) NAMED_UNIT ( * ) SI_UNIT ( $, .METRE. ) );
#1844 = COLOUR_RGB ( '',0.8627450980392157298, 0.6274509803921568540, 0.05882352941176470507 ) ;
#1845 =( NAMED_UNIT ( * ) SI_UNIT ( $, .STERADIAN. ) SOLID_ANGLE_UNIT ( ) );
#1846 = LINE ( 'NONE', #525, #612 ) ;
#1847 = SURFACE_STYLE_USAGE ( .BOTH. , #3109 ) ;
#1848 = DIMENSIONAL_EXPONENTS ( 1.000000000000000000, 0.000000000000000000, 0.000000000000000000, 0.000000000000000000, 0.000000000000000000, 0.000000000000000000, 0.000000000000000000 ) ;
#1849 = LINE ( 'NONE', #1067, #1711 ) ;
#1850 = CARTESIAN_POINT ( 'NONE',  ( -0.06185682882060709875, 7.575276742056223301E-18, 0.03385826771653543260 ) ) ;
#1851 = FILL_AREA_STYLE ('',( #2635 ) ) ;
#1852 = SURFACE_SIDE_STYLE ('',( #485 ) ) ;
#1853 = ADVANCED_FACE ( 'NONE', ( #1890, #2941, #1950 ), #622, .T. ) ;
#1854 = ORIENTED_EDGE ( 'NONE', *, *, #346, .T. ) ;
#1855 = LINE ( 'NONE', #3194, #213 ) ;
#1856 = PRODUCT ( 'XPEBPR-L1-0000-00C01', 'XPEBPR-L1-0000-00C01', '', ( #1989 ) ) ;
#1857 = FILL_AREA_STYLE ('',( #793 ) ) ;
#1858 = EDGE_LOOP ( 'NONE', ( #549, #688, #225, #907 ) ) ;
#1859 = CARTESIAN_POINT ( 'NONE',  ( -0.02559055118110236532, -0.06496062992125983815, 0.000000000000000000 ) ) ;
#1860 = SURFACE_STYLE_USAGE ( .BOTH. , #795 ) ;
#1861 =( NAMED_UNIT ( * ) PLANE_ANGLE_UNIT ( ) SI_UNIT ( $, .RADIAN. ) );
#1862 = SURFACE_STYLE_USAGE ( .BOTH. , #1008 ) ;
#1863 = CARTESIAN_POINT ( 'NONE',  ( -0.02559055118110236532, 0.06496062992125983815, 0.003937007874015747977 ) ) ;
#1864 = SURFACE_STYLE_USAGE ( .BOTH. , #2145 ) ;
#1865 = LENGTH_MEASURE_WITH_UNIT ( LENGTH_MEASURE( 0.02539999999999999897 ), #3204 );
#1866 = SURFACE_STYLE_USAGE ( .BOTH. , #1852 ) ;
#1867 = DIMENSIONAL_EXPONENTS ( 1.000000000000000000, 0.000000000000000000, 0.000000000000000000, 0.000000000000000000, 0.000000000000000000, 0.000000000000000000, 0.000000000000000000 ) ;
#1868 =( NAMED_UNIT ( * ) SI_UNIT ( $, .STERADIAN. ) SOLID_ANGLE_UNIT ( ) );
#1869 = ORIENTED_EDGE ( 'NONE', *, *, #2137, .F. ) ;
#1870 = LINE ( 'NONE', #5, #3040 ) ;
#1871 = FILL_AREA_STYLE ('',( #24 ) ) ;
#1872 = ORIENTED_EDGE ( 'NONE', *, *, #1322, .T. ) ;
#1873 = CARTESIAN_POINT ( 'NONE',  ( -0.06594488188976378729, 0.06791338582677165780, 0.02795275590551181411 ) ) ;
#1874 = APPLICATION_CONTEXT ( 'automotive_design' ) ;
#1875 = DIRECTION ( 'NONE',  ( 1.301042606982604847E-14, 0.000000000000000000, 1.000000000000000000 ) ) ;
#1876 = PLANE ( 'NONE',  #2700 ) ;
#1877 = CARTESIAN_POINT ( 'NONE',  ( -0.06496062992125983815, 0.06496062992125983815, 0.000000000000000000 ) ) ;
#1878 =( LENGTH_UNIT ( ) NAMED_UNIT ( * ) SI_UNIT ( $, .METRE. ) );
#1879 = CARTESIAN_POINT ( 'NONE',  ( 0.06185682882060707100, -0.1237136576412141836, 0.03385826771653542566 ) ) ;
#1880 = SURFACE_SIDE_STYLE ('',( #3272 ) ) ;
#1881 = DIRECTION ( 'NONE',  ( 1.000000000000000000, 0.000000000000000000, -0.000000000000000000 ) ) ;
#1882 = VECTOR ( 'NONE', #1005, 39.37007874015748143 ) ;
#1883 = LINE ( 'NONE', #2966, #1886 ) ;
#1884 = ORIENTED_EDGE ( 'NONE', *, *, #2335, .F. ) ;
#1885 = CARTESIAN_POINT ( 'NONE',  ( -0.06594488188976378729, 0.06594488188976378729, 0.03188976377952756208 ) ) ;
#1886 = VECTOR ( 'NONE', #2934, 39.37007874015748143 ) ;
#1887 = PRESENTATION_LAYER_ASSIGNMENT (  '', '', ( #3387 ) ) ;
#1888 = ADVANCED_FACE ( 'NONE', ( #128 ), #636, .T. ) ;
#1889 = ORIENTED_EDGE ( 'NONE', *, *, #1967, .T. ) ;
#1890 = FACE_OUTER_BOUND ( 'NONE', #2535, .T. ) ;
#1891 = VECTOR ( 'NONE', #1755, 39.37007874015748143 ) ;
#1892 = CARTESIAN_POINT ( 'NONE',  ( 0.000000000000000000, 0.000000000000000000, 0.000000000000000000 ) ) ;
#1893 = ADVANCED_FACE ( 'NONE', ( #1192 ), #3027, .F. ) ;
#1894 = MECHANICAL_DESIGN_GEOMETRIC_PRESENTATION_REPRESENTATION (  '', ( #1671 ), #284 ) ;
#1895 = LINE ( 'NONE', #810, #2540 ) ;
#1896 =( NAMED_UNIT ( * ) PLANE_ANGLE_UNIT ( ) SI_UNIT ( $, .RADIAN. ) );
#1897 = STYLED_ITEM ( 'NONE', ( #359 ), #3358 ) ;
#1898 = CARTESIAN_POINT ( 'NONE',  ( 0.06405234738404527728, 0.000000000000000000, 0.03385826771653543260 ) ) ;
#1899 = FACE_OUTER_BOUND ( 'NONE', #2311, .T. ) ;
#1900 = DIRECTION ( 'NONE',  ( 1.000000000000000000, 0.000000000000000000, 0.000000000000000000 ) ) ;
#1901 = VERTEX_POINT ( 'NONE', #652 ) ;
#1902 =( LENGTH_UNIT ( ) NAMED_UNIT ( * ) SI_UNIT ( $, .METRE. ) );
#1903 = DIRECTION ( 'NONE',  ( 1.000000000000000000, 0.000000000000000000, 0.000000000000000000 ) ) ;
#1904 = ORIENTED_EDGE ( 'NONE', *, *, #3209, .T. ) ;
#1905 = UNCERTAINTY_MEASURE_WITH_UNIT (LENGTH_MEASURE( 1.000000000000000082E-05 ), #42, 'distance_accuracy_value', 'NONE');
#1906 = LENGTH_MEASURE_WITH_UNIT ( LENGTH_MEASURE( 0.02539999999999999897 ), #2406 );
#1907 = LENGTH_MEASURE_WITH_UNIT ( LENGTH_MEASURE( 0.02539999999999999897 ), #2839 );
#1908 = EDGE_CURVE ( 'NONE', #1616, #3151, #894, .T. ) ;
#1909 = SURFACE_STYLE_FILL_AREA ( #1394 ) ;
#1910 = CARTESIAN_POINT ( 'NONE',  ( 0.06791338582677165780, 0.06594488188976378729, 0.02401574803149606266 ) ) ;
#1911 = CARTESIAN_POINT ( 'NONE',  ( -0.06594488188976377341, -0.06594488188976378729, 0.03188976377952756208 ) ) ;
#1912 = LENGTH_MEASURE_WITH_UNIT ( LENGTH_MEASURE( 0.02539999999999999897 ), #881 );
#1913 = FILL_AREA_STYLE_COLOUR ( '', #1055 ) ;
#1914 = ORIENTED_EDGE ( 'NONE', *, *, #909, .F. ) ;
#1915 =( NAMED_UNIT ( * ) PLANE_ANGLE_UNIT ( ) SI_UNIT ( $, .RADIAN. ) );
#1916 = VERTEX_POINT ( 'NONE', #1156 ) ;
#1917 = CARTESIAN_POINT ( 'NONE',  ( -0.06603088049213515220, 0.06690628474306035967, 0.03372657088374936968 ) ) ;
#1918 = DIRECTION ( 'NONE',  ( -1.000000000000000000, -0.000000000000000000, 0.000000000000000000 ) ) ;
#1919 = PRESENTATION_STYLE_ASSIGNMENT (( #2180 ) ) ;
#1920 = SURFACE_STYLE_FILL_AREA ( #860 ) ;
#1921 = PRODUCT_RELATED_PRODUCT_CATEGORY ( 'part', '', ( #2261 ) ) ;
#1922 = SURFACE_STYLE_USAGE ( .BOTH. , #3223 ) ;
#1923 = CARTESIAN_POINT ( 'NONE',  ( -0.06677224953223639958, -0.06396045342789997978, 0.03499933933669216457 ) ) ;
#1924 = MECHANICAL_DESIGN_GEOMETRIC_PRESENTATION_REPRESENTATION (  '', ( #2422 ), #929 ) ;
#1925 = SURFACE_SIDE_STYLE ('',( #579 ) ) ;
#1926 = COLOUR_RGB ( '',0.8627450980392157298, 0.6274509803921568540, 0.05882352941176470507 ) ;
#1927 = ADVANCED_FACE ( 'NONE', ( #1532 ), #1837, .F. ) ;
#1928 = ORIENTED_EDGE ( 'NONE', *, *, #508, .F. ) ;
#1929 = AXIS2_PLACEMENT_3D ( 'NONE', #2942, #571, #1413 ) ;
#1930 = ORIENTED_EDGE ( 'NONE', *, *, #1211, .F. ) ;
#1931 = UNCERTAINTY_MEASURE_WITH_UNIT (LENGTH_MEASURE( 1.000000000000000082E-05 ), #358, 'distance_accuracy_value', 'NONE');
#1932 = APPLICATION_PROTOCOL_DEFINITION ( 'draft international standard', 'automotive_design', 1998, #2221 ) ;
#1933 = COLOUR_RGB ( '',0.000000000000000000, 0.7490196078431372584, 0.000000000000000000 ) ;
#1934 = UNCERTAINTY_MEASURE_WITH_UNIT (LENGTH_MEASURE( 1.000000000000000082E-05 ), #1409, 'distance_accuracy_value', 'NONE');
#1935 = PRESENTATION_LAYER_ASSIGNMENT (  '', '', ( #3448 ) ) ;
#1936 = FILL_AREA_STYLE_COLOUR ( '', #1933 ) ;
#1937 = PLANE ( 'NONE',  #55 ) ;
#1938 =( NAMED_UNIT ( * ) SI_UNIT ( $, .STERADIAN. ) SOLID_ANGLE_UNIT ( ) );
#1940 = ORIENTED_EDGE ( 'NONE', *, *, #20, .F. ) ;
#1939 = CARTESIAN_POINT ( 'NONE',  ( -0.05936773891448985513, -0.02405021482261258253, 0.03385826771653542566 ) ) ;
#1941 = STYLED_ITEM ( 'NONE', ( #1292 ), #2963 ) ;
#1942 =( NAMED_UNIT ( * ) PLANE_ANGLE_UNIT ( ) SI_UNIT ( $, .RADIAN. ) );
#1943 = CIRCLE ( 'NONE', #2392, 0.001968503937007870519 ) ;
#1944 = ORIENTED_EDGE ( 'NONE', *, *, #858, .F. ) ;
#1945 = LINE ( 'NONE', #1873, #3381 ) ;
#1946 = EDGE_CURVE ( 'NONE', #1819, #343, #1789, .T. ) ;
#1947 = LINE ( 'NONE', #3260, #2258 ) ;
#1948 = SURFACE_STYLE_FILL_AREA ( #1857 ) ;
#1949 = ORIENTED_EDGE ( 'NONE', *, *, #2502, .T. ) ;
#1950 = FACE_BOUND ( 'NONE', #3403, .T. ) ;
#1951 = SHAPE_DEFINITION_REPRESENTATION ( #1103, #2358 ) ;
#1952 = DIRECTION ( 'NONE',  ( -0.000000000000000000, -0.000000000000000000, 1.000000000000000000 ) ) ;
#1953 = FACE_OUTER_BOUND ( 'NONE', #1515, .T. ) ;
#1954 = CARTESIAN_POINT ( 'NONE',  ( 0.06594488188976377341, 0.06594488188976378729, 0.03385826771653543954 ) ) ;
#1955 = SURFACE_STYLE_FILL_AREA ( #1999 ) ;
#1956 = FILL_AREA_STYLE ('',( #901 ) ) ;
#1957 = LENGTH_MEASURE_WITH_UNIT ( LENGTH_MEASURE( 0.02539999999999999897 ), #3343 );
#1959 = ORIENTED_EDGE ( 'NONE', *, *, #1559, .T. ) ;
#1958 = CARTESIAN_POINT ( 'NONE',  ( -0.06405234738404529116, 2.614716740058183562E-18, 0.03385826771653543260 ) ) ;
#1960 =( NAMED_UNIT ( * ) PLANE_ANGLE_UNIT ( ) SI_UNIT ( $, .RADIAN. ) );
#1961 = SHAPE_REPRESENTATION ( 'terminals', ( #2945 ), #2277 ) ;
#1962 = DIRECTION ( 'NONE',  ( 0.000000000000000000, -8.673617379884032317E-15, 1.000000000000000000 ) ) ;
#1963 = ORIENTED_EDGE ( 'NONE', *, *, #1726, .F. ) ;
#1964 = DIRECTION ( 'NONE',  ( -0.4082482904638630727, -0.8164965809277261455, -0.4082482904638630727 ) ) ;
#1965 = DIMENSIONAL_EXPONENTS ( 1.000000000000000000, 0.000000000000000000, 0.000000000000000000, 0.000000000000000000, 0.000000000000000000, 0.000000000000000000, 0.000000000000000000 ) ;
#1966 = CARTESIAN_POINT ( 'NONE',  ( -0.06641919073914014093, 0.06923098684347651910, 0.03008186471421184574 ) ) ;
#1967 = EDGE_CURVE ( 'NONE', #1616, #430, #1014, .T. ) ;
#1968 = ORIENTED_EDGE ( 'NONE', *, *, #2439, .F. ) ;
#1969 = CONTEXT_DEPENDENT_SHAPE_REPRESENTATION ( #630, #2761 ) ;
#1970 = LINE ( 'NONE', #419, #3177 ) ;
#1971 = EDGE_CURVE ( 'NONE', #2333, #3374, #2972, .T. ) ;
#1972 =( CONVERSION_BASED_UNIT ( 'INCH', #1736 ) LENGTH_UNIT ( ) NAMED_UNIT ( #145 ) );
#1973 = PRESENTATION_STYLE_ASSIGNMENT (( #1698 ) ) ;
#1974 = CARTESIAN_POINT ( 'NONE',  ( 0.03543307086614173873, 0.000000000000000000, 0.0007874015748031497038 ) ) ;
#1975 =( LENGTH_UNIT ( ) NAMED_UNIT ( * ) SI_UNIT ( $, .METRE. ) );
#1976 = DIRECTION ( 'NONE',  ( -0.000000000000000000, 0.000000000000000000, -1.000000000000000000 ) ) ;
#1978 = ORIENTED_EDGE ( 'NONE', *, *, #3195, .T. ) ;
#1977 = CARTESIAN_POINT ( 'NONE',  ( 0.06704171025197799838, -0.06488462522337468119, 0.03473740064359223667 ) ) ;
#1979 =( CONVERSION_BASED_UNIT ( 'INCH', #905 ) LENGTH_UNIT ( ) NAMED_UNIT ( #686 ) );
#1980 = FILL_AREA_STYLE ('',( #2553 ) ) ;
#1981 =( CONVERSION_BASED_UNIT ( 'INCH', #1783 ) LENGTH_UNIT ( ) NAMED_UNIT ( #3229 ) );
#1982 = ORIENTED_EDGE ( 'NONE', *, *, #2944, .T. ) ;
#1983 =( NAMED_UNIT ( * ) PLANE_ANGLE_UNIT ( ) SI_UNIT ( $, .RADIAN. ) );
#1984 =( GEOMETRIC_REPRESENTATION_CONTEXT ( 3 ) GLOBAL_UNCERTAINTY_ASSIGNED_CONTEXT ( ( #2453 ) ) GLOBAL_UNIT_ASSIGNED_CONTEXT ( ( #2334, #1516, #1261 ) ) REPRESENTATION_CONTEXT ( 'NONE', 'WORKASPACE' ) );
#1985 = FACE_OUTER_BOUND ( 'NONE', #1534, .T. ) ;
#1986 = VERTEX_POINT ( 'NONE', #1315 ) ;
#1987 = CIRCLE ( 'NONE', #2039, 0.001968503937007874856 ) ;
#1988 = CARTESIAN_POINT ( 'NONE',  ( 0.000000000000000000, 0.000000000000000000, 0.03385826771653543260 ) ) ;
#1989 = PRODUCT_CONTEXT ( 'NONE', #209, 'mechanical' ) ;
#1990 = PRODUCT_RELATED_PRODUCT_CATEGORY ( 'part', '', ( #1636 ) ) ;
#1991 = COLOUR_RGB ( '',0.9607843137254902244, 0.9607843137254902244, 0.9607843137254902244 ) ;
#1992 = VECTOR ( 'NONE', #2798, 39.37007874015748143 ) ;
#1993 = AXIS2_PLACEMENT_3D ( 'NONE', #3385, #2114, #2833 ) ;
#1994 = CARTESIAN_POINT ( 'NONE',  ( 0.06266652544965535532, 0.05211465105542225501, 0.03385826771653543954 ) ) ;
#1995 = DIMENSIONAL_EXPONENTS ( 1.000000000000000000, 0.000000000000000000, 0.000000000000000000, 0.000000000000000000, 0.000000000000000000, 0.000000000000000000, 0.000000000000000000 ) ;
#1996 = FACE_OUTER_BOUND ( 'NONE', #597, .T. ) ;
#1997 = DIRECTION ( 'NONE',  ( -0.000000000000000000, 1.000000000000000000, 0.000000000000000000 ) ) ;
#1998 = AXIS2_PLACEMENT_3D ( 'NONE', #2057, #1474, #126 ) ;
#1999 = FILL_AREA_STYLE ('',( #3034 ) ) ;
#2000 = ADVANCED_FACE ( 'NONE', ( #1547 ), #3364, .T. ) ;
#2001 = PRESENTATION_LAYER_ASSIGNMENT (  '', '', ( #995 ) ) ;
#2002 =( GEOMETRIC_REPRESENTATION_CONTEXT ( 3 ) GLOBAL_UNCERTAINTY_ASSIGNED_CONTEXT ( ( #690 ) ) GLOBAL_UNIT_ASSIGNED_CONTEXT ( ( #1979, #1239, #3073 ) ) REPRESENTATION_CONTEXT ( 'NONE', 'WORKASPACE' ) );
#2003 =( NAMED_UNIT ( * ) PLANE_ANGLE_UNIT ( ) SI_UNIT ( $, .RADIAN. ) );
#2004 = VECTOR ( 'NONE', #2346, 39.37007874015748143 ) ;
#2006 = ORIENTED_EDGE ( 'NONE', *, *, #2726, .F. ) ;
#2005 = CARTESIAN_POINT ( 'NONE',  ( 0.06754537219393079439, -0.06708139816769613517, 0.03256230603122522993 ) ) ;
#2007 = UNCERTAINTY_MEASURE_WITH_UNIT (LENGTH_MEASURE( 1.000000000000000082E-05 ), #330, 'distance_accuracy_value', 'NONE');
#2008 = PRESENTATION_LAYER_ASSIGNMENT (  '', '', ( #52 ) ) ;
#2009 = ORIENTED_EDGE ( 'NONE', *, *, #2731, .T. ) ;
#2010 = DIRECTION ( 'NONE',  ( 0.000000000000000000, 0.000000000000000000, 1.000000000000000000 ) ) ;
#2011 = VECTOR ( 'NONE', #3121, 39.37007874015748143 ) ;
#2012 = CARTESIAN_POINT ( 'NONE',  ( 0.06545461617834223700, 0.06659572013568823556, 0.03368170598279802280 ) ) ;
#2013 = ORIENTED_EDGE ( 'NONE', *, *, #2096, .F. ) ;
#2014 = FILL_AREA_STYLE_COLOUR ( '', #2661 ) ;
#2015 =( CONVERSION_BASED_UNIT ( 'INCH', #1230 ) LENGTH_UNIT ( ) NAMED_UNIT ( #2274 ) );
#2016 = SHAPE_DEFINITION_REPRESENTATION ( #17, #1765 ) ;
#2017 = LINE ( 'NONE', #1235, #2662 ) ;
#2018 = SURFACE_STYLE_USAGE ( .BOTH. , #2734 ) ;
#2019 = PLANE ( 'NONE',  #946 ) ;
#2020 = CARTESIAN_POINT ( 'NONE',  ( 0.06905445744692839671, -0.06396045342789995203, 0.03271713142200011887 ) ) ;
#2021 = DIRECTION ( 'NONE',  ( 0.000000000000000000, 1.000000000000000000, 0.000000000000000000 ) ) ;
#2022 = DIMENSIONAL_EXPONENTS ( 1.000000000000000000, 0.000000000000000000, 0.000000000000000000, 0.000000000000000000, 0.000000000000000000, 0.000000000000000000, 0.000000000000000000 ) ;
#2023 = VERTEX_POINT ( 'NONE', #2901 ) ;
#2024 = ORIENTED_EDGE ( 'NONE', *, *, #764, .F. ) ;
#2025 = CARTESIAN_POINT ( 'NONE',  ( -0.06025744991038838733, 7.379409315753910620E-18, 0.03536235842654904954 ) ) ;
#2026 =( NAMED_UNIT ( * ) SI_UNIT ( $, .STERADIAN. ) SOLID_ANGLE_UNIT ( ) );
#2027 =( CONVERSION_BASED_UNIT ( 'INCH', #1957 ) LENGTH_UNIT ( ) NAMED_UNIT ( #1313 ) );
#2028 = PLANE ( 'NONE',  #3379 ) ;
#2029 =( LENGTH_UNIT ( ) NAMED_UNIT ( * ) SI_UNIT ( $, .METRE. ) );
#2030 = FILL_AREA_STYLE_COLOUR ( '', #154 ) ;
#2031 = EDGE_CURVE ( 'NONE', #714, #3297, #2683, .T. ) ;
#2032 = SURFACE_SIDE_STYLE ('',( #1153 ) ) ;
#2033 = ORIENTED_EDGE ( 'NONE', *, *, #20, .T. ) ;
#2034 = EDGE_CURVE ( 'NONE', #752, #162, #1855, .T. ) ;
#2035 = DIMENSIONAL_EXPONENTS ( 1.000000000000000000, 0.000000000000000000, 0.000000000000000000, 0.000000000000000000, 0.000000000000000000, 0.000000000000000000, 0.000000000000000000 ) ;
#2036 =( CONVERSION_BASED_UNIT ( 'INCH', #1749 ) LENGTH_UNIT ( ) NAMED_UNIT ( #2347 ) );
#2037 = ORIENTED_EDGE ( 'NONE', *, *, #764, .T. ) ;
#2038 =( GEOMETRIC_REPRESENTATION_CONTEXT ( 3 ) GLOBAL_UNCERTAINTY_ASSIGNED_CONTEXT ( ( #1659 ) ) GLOBAL_UNIT_ASSIGNED_CONTEXT ( ( #517, #2308, #2830 ) ) REPRESENTATION_CONTEXT ( 'NONE', 'WORKASPACE' ) );
#2039 = AXIS2_PLACEMENT_3D ( 'NONE', #1406, #13, #3253 ) ;
#2040 =( NAMED_UNIT ( * ) PLANE_ANGLE_UNIT ( ) SI_UNIT ( $, .RADIAN. ) );
#2041 = AXIS2_PLACEMENT_3D ( 'NONE', #231, #2874, #1351 ) ;
#2042 = MECHANICAL_DESIGN_GEOMETRIC_PRESENTATION_REPRESENTATION (  '', ( #2428 ), #1383 ) ;
#2043 = AXIS2_PLACEMENT_3D ( 'NONE', #1570, #1793, #724 ) ;
#2044 = AXIS2_PLACEMENT_3D ( 'NONE', #2733, #933, #2852 ) ;
#2045 = PLANE ( 'NONE',  #822 ) ;
#2046 =( CONVERSION_BASED_UNIT ( 'INCH', #187 ) LENGTH_UNIT ( ) NAMED_UNIT ( #250 ) );
#2047 =( CONVERSION_BASED_UNIT ( 'INCH', #3164 ) LENGTH_UNIT ( ) NAMED_UNIT ( #1703 ) );
#2048 = COLOUR_RGB ( '',0.8627450980392157298, 0.6274509803921568540, 0.05882352941176470507 ) ;
#2049 = DIRECTION ( 'NONE',  ( 1.000000000000000000, 0.000000000000000000, 0.000000000000000000 ) ) ;
#2050 = CARTESIAN_POINT ( 'NONE',  ( 0.06594488188976378729, 0.06594488188976378729, 0.03188976377952756208 ) ) ;
#2051 = AXIS2_PLACEMENT_3D ( 'NONE', #3359, #3039, #959 ) ;
#2052 = AXIS2_PLACEMENT_3D ( 'NONE', #2050, #682, #3346 ) ;
#2053 = DIRECTION ( 'NONE',  ( -1.000000000000000000, 5.637851296924633785E-14, 0.000000000000000000 ) ) ;
#2054 = CARTESIAN_POINT ( 'NONE',  ( 0.000000000000000000, -0.06594488188976378729, 0.03385826771653543260 ) ) ;
#2055 = AXIS2_PLACEMENT_3D ( 'NONE', #640, #2267, #3018 ) ;
#2056 = AXIS2_PLACEMENT_3D ( 'NONE', #1735, #1952, #375 ) ;
#2057 = CARTESIAN_POINT ( 'NONE',  ( -0.05511811023622047168, 0.000000000000000000, 0.000000000000000000 ) ) ;
#2058 = ORIENTED_EDGE ( 'NONE', *, *, #615, .T. ) ;
#2059 =( LENGTH_UNIT ( ) NAMED_UNIT ( * ) SI_UNIT ( $, .METRE. ) );
#2060 = EDGE_CURVE ( 'NONE', #1805, #1633, #1870, .T. ) ;
#2061 = STYLED_ITEM ( 'NONE', ( #1090 ), #3314 ) ;
#2062 = ORIENTED_EDGE ( 'NONE', *, *, #3275, .F. ) ;
#2063 = CARTESIAN_POINT ( 'NONE',  ( 0.06496062992125983815, 0.06496062992125983815, 0.003937007874015747977 ) ) ;
#2064 = PRESENTATION_STYLE_ASSIGNMENT (( #3086 ) ) ;
#2065 = FILL_AREA_STYLE_COLOUR ( '', #2756 ) ;
#2066 = CARTESIAN_POINT ( 'NONE',  ( -0.06791338582677165780, 0.06594488188976378729, 0.000000000000000000 ) ) ;
#2067 = LENGTH_MEASURE_WITH_UNIT ( LENGTH_MEASURE( 0.02539999999999999897 ), #2603 );
#2068 = CARTESIAN_POINT ( 'NONE',  ( 0.05804597414798941951, 0.02712551128205502315, 0.03385826771653543954 ) ) ;
#2069 = CARTESIAN_POINT ( 'NONE',  ( 0.06594488188976378729, 0.06594488188976378729, 0.02795275590551181411 ) ) ;
#2070 = CARTESIAN_POINT ( 'NONE',  ( 0.04527559055118110520, -0.06496062992125983815, 0.000000000000000000 ) ) ;
#2071 = PRESENTATION_STYLE_ASSIGNMENT (( #748 ) ) ;
#2072 = ORIENTED_EDGE ( 'NONE', *, *, #912, .F. ) ;
#2073 = CARTESIAN_POINT ( 'NONE',  ( 0.000000000000000000, 0.000000000000000000, 0.02795275590551181411 ) ) ;
#2074 = VERTEX_POINT ( 'NONE', #804 ) ;
#2075 = UNCERTAINTY_MEASURE_WITH_UNIT (LENGTH_MEASURE( 1.000000000000000082E-05 ), #2619, 'distance_accuracy_value', 'NONE');
#2076 = CARTESIAN_POINT ( 'NONE',  ( 0.06594488188976378729, -0.06594488188976378729, 0.02795275590551181411 ) ) ;
#2077 = CARTESIAN_POINT ( 'NONE',  ( -0.06023622047244094058, -7.469896857675718968E-18, 0.03385826771653543954 ) ) ;
#2078 = EDGE_CURVE ( 'NONE', #2616, #380, #481, .T. ) ;
#2079 =( CONVERSION_BASED_UNIT ( 'INCH', #204 ) LENGTH_UNIT ( ) NAMED_UNIT ( #1294 ) );
#2080 = DIRECTION ( 'NONE',  ( 1.000000000000000000, 0.000000000000000000, 0.000000000000000000 ) ) ;
#2081 = DIMENSIONAL_EXPONENTS ( 1.000000000000000000, 0.000000000000000000, 0.000000000000000000, 0.000000000000000000, 0.000000000000000000, 0.000000000000000000, 0.000000000000000000 ) ;
#2082 = CYLINDRICAL_SURFACE ( 'NONE', #389, 0.001968503937007870519 ) ;
#2083 = ORIENTED_EDGE ( 'NONE', *, *, #383, .F. ) ;
#2084 = PRESENTATION_STYLE_ASSIGNMENT (( #1299 ) ) ;
#2085 = MANIFOLD_SOLID_BREP ( 'Imported1', #222 ) ;
#2086 = ORIENTED_EDGE ( 'NONE', *, *, #845, .T. ) ;
#2087 = STYLED_ITEM ( 'NONE', ( #868 ), #1832 ) ;
#2088 =( LENGTH_UNIT ( ) NAMED_UNIT ( * ) SI_UNIT ( $, .METRE. ) );
#2089 = PLANE ( 'NONE',  #2982 ) ;
#2090 = EDGE_CURVE ( 'NONE', #458, #3259, #43, .T. ) ;
#2091 =( BOUNDED_SURFACE ( )  B_SPLINE_SURFACE ( 3, 3, ( 
 ( #433, #390, #3362, #1514 ),
 ( #1802, #2827, #1259, #687 ),
 ( #454, #671, #197, #179 ),
 ( #2012, #977, #1245, #1228 ) ),
 .UNSPECIFIED., .F., .F., .T. ) 
 B_SPLINE_SURFACE_WITH_KNOTS ( ( 4, 4 ),
 ( 4, 4 ),
 ( 0.000000000000000000, 1.000000000000000000 ),
 ( 0.000000000000000000, 1.000000000000000000 ),
 .UNSPECIFIED. ) 
 GEOMETRIC_REPRESENTATION_ITEM ( )  RATIONAL_B_SPLINE_SURFACE ( (
 ( 1.000000000000000000, 0.3333333333333341475, 0.3333333333333341475, 1.000000000000000000),
 ( 0.9245018060306364749, 0.3081672686768796021, 0.3081672686768796021, 0.9245018060306364749),
 ( 0.9245018060306364749, 0.3081672686768796021, 0.3081672686768796021, 0.9245018060306364749),
 ( 1.000000000000000000, 0.3333333333333341475, 0.3333333333333341475, 1.000000000000000000) ) ) 
 REPRESENTATION_ITEM ( '' )  SURFACE ( )  );
#2092 =( LENGTH_UNIT ( ) NAMED_UNIT ( * ) SI_UNIT ( $, .METRE. ) );
#2093 = CARTESIAN_POINT ( 'NONE',  ( -0.06594488188976378729, 0.06791338582677165780, 0.000000000000000000 ) ) ;
#2094 = MECHANICAL_DESIGN_GEOMETRIC_PRESENTATION_REPRESENTATION (  '', ( #2704 ), #1044 ) ;
#2095 = STYLED_ITEM ( 'NONE', ( #3270 ), #1380 ) ;
#2096 = EDGE_CURVE ( 'NONE', #3244, #257, #2989, .T. ) ;
#2097 = CARTESIAN_POINT ( 'NONE',  ( -0.06405234738404529116, 0.004069010617883427224, 0.03385826771653542566 ) ) ;
#2098 = COLOUR_RGB ( '',0.9607843137254902244, 0.9607843137254902244, 0.9607843137254902244 ) ;
#2099 = PRESENTATION_LAYER_ASSIGNMENT (  '', '', ( #2805 ) ) ;
#2100 = COLOUR_RGB ( '',0.000000000000000000, 0.7490196078431372584, 0.000000000000000000 ) ;
#2101 = DIRECTION ( 'NONE',  ( 0.5773502691896243988, 0.5773502691896287287, 0.5773502691896243988 ) ) ;
#2102 =( GEOMETRIC_REPRESENTATION_CONTEXT ( 3 ) GLOBAL_UNCERTAINTY_ASSIGNED_CONTEXT ( ( #2594 ) ) GLOBAL_UNIT_ASSIGNED_CONTEXT ( ( #979, #443, #1794 ) ) REPRESENTATION_CONTEXT ( 'NONE', 'WORKASPACE' ) );
#2103 = DIRECTION ( 'NONE',  ( 0.000000000000000000, -0.000000000000000000, -1.000000000000000000 ) ) ;
#2104 = CARTESIAN_POINT ( 'NONE',  ( -0.06496062992125983815, -0.06496062992125983815, 0.000000000000000000 ) ) ;
#2105 = SURFACE_STYLE_USAGE ( .BOTH. , #3427 ) ;
#2106 =( GEOMETRIC_REPRESENTATION_CONTEXT ( 3 ) GLOBAL_UNCERTAINTY_ASSIGNED_CONTEXT ( ( #3338 ) ) GLOBAL_UNIT_ASSIGNED_CONTEXT ( ( #1801, #3129, #3426 ) ) REPRESENTATION_CONTEXT ( 'NONE', 'WORKASPACE' ) );
#2107 = SURFACE_STYLE_USAGE ( .BOTH. , #2612 ) ;
#2108 = ORIENTED_EDGE ( 'NONE', *, *, #2806, .T. ) ;
#2109 = CIRCLE ( 'NONE', #2164, 0.001968503937007874422 ) ;
#2110 = CARTESIAN_POINT ( 'NONE',  ( -0.06413698282444804666, -0.06923098684347654685, 0.03236407262890395042 ) ) ;
#2111 = ORIENTED_EDGE ( 'NONE', *, *, #1279, .F. ) ;
#2112 = CIRCLE ( 'NONE', #1841, 0.001968503937007874856 ) ;
#2113 = UNCERTAINTY_MEASURE_WITH_UNIT (LENGTH_MEASURE( 1.000000000000000082E-05 ), #1137, 'distance_accuracy_value', 'NONE');
#2114 = DIRECTION ( 'NONE',  ( 0.000000000000000000, 0.000000000000000000, 1.000000000000000000 ) ) ;
#2115 = DIRECTION ( 'NONE',  ( 1.000000000000000000, 0.000000000000000000, 0.000000000000000000 ) ) ;
#2116 = CIRCLE ( 'NONE', #1232, 0.001968503937007874856 ) ;
#2117 = LENGTH_MEASURE_WITH_UNIT ( LENGTH_MEASURE( 0.02539999999999999897 ), #2356 );
#2118 = CARTESIAN_POINT ( 'NONE',  ( -0.04527559055118110520, -0.06496062992125983815, 0.003937007874015747977 ) ) ;
#2119 = LENGTH_MEASURE_WITH_UNIT ( LENGTH_MEASURE( 0.02539999999999999897 ), #526 );
#2120 = CARTESIAN_POINT ( 'NONE',  ( 0.06677085923414277646, -0.06892794426274602426, 0.03096493262205611552 ) ) ;
#2121 = EDGE_CURVE ( 'NONE', #516, #3116, #1849, .T. ) ;
#2122 = CARTESIAN_POINT ( 'NONE',  ( -0.06594488188976377341, 0.06594488188976378729, 0.03188976377952758290 ) ) ;
#2123 = CARTESIAN_POINT ( 'NONE',  ( 0.06594488188976378729, 0.06594488188976378729, 0.03188976377952756208 ) ) ;
#2124 = ORIENTED_EDGE ( 'NONE', *, *, #935, .F. ) ;
#2125 = EDGE_LOOP ( 'NONE', ( #2162, #1284, #1566, #1705 ) ) ;
#2126 = LENGTH_MEASURE_WITH_UNIT ( LENGTH_MEASURE( 0.02539999999999999897 ), #2223 );
#2127 =( NAMED_UNIT ( * ) SI_UNIT ( $, .STERADIAN. ) SOLID_ANGLE_UNIT ( ) );
#2128 =( NAMED_UNIT ( * ) SI_UNIT ( $, .STERADIAN. ) SOLID_ANGLE_UNIT ( ) );
#2129 =( NAMED_UNIT ( * ) SI_UNIT ( $, .STERADIAN. ) SOLID_ANGLE_UNIT ( ) );
#2130 = SURFACE_STYLE_USAGE ( .BOTH. , #1082 ) ;
#2131 = CARTESIAN_POINT ( 'NONE',  ( -0.02559055118110236532, -0.06496062992125983815, 0.000000000000000000 ) ) ;
#2132 = CARTESIAN_POINT ( 'NONE',  ( 0.06496062992125983815, -0.06496062992125983815, 0.000000000000000000 ) ) ;
#2133 = SURFACE_SIDE_STYLE ('',( #789 ) ) ;
#2134 = ADVANCED_FACE ( 'NONE', ( #2375 ), #2583, .T. ) ;
#2135 = ORIENTED_EDGE ( 'NONE', *, *, #1194, .T. ) ;
#2136 = LENGTH_MEASURE_WITH_UNIT ( LENGTH_MEASURE( 0.02539999999999999897 ), #268 );
#2137 = EDGE_CURVE ( 'NONE', #582, #1400, #1987, .T. ) ;
#2138 = MANIFOLD_SOLID_BREP ( 'Imported1', #101 ) ;
#2139 = VERTEX_POINT ( 'NONE', #1372 ) ;
#2140 = CARTESIAN_POINT ( 'NONE',  ( -0.06708139816769613517, 0.06708139816769609354, 0.03302628005745992384 ) ) ;
#2141 = DIRECTION ( 'NONE',  ( 0.000000000000000000, 0.000000000000000000, 1.000000000000000000 ) ) ;
#2142 = SURFACE_SIDE_STYLE ('',( #1095 ) ) ;
#2143 = MANIFOLD_SOLID_BREP ( 'Imported3', #2602 ) ;
#2144 = DIMENSIONAL_EXPONENTS ( 1.000000000000000000, 0.000000000000000000, 0.000000000000000000, 0.000000000000000000, 0.000000000000000000, 0.000000000000000000, 0.000000000000000000 ) ;
#2145 = SURFACE_SIDE_STYLE ('',( #1909 ) ) ;
#2146 =( NAMED_UNIT ( * ) PLANE_ANGLE_UNIT ( ) SI_UNIT ( $, .RADIAN. ) );
#2147 = STYLED_ITEM ( 'NONE', ( #1814 ), #2134 ) ;
#2148 = CARTESIAN_POINT ( 'NONE',  ( 0.06405234738404529116, -0.004069010617873941756, 0.03385826771653543954 ) ) ;
#2149 = CARTESIAN_POINT ( 'NONE',  ( -0.06791338582677165780, 0.06594488188976378729, 0.02795275590551181411 ) ) ;
#2150 = CARTESIAN_POINT ( 'NONE',  ( 0.000000000000000000, -0.06791338582677165780, 0.02401574803149606266 ) ) ;
#2151 = VECTOR ( 'NONE', #1252, 39.37007874015748143 ) ;
#2152 = AXIS2_PLACEMENT_3D ( 'NONE', #1911, #1097, #2678 ) ;
#2153 = PRESENTATION_LAYER_ASSIGNMENT (  '', '', ( #1714 ) ) ;
#2154 = ORIENTED_EDGE ( 'NONE', *, *, #313, .F. ) ;
#2155 = PRESENTATION_LAYER_ASSIGNMENT (  '', '', ( #331 ) ) ;
#2156 = MECHANICAL_DESIGN_GEOMETRIC_PRESENTATION_REPRESENTATION (  '', ( #2323 ), #1508 ) ;
#2157 = VECTOR ( 'NONE', #984, 39.37007874015748143 ) ;
#2158 =( GEOMETRIC_REPRESENTATION_CONTEXT ( 3 ) GLOBAL_UNCERTAINTY_ASSIGNED_CONTEXT ( ( #1035 ) ) GLOBAL_UNIT_ASSIGNED_CONTEXT ( ( #763, #859, #1321 ) ) REPRESENTATION_CONTEXT ( 'NONE', 'WORKASPACE' ) );
#2159 =( LENGTH_UNIT ( ) NAMED_UNIT ( * ) SI_UNIT ( $, .METRE. ) );
#2160 = CARTESIAN_POINT ( 'NONE',  ( -0.06603088049213516608, -0.06690628474306034579, 0.03372657088374936968 ) ) ;
#2161 = EDGE_CURVE ( 'NONE', #2469, #516, #2949, .T. ) ;
#2162 = ORIENTED_EDGE ( 'NONE', *, *, #483, .F. ) ;
#2163 = CARTESIAN_POINT ( 'NONE',  ( -0.06704171025197801226, 0.06488462522337468119, 0.03473740064359219504 ) ) ;
#2164 = AXIS2_PLACEMENT_3D ( 'NONE', #480, #732, #2101 ) ;
#2165 = CIRCLE ( 'NONE', #1621, 0.001968503937007870519 ) ;
#2166 =( NAMED_UNIT ( * ) PLANE_ANGLE_UNIT ( ) SI_UNIT ( $, .RADIAN. ) );
#2167 = CARTESIAN_POINT ( 'NONE',  ( -0.02559055118110236532, 0.06496062992125983815, 0.000000000000000000 ) ) ;
#2168 = MANIFOLD_SOLID_BREP ( 'Wrap1', #1054 ) ;
#2169 = PRESENTATION_STYLE_ASSIGNMENT (( #1864 ) ) ;
#2170 = CARTESIAN_POINT ( 'NONE',  ( 0.06661742414146146207, 0.06708139816769612129, 0.03349025408369457613 ) ) ;
#2171 = AXIS2_PLACEMENT_3D ( 'NONE', #71, #637, #2781 ) ;
#2172 = CARTESIAN_POINT ( 'NONE',  ( -0.02255095584976311157, -0.05996107878614136827, 0.03385826771653542566 ) ) ;
#2173 = CARTESIAN_POINT ( 'NONE',  ( -0.06905445744692839671, -0.06396045342790000754, 0.03271713142200014662 ) ) ;
#2174 = ORIENTED_EDGE ( 'NONE', *, *, #1536, .F. ) ;
#2175 = ORIENTED_EDGE ( 'NONE', *, *, #1740, .F. ) ;
#2176 = UNCERTAINTY_MEASURE_WITH_UNIT (LENGTH_MEASURE( 1.000000000000000082E-05 ), #573, 'distance_accuracy_value', 'NONE');
#2177 =( NAMED_UNIT ( * ) PLANE_ANGLE_UNIT ( ) SI_UNIT ( $, .RADIAN. ) );
#2178 = ADVANCED_FACE ( 'NONE', ( #1423 ), #1147, .T. ) ;
#2179 =( NAMED_UNIT ( * ) SI_UNIT ( $, .STERADIAN. ) SOLID_ANGLE_UNIT ( ) );
#2180 = SURFACE_STYLE_USAGE ( .BOTH. , #1638 ) ;
#2181 = ADVANCED_FACE ( 'NONE', ( #2474 ), #1754, .T. ) ;
#2182 = CARTESIAN_POINT ( 'NONE',  ( 0.06778168899398559488, 0.06690628474306035967, 0.03197576238189894088 ) ) ;
#2183 = CARTESIAN_POINT ( 'NONE',  ( 0.06025744991038838733, -1.475881863150782124E-17, 0.03536235842654904954 ) ) ;
#2184 = CARTESIAN_POINT ( 'NONE',  ( -0.06808112325181793489, -0.06600989605192181253, 0.03309805708911240513 ) ) ;
#2185 =( CONVERSION_BASED_UNIT ( 'INCH', #1687 ) LENGTH_UNIT ( ) NAMED_UNIT ( #125 ) );
#2186 = EDGE_LOOP ( 'NONE', ( #938, #2900, #3023, #2336 ) ) ;
#2187 = FILL_AREA_STYLE ('',( #3299 ) ) ;
#2188 = CARTESIAN_POINT ( 'NONE',  ( -0.06413698282444808829, 0.06923098684347653298, 0.03236407262890389491 ) ) ;
#2189 = ORIENTED_EDGE ( 'NONE', *, *, #2330, .T. ) ;
#2190 = CARTESIAN_POINT ( 'NONE',  ( -0.06715317519934863033, 0.06600989605192179865, 0.03402600514158173745 ) ) ;
#2191 = CARTESIAN_POINT ( 'NONE',  ( -0.02559055118110236532, -0.06496062992125983815, 0.000000000000000000 ) ) ;
#2192 = PRESENTATION_STYLE_ASSIGNMENT (( #2360 ) ) ;
#2193 = CARTESIAN_POINT ( 'NONE',  ( 0.02561654022106308465, -0.05871022922462672267, 0.03385826771653543260 ) ) ;
#2194 = ADVANCED_FACE ( 'NONE', ( #3210 ), #2045, .T. ) ;
#2195 = STYLED_ITEM ( 'NONE', ( #2927 ), #2138 ) ;
#2196 =( NAMED_UNIT ( * ) PLANE_ANGLE_UNIT ( ) SI_UNIT ( $, .RADIAN. ) );
#2197 = ORIENTED_EDGE ( 'NONE', *, *, #2902, .T. ) ;
#2198 = CARTESIAN_POINT ( 'NONE',  ( 0.03297244094488189364, -0.06791338582677165780, 0.03188976377952756208 ) ) ;
#2199 = AXIS2_PLACEMENT_3D ( 'NONE', #2837, #759, #2340 ) ;
#2200 = VECTOR ( 'NONE', #348, 39.37007874015748143 ) ;
#2201 = CARTESIAN_POINT ( 'NONE',  ( -0.02559055118110236532, 0.06496062992125983815, 0.000000000000000000 ) ) ;
#2202 = CLOSED_SHELL ( 'NONE', ( #2526, #2000, #2777, #58, #2134, #2414 ) ) ;
#2203 = STYLED_ITEM ( 'NONE', ( #2064 ), #697 ) ;
#2204 = ORIENTED_EDGE ( 'NONE', *, *, #2473, .F. ) ;
#2205 =( LENGTH_UNIT ( ) NAMED_UNIT ( * ) SI_UNIT ( $, .METRE. ) );
#2206 = PRESENTATION_LAYER_ASSIGNMENT (  '', '', ( #3048 ) ) ;
#2207 = LINE ( 'NONE', #130, #2499 ) ;
#2208 = PRESENTATION_LAYER_ASSIGNMENT (  '', '', ( #50 ) ) ;
#2209 = VECTOR ( 'NONE', #2783, 39.37007874015748143 ) ;
#2210 = PRESENTATION_LAYER_ASSIGNMENT (  '', '', ( #1835 ) ) ;
#2211 = CARTESIAN_POINT ( 'NONE',  ( 0.06594488188976378729, 0.06594488188976378729, 0.000000000000000000 ) ) ;
#2212 = AXIS2_PLACEMENT_3D ( 'NONE', #967, #3083, #2310 ) ;
#2213 = DIRECTION ( 'NONE',  ( -0.000000000000000000, -1.000000000000000000, 0.000000000000000000 ) ) ;
#2215 = ORIENTED_EDGE ( 'NONE', *, *, #2060, .T. ) ;
#2214 = CARTESIAN_POINT ( 'NONE',  ( 0.06093708275179092471, -0.01976544082103156436, 0.03385826771653543954 ) ) ;
#2216 = LINE ( 'NONE', #2787, #335 ) ;
#2217 = CARTESIAN_POINT ( 'NONE',  ( 0.06594488188976378729, -0.06594488188976378729, 0.03385826771653543260 ) ) ;
#2218 = EDGE_CURVE ( 'NONE', #257, #1242, #2316, .T. ) ;
#2219 = AXIS2_PLACEMENT_3D ( 'NONE', #2529, #1162, #1214 ) ;
#2220 = CYLINDRICAL_SURFACE ( 'NONE', #104, 0.001968503937007874856 ) ;
#2221 = APPLICATION_CONTEXT ( 'automotive_design' ) ;
#2222 = VERTEX_POINT ( 'NONE', #2319 ) ;
#2223 =( LENGTH_UNIT ( ) NAMED_UNIT ( * ) SI_UNIT ( $, .METRE. ) );
#2224 = SURFACE_STYLE_FILL_AREA ( #2187 ) ;
#2225 = CARTESIAN_POINT ( 'NONE',  ( -0.06545461617834222312, 0.06659572013568824944, 0.03368170598279804362 ) ) ;
#2226 = ORIENTED_EDGE ( 'NONE', *, *, #2288, .T. ) ;
#2227 = SURFACE_STYLE_FILL_AREA ( #405 ) ;
#2228 = SURFACE_STYLE_USAGE ( .BOTH. , #1678 ) ;
#2229 = DIMENSIONAL_EXPONENTS ( 1.000000000000000000, 0.000000000000000000, 0.000000000000000000, 0.000000000000000000, 0.000000000000000000, 0.000000000000000000, 0.000000000000000000 ) ;
#2230 = PRESENTATION_STYLE_ASSIGNMENT (( #2746 ) ) ;
#2231 = SURFACE_STYLE_FILL_AREA ( #639 ) ;
#2232 = CARTESIAN_POINT ( 'NONE',  ( 0.06594488188976378729, 0.06791338582677165780, 0.03385826771653543260 ) ) ;
#2234 = EDGE_LOOP ( 'NONE', ( #1003, #1379, #2388, #2124, #259 ) ) ;
#2233 =( NAMED_UNIT ( * ) SI_UNIT ( $, .STERADIAN. ) SOLID_ANGLE_UNIT ( ) );
#2235 = SURFACE_SIDE_STYLE ('',( #1187 ) ) ;
#2236 = UNCERTAINTY_MEASURE_WITH_UNIT (LENGTH_MEASURE( 1.000000000000000082E-05 ), #2436, 'distance_accuracy_value', 'NONE');
#2237 = SURFACE_STYLE_FILL_AREA ( #1980 ) ;
#2238 = SURFACE_STYLE_FILL_AREA ( #413 ) ;
#2239 = ORIENTED_EDGE ( 'NONE', *, *, #2161, .T. ) ;
#2240 = DIRECTION ( 'NONE',  ( 1.000000000000000000, 0.000000000000000000, -0.000000000000000000 ) ) ;
#2241 = EDGE_CURVE ( 'NONE', #1598, #3116, #2855, .T. ) ;
#2242 = ORIENTED_EDGE ( 'NONE', *, *, #357, .F. ) ;
#2243 = CARTESIAN_POINT ( 'NONE',  ( 0.02559055118110236532, 0.06496062992125983815, 0.000000000000000000 ) ) ;
#2244 = ADVANCED_FACE ( 'NONE', ( #2284 ), #1810, .T. ) ;
#2245 =( LENGTH_UNIT ( ) NAMED_UNIT ( * ) SI_UNIT ( $, .METRE. ) );
#2246 = CARTESIAN_POINT ( 'NONE',  ( 0.05938267725470180308, 0.05836028005570885469, 0.03385826771653543260 ) ) ;
#2247 = PRESENTATION_STYLE_ASSIGNMENT (( #3085 ) ) ;
#2248 = SURFACE_SIDE_STYLE ('',( #1480 ) ) ;
#2249 = DIRECTION ( 'NONE',  ( 1.000000000000000000, 0.000000000000000000, 0.000000000000000000 ) ) ;
#2250 = ORIENTED_EDGE ( 'NONE', *, *, #2944, .F. ) ;
#2251 = DIMENSIONAL_EXPONENTS ( 1.000000000000000000, 0.000000000000000000, 0.000000000000000000, 0.000000000000000000, 0.000000000000000000, 0.000000000000000000, 0.000000000000000000 ) ;
#2252 = B_SPLINE_CURVE_WITH_KNOTS ( 'NONE', 3,
 ( #1440, #1210, #3050, #88, #2260, #2246, #111, #3336, #1994 ),
 .UNSPECIFIED., .F., .F.,
 ( 4, 1, 1, 1, 1, 1, 4 ),
 ( 0.5000000000000002220, 0.5833333333333339255, 0.6666666666666672958, 0.7500000000000003331, 0.8333333333333334814, 0.9166666666666669627, 1.000000000000000000 ),
 .UNSPECIFIED. ) ;
#2253 = DIRECTION ( 'NONE',  ( 1.000000000000000000, -0.000000000000000000, -0.000000000000000000 ) ) ;
#2254 = EDGE_LOOP ( 'NONE', ( #488, #1630, #3020, #3416 ) ) ;
#2255 = ORIENTED_EDGE ( 'NONE', *, *, #1792, .T. ) ;
#2256 = COLOUR_RGB ( '',0.8627450980392157298, 0.6274509803921568540, 0.05882352941176470507 ) ;
#2257 =( NAMED_UNIT ( * ) SI_UNIT ( $, .STERADIAN. ) SOLID_ANGLE_UNIT ( ) );
#2258 = VECTOR ( 'NONE', #3008, 39.37007874015748143 ) ;
#2259 =( GEOMETRIC_REPRESENTATION_CONTEXT ( 3 ) GLOBAL_UNCERTAINTY_ASSIGNED_CONTEXT ( ( #1288 ) ) GLOBAL_UNIT_ASSIGNED_CONTEXT ( ( #123, #1983, #2273 ) ) REPRESENTATION_CONTEXT ( 'NONE', 'WORKASPACE' ) );
#2260 = CARTESIAN_POINT ( 'NONE',  ( 0.05577676167012779462, 0.05932648222457026499, 0.03385826771653543260 ) ) ;
#2261 = PRODUCT ( 'terminals', 'terminals', '', ( #927 ) ) ;
#2262 = LINE ( 'NONE', #2795, #2209 ) ;
#2263 = VECTOR ( 'NONE', #1073, 39.37007874015748143 ) ;
#2264 =( NAMED_UNIT ( * ) SI_UNIT ( $, .STERADIAN. ) SOLID_ANGLE_UNIT ( ) );
#2265 = AXIS2_PLACEMENT_3D ( 'NONE', #1134, #78, #2463 ) ;
#2266 = COLOUR_RGB ( '',0.000000000000000000, 0.7490196078431372584, 0.000000000000000000 ) ;
#2267 = DIRECTION ( 'NONE',  ( 1.000000000000000000, 0.000000000000000000, 0.000000000000000000 ) ) ;
#2268 = CIRCLE ( 'NONE', #48, 0.001968503937007874422 ) ;
#2269 = CARTESIAN_POINT ( 'NONE',  ( 0.06708139816769612129, -0.06708139816769613517, 0.03302628005745991691 ) ) ;
#2270 = CARTESIAN_POINT ( 'NONE',  ( 0.06661742414146146207, -0.06708139816769612129, 0.03349025408369455531 ) ) ;
#2271 =( GEOMETRIC_REPRESENTATION_CONTEXT ( 3 ) GLOBAL_UNCERTAINTY_ASSIGNED_CONTEXT ( ( #3142 ) ) GLOBAL_UNIT_ASSIGNED_CONTEXT ( ( #797, #3200, #856 ) ) REPRESENTATION_CONTEXT ( 'NONE', 'WORKASPACE' ) );
#2272 = EDGE_LOOP ( 'NONE', ( #3323, #1584 ) ) ;
#2273 =( NAMED_UNIT ( * ) SI_UNIT ( $, .STERADIAN. ) SOLID_ANGLE_UNIT ( ) );
#2274 = DIMENSIONAL_EXPONENTS ( 1.000000000000000000, 0.000000000000000000, 0.000000000000000000, 0.000000000000000000, 0.000000000000000000, 0.000000000000000000, 0.000000000000000000 ) ;
#2275 = DIRECTION ( 'NONE',  ( 0.000000000000000000, 0.000000000000000000, -1.000000000000000000 ) ) ;
#2276 = ORIENTED_EDGE ( 'NONE', *, *, #1146, .T. ) ;
#2277 =( GEOMETRIC_REPRESENTATION_CONTEXT ( 3 ) GLOBAL_UNCERTAINTY_ASSIGNED_CONTEXT ( ( #152 ) ) GLOBAL_UNIT_ASSIGNED_CONTEXT ( ( #781, #2296, #1821 ) ) REPRESENTATION_CONTEXT ( 'NONE', 'WORKASPACE' ) );
#2278 =( NAMED_UNIT ( * ) PLANE_ANGLE_UNIT ( ) SI_UNIT ( $, .RADIAN. ) );
#2279 = UNCERTAINTY_MEASURE_WITH_UNIT (LENGTH_MEASURE( 1.000000000000000082E-05 ), #815, 'distance_accuracy_value', 'NONE');
#2280 = CARTESIAN_POINT ( 'NONE',  ( -0.06185682882060708487, 0.1237136576412141697, 0.03385826771653542566 ) ) ;
#2281 = DIRECTION ( 'NONE',  ( 0.000000000000000000, -1.000000000000000000, -0.000000000000000000 ) ) ;
#2282 =( CONVERSION_BASED_UNIT ( 'INCH', #3087 ) LENGTH_UNIT ( ) NAMED_UNIT ( #2947 ) );
#2283 = ADVANCED_FACE ( 'NONE', ( #1414 ), #2724, .T. ) ;
#2284 = FACE_OUTER_BOUND ( 'NONE', #3300, .T. ) ;
#2285 = CARTESIAN_POINT ( 'NONE',  ( 0.04527559055118110520, 0.06496062992125983815, 0.000000000000000000 ) ) ;
#2286 = FACE_OUTER_BOUND ( 'NONE', #2125, .T. ) ;
#2287 = LENGTH_MEASURE_WITH_UNIT ( LENGTH_MEASURE( 0.02539999999999999897 ), #3074 );
#2288 = EDGE_CURVE ( 'NONE', #246, #2991, #1152, .T. ) ;
#2289 = LENGTH_MEASURE_WITH_UNIT ( LENGTH_MEASURE( 0.02539999999999999897 ), #1704 );
#2290 = VERTEX_POINT ( 'NONE', #3024 ) ;
#2291 = PRESENTATION_STYLE_ASSIGNMENT (( #991 ) ) ;
#2292 = ORIENTED_EDGE ( 'NONE', *, *, #2502, .F. ) ;
#2293 = FILL_AREA_STYLE ('',( #2574 ) ) ;
#2294 = CARTESIAN_POINT ( 'NONE',  ( 0.06594488188976378729, -0.06791338582677165780, 0.000000000000000000 ) ) ;
#2295 = CARTESIAN_POINT ( 'NONE',  ( -0.06594488188976378729, 0.06594488188976378729, 0.02795275590551181411 ) ) ;
#2296 =( NAMED_UNIT ( * ) PLANE_ANGLE_UNIT ( ) SI_UNIT ( $, .RADIAN. ) );
#2297 = SURFACE_STYLE_FILL_AREA ( #568 ) ;
#2298 = SURFACE_STYLE_USAGE ( .BOTH. , #233 ) ;
#2299 =( NAMED_UNIT ( * ) SI_UNIT ( $, .STERADIAN. ) SOLID_ANGLE_UNIT ( ) );
#2300 = FACE_OUTER_BOUND ( 'NONE', #198, .T. ) ;
#2301 = LINE ( 'NONE', #1502, #3334 ) ;
#2302 = CARTESIAN_POINT ( 'NONE',  ( -0.06349019436769862135, 0.01006793485718179663, 0.03385826771653543260 ) ) ;
#2303 =( LENGTH_UNIT ( ) NAMED_UNIT ( * ) SI_UNIT ( $, .METRE. ) );
#2304 = EDGE_CURVE ( 'NONE', #246, #2489, #633, .T. ) ;
#2305 = ORIENTED_EDGE ( 'NONE', *, *, #2748, .F. ) ;
#2306 =( NAMED_UNIT ( * ) SI_UNIT ( $, .STERADIAN. ) SOLID_ANGLE_UNIT ( ) );
#2307 = ORIENTED_EDGE ( 'NONE', *, *, #2060, .F. ) ;
#2308 =( NAMED_UNIT ( * ) PLANE_ANGLE_UNIT ( ) SI_UNIT ( $, .RADIAN. ) );
#2309 = COLOUR_RGB ( '',0.8627450980392157298, 0.6274509803921568540, 0.05882352941176470507 ) ;
#2310 = DIRECTION ( 'NONE',  ( 0.000000000000000000, 0.000000000000000000, -1.000000000000000000 ) ) ;
#2311 = EDGE_LOOP ( 'NONE', ( #54, #2197, #738, #292 ) ) ;
#2312 = LINE ( 'NONE', #2576, #316 ) ;
#2313 = CARTESIAN_POINT ( 'NONE',  ( -0.06791338582677165780, -0.06791338582677165780, 0.000000000000000000 ) ) ;
#2314 = LENGTH_MEASURE_WITH_UNIT ( LENGTH_MEASURE( 0.02539999999999999897 ), #2835 );
#2315 = LENGTH_MEASURE_WITH_UNIT ( LENGTH_MEASURE( 0.02539999999999999897 ), #1251 );
#2316 = CIRCLE ( 'NONE', #2980, 0.003937007874015749712 ) ;
#2317 =( GEOMETRIC_REPRESENTATION_CONTEXT ( 3 ) GLOBAL_UNCERTAINTY_ASSIGNED_CONTEXT ( ( #2176 ) ) GLOBAL_UNIT_ASSIGNED_CONTEXT ( ( #573, #1679, #2128 ) ) REPRESENTATION_CONTEXT ( 'NONE', 'WORKASPACE' ) );
#2318 = PRESENTATION_LAYER_ASSIGNMENT (  '', '', ( #940 ) ) ;
#2319 = CARTESIAN_POINT ( 'NONE',  ( -0.06791338582677165780, -0.06594488188976378729, 0.02795275590551181411 ) ) ;
#2320 = CARTESIAN_POINT ( 'NONE',  ( 0.03543307086614173873, -0.06496062992125983815, 0.000000000000000000 ) ) ;
#2321 =( GEOMETRIC_REPRESENTATION_CONTEXT ( 3 ) GLOBAL_UNCERTAINTY_ASSIGNED_CONTEXT ( ( #1569 ) ) GLOBAL_UNIT_ASSIGNED_CONTEXT ( ( #2185, #1942, #3225 ) ) REPRESENTATION_CONTEXT ( 'NONE', 'WORKASPACE' ) );
#2322 = LENGTH_MEASURE_WITH_UNIT ( LENGTH_MEASURE( 0.02539999999999999897 ), #208 );
#2323 = STYLED_ITEM ( 'NONE', ( #2332 ), #2526 ) ;
#2324 = AXIS2_PLACEMENT_3D ( 'NONE', #47, #350, #1119 ) ;
#2325 = FILL_AREA_STYLE_COLOUR ( '', #657 ) ;
#2326 = CARTESIAN_POINT ( 'NONE',  ( 0.06594488188976378729, -0.06594488188976378729, 0.02401574803149606266 ) ) ;
#2327 = CARTESIAN_POINT ( 'NONE',  ( -0.06025744991038838733, 7.379409315753910620E-18, 0.03536235842654904954 ) ) ;
#2328 =( LENGTH_UNIT ( ) NAMED_UNIT ( * ) SI_UNIT ( $, .METRE. ) );
#2329 = STYLED_ITEM ( 'NONE', ( #1216 ), #2836 ) ;
#2330 = EDGE_CURVE ( 'NONE', #1275, #647, #1947, .T. ) ;
#2331 = PRESENTATION_LAYER_ASSIGNMENT (  '', '', ( #1786 ) ) ;
#2332 = PRESENTATION_STYLE_ASSIGNMENT (( #2107 ) ) ;
#2333 = VERTEX_POINT ( 'NONE', #68 ) ;
#2334 =( CONVERSION_BASED_UNIT ( 'INCH', #456 ) LENGTH_UNIT ( ) NAMED_UNIT ( #3354 ) );
#2335 = EDGE_CURVE ( 'NONE', #1750, #1633, #2760, .T. ) ;
#2336 = ORIENTED_EDGE ( 'NONE', *, *, #2545, .F. ) ;
#2337 = FACE_OUTER_BOUND ( 'NONE', #3179, .T. ) ;
#2338 = DIRECTION ( 'NONE',  ( -0.000000000000000000, -0.000000000000000000, 1.000000000000000000 ) ) ;
#2339 = FACE_OUTER_BOUND ( 'NONE', #2364, .T. ) ;
#2340 = DIRECTION ( 'NONE',  ( 1.000000000000000000, 0.000000000000000000, -0.000000000000000000 ) ) ;
#2341 = CARTESIAN_POINT ( 'NONE',  ( -0.06791338582677165780, 0.06594488188976378729, 0.02401574803149606266 ) ) ;
#2342 =( NAMED_UNIT ( * ) PLANE_ANGLE_UNIT ( ) SI_UNIT ( $, .RADIAN. ) );
#2343 = UNCERTAINTY_MEASURE_WITH_UNIT (LENGTH_MEASURE( 1.000000000000000082E-05 ), #846, 'distance_accuracy_value', 'NONE');
#2344 = CARTESIAN_POINT ( 'NONE',  ( -0.06093708275179089695, 0.01976544082103958572, 0.03385826771653543954 ) ) ;
#2345 = CARTESIAN_POINT ( 'NONE',  ( 0.04527559055118110520, 0.06496062992125983815, 0.0007874015748031497038 ) ) ;
#2346 = DIRECTION ( 'NONE',  ( -0.000000000000000000, -0.000000000000000000, -1.000000000000000000 ) ) ;
#2347 = DIMENSIONAL_EXPONENTS ( 1.000000000000000000, 0.000000000000000000, 0.000000000000000000, 0.000000000000000000, 0.000000000000000000, 0.000000000000000000, 0.000000000000000000 ) ;
#2348 = EDGE_CURVE ( 'NONE', #2638, #2489, #3233, .T. ) ;
#2349 = ORIENTED_EDGE ( 'NONE', *, *, #1971, .T. ) ;
#2350 = CARTESIAN_POINT ( 'NONE',  ( 0.06594488188976378729, -0.06594488188976378729, 0.03188976377952756208 ) ) ;
#2351 = SURFACE_SIDE_STYLE ('',( #1301 ) ) ;
#2352 = EDGE_CURVE ( 'NONE', #3116, #3305, #2417, .T. ) ;
#2353 = VERTEX_POINT ( 'NONE', #1691 ) ;
#2354 = UNCERTAINTY_MEASURE_WITH_UNIT (LENGTH_MEASURE( 1.000000000000000082E-05 ), #1254, 'distance_accuracy_value', 'NONE');
#2355 =( CONVERSION_BASED_UNIT ( 'INCH', #3101 ) LENGTH_UNIT ( ) NAMED_UNIT ( #2229 ) );
#2356 =( LENGTH_UNIT ( ) NAMED_UNIT ( * ) SI_UNIT ( $, .METRE. ) );
#2357 = PRESENTATION_STYLE_ASSIGNMENT (( #2647 ) ) ;
#2358 = SHAPE_REPRESENTATION ( 'base', ( #2945 ), #731 ) ;
#2359 = CARTESIAN_POINT ( 'NONE',  ( 0.02167635164079277990, 0.06028185887616465538, 0.03385826771653543260 ) ) ;
#2360 = SURFACE_STYLE_USAGE ( .BOTH. , #1309 ) ;
#2361 = PRESENTATION_STYLE_ASSIGNMENT (( #2929 ) ) ;
#2362 = SURFACE_STYLE_FILL_AREA ( #3206 ) ;
#2363 = DIRECTION ( 'NONE',  ( 0.000000000000000000, 0.000000000000000000, 1.000000000000000000 ) ) ;
#2364 = EDGE_LOOP ( 'NONE', ( #1461, #925, #103, #2006 ) ) ;
#2365 = CARTESIAN_POINT ( 'NONE',  ( -0.03543307086614173873, 0.000000000000000000, 0.000000000000000000 ) ) ;
#2366 = PLANE ( 'NONE',  #2212 ) ;
#2367 = ORIENTED_EDGE ( 'NONE', *, *, #2121, .F. ) ;
#2368 = AXIS2_PLACEMENT_3D ( 'NONE', #2350, #181, #1247 ) ;
#2369 = CARTESIAN_POINT ( 'NONE',  ( -0.06496062992125983815, 0.06496062992125983815, 0.000000000000000000 ) ) ;
#2370 =( NAMED_UNIT ( * ) PLANE_ANGLE_UNIT ( ) SI_UNIT ( $, .RADIAN. ) );
#2371 = CARTESIAN_POINT ( 'NONE',  ( 0.04527559055118110520, 0.06496062992125983815, 0.000000000000000000 ) ) ;
#2372 = SURFACE_STYLE_USAGE ( .BOTH. , #1811 ) ;
#2373 = DIRECTION ( 'NONE',  ( 0.000000000000000000, -0.000000000000000000, 1.000000000000000000 ) ) ;
#2374 = CARTESIAN_POINT ( 'NONE',  ( 0.04527559055118110520, 0.06496062992125983815, 0.000000000000000000 ) ) ;
#2375 = FACE_OUTER_BOUND ( 'NONE', #803, .T. ) ;
#2376 = PRESENTATION_LAYER_ASSIGNMENT (  '', '', ( #2807 ) ) ;
#2377 = FACE_OUTER_BOUND ( 'NONE', #1858, .T. ) ;
#2378 = VECTOR ( 'NONE', #3184, 39.37007874015748143 ) ;
#2379 = FILL_AREA_STYLE ('',( #1297 ) ) ;
#2380 = PRESENTATION_LAYER_ASSIGNMENT (  '', '', ( #1281 ) ) ;
#2381 = PRESENTATION_LAYER_ASSIGNMENT (  '', '', ( #434 ) ) ;
#2382 = COLOUR_RGB ( '',0.8627450980392157298, 0.6274509803921568540, 0.05882352941176470507 ) ;
#2383 = AXIS2_PLACEMENT_3D ( 'NONE', #1580, #2363, #3178 ) ;
#2384 = AXIS2_PLACEMENT_3D ( 'NONE', #2211, #407, #1161 ) ;
#2385 = STYLED_ITEM ( 'NONE', ( #2582 ), #1172 ) ;
#2386 = VERTEX_POINT ( 'NONE', #341 ) ;
#2387 = VECTOR ( 'NONE', #2771, 39.37007874015748143 ) ;
#2388 = ORIENTED_EDGE ( 'NONE', *, *, #1110, .F. ) ;
#2389 = UNCERTAINTY_MEASURE_WITH_UNIT (LENGTH_MEASURE( 1.000000000000000082E-05 ), #2047, 'distance_accuracy_value', 'NONE');
#2390 = FACE_OUTER_BOUND ( 'NONE', #1350, .T. ) ;
#2391 =( CONVERSION_BASED_UNIT ( 'INCH', #796 ) LENGTH_UNIT ( ) NAMED_UNIT ( #1585 ) );
#2392 = AXIS2_PLACEMENT_3D ( 'NONE', #3303, #421, #934 ) ;
#2393 = CARTESIAN_POINT ( 'NONE',  ( -0.06791338582677165780, 0.06791338582677165780, 0.000000000000000000 ) ) ;
#2394 = DIMENSIONAL_EXPONENTS ( 1.000000000000000000, 0.000000000000000000, 0.000000000000000000, 0.000000000000000000, 0.000000000000000000, 0.000000000000000000, 0.000000000000000000 ) ;
#2395 = CARTESIAN_POINT ( 'NONE',  ( 0.06594488188976378729, 0.06791338582677165780, 0.000000000000000000 ) ) ;
#2396 = CARTESIAN_POINT ( 'NONE',  ( -0.06185682882060710569, -0.1237136576412141697, 0.03385826771653542566 ) ) ;
#2397 = ADVANCED_FACE ( 'NONE', ( #2487 ), #2091, .T. ) ;
#2398 = CARTESIAN_POINT ( 'NONE',  ( -0.05511811023622047168, -0.06496062992125983815, 0.003937007874015747977 ) ) ;
#2399 = ORIENTED_EDGE ( 'NONE', *, *, #2509, .F. ) ;
#2400 =( REPRESENTATION_RELATIONSHIP ('NONE','NONE', #1765, #3069 ) REPRESENTATION_RELATIONSHIP_WITH_TRANSFORMATION ( #2455 )SHAPE_REPRESENTATION_RELATIONSHIP( ) );
#2401 = SURFACE_STYLE_FILL_AREA ( #1631 ) ;
#2402 = PRODUCT_DEFINITION_SHAPE ( 'NONE', 'NONE',  #1637 ) ;
#2403 = CARTESIAN_POINT ( 'NONE',  ( -0.06708139816769609354, -0.06708139816769616293, 0.03302628005745988915 ) ) ;
#2404 = EDGE_LOOP ( 'NONE', ( #2250, #3313, #244, #367 ) ) ;
#2405 = DIRECTION ( 'NONE',  ( -0.000000000000000000, -0.000000000000000000, -1.000000000000000000 ) ) ;
#2406 =( LENGTH_UNIT ( ) NAMED_UNIT ( * ) SI_UNIT ( $, .METRE. ) );
#2407 = CARTESIAN_POINT ( 'NONE',  ( 0.04888699789060025475, 0.05211465105542223419, 0.03385826771653543260 ) ) ;
#2408 = CARTESIAN_POINT ( 'NONE',  ( 0.02559055118110236532, 0.06496062992125983815, 0.003937007874015747977 ) ) ;
#2409 =( NAMED_UNIT ( * ) PLANE_ANGLE_UNIT ( ) SI_UNIT ( $, .RADIAN. ) );
#2410 =( CONVERSION_BASED_UNIT ( 'INCH', #62 ) LENGTH_UNIT ( ) NAMED_UNIT ( #816 ) );
#2411 = CARTESIAN_POINT ( 'NONE',  ( -0.03904606333163997828, -0.05153350197540469690, 0.03385826771653541872 ) ) ;
#2412 = FILL_AREA_STYLE ('',( #1362 ) ) ;
#2413 = LINE ( 'NONE', #2150, #2985 ) ;
#2414 = ADVANCED_FACE ( 'NONE', ( #1985 ), #3377, .F. ) ;
#2415 = DIRECTION ( 'NONE',  ( 0.000000000000000000, 1.000000000000000000, 0.000000000000000000 ) ) ;
#2416 = EDGE_LOOP ( 'NONE', ( #267, #2215, #1684, #1673 ) ) ;
#2417 = LINE ( 'NONE', #3245, #988 ) ;
#2418 = CARTESIAN_POINT ( 'NONE',  ( -0.06708139816769612129, -0.06708139816769612129, 0.03302628005745991691 ) ) ;
#2419 = UNCERTAINTY_MEASURE_WITH_UNIT (LENGTH_MEASURE( 1.000000000000000082E-05 ), #524, 'distance_accuracy_value', 'NONE');
#2420 = PRESENTATION_STYLE_ASSIGNMENT (( #3250 ) ) ;
#2421 = CARTESIAN_POINT ( 'NONE',  ( -0.06594488188976378729, 0.06682522361318890547, 0.03365044722637779845 ) ) ;
#2422 = STYLED_ITEM ( 'NONE', ( #1418 ), #1893 ) ;
#2423 = CARTESIAN_POINT ( 'NONE',  ( 0.06773682409303424801, 0.06659572013568820781, 0.03139949806810601179 ) ) ;
#2424 = STYLED_ITEM ( 'NONE', ( #3202 ), #2168 ) ;
#2425 = CARTESIAN_POINT ( 'NONE',  ( 0.05996107878614066744, -0.02255095584976426343, 0.03385826771653543954 ) ) ;
#2426 = DIRECTION ( 'NONE',  ( -1.000000000000000000, -0.000000000000000000, 0.000000000000000000 ) ) ;
#2427 =( LENGTH_UNIT ( ) NAMED_UNIT ( * ) SI_UNIT ( $, .METRE. ) );
#2428 = STYLED_ITEM ( 'NONE', ( #2580 ), #1473 ) ;
#2429 = VECTOR ( 'NONE', #2405, 39.37007874015748143 ) ;
#2430 = CARTESIAN_POINT ( 'NONE',  ( -0.06594488188976378729, -0.06791338582677165780, 0.02795275590551181411 ) ) ;
#2431 = ORIENTED_EDGE ( 'NONE', *, *, #554, .T. ) ;
#2432 = VECTOR ( 'NONE', #466, 39.37007874015748143 ) ;
#2433 = COLOUR_RGB ( '',0.9607843137254902244, 0.9607843137254902244, 0.9607843137254902244 ) ;
#2434 = COLOUR_RGB ( '',0.9019607843137255054, 0.9019607843137255054, 0.9019607843137255054 ) ;
#2435 = DIRECTION ( 'NONE',  ( -0.000000000000000000, 0.000000000000000000, -1.000000000000000000 ) ) ;
#2436 =( CONVERSION_BASED_UNIT ( 'INCH', #1126 ) LENGTH_UNIT ( ) NAMED_UNIT ( #1848 ) );
#2437 = ORIENTED_EDGE ( 'NONE', *, *, #2456, .F. ) ;
#2438 = DIMENSIONAL_EXPONENTS ( 1.000000000000000000, 0.000000000000000000, 0.000000000000000000, 0.000000000000000000, 0.000000000000000000, 0.000000000000000000, 0.000000000000000000 ) ;
#2439 = EDGE_CURVE ( 'NONE', #1275, #3151, #140, .T. ) ;
#2440 = SHAPE_REPRESENTATION_RELATIONSHIP ( 'NONE' , 'NONE' ,  #3069, #18 ) ;
#2441 = LINE ( 'NONE', #2719, #2200 ) ;
#2442 = FACE_OUTER_BOUND ( 'NONE', #2254, .T. ) ;
#2443 = FILL_AREA_STYLE_COLOUR ( '', #2481 ) ;
#2444 =( GEOMETRIC_REPRESENTATION_CONTEXT ( 3 ) GLOBAL_UNCERTAINTY_ASSIGNED_CONTEXT ( ( #3392 ) ) GLOBAL_UNIT_ASSIGNED_CONTEXT ( ( #809, #2943, #2971 ) ) REPRESENTATION_CONTEXT ( 'NONE', 'WORKASPACE' ) );
#2445 = CARTESIAN_POINT ( 'NONE',  ( -0.004065659463234410145, -0.06405367284561656882, 0.03385826771653543954 ) ) ;
#2446 = CARTESIAN_POINT ( 'NONE',  ( -0.06545461617834223700, -0.06659572013568823556, 0.03368170598279805056 ) ) ;
#2447 =( BOUNDED_SURFACE ( )  B_SPLINE_SURFACE ( 3, 3, ( 
 ( #318, #2640, #2403, #2418 ),
 ( #2915, #301, #7, #1385 ),
 ( #1644, #3211, #534, #2160 ),
 ( #291, #2667, #2110, #38 ) ),
 .UNSPECIFIED., .F., .F., .T. ) 
 B_SPLINE_SURFACE_WITH_KNOTS ( ( 4, 4 ),
 ( 4, 4 ),
 ( 0.000000000000000000, 1.000000000000000000 ),
 ( 0.000000000000000000, 1.000000000000000000 ),
 .UNSPECIFIED. ) 
 GEOMETRIC_REPRESENTATION_ITEM ( )  RATIONAL_B_SPLINE_SURFACE ( (
 ( 1.000000000000000000, 0.3333333333333300952, 0.3333333333333300952, 1.000000000000000000),
 ( 0.9245018060306372520, 0.3081672686768761049, 0.3081672686768761049, 0.9245018060306372520),
 ( 0.9245018060306372520, 0.3081672686768761049, 0.3081672686768761049, 0.9245018060306372520),
 ( 1.000000000000000000, 0.3333333333333300952, 0.3333333333333300952, 1.000000000000000000) ) ) 
 REPRESENTATION_ITEM ( '' )  SURFACE ( )  );
#2448 = ORIENTED_EDGE ( 'NONE', *, *, #2790, .T. ) ;
#2449 = LENGTH_MEASURE_WITH_UNIT ( LENGTH_MEASURE( 0.02539999999999999897 ), #2159 );
#2450 = EDGE_CURVE ( 'NONE', #2668, #1901, #3311, .T. ) ;
#2451 =( NAMED_UNIT ( * ) PLANE_ANGLE_UNIT ( ) SI_UNIT ( $, .RADIAN. ) );
#2452 = ORIENTED_EDGE ( 'NONE', *, *, #2806, .F. ) ;
#2453 = UNCERTAINTY_MEASURE_WITH_UNIT (LENGTH_MEASURE( 1.000000000000000082E-05 ), #2334, 'distance_accuracy_value', 'NONE');
#2454 = CARTESIAN_POINT ( 'NONE',  ( -0.06773682409303424801, 0.06659572013568823556, 0.03139949806810600486 ) ) ;
#2455 = ITEM_DEFINED_TRANSFORMATION ( 'NONE', 'NONE', #57,  #2945 ) ;
#2456 = EDGE_CURVE ( 'NONE', #3094, #343, #3350, .T. ) ;
#2457 = CARTESIAN_POINT ( 'NONE',  ( -0.06594488188976378729, 0.06594488188976378729, 0.03385826771653543260 ) ) ;
#2458 = CARTESIAN_POINT ( 'NONE',  ( -0.02559055118110236532, 0.06496062992125983815, 0.000000000000000000 ) ) ;
#2459 = PRODUCT_DEFINITION_SHAPE ( 'NONE', 'NONE',  #3453 ) ;
#2460 = DIRECTION ( 'NONE',  ( -1.000000000000000000, -0.000000000000000000, 0.000000000000000000 ) ) ;
#2461 = CARTESIAN_POINT ( 'NONE',  ( 0.06413698282444806054, 0.06923098684347653298, 0.03236407262890389491 ) ) ;
#2462 = CARTESIAN_POINT ( 'NONE',  ( -0.03543307086614173873, 0.06496062992125983815, 0.000000000000000000 ) ) ;
#2463 = DIRECTION ( 'NONE',  ( 0.000000000000000000, 0.000000000000000000, -1.000000000000000000 ) ) ;
#2464 = SURFACE_STYLE_FILL_AREA ( #3243 ) ;
#2465 = VERTEX_POINT ( 'NONE', #701 ) ;
#2466 = LINE ( 'NONE', #2198, #2648 ) ;
#2467 = SURFACE_SIDE_STYLE ('',( #2224 ) ) ;
#2468 =( CONVERSION_BASED_UNIT ( 'INCH', #1526 ) LENGTH_UNIT ( ) NAMED_UNIT ( #40 ) );
#2469 = VERTEX_POINT ( 'NONE', #1763 ) ;
#2470 = DIRECTION ( 'NONE',  ( -0.000000000000000000, 0.000000000000000000, -1.000000000000000000 ) ) ;
#2471 = SURFACE_SIDE_STYLE ('',( #2231 ) ) ;
#2472 = LENGTH_MEASURE_WITH_UNIT ( LENGTH_MEASURE( 0.02539999999999999897 ), #2498 );
#2473 = EDGE_CURVE ( 'NONE', #1633, #8, #2803, .T. ) ;
#2474 = FACE_OUTER_BOUND ( 'NONE', #2685, .T. ) ;
#2475 = LINE ( 'NONE', #93, #1120 ) ;
#2477 = EDGE_LOOP ( 'NONE', ( #1940, #1099, #585, #1426 ) ) ;
#2476 = CARTESIAN_POINT ( 'NONE',  ( -0.01976261328430445330, -0.06093820110999168677, 0.03385826771653543954 ) ) ;
#2478 = CARTESIAN_POINT ( 'NONE',  ( 0.06405234738404527728, 0.000000000000000000, 0.03385826771653543260 ) ) ;
#2479 = UNCERTAINTY_MEASURE_WITH_UNIT (LENGTH_MEASURE( 1.000000000000000082E-05 ), #1111, 'distance_accuracy_value', 'NONE');
#2480 = SURFACE_SIDE_STYLE ('',( #1428 ) ) ;
#2481 = COLOUR_RGB ( '',0.000000000000000000, 0.7490196078431372584, 0.000000000000000000 ) ;
#2482 = CARTESIAN_POINT ( 'NONE',  ( -0.02559055118110236532, 0.06496062992125983815, 0.000000000000000000 ) ) ;
#2483 = VERTEX_POINT ( 'NONE', #2637 ) ;
#2484 = FILL_AREA_STYLE ('',( #81 ) ) ;
#2485 = COLOUR_RGB ( '',0.8627450980392157298, 0.6274509803921568540, 0.05882352941176470507 ) ;
#2486 = VECTOR ( 'NONE', #138, 39.37007874015748143 ) ;
#2487 = FACE_OUTER_BOUND ( 'NONE', #1468, .T. ) ;
#2488 = CARTESIAN_POINT ( 'NONE',  ( -0.06708139816769612129, 0.06708139816769613517, 0.03302628005745990997 ) ) ;
#2489 = VERTEX_POINT ( 'NONE', #3415 ) ;
#2490 = DIRECTION ( 'NONE',  ( -1.224646799147350002E-16, 0.000000000000000000, -1.000000000000000000 ) ) ;
#2491 = MECHANICAL_DESIGN_GEOMETRIC_PRESENTATION_REPRESENTATION (  '', ( #1281 ), #556 ) ;
#2492 =( GEOMETRIC_REPRESENTATION_CONTEXT ( 3 ) GLOBAL_UNCERTAINTY_ASSIGNED_CONTEXT ( ( #2868 ) ) GLOBAL_UNIT_ASSIGNED_CONTEXT ( ( #3252, #1896, #1117 ) ) REPRESENTATION_CONTEXT ( 'NONE', 'WORKASPACE' ) );
#2493 = CIRCLE ( 'NONE', #1448, 0.001968503937007874856 ) ;
#2494 = MECHANICAL_DESIGN_GEOMETRIC_PRESENTATION_REPRESENTATION (  '', ( #2815 ), #1170 ) ;
#2495 = CARTESIAN_POINT ( 'NONE',  ( -0.06025744991038837345, 0.1205148998207767469, 0.03536235842654903566 ) ) ;
#2496 = VECTOR ( 'NONE', #1997, 39.37007874015748143 ) ;
#2497 =( NAMED_UNIT ( * ) PLANE_ANGLE_UNIT ( ) SI_UNIT ( $, .RADIAN. ) );
#2498 =( LENGTH_UNIT ( ) NAMED_UNIT ( * ) SI_UNIT ( $, .METRE. ) );
#2499 = VECTOR ( 'NONE', #897, 39.37007874015748143 ) ;
#2500 =( CONVERSION_BASED_UNIT ( 'INCH', #148 ) LENGTH_UNIT ( ) NAMED_UNIT ( #265 ) );
#2501 = CARTESIAN_POINT ( 'NONE',  ( 0.06594488188976377341, 0.06594488188976378729, 0.03188976377952756208 ) ) ;
#2502 = EDGE_CURVE ( 'NONE', #430, #1057, #286, .T. ) ;
#2504 = ORIENTED_EDGE ( 'NONE', *, *, #2902, .F. ) ;
#2503 = CARTESIAN_POINT ( 'NONE',  ( 0.06708139816769609354, -0.06708139816769609354, 0.03302628005745994466 ) ) ;
#2505 = PRESENTATION_LAYER_ASSIGNMENT (  '', '', ( #2061 ) ) ;
#2506 = PLANE ( 'NONE',  #774 ) ;
#2507 = DIMENSIONAL_EXPONENTS ( 1.000000000000000000, 0.000000000000000000, 0.000000000000000000, 0.000000000000000000, 0.000000000000000000, 0.000000000000000000, 0.000000000000000000 ) ;
#2508 =( NAMED_UNIT ( * ) SI_UNIT ( $, .STERADIAN. ) SOLID_ANGLE_UNIT ( ) );
#2509 = EDGE_CURVE ( 'NONE', #8, #392, #3429, .T. ) ;
#2510 = ORIENTED_EDGE ( 'NONE', *, *, #1518, .F. ) ;
#2511 = SURFACE_STYLE_FILL_AREA ( #2755 ) ;
#2512 = EDGE_LOOP ( 'NONE', ( #3430, #107, #818, #668 ) ) ;
#2513 = LINE ( 'NONE', #146, #3389 ) ;
#2514 = FACE_OUTER_BOUND ( 'NONE', #2664, .T. ) ;
#2515 =( NAMED_UNIT ( * ) PLANE_ANGLE_UNIT ( ) SI_UNIT ( $, .RADIAN. ) );
#2516 = LINE ( 'NONE', #1238, #441 ) ;
#2517 = ORIENTED_EDGE ( 'NONE', *, *, #1422, .F. ) ;
#2518 =( NAMED_UNIT ( * ) PLANE_ANGLE_UNIT ( ) SI_UNIT ( $, .RADIAN. ) );
#2519 =( NAMED_UNIT ( * ) SI_UNIT ( $, .STERADIAN. ) SOLID_ANGLE_UNIT ( ) );
#2520 = ORIENTED_EDGE ( 'NONE', *, *, #615, .F. ) ;
#2521 = PLANE ( 'NONE',  #1164 ) ;
#2522 = ADVANCED_FACE ( 'NONE', ( #255 ), #515, .T. ) ;
#2523 = DIMENSIONAL_EXPONENTS ( 1.000000000000000000, 0.000000000000000000, 0.000000000000000000, 0.000000000000000000, 0.000000000000000000, 0.000000000000000000, 0.000000000000000000 ) ;
#2524 = SURFACE_SIDE_STYLE ('',( #3044 ) ) ;
#2525 = ORIENTED_EDGE ( 'NONE', *, *, #2564, .T. ) ;
#2526 = ADVANCED_FACE ( 'NONE', ( #1086 ), #3, .T. ) ;
#2527 = SURFACE_SIDE_STYLE ('',( #913 ) ) ;
#2528 = CARTESIAN_POINT ( 'NONE',  ( -0.06791338582677165780, 0.06791338582677165780, 0.000000000000000000 ) ) ;
#2529 = CARTESIAN_POINT ( 'NONE',  ( -0.06594488188976378729, -0.06594488188976378729, 0.03188976377952758290 ) ) ;
#2530 =( LENGTH_UNIT ( ) NAMED_UNIT ( * ) SI_UNIT ( $, .METRE. ) );
#2531 = DIRECTION ( 'NONE',  ( 1.000000000000000000, 0.000000000000000000, -0.000000000000000000 ) ) ;
#2532 = DIRECTION ( 'NONE',  ( 0.000000000000000000, 0.000000000000000000, 1.000000000000000000 ) ) ;
#2533 = SURFACE_STYLE_USAGE ( .BOTH. , #1241 ) ;
#2534 = CARTESIAN_POINT ( 'NONE',  ( 0.06708139816769616293, -0.06708139816769607966, 0.03302628005745990303 ) ) ;
#2535 = EDGE_LOOP ( 'NONE', ( #1123, #651, #975, #1412 ) ) ;
#2536 = VECTOR ( 'NONE', #3152, 39.37007874015748143 ) ;
#2537 = EDGE_CURVE ( 'NONE', #2139, #2575, #1171, .T. ) ;
#2538 = ORIENTED_EDGE ( 'NONE', *, *, #802, .T. ) ;
#2539 = CARTESIAN_POINT ( 'NONE',  ( 0.05511811023622047168, 0.000000000000000000, 0.000000000000000000 ) ) ;
#2540 = VECTOR ( 'NONE', #3238, 39.37007874015748143 ) ;
#2541 = VECTOR ( 'NONE', #1708, 39.37007874015748143 ) ;
#2542 = MECHANICAL_DESIGN_GEOMETRIC_PRESENTATION_REPRESENTATION (  '', ( #3045 ), #2106 ) ;
#2543 =( GEOMETRIC_REPRESENTATION_CONTEXT ( 3 ) GLOBAL_UNCERTAINTY_ASSIGNED_CONTEXT ( ( #2075 ) ) GLOBAL_UNIT_ASSIGNED_CONTEXT ( ( #2619, #227, #248 ) ) REPRESENTATION_CONTEXT ( 'NONE', 'WORKASPACE' ) );
#2544 = FILL_AREA_STYLE_COLOUR ( '', #2 ) ;
#2545 = EDGE_CURVE ( 'NONE', #430, #776, #2693, .T. ) ;
#2546 = DIMENSIONAL_EXPONENTS ( 1.000000000000000000, 0.000000000000000000, 0.000000000000000000, 0.000000000000000000, 0.000000000000000000, 0.000000000000000000, 0.000000000000000000 ) ;
#2547 = LINE ( 'NONE', #1478, #721 ) ;
#2548 = STYLED_ITEM ( 'NONE', ( #716 ), #2414 ) ;
#2549 = AXIS2_PLACEMENT_3D ( 'NONE', #337, #1378, #1900 ) ;
#2550 = VECTOR ( 'NONE', #528, 39.37007874015748143 ) ;
#2551 = SURFACE_STYLE_FILL_AREA ( #2799 ) ;
#2552 = UNCERTAINTY_MEASURE_WITH_UNIT (LENGTH_MEASURE( 1.000000000000000082E-05 ), #1981, 'distance_accuracy_value', 'NONE');
#2553 = FILL_AREA_STYLE_COLOUR ( '', #3445 ) ;
#2554 = VECTOR ( 'NONE', #2584, 39.37007874015748143 ) ;
#2555 = SURFACE_SIDE_STYLE ('',( #121 ) ) ;
#2556 = ORIENTED_EDGE ( 'NONE', *, *, #2831, .T. ) ;
#2557 = FILL_AREA_STYLE ('',( #1511 ) ) ;
#2558 = STYLED_ITEM ( 'NONE', ( #891 ), #3341 ) ;
#2559 =( NAMED_UNIT ( * ) PLANE_ANGLE_UNIT ( ) SI_UNIT ( $, .RADIAN. ) );
#2560 = ORIENTED_EDGE ( 'NONE', *, *, #1149, .F. ) ;
#2561 = AXIS2_PLACEMENT_3D ( 'NONE', #1892, #855, #2631 ) ;
#2562 = DIRECTION ( 'NONE',  ( 0.000000000000000000, 0.000000000000000000, -1.000000000000000000 ) ) ;
#2563 = CARTESIAN_POINT ( 'NONE',  ( 0.06018078117395368742, -0.002377998230702981983, 0.03871913703019033010 ) ) ;
#2564 = EDGE_CURVE ( 'NONE', #2023, #1368, #1883, .T. ) ;
#2565 = LENGTH_MEASURE_WITH_UNIT ( LENGTH_MEASURE( 0.02539999999999999897 ), #1521 );
#2566 = CARTESIAN_POINT ( 'NONE',  ( 0.06791338582677165780, 0.06791338582677165780, 0.000000000000000000 ) ) ;
#2567 = SURFACE_STYLE_FILL_AREA ( #426 ) ;
#2568 = DIMENSIONAL_EXPONENTS ( 1.000000000000000000, 0.000000000000000000, 0.000000000000000000, 0.000000000000000000, 0.000000000000000000, 0.000000000000000000, 0.000000000000000000 ) ;
#2569 = ADVANCED_FACE ( 'NONE', ( #314 ), #885, .T. ) ;
#2570 = CARTESIAN_POINT ( 'NONE',  ( -0.06708139816769616293, 0.06708139816769612129, 0.03302628005745989609 ) ) ;
#2571 = VERTEX_POINT ( 'NONE', #565 ) ;
#2572 = SURFACE_SIDE_STYLE ('',( #963 ) ) ;
#2573 = ORIENTED_EDGE ( 'NONE', *, *, #2564, .F. ) ;
#2574 = FILL_AREA_STYLE_COLOUR ( '', #2309 ) ;
#2575 = VERTEX_POINT ( 'NONE', #2430 ) ;
#2576 = CARTESIAN_POINT ( 'NONE',  ( -0.06594488188976378729, 0.06791338582677165780, 0.03385826771653543260 ) ) ;
#2577 = CARTESIAN_POINT ( 'NONE',  ( 0.05522697974356908374, -0.1085725917147144087, 0.2557916453599753948 ) ) ;
#2578 = SURFACE_STYLE_FILL_AREA ( #757 ) ;
#2579 = CARTESIAN_POINT ( 'NONE',  ( 0.06594488188976378729, 0.06594488188976378729, 0.000000000000000000 ) ) ;
#2580 = PRESENTATION_STYLE_ASSIGNMENT (( #3106 ) ) ;
#2581 = ADVANCED_FACE ( 'NONE', ( #366 ), #2220, .T. ) ;
#2582 = PRESENTATION_STYLE_ASSIGNMENT (( #1847 ) ) ;
#2583 = PLANE ( 'NONE',  #1155 ) ;
#2584 = DIRECTION ( 'NONE',  ( 0.000000000000000000, 0.000000000000000000, -1.000000000000000000 ) ) ;
#2585 = ADVANCED_FACE ( 'NONE', ( #192 ), #3041, .T. ) ;
#2586 = ORIENTED_EDGE ( 'NONE', *, *, #2241, .F. ) ;
#2587 = B_SPLINE_CURVE_WITH_KNOTS ( 'NONE', 3,
 ( #587, #3251, #2646, #1080, #555, #2671, #1622, #1357, #2407 ),
 .UNSPECIFIED., .F., .F.,
 ( 4, 1, 1, 1, 1, 1, 4 ),
 ( 0.000000000000000000, 0.08333333333333375892, 0.1666666666666670182, 0.2500000000000000555, 0.3333333333333339255, 0.4166666666666669627, 0.5000000000000002220 ),
 .UNSPECIFIED. ) ;
#2588 = ORIENTED_EDGE ( 'NONE', *, *, #574, .T. ) ;
#2589 = AXIS2_PLACEMENT_3D ( 'NONE', #1988, #1436, #3301 ) ;
#2590 = CONTEXT_DEPENDENT_SHAPE_REPRESENTATION ( #2400, #2459 ) ;
#2591 =( GEOMETRIC_REPRESENTATION_CONTEXT ( 3 ) GLOBAL_UNCERTAINTY_ASSIGNED_CONTEXT ( ( #2728 ) ) GLOBAL_UNIT_ASSIGNED_CONTEXT ( ( #2410, #3240, #2689 ) ) REPRESENTATION_CONTEXT ( 'NONE', 'WORKASPACE' ) );
#2592 = FACE_OUTER_BOUND ( 'NONE', #470, .T. ) ;
#2593 = ORIENTED_EDGE ( 'NONE', *, *, #537, .T. ) ;
#2594 = UNCERTAINTY_MEASURE_WITH_UNIT (LENGTH_MEASURE( 1.000000000000000082E-05 ), #979, 'distance_accuracy_value', 'NONE');
#2595 =( NAMED_UNIT ( * ) PLANE_ANGLE_UNIT ( ) SI_UNIT ( $, .RADIAN. ) );
#2596 = SURFACE_STYLE_FILL_AREA ( #980 ) ;
#2597 = DIRECTION ( 'NONE',  ( 0.000000000000000000, -0.000000000000000000, 1.000000000000000000 ) ) ;
#2598 =( GEOMETRIC_REPRESENTATION_CONTEXT ( 3 ) GLOBAL_UNCERTAINTY_ASSIGNED_CONTEXT ( ( #1934 ) ) GLOBAL_UNIT_ASSIGNED_CONTEXT ( ( #1409, #410, #2299 ) ) REPRESENTATION_CONTEXT ( 'NONE', 'WORKASPACE' ) );
#2599 = AXIS2_PLACEMENT_3D ( 'NONE', #1390, #675, #638 ) ;
#2600 = MECHANICAL_DESIGN_GEOMETRIC_PRESENTATION_REPRESENTATION (  '', ( #2548 ), #2762 ) ;
#2601 = FILL_AREA_STYLE_COLOUR ( '', #3161 ) ;
#2602 = CLOSED_SHELL ( 'NONE', ( #2181, #2194, #1473, #1206, #805, #1893 ) ) ;
#2603 =( LENGTH_UNIT ( ) NAMED_UNIT ( * ) SI_UNIT ( $, .METRE. ) );
#2604 = FILL_AREA_STYLE ('',( #784 ) ) ;
#2605 = VECTOR ( 'NONE', #767, 39.37007874015748143 ) ;
#2606 = CARTESIAN_POINT ( 'NONE',  ( 0.01687924595938429528, 0.06185232107166654253, 0.03385826771653543954 ) ) ;
#2607 = DIRECTION ( 'NONE',  ( 0.000000000000000000, 0.000000000000000000, -1.000000000000000000 ) ) ;
#2608 = CARTESIAN_POINT ( 'NONE',  ( 0.06012275551999341633, 0.000000000000000000, 0.03755374136515146621 ) ) ;
#2609 = VECTOR ( 'NONE', #527, 39.37007874015748143 ) ;
#2610 = EDGE_CURVE ( 'NONE', #417, #3134, #1445, .T. ) ;
#2611 = MECHANICAL_DESIGN_GEOMETRIC_PRESENTATION_REPRESENTATION (  '', ( #235 ), #2271 ) ;
#2612 = SURFACE_SIDE_STYLE ('',( #1593 ) ) ;
#2613 = EDGE_LOOP ( 'NONE', ( #2108, #917, #155, #1317 ) ) ;
#2614 = DIRECTION ( 'NONE',  ( -1.000000000000000000, -0.000000000000000000, 0.000000000000000000 ) ) ;
#2615 =( CONVERSION_BASED_UNIT ( 'INCH', #2832 ) LENGTH_UNIT ( ) NAMED_UNIT ( #2965 ) );
#2616 = VERTEX_POINT ( 'NONE', #2822 ) ;
#2617 = DIMENSIONAL_EXPONENTS ( 1.000000000000000000, 0.000000000000000000, 0.000000000000000000, 0.000000000000000000, 0.000000000000000000, 0.000000000000000000, 0.000000000000000000 ) ;
#2618 = FACE_OUTER_BOUND ( 'NONE', #864, .T. ) ;
#2619 =( CONVERSION_BASED_UNIT ( 'INCH', #1289 ) LENGTH_UNIT ( ) NAMED_UNIT ( #924 ) );
#2620 =( CONVERSION_BASED_UNIT ( 'INCH', #2315 ) LENGTH_UNIT ( ) NAMED_UNIT ( #1195 ) );
#2621 = CARTESIAN_POINT ( 'NONE',  ( 0.06496062992125983815, -0.06496062992125983815, 0.000000000000000000 ) ) ;
#2622 = CARTESIAN_POINT ( 'NONE',  ( -0.06185058140335424059, 0.01688364434985803464, 0.03385826771653543954 ) ) ;
#2623 = FILL_AREA_STYLE ('',( #2014 ) ) ;
#2624 =( LENGTH_UNIT ( ) NAMED_UNIT ( * ) SI_UNIT ( $, .METRE. ) );
#2625 = ORIENTED_EDGE ( 'NONE', *, *, #3372, .T. ) ;
#2626 = SURFACE_SIDE_STYLE ('',( #3132 ) ) ;
#2627 = EDGE_LOOP ( 'NONE', ( #1031, #1728, #2710, #3280 ) ) ;
#2628 = SURFACE_STYLE_FILL_AREA ( #778 ) ;
#2629 = ADVANCED_FACE ( 'NONE', ( #3062 ), #2933, .T. ) ;
#2630 = SURFACE_SIDE_STYLE ('',( #522 ) ) ;
#2631 = DIRECTION ( 'NONE',  ( 1.000000000000000000, 0.000000000000000000, 0.000000000000000000 ) ) ;
#2632 = DIRECTION ( 'NONE',  ( 1.000000000000000000, 0.000000000000000000, 0.000000000000000000 ) ) ;
#2633 = CARTESIAN_POINT ( 'NONE',  ( 0.02255095584976345505, 0.05996107878614146541, 0.03385826771653543260 ) ) ;
#2634 = FACE_OUTER_BOUND ( 'NONE', #2477, .T. ) ;
#2635 = FILL_AREA_STYLE_COLOUR ( '', #2048 ) ;
#2636 =( NAMED_UNIT ( * ) SI_UNIT ( $, .STERADIAN. ) SOLID_ANGLE_UNIT ( ) );
#2637 = CARTESIAN_POINT ( 'NONE',  ( 0.04888699789060025475, 0.05211465105542223419, 0.03385826771653543260 ) ) ;
#2638 = VERTEX_POINT ( 'NONE', #1345 ) ;
#2639 = ADVANCED_FACE ( 'NONE', ( #2377 ), #2082, .T. ) ;
#2640 = CARTESIAN_POINT ( 'NONE',  ( -0.06708139816769612129, -0.06708139816769610742, 0.03302628005745988915 ) ) ;
#2641 = ORIENTED_EDGE ( 'NONE', *, *, #843, .F. ) ;
#2642 = VECTOR ( 'NONE', #2470, 39.37007874015748143 ) ;
#2643 = LENGTH_MEASURE_WITH_UNIT ( LENGTH_MEASURE( 0.02539999999999999897 ), #2992 );
#2644 = DIRECTION ( 'NONE',  ( 1.000000000000000000, 0.000000000000000000, -0.000000000000000000 ) ) ;
#2645 = EDGE_CURVE ( 'NONE', #1819, #1263, #720, .T. ) ;
#2646 = CARTESIAN_POINT ( 'NONE',  ( 0.06202239067041443593, 0.04850873547084824655, 0.03385826771653543260 ) ) ;
#2647 = SURFACE_STYLE_USAGE ( .BOTH. , #1039 ) ;
#2648 = VECTOR ( 'NONE', #2115, 39.37007874015748143 ) ;
#2649 = SURFACE_STYLE_USAGE ( .BOTH. , #1605 ) ;
#2650 = PRESENTATION_LAYER_ASSIGNMENT (  '', '', ( #2548 ) ) ;
#2651 = SURFACE_STYLE_USAGE ( .BOTH. , #3413 ) ;
#2652 = MECHANICAL_DESIGN_GEOMETRIC_PRESENTATION_REPRESENTATION (  '', ( #940 ), #1500 ) ;
#2654 = ORIENTED_EDGE ( 'NONE', *, *, #3013, .F. ) ;
#2653 = DIRECTION ( 'NONE',  ( -0.000000000000000000, -0.000000000000000000, 1.000000000000000000 ) ) ;
#2655 = LENGTH_MEASURE_WITH_UNIT ( LENGTH_MEASURE( 0.02539999999999999897 ), #1045 );
#2656 = VECTOR ( 'NONE', #581, 39.37007874015748143 ) ;
#2657 = COLOUR_RGB ( '',0.9019607843137255054, 0.9019607843137255054, 0.9019607843137255054 ) ;
#2658 = STYLED_ITEM ( 'NONE', ( #2964 ), #1016 ) ;
#2659 = DIMENSIONAL_EXPONENTS ( 1.000000000000000000, 0.000000000000000000, 0.000000000000000000, 0.000000000000000000, 0.000000000000000000, 0.000000000000000000, 0.000000000000000000 ) ;
#2660 =( NAMED_UNIT ( * ) PLANE_ANGLE_UNIT ( ) SI_UNIT ( $, .RADIAN. ) );
#2661 = COLOUR_RGB ( '',0.9607843137254902244, 0.9607843137254902244, 0.9607843137254902244 ) ;
#2662 = VECTOR ( 'NONE', #2281, 39.37007874015748143 ) ;
#2663 = MECHANICAL_DESIGN_GEOMETRIC_PRESENTATION_REPRESENTATION (  '', ( #2987 ), #1215 ) ;
#2664 = EDGE_LOOP ( 'NONE', ( #535, #1507 ) ) ;
#2665 = PRESENTATION_STYLE_ASSIGNMENT (( #532 ) ) ;
#2666 = AXIS2_PLACEMENT_3D ( 'NONE', #2701, #1141, #1875 ) ;
#2667 = CARTESIAN_POINT ( 'NONE',  ( -0.06641919073914011318, -0.06923098684347650522, 0.03008186471421187003 ) ) ;
#2668 = VERTEX_POINT ( 'NONE', #3127 ) ;
#2669 = CARTESIAN_POINT ( 'NONE',  ( -0.06879251875382839942, 0.06488462522337469507, 0.03298659214174175930 ) ) ;
#2670 = CARTESIAN_POINT ( 'NONE',  ( -0.03297244094488189364, 0.06791338582677165780, 0.03188976377952756208 ) ) ;
#2671 = CARTESIAN_POINT ( 'NONE',  ( 0.05217084608555377229, 0.04586902205513560676, 0.03385826771653543260 ) ) ;
#2672 = FILL_AREA_STYLE ('',( #28 ) ) ;
#2673 =( CONVERSION_BASED_UNIT ( 'INCH', #326 ) LENGTH_UNIT ( ) NAMED_UNIT ( #412 ) );
#2674 = PRODUCT_DEFINITION_FORMATION_WITH_SPECIFIED_SOURCE ( 'ANY', '', #2923, .NOT_KNOWN. ) ;
#2675 = EDGE_CURVE ( 'NONE', #67, #2668, #3230, .T. ) ;
#2676 =( NAMED_UNIT ( * ) PLANE_ANGLE_UNIT ( ) SI_UNIT ( $, .RADIAN. ) );
#2677 = CARTESIAN_POINT ( 'NONE',  ( 0.06708139816769613517, 0.06708139816769610742, 0.03302628005745991691 ) ) ;
#2678 = DIRECTION ( 'NONE',  ( 0.000000000000000000, 0.000000000000000000, -1.000000000000000000 ) ) ;
#2679 = DIRECTION ( 'NONE',  ( -0.000000000000000000, 1.000000000000000000, 0.000000000000000000 ) ) ;
#2680 = FACE_OUTER_BOUND ( 'NONE', #1246, .T. ) ;
#2681 =( NAMED_UNIT ( * ) SI_UNIT ( $, .STERADIAN. ) SOLID_ANGLE_UNIT ( ) );
#2682 = ORIENTED_EDGE ( 'NONE', *, *, #3013, .T. ) ;
#2683 = LINE ( 'NONE', #3208, #2703 ) ;
#2684 = LENGTH_MEASURE_WITH_UNIT ( LENGTH_MEASURE( 0.02539999999999999897 ), #3247 );
#2685 = EDGE_LOOP ( 'NONE', ( #3400, #2058, #2239, #794 ) ) ;
#2686 = DIMENSIONAL_EXPONENTS ( 1.000000000000000000, 0.000000000000000000, 0.000000000000000000, 0.000000000000000000, 0.000000000000000000, 0.000000000000000000, 0.000000000000000000 ) ;
#2687 = CARTESIAN_POINT ( 'NONE',  ( 0.000000000000000000, -0.06496062992125983815, 0.000000000000000000 ) ) ;
#2688 = DIRECTION ( 'NONE',  ( 0.000000000000000000, 0.000000000000000000, 1.000000000000000000 ) ) ;
#2689 =( NAMED_UNIT ( * ) SI_UNIT ( $, .STERADIAN. ) SOLID_ANGLE_UNIT ( ) );
#2690 = CARTESIAN_POINT ( 'NONE',  ( 0.06502005073229231991, 0.06892794426274609365, 0.03271574112390651656 ) ) ;
#2691 = CARTESIAN_POINT ( 'NONE',  ( 0.03056469795973049824, -0.05637370741523214934, 0.03385826771653543260 ) ) ;
#2692 = CARTESIAN_POINT ( 'NONE',  ( -0.06778168899398559488, -0.06690628474306038742, 0.03197576238189894782 ) ) ;
#2693 = LINE ( 'NONE', #2482, #2656 ) ;
#2694 = EDGE_CURVE ( 'NONE', #1986, #1400, #3144, .T. ) ;
#2695 = ORIENTED_EDGE ( 'NONE', *, *, #758, .T. ) ;
#2696 =( LENGTH_UNIT ( ) NAMED_UNIT ( * ) SI_UNIT ( $, .METRE. ) );
#2697 = VERTEX_POINT ( 'NONE', #465 ) ;
#2698 = UNCERTAINTY_MEASURE_WITH_UNIT (LENGTH_MEASURE( 1.000000000000000082E-05 ), #2015, 'distance_accuracy_value', 'NONE');
#2699 = FILL_AREA_STYLE_COLOUR ( '', #3149 ) ;
#2700 = AXIS2_PLACEMENT_3D ( 'NONE', #2458, #2702, #557 ) ;
#2701 = CARTESIAN_POINT ( 'NONE',  ( 0.06594488188976378729, 0.06594488188976378729, 0.03188976377952756208 ) ) ;
#2702 = DIRECTION ( 'NONE',  ( -1.000000000000000000, 0.000000000000000000, 0.000000000000000000 ) ) ;
#2703 = VECTOR ( 'NONE', #2914, 39.37007874015748143 ) ;
#2704 = STYLED_ITEM ( 'NONE', ( #3290 ), #2178 ) ;
#2705 = CARTESIAN_POINT ( 'NONE',  ( -0.02167635164079164886, -0.06028185887616469008, 0.03385826771653543954 ) ) ;
#2706 = PLANE ( 'NONE',  #558 ) ;
#2707 =( CONVERSION_BASED_UNIT ( 'INCH', #593 ) LENGTH_UNIT ( ) NAMED_UNIT ( #2801 ) );
#2708 = VECTOR ( 'NONE', #3102, 39.37007874015748143 ) ;
#2709 = FILL_AREA_STYLE_COLOUR ( '', #274 ) ;
#2710 = ORIENTED_EDGE ( 'NONE', *, *, #2439, .T. ) ;
#2711 = CIRCLE ( 'NONE', #878, 0.001968503937007870519 ) ;
#2712 = EDGE_CURVE ( 'NONE', #2290, #1458, #2109, .T. ) ;
#2713 =( GEOMETRIC_REPRESENTATION_CONTEXT ( 3 ) GLOBAL_UNCERTAINTY_ASSIGNED_CONTEXT ( ( #2858 ) ) GLOBAL_UNIT_ASSIGNED_CONTEXT ( ( #266, #487, #19 ) ) REPRESENTATION_CONTEXT ( 'NONE', 'WORKASPACE' ) );
#2714 = PRESENTATION_LAYER_ASSIGNMENT (  '', '', ( #2987 ) ) ;
#2715 = ORIENTED_EDGE ( 'NONE', *, *, #1146, .F. ) ;
#2716 = FACE_OUTER_BOUND ( 'NONE', #672, .T. ) ;
#2717 = SHAPE_DEFINITION_REPRESENTATION ( #580, #1961 ) ;
#2718 = AXIS2_PLACEMENT_3D ( 'NONE', #3285, #1159, #406 ) ;
#2719 = CARTESIAN_POINT ( 'NONE',  ( 0.06594488188976378729, -0.06791338582677165780, 0.02795275590551181411 ) ) ;
#2720 =( NAMED_UNIT ( * ) PLANE_ANGLE_UNIT ( ) SI_UNIT ( $, .RADIAN. ) );
#2721 = FILL_AREA_STYLE ('',( #862 ) ) ;
#2722 = CARTESIAN_POINT ( 'NONE',  ( -0.06791338582677165780, 0.06594488188976378729, 0.000000000000000000 ) ) ;
#2723 = EDGE_LOOP ( 'NONE', ( #3117, #635, #2431, #1287 ) ) ;
#2724 = PLANE ( 'NONE',  #1655 ) ;
#2725 = CARTESIAN_POINT ( 'NONE',  ( -0.06708139816769612129, 0.06708139816769614905, 0.03302628005745989609 ) ) ;
#2726 = EDGE_CURVE ( 'NONE', #1531, #3305, #2842, .T. ) ;
#2727 = ORIENTED_EDGE ( 'NONE', *, *, #1641, .F. ) ;
#2728 = UNCERTAINTY_MEASURE_WITH_UNIT (LENGTH_MEASURE( 1.000000000000000082E-05 ), #2410, 'distance_accuracy_value', 'NONE');
#2729 = FILL_AREA_STYLE_COLOUR ( '', #1707 ) ;
#2730 = ITEM_DEFINED_TRANSFORMATION ( 'NONE', 'NONE', #3002,  #2945 ) ;
#2731 = EDGE_CURVE ( 'NONE', #3094, #3154, #3172, .T. ) ;
#2732 = UNCERTAINTY_MEASURE_WITH_UNIT (LENGTH_MEASURE( 1.000000000000000082E-05 ), #2673, 'distance_accuracy_value', 'NONE');
#2733 = CARTESIAN_POINT ( 'NONE',  ( 0.02559055118110236532, -0.06496062992125983815, 0.000000000000000000 ) ) ;
#2734 = SURFACE_SIDE_STYLE ('',( #3053 ) ) ;
#2735 = FILL_AREA_STYLE_COLOUR ( '', #3449 ) ;
#2737 = EDGE_LOOP ( 'NONE', ( #2175, #2695, #3231, #2349 ) ) ;
#2736 = CARTESIAN_POINT ( 'NONE',  ( -0.05253982106727996676, -0.03711608812321260525, 0.03385826771653541872 ) ) ;
#2738 = CARTESIAN_POINT ( 'NONE',  ( -0.06708139816769612129, -0.06708139816769612129, 0.03302628005745990997 ) ) ;
#2739 = FILL_AREA_STYLE ('',( #1913 ) ) ;
#2740 = CARTESIAN_POINT ( 'NONE',  ( -0.06594488188976378729, -0.06791338582677165780, 0.03385826771653543260 ) ) ;
#2741 = ORIENTED_EDGE ( 'NONE', *, *, #2304, .F. ) ;
#2742 =( NAMED_UNIT ( * ) PLANE_ANGLE_UNIT ( ) SI_UNIT ( $, .RADIAN. ) );
#2743 = VERTEX_POINT ( 'NONE', #2345 ) ;
#2744 = DIRECTION ( 'NONE',  ( 0.000000000000000000, 0.000000000000000000, 1.000000000000000000 ) ) ;
#2745 = ADVANCED_FACE ( 'NONE', ( #2634 ), #1393, .T. ) ;
#2746 = SURFACE_STYLE_USAGE ( .BOTH. , #1182 ) ;
#2747 = LENGTH_MEASURE_WITH_UNIT ( LENGTH_MEASURE( 0.02539999999999999897 ), #1494 );
#2748 = EDGE_CURVE ( 'NONE', #714, #2954, #626, .T. ) ;
#2749 =( LENGTH_UNIT ( ) NAMED_UNIT ( * ) SI_UNIT ( $, .METRE. ) );
#2750 = CARTESIAN_POINT ( 'NONE',  ( -0.06594488188976378729, -0.06594488188976378729, 0.000000000000000000 ) ) ;
#2752 = ORIENTED_EDGE ( 'NONE', *, *, #858, .T. ) ;
#2751 =( NAMED_UNIT ( * ) PLANE_ANGLE_UNIT ( ) SI_UNIT ( $, .RADIAN. ) );
#2753 = LINE ( 'NONE', #696, #3153 ) ;
#2754 = VERTEX_POINT ( 'NONE', #1910 ) ;
#2755 = FILL_AREA_STYLE ('',( #1706 ) ) ;
#2756 = COLOUR_RGB ( '',0.8627450980392157298, 0.6274509803921568540, 0.05882352941176470507 ) ;
#2757 = AXIS2_PLACEMENT_3D ( 'NONE', #1812, #2856, #2373 ) ;
#2758 =( GEOMETRIC_REPRESENTATION_CONTEXT ( 3 ) GLOBAL_UNCERTAINTY_ASSIGNED_CONTEXT ( ( #853 ) ) GLOBAL_UNIT_ASSIGNED_CONTEXT ( ( #1972, #1234, #90 ) ) REPRESENTATION_CONTEXT ( 'NONE', 'WORKASPACE' ) );
#2759 = VECTOR ( 'NONE', #453, 39.37007874015748143 ) ;
#2760 = LINE ( 'NONE', #596, #2541 ) ;
#2761 = PRODUCT_DEFINITION_SHAPE ( 'NONE', 'NONE',  #3451 ) ;
#2762 =( GEOMETRIC_REPRESENTATION_CONTEXT ( 3 ) GLOBAL_UNCERTAINTY_ASSIGNED_CONTEXT ( ( #1240 ) ) GLOBAL_UNIT_ASSIGNED_CONTEXT ( ( #2036, #2791, #2306 ) ) REPRESENTATION_CONTEXT ( 'NONE', 'WORKASPACE' ) );
#2763 = DIRECTION ( 'NONE',  ( 0.000000000000000000, -1.000000000000000000, 0.000000000000000000 ) ) ;
#2764 = PRESENTATION_LAYER_ASSIGNMENT (  '', '', ( #831 ) ) ;
#2765 = ORIENTED_EDGE ( 'NONE', *, *, #383, .T. ) ;
#2766 = DIRECTION ( 'NONE',  ( 0.000000000000000000, 0.000000000000000000, 1.000000000000000000 ) ) ;
#2767 = MECHANICAL_DESIGN_GEOMETRIC_PRESENTATION_REPRESENTATION (  '', ( #2879 ), #1059 ) ;
#2768 =( GEOMETRIC_REPRESENTATION_CONTEXT ( 3 ) GLOBAL_UNCERTAINTY_ASSIGNED_CONTEXT ( ( #931 ) ) GLOBAL_UNIT_ASSIGNED_CONTEXT ( ( #3005, #1628, #1084 ) ) REPRESENTATION_CONTEXT ( 'NONE', 'WORKASPACE' ) );
#2769 =( NAMED_UNIT ( * ) PLANE_ANGLE_UNIT ( ) SI_UNIT ( $, .RADIAN. ) );
#2770 = DIRECTION ( 'NONE',  ( 0.000000000000000000, 0.000000000000000000, 1.000000000000000000 ) ) ;
#2771 = DIRECTION ( 'NONE',  ( -1.000000000000000000, -0.000000000000000000, 0.000000000000000000 ) ) ;
#2773 = ORIENTED_EDGE ( 'NONE', *, *, #2645, .F. ) ;
#2772 = CARTESIAN_POINT ( 'NONE',  ( 0.06778168899398558100, -0.06690628474306037354, 0.03197576238189892006 ) ) ;
#2774 = EDGE_CURVE ( 'NONE', #1057, #3092, #607, .T. ) ;
#2775 = LENGTH_MEASURE_WITH_UNIT ( LENGTH_MEASURE( 0.02539999999999999897 ), #2029 );
#2776 = MECHANICAL_DESIGN_GEOMETRIC_PRESENTATION_REPRESENTATION (  '', ( #893 ), #3236 ) ;
#2777 = ADVANCED_FACE ( 'NONE', ( #14 ), #1682, .T. ) ;
#2778 = ORIENTED_EDGE ( 'NONE', *, *, #2090, .T. ) ;
#2779 =( NAMED_UNIT ( * ) SI_UNIT ( $, .STERADIAN. ) SOLID_ANGLE_UNIT ( ) );
#2780 = ORIENTED_EDGE ( 'NONE', *, *, #1718, .F. ) ;
#2781 = DIRECTION ( 'NONE',  ( 1.000000000000000000, 0.000000000000000000, 0.000000000000000000 ) ) ;
#2782 = CARTESIAN_POINT ( 'NONE',  ( 0.06405234738404529116, 0.000000000000000000, 0.03385826771653543260 ) ) ;
#2783 = DIRECTION ( 'NONE',  ( -0.000000000000000000, 1.000000000000000000, 0.000000000000000000 ) ) ;
#2784 = DIRECTION ( 'NONE',  ( 1.000000000000000000, 0.000000000000000000, -0.000000000000000000 ) ) ;
#2785 = LINE ( 'NONE', #2285, #277 ) ;
#2786 = ORIENTED_EDGE ( 'NONE', *, *, #1740, .T. ) ;
#2787 = CARTESIAN_POINT ( 'NONE',  ( 0.02559055118110236532, 0.000000000000000000, 0.003937007874015747977 ) ) ;
#2788 = CARTESIAN_POINT ( 'NONE',  ( 0.06708139816769613517, -0.06708139816769613517, 0.03302628005745986833 ) ) ;
#2789 = ORIENTED_EDGE ( 'NONE', *, *, #2031, .F. ) ;
#2790 = EDGE_CURVE ( 'NONE', #1805, #1490, #378, .T. ) ;
#2791 =( NAMED_UNIT ( * ) PLANE_ANGLE_UNIT ( ) SI_UNIT ( $, .RADIAN. ) );
#2792 = ORIENTED_EDGE ( 'NONE', *, *, #2537, .F. ) ;
#2793 = CARTESIAN_POINT ( 'NONE',  ( 0.02559055118110236532, 0.06496062992125983815, 0.000000000000000000 ) ) ;
#2794 = FILL_AREA_STYLE_COLOUR ( '', #3220 ) ;
#2795 = CARTESIAN_POINT ( 'NONE',  ( 0.06791338582677165780, 0.000000000000000000, 0.02401574803149606266 ) ) ;
#2796 = DIRECTION ( 'NONE',  ( 1.000000000000000000, 0.000000000000000000, -0.000000000000000000 ) ) ;
#2797 = SURFACE_STYLE_USAGE ( .BOTH. , #2248 ) ;
#2798 = DIRECTION ( 'NONE',  ( -0.000000000000000000, 0.000000000000000000, 1.000000000000000000 ) ) ;
#2799 = FILL_AREA_STYLE ('',( #1501 ) ) ;
#2800 =( NAMED_UNIT ( * ) PLANE_ANGLE_UNIT ( ) SI_UNIT ( $, .RADIAN. ) );
#2801 = DIMENSIONAL_EXPONENTS ( 1.000000000000000000, 0.000000000000000000, 0.000000000000000000, 0.000000000000000000, 0.000000000000000000, 0.000000000000000000, 0.000000000000000000 ) ;
#2802 = ORIENTED_EDGE ( 'NONE', *, *, #1211, .T. ) ;
#2803 = LINE ( 'NONE', #3150, #493 ) ;
#2804 = ORIENTED_EDGE ( 'NONE', *, *, #377, .T. ) ;
#2805 = STYLED_ITEM ( 'NONE', ( #2357 ), #1491 ) ;
#2806 = EDGE_CURVE ( 'NONE', #452, #662, #168, .T. ) ;
#2807 = STYLED_ITEM ( 'NONE', ( #2230 ), #1677 ) ;
#2808 = STYLED_ITEM ( 'NONE', ( #3157 ), #658 ) ;
#2809 = CARTESIAN_POINT ( 'NONE',  ( 0.000000000000000000, 0.06594488188976378729, 0.03385826771653543260 ) ) ;
#2810 = PRESENTATION_LAYER_ASSIGNMENT (  '', '', ( #2879 ) ) ;
#2811 = AXIS2_PLACEMENT_3D ( 'NONE', #708, #643, #1701 ) ;
#2812 = CARTESIAN_POINT ( 'NONE',  ( 0.05522697974356909761, 0.1085130123770560173, 0.2558207824092932348 ) ) ;
#2813 = AXIS2_PLACEMENT_3D ( 'NONE', #685, #156, #1747 ) ;
#2814 =( NAMED_UNIT ( * ) PLANE_ANGLE_UNIT ( ) SI_UNIT ( $, .RADIAN. ) );
#2815 = STYLED_ITEM ( 'NONE', ( #2192 ), #2745 ) ;
#2816 = MECHANICAL_DESIGN_GEOMETRIC_PRESENTATION_REPRESENTATION (  '', ( #3448 ), #3043 ) ;
#2817 = CARTESIAN_POINT ( 'NONE',  ( 0.03543307086614173873, -0.06496062992125983815, 0.0007874015748031497038 ) ) ;
#2818 = CIRCLE ( 'NONE', #2052, 0.001968503937007870519 ) ;
#2819 = CARTESIAN_POINT ( 'NONE',  ( 0.06770556533661402365, 0.06682522361318889159, 0.03188976377952756208 ) ) ;
#2820 = VECTOR ( 'NONE', #1739, 39.37007874015748143 ) ;
#2821 =( CONVERSION_BASED_UNIT ( 'INCH', #2119 ) LENGTH_UNIT ( ) NAMED_UNIT ( #2081 ) );
#2822 = CARTESIAN_POINT ( 'NONE',  ( -0.06791338582677165780, -0.06594488188976378729, 0.02401574803149606266 ) ) ;
#2823 = COLOUR_RGB ( '',0.000000000000000000, 0.7490196078431372584, 0.000000000000000000 ) ;
#2824 = SURFACE_SIDE_STYLE ('',( #1948 ) ) ;
#2825 = ORIENTED_EDGE ( 'NONE', *, *, #1761, .T. ) ;
#2826 = DIMENSIONAL_EXPONENTS ( 1.000000000000000000, 0.000000000000000000, 0.000000000000000000, 0.000000000000000000, 0.000000000000000000, 0.000000000000000000, 0.000000000000000000 ) ;
#2827 = CARTESIAN_POINT ( 'NONE',  ( 0.06715317519934861645, 0.06600989605192179865, 0.03402600514158172357 ) ) ;
#2828 = ORIENTED_EDGE ( 'NONE', *, *, #700, .F. ) ;
#2829 = CARTESIAN_POINT ( 'NONE',  ( -0.02460277419964353174, 0.05914141468327882567, 0.03385826771653543260 ) ) ;
#2830 =( NAMED_UNIT ( * ) SI_UNIT ( $, .STERADIAN. ) SOLID_ANGLE_UNIT ( ) );
#2831 = EDGE_CURVE ( 'NONE', #1201, #96, #561, .T. ) ;
#2832 = LENGTH_MEASURE_WITH_UNIT ( LENGTH_MEASURE( 0.02539999999999999897 ), #3383 );
#2833 = DIRECTION ( 'NONE',  ( 1.000000000000000000, 0.000000000000000000, -0.000000000000000000 ) ) ;
#2834 = FILL_AREA_STYLE ('',( #1320 ) ) ;
#2835 =( LENGTH_UNIT ( ) NAMED_UNIT ( * ) SI_UNIT ( $, .METRE. ) );
#2836 = ADVANCED_FACE ( 'NONE', ( #970 ), #2019, .T. ) ;
#2837 = CARTESIAN_POINT ( 'NONE',  ( 0.05511811023622047168, 0.000000000000000000, 0.003937007874015747977 ) ) ;
#2838 = FILL_AREA_STYLE ('',( #3408 ) ) ;
#2839 =( LENGTH_UNIT ( ) NAMED_UNIT ( * ) SI_UNIT ( $, .METRE. ) );
#2840 = CARTESIAN_POINT ( 'NONE',  ( -0.06791338582677165780, -0.06594488188976378729, 0.03188976377952756208 ) ) ;
#2841 = CARTESIAN_POINT ( 'NONE',  ( 0.05871022922462591775, 0.02561654022106388609, 0.03385826771653543260 ) ) ;
#2842 = LINE ( 'NONE', #1575, #2554 ) ;
#2843 = CARTESIAN_POINT ( 'NONE',  ( -0.06754537219393080827, 0.06708139816769612129, 0.03256230603122522993 ) ) ;
#2844 = FACE_OUTER_BOUND ( 'NONE', #1151, .T. ) ;
#2845 = LINE ( 'NONE', #195, #2759 ) ;
#2846 = DIRECTION ( 'NONE',  ( 1.000000000000000000, 0.000000000000000000, -0.000000000000000000 ) ) ;
#2847 = EDGE_LOOP ( 'NONE', ( #2037, #2967, #339, #3042 ) ) ;
#2848 = DIRECTION ( 'NONE',  ( 0.000000000000000000, 1.000000000000000000, 0.000000000000000000 ) ) ;
#2849 = FILL_AREA_STYLE ('',( #737 ) ) ;
#2850 = ORIENTED_EDGE ( 'NONE', *, *, #3054, .T. ) ;
#2851 = DIMENSIONAL_EXPONENTS ( 1.000000000000000000, 0.000000000000000000, 0.000000000000000000, 0.000000000000000000, 0.000000000000000000, 0.000000000000000000, 0.000000000000000000 ) ;
#2852 = DIRECTION ( 'NONE',  ( 0.000000000000000000, -0.000000000000000000, -1.000000000000000000 ) ) ;
#2853 = CARTESIAN_POINT ( 'NONE',  ( -0.06023622047244091282, 0.1062340931982333342, 0.2511592711247719323 ) ) ;
#2854 = EDGE_CURVE ( 'NONE', #96, #1263, #1497, .T. ) ;
#2855 = LINE ( 'NONE', #3407, #2151 ) ;
#2856 = DIRECTION ( 'NONE',  ( 0.000000000000000000, 1.000000000000000000, 0.000000000000000000 ) ) ;
#2857 = LINE ( 'NONE', #2566, #275 ) ;
#2858 = UNCERTAINTY_MEASURE_WITH_UNIT (LENGTH_MEASURE( 1.000000000000000082E-05 ), #266, 'distance_accuracy_value', 'NONE');
#2859 = CARTESIAN_POINT ( 'NONE',  ( -0.06594488188976378729, 0.06594488188976378729, 0.03188976377952756208 ) ) ;
#2860 = EDGE_CURVE ( 'NONE', #662, #1331, #2516, .T. ) ;
#2861 = CARTESIAN_POINT ( 'NONE',  ( 0.03904606333163970072, 0.05153350197540145644, 0.03385826771653544648 ) ) ;
#2862 = CARTESIAN_POINT ( 'NONE',  ( 0.06778168899398559488, -0.06690628474306037354, 0.03197576238189894782 ) ) ;
#2863 = CARTESIAN_POINT ( 'NONE',  ( -0.06405234738404530503, -0.1281046947680905268, 0.03385826771653543260 ) ) ;
#2864 = FILL_AREA_STYLE_COLOUR ( '', #611 ) ;
#2865 = EDGE_LOOP ( 'NONE', ( #1189, #1872 ) ) ;
#2866 = AXIS2_PLACEMENT_3D ( 'NONE', #1595, #819, #792 ) ;
#2867 = ORIENTED_EDGE ( 'NONE', *, *, #1641, .T. ) ;
#2868 = UNCERTAINTY_MEASURE_WITH_UNIT (LENGTH_MEASURE( 1.000000000000000082E-05 ), #3252, 'distance_accuracy_value', 'NONE');
#2869 = SURFACE_SIDE_STYLE ('',( #1820 ) ) ;
#2870 = CARTESIAN_POINT ( 'NONE',  ( -0.06594488188976378729, 0.000000000000000000, 0.03385826771653543260 ) ) ;
#2871 = MECHANICAL_DESIGN_GEOMETRIC_PRESENTATION_REPRESENTATION (  '', ( #3160 ), #1382 ) ;
#2872 = MECHANICAL_DESIGN_GEOMETRIC_PRESENTATION_REPRESENTATION (  '', ( #1557 ), #3434 ) ;
#2873 = CIRCLE ( 'NONE', #147, 0.001968503937007874856 ) ;
#2874 = DIRECTION ( 'NONE',  ( 0.000000000000000000, -1.000000000000000000, 0.000000000000000000 ) ) ;
#2875 = DIRECTION ( 'NONE',  ( 0.000000000000000000, 0.000000000000000000, 1.000000000000000000 ) ) ;
#2876 = MECHANICAL_DESIGN_GEOMETRIC_PRESENTATION_REPRESENTATION (  '', ( #3382 ), #1222 ) ;
#2877 = COLOUR_RGB ( '',0.8627450980392157298, 0.6274509803921568540, 0.05882352941176470507 ) ;
#2878 = DIMENSIONAL_EXPONENTS ( 1.000000000000000000, 0.000000000000000000, 0.000000000000000000, 0.000000000000000000, 0.000000000000000000, 0.000000000000000000, 0.000000000000000000 ) ;
#2879 = STYLED_ITEM ( 'NONE', ( #1688 ), #2581 ) ;
#2880 = PRESENTATION_LAYER_ASSIGNMENT (  '', '', ( #876 ) ) ;
#2881 = DIRECTION ( 'NONE',  ( -0.000000000000000000, -0.000000000000000000, 1.000000000000000000 ) ) ;
#2882 = LENGTH_MEASURE_WITH_UNIT ( LENGTH_MEASURE( 0.02539999999999999897 ), #541 );
#2883 = COLOUR_RGB ( '',0.9019607843137255054, 0.9019607843137255054, 0.9019607843137255054 ) ;
#2884 = LENGTH_MEASURE_WITH_UNIT ( LENGTH_MEASURE( 0.02539999999999999897 ), #1012 );
#2885 = EDGE_CURVE ( 'NONE', #1750, #2465, #3036, .T. ) ;
#2886 = ORIENTED_EDGE ( 'NONE', *, *, #719, .T. ) ;
#2887 = AXIS2_PLACEMENT_3D ( 'NONE', #53, #1903, #342 ) ;
#2888 = STYLED_ITEM ( 'NONE', ( #1203 ), #1130 ) ;
#2889 =( NAMED_UNIT ( * ) PLANE_ANGLE_UNIT ( ) SI_UNIT ( $, .RADIAN. ) );
#2890 = VERTEX_POINT ( 'NONE', #660 ) ;
#2891 = DIRECTION ( 'NONE',  ( -0.000000000000000000, 1.000000000000000000, -0.000000000000000000 ) ) ;
#2892 = CARTESIAN_POINT ( 'NONE',  ( 0.02559055118110236532, -0.06496062992125983815, 0.0007874015748031497038 ) ) ;
#2893 =( NAMED_UNIT ( * ) SI_UNIT ( $, .STERADIAN. ) SOLID_ANGLE_UNIT ( ) );
#2894 = CARTESIAN_POINT ( 'NONE',  ( 0.06791338582677165780, 0.06594488188976378729, 0.03188976377952756208 ) ) ;
#2895 = CARTESIAN_POINT ( 'NONE',  ( 0.05637370741522987339, 0.03056469795973276726, 0.03385826771653543260 ) ) ;
#2896 = DIRECTION ( 'NONE',  ( -1.000000000000000000, 0.000000000000000000, 0.000000000000000000 ) ) ;
#2897 = CARTESIAN_POINT ( 'NONE',  ( 0.02559055118110236532, -0.06496062992125983815, 0.000000000000000000 ) ) ;
#2898 = EDGE_CURVE ( 'NONE', #4, #1598, #149, .T. ) ;
#2899 = CARTESIAN_POINT ( 'NONE',  ( -0.02559055118110236532, 0.000000000000000000, 0.003937007874015747977 ) ) ;
#2900 = ORIENTED_EDGE ( 'NONE', *, *, #1908, .T. ) ;
#2901 = CARTESIAN_POINT ( 'NONE',  ( -0.04527559055118110520, -0.06496062992125983815, 0.0007874015748031497038 ) ) ;
#2902 = EDGE_CURVE ( 'NONE', #595, #962, #1200, .T. ) ;
#2903 = ORIENTED_EDGE ( 'NONE', *, *, #1064, .F. ) ;
#2904 = DIRECTION ( 'NONE',  ( 0.000000000000000000, 0.000000000000000000, -1.000000000000000000 ) ) ;
#2905 = DIRECTION ( 'NONE',  ( 0.5773502691896287287, -0.5773502691896243988, 0.5773502691896243988 ) ) ;
#2906 = LENGTH_MEASURE_WITH_UNIT ( LENGTH_MEASURE( 0.02539999999999999897 ), #3186 );
#2907 = FILL_AREA_STYLE ('',( #1132 ) ) ;
#2908 = CARTESIAN_POINT ( 'NONE',  ( 0.06502005073229233378, -0.06892794426274603814, 0.03271574112390653044 ) ) ;
#2909 = CARTESIAN_POINT ( 'NONE',  ( -0.06594488188976378729, 0.06594488188976378729, 0.03188976377952756208 ) ) ;
#2910 = DIRECTION ( 'NONE',  ( 0.5773502691896287287, 0.5773502691896243988, 0.5773502691896243988 ) ) ;
#2911 =( NAMED_UNIT ( * ) PLANE_ANGLE_UNIT ( ) SI_UNIT ( $, .RADIAN. ) );
#2912 = DIRECTION ( 'NONE',  ( 0.000000000000000000, -1.000000000000000000, -0.000000000000000000 ) ) ;
#2913 = EDGE_LOOP ( 'NONE', ( #3193, #2786, #2625, #83, #1869 ) ) ;
#2914 = DIRECTION ( 'NONE',  ( -1.000000000000000000, -0.000000000000000000, 0.000000000000000000 ) ) ;
#2915 = CARTESIAN_POINT ( 'NONE',  ( -0.06754537219393078051, -0.06708139816769610742, 0.03256230603122522993 ) ) ;
#2916 = EDGE_CURVE ( 'NONE', #1598, #2469, #2785, .T. ) ;
#2917 = ORIENTED_EDGE ( 'NONE', *, *, #72, .F. ) ;
#2918 = PRESENTATION_LAYER_ASSIGNMENT (  '', '', ( #2422 ) ) ;
#2919 = CARTESIAN_POINT ( 'NONE',  ( -0.06708139816769613517, 0.06708139816769612129, 0.03302628005745988221 ) ) ;
#2920 = PLANE ( 'NONE',  #3441 ) ;
#2921 = MECHANICAL_DESIGN_GEOMETRIC_PRESENTATION_REPRESENTATION (  '', ( #1377 ), #3217 ) ;
#2922 = DIRECTION ( 'NONE',  ( 1.000000000000000000, 0.000000000000000000, 0.000000000000000000 ) ) ;
#2923 = PRODUCT ( 'green bottom', 'green bottom', '', ( #3264 ) ) ;
#2924 = DIRECTION ( 'NONE',  ( -1.000000000000000000, 0.000000000000000000, 0.000000000000000000 ) ) ;
#2925 = STYLED_ITEM ( 'NONE', ( #3218 ), #1620 ) ;
#2926 =( GEOMETRIC_REPRESENTATION_CONTEXT ( 3 ) GLOBAL_UNCERTAINTY_ASSIGNED_CONTEXT ( ( #586 ) ) GLOBAL_UNIT_ASSIGNED_CONTEXT ( ( #3198, #1369, #1339 ) ) REPRESENTATION_CONTEXT ( 'NONE', 'WORKASPACE' ) );
#2927 = PRESENTATION_STYLE_ASSIGNMENT (( #1667 ) ) ;
#2928 = MECHANICAL_DESIGN_GEOMETRIC_PRESENTATION_REPRESENTATION (  '', ( #161 ), #276 ) ;
#2929 = SURFACE_STYLE_USAGE ( .BOTH. , #15 ) ;
#2930 = CARTESIAN_POINT ( 'NONE',  ( -0.06708139816769610742, -0.06708139816769614905, 0.03302628005745990997 ) ) ;
#2931 = MECHANICAL_DESIGN_GEOMETRIC_PRESENTATION_REPRESENTATION (  '', ( #995 ), #1335 ) ;
#2932 = VECTOR ( 'NONE', #2460, 39.37007874015748143 ) ;
#2933 =( BOUNDED_SURFACE ( )  B_SPLINE_SURFACE ( 3, 3, ( 
 ( #1744, #2788, #2534, #1224 ),
 ( #2270, #3347, #961, #3075 ),
 ( #1589, #2908, #2120, #2862 ),
 ( #743, #540, #211, #3188 ) ),
 .UNSPECIFIED., .F., .F., .F. ) 
 B_SPLINE_SURFACE_WITH_KNOTS ( ( 4, 4 ),
 ( 4, 4 ),
 ( 0.000000000000000000, 1.000000000000000000 ),
 ( 0.000000000000000000, 1.000000000000000000 ),
 .UNSPECIFIED. ) 
 GEOMETRIC_REPRESENTATION_ITEM ( )  RATIONAL_B_SPLINE_SURFACE ( (
 ( 1.000000000000000000, 0.3333333333333305393, 0.3333333333333305393, 1.000000000000000000),
 ( 0.9245018060306376961, 0.3081672686768766600, 0.3081672686768766600, 0.9245018060306376961),
 ( 0.9245018060306376961, 0.3081672686768766600, 0.3081672686768766600, 0.9245018060306376961),
 ( 1.000000000000000000, 0.3333333333333305393, 0.3333333333333305393, 1.000000000000000000) ) ) 
 REPRESENTATION_ITEM ( '' )  SURFACE ( )  );
#2934 = DIRECTION ( 'NONE',  ( 1.000000000000000000, 0.000000000000000000, -0.000000000000000000 ) ) ;
#2935 = AXIS2_PLACEMENT_3D ( 'NONE', #2069, #2881, #2896 ) ;
#2936 = COLOUR_RGB ( '',0.000000000000000000, 0.7490196078431372584, 0.000000000000000000 ) ;
#2937 = ORIENTED_EDGE ( 'NONE', *, *, #683, .F. ) ;
#2938 = CARTESIAN_POINT ( 'NONE',  ( 0.06405234738404527728, 0.000000000000000000, 0.03779527559055118058 ) ) ;
#2939 = ORIENTED_EDGE ( 'NONE', *, *, #533, .F. ) ;
#2940 = COLOUR_RGB ( '',0.9607843137254902244, 0.9607843137254902244, 0.9607843137254902244 ) ;
#2941 = FACE_BOUND ( 'NONE', #2865, .T. ) ;
#2942 = CARTESIAN_POINT ( 'NONE',  ( 0.000000000000000000, 0.000000000000000000, 0.03755374136515146621 ) ) ;
#2943 =( NAMED_UNIT ( * ) PLANE_ANGLE_UNIT ( ) SI_UNIT ( $, .RADIAN. ) );
#2944 = EDGE_CURVE ( 'NONE', #2956, #2571, #3356, .T. ) ;
#2945 = AXIS2_PLACEMENT_3D ( 'NONE', #1808, #1020, #473 ) ;
#2946 =( LENGTH_UNIT ( ) NAMED_UNIT ( * ) SI_UNIT ( $, .METRE. ) );
#2947 = DIMENSIONAL_EXPONENTS ( 1.000000000000000000, 0.000000000000000000, 0.000000000000000000, 0.000000000000000000, 0.000000000000000000, 0.000000000000000000, 0.000000000000000000 ) ;
#2948 = EDGE_CURVE ( 'NONE', #962, #2697, #2475, .T. ) ;
#2949 = LINE ( 'NONE', #590, #486 ) ;
#2950 = CARTESIAN_POINT ( 'NONE',  ( 0.06603088049213515220, 0.06690628474306038742, 0.03372657088374936968 ) ) ;
#2951 = CARTESIAN_POINT ( 'NONE',  ( 0.06349019436769862135, -0.01006793485716519360, 0.03385826771653543954 ) ) ;
#2952 = CARTESIAN_POINT ( 'NONE',  ( 0.000000000000000000, 0.000000000000000000, 0.000000000000000000 ) ) ;
#2953 = SURFACE_SIDE_STYLE ('',( #49 ) ) ;
#2954 = VERTEX_POINT ( 'NONE', #1323 ) ;
#2955 =( NAMED_UNIT ( * ) SI_UNIT ( $, .STERADIAN. ) SOLID_ANGLE_UNIT ( ) );
#2956 = VERTEX_POINT ( 'NONE', #2892 ) ;
#2957 =( NAMED_UNIT ( * ) PLANE_ANGLE_UNIT ( ) SI_UNIT ( $, .RADIAN. ) );
#2958 = PRODUCT_RELATED_PRODUCT_CATEGORY ( 'part', '', ( #1856 ) ) ;
#2959 = PRESENTATION_STYLE_ASSIGNMENT (( #1602 ) ) ;
#2960 = SURFACE_STYLE_FILL_AREA ( #2907 ) ;
#2961 = CARTESIAN_POINT ( 'NONE',  ( 0.06677085923414277646, 0.06892794426274603814, 0.03096493262205607389 ) ) ;
#2962 = CARTESIAN_POINT ( 'NONE',  ( 0.02404979529243105041, -0.05936790515670450213, 0.03385826771653542566 ) ) ;
#2963 = ADVANCED_FACE ( 'NONE', ( #728 ), #1538, .T. ) ;
#2964 = PRESENTATION_STYLE_ASSIGNMENT (( #334 ) ) ;
#2965 = DIMENSIONAL_EXPONENTS ( 1.000000000000000000, 0.000000000000000000, 0.000000000000000000, 0.000000000000000000, 0.000000000000000000, 0.000000000000000000, 0.000000000000000000 ) ;
#2966 = CARTESIAN_POINT ( 'NONE',  ( -0.03543307086614173873, -0.06496062992125983815, 0.0007874015748031497038 ) ) ;
#2967 = ORIENTED_EDGE ( 'NONE', *, *, #1726, .T. ) ;
#2968 = ORIENTED_EDGE ( 'NONE', *, *, #1165, .F. ) ;
#2969 = UNCERTAINTY_MEASURE_WITH_UNIT (LENGTH_MEASURE( 1.000000000000000082E-05 ), #2355, 'distance_accuracy_value', 'NONE');
#2970 = SURFACE_STYLE_FILL_AREA ( #26 ) ;
#2971 =( NAMED_UNIT ( * ) SI_UNIT ( $, .STERADIAN. ) SOLID_ANGLE_UNIT ( ) );
#2972 = CIRCLE ( 'NONE', #2368, 0.001968503937007870519 ) ;
#2973 = LINE ( 'NONE', #293, #1047 ) ;
#2974 = MECHANICAL_DESIGN_GEOMETRIC_PRESENTATION_REPRESENTATION (  '', ( #2147 ), #1046 ) ;
#2975 = CARTESIAN_POINT ( 'NONE',  ( 0.06608167308357427994, 0.06815290028347044393, 0.03295450302580741481 ) ) ;
#2976 =( LENGTH_UNIT ( ) NAMED_UNIT ( * ) SI_UNIT ( $, .METRE. ) );
#2977 = CIRCLE ( 'NONE', #97, 0.001968503937007870519 ) ;
#2978 = DIRECTION ( 'NONE',  ( -1.000000000000000000, -0.000000000000000000, 0.000000000000000000 ) ) ;
#2979 = CARTESIAN_POINT ( 'NONE',  ( -0.06594488188976377341, -0.06682522361318889159, 0.03365044722637780539 ) ) ;
#2980 = AXIS2_PLACEMENT_3D ( 'NONE', #2938, #1774, #3368 ) ;
#2981 = MECHANICAL_DESIGN_GEOMETRIC_PRESENTATION_REPRESENTATION (  '', ( #2807 ), #221 ) ;
#2982 = AXIS2_PLACEMENT_3D ( 'NONE', #779, #460, #1019 ) ;
#2983 = VERTEX_POINT ( 'NONE', #2341 ) ;
#2984 = CIRCLE ( 'NONE', #105, 0.001968503937007874856 ) ;
#2985 = VECTOR ( 'NONE', #837, 39.37007874015748143 ) ;
#2986 =( GEOMETRIC_REPRESENTATION_CONTEXT ( 3 ) GLOBAL_UNCERTAINTY_ASSIGNED_CONTEXT ( ( #89 ) ) GLOBAL_UNIT_ASSIGNED_CONTEXT ( ( #3125, #1825, #2129 ) ) REPRESENTATION_CONTEXT ( 'NONE', 'WORKASPACE' ) );
#2987 = STYLED_ITEM ( 'NONE', ( #2361 ), #1316 ) ;
#2988 = LENGTH_MEASURE_WITH_UNIT ( LENGTH_MEASURE( 0.02539999999999999897 ), #1902 );
#2989 = B_SPLINE_CURVE_WITH_KNOTS ( 'NONE', 3,
 ( #464, #2097, #2302, #2622, #2344, #3373, #1782, #1271, #3411, #1043, #3111, #987, #730, #1588, #2829, #1308, #210, #3171, #1325, #786, #2606, #1798, #2359, #2633, #742, #2861, #1255, #236, #2895, #2068, #2841, #262, #479, #3395, #1542, #191 ),
 .UNSPECIFIED., .F., .F.,
 ( 4, 1, 1, 2, 2, 2, 1, 1, 1, 2, 2, 2, 1, 1, 2, 2, 2, 1, 1, 1, 2, 2, 4 ),
 ( 0.000000000000000000, 0.06250000000000006939, 0.09375000000000008327, 0.1093750000000001249, 0.1250000000000001388, 0.2500000000000000555, 0.3125000000000000000, 0.3437500000000000555, 0.3593750000000000555, 0.3671875000000000555, 0.3750000000000000555, 0.4999999999999998890, 0.5624999999999998890, 0.5937499999999997780, 0.6093749999999997780, 0.6249999999999997780, 0.7500000000000000000, 0.8125000000000002220, 0.8437500000000003331, 0.8593750000000004441, 0.8671875000000004441, 0.8750000000000004441, 1.000000000000000000 ),
 .UNSPECIFIED. ) ;
#2990 = FILL_AREA_STYLE_COLOUR ( '', #2940 ) ;
#2991 = VERTEX_POINT ( 'NONE', #1038 ) ;
#2992 =( LENGTH_UNIT ( ) NAMED_UNIT ( * ) SI_UNIT ( $, .METRE. ) );
#2993 = PRESENTATION_LAYER_ASSIGNMENT (  '', '', ( #3104 ) ) ;
#2994 = PRODUCT_CONTEXT ( 'NONE', #2221, 'mechanical' ) ;
#2995 = CIRCLE ( 'NONE', #2666, 0.001968503937007874856 ) ;
#2996 = SURFACE_STYLE_FILL_AREA ( #3353 ) ;
#2997 = LINE ( 'NONE', #3052, #1455 ) ;
#2998 = CARTESIAN_POINT ( 'NONE',  ( 0.02559055118110236532, -0.06496062992125983815, 0.000000000000000000 ) ) ;
#2999 = MECHANICAL_DESIGN_GEOMETRIC_PRESENTATION_REPRESENTATION (  '', ( #2558 ), #344 ) ;
#3000 = APPLICATION_CONTEXT ( 'automotive_design' ) ;
#3001 = CARTESIAN_POINT ( 'NONE',  ( 0.06708139816769612129, 0.06708139816769612129, 0.03302628005745990997 ) ) ;
#3002 = AXIS2_PLACEMENT_3D ( 'NONE', #1476, #2744, #3283 ) ;
#3004 = ORIENTED_EDGE ( 'NONE', *, *, #2335, .T. ) ;
#3003 = CARTESIAN_POINT ( 'NONE',  ( 0.04217102279155977157, -0.04841474211344413969, 0.03385826771653541872 ) ) ;
#3005 =( CONVERSION_BASED_UNIT ( 'INCH', #1912 ) LENGTH_UNIT ( ) NAMED_UNIT ( #2826 ) );
#3006 = PRESENTATION_STYLE_ASSIGNMENT (( #1429 ) ) ;
#3007 = ORIENTED_EDGE ( 'NONE', *, *, #3076, .F. ) ;
#3008 = DIRECTION ( 'NONE',  ( -0.000000000000000000, 0.000000000000000000, 1.000000000000000000 ) ) ;
#3009 =( LENGTH_UNIT ( ) NAMED_UNIT ( * ) SI_UNIT ( $, .METRE. ) );
#3010 = ORIENTED_EDGE ( 'NONE', *, *, #740, .F. ) ;
#3011 = UNCERTAINTY_MEASURE_WITH_UNIT (LENGTH_MEASURE( 1.000000000000000082E-05 ), #874, 'distance_accuracy_value', 'NONE');
#3012 = CARTESIAN_POINT ( 'NONE',  ( 0.06791338582677165780, 0.06594488188976378729, 0.03385826771653543260 ) ) ;
#3013 = EDGE_CURVE ( 'NONE', #3378, #2954, #2165, .T. ) ;
#3014 = APPLICATION_PROTOCOL_DEFINITION ( 'draft international standard', 'automotive_design', 1998, #86 ) ;
#3015 = DIRECTION ( 'NONE',  ( -1.000000000000000000, -0.000000000000000000, 0.000000000000000000 ) ) ;
#3016 =( NAMED_UNIT ( * ) PLANE_ANGLE_UNIT ( ) SI_UNIT ( $, .RADIAN. ) );
#3017 = SURFACE_SIDE_STYLE ('',( #408 ) ) ;
#3018 = DIRECTION ( 'NONE',  ( 0.000000000000000000, 0.000000000000000000, -1.000000000000000000 ) ) ;
#3020 = ORIENTED_EDGE ( 'NONE', *, *, #120, .T. ) ;
#3019 = CARTESIAN_POINT ( 'NONE',  ( 0.06677224953223637183, -0.06396045342789995203, 0.03499933933669219233 ) ) ;
#3021 = SURFACE_SIDE_STYLE ('',( #2551 ) ) ;
#3022 = CYLINDRICAL_SURFACE ( 'NONE', #2265, 0.001968503937007874856 ) ;
#3023 = ORIENTED_EDGE ( 'NONE', *, *, #357, .T. ) ;
#3024 = CARTESIAN_POINT ( 'NONE',  ( 0.06708139816769612129, 0.06708139816769612129, 0.03302628005745989609 ) ) ;
#3025 = SURFACE_STYLE_USAGE ( .BOTH. , #2824 ) ;
#3026 = ORIENTED_EDGE ( 'NONE', *, *, #1194, .F. ) ;
#3027 = PLANE ( 'NONE',  #3320 ) ;
#3028 = ITEM_DEFINED_TRANSFORMATION ( 'NONE', 'NONE', #2171,  #2945 ) ;
#3029 = EDGE_CURVE ( 'NONE', #2697, #2353, #205, .T. ) ;
#3030 = FACE_OUTER_BOUND ( 'NONE', #1803, .T. ) ;
#3031 = DIMENSIONAL_EXPONENTS ( 1.000000000000000000, 0.000000000000000000, 0.000000000000000000, 0.000000000000000000, 0.000000000000000000, 0.000000000000000000, 0.000000000000000000 ) ;
#3032 = CARTESIAN_POINT ( 'NONE',  ( 0.06185682882060709875, 0.000000000000000000, 0.03385826771653543260 ) ) ;
#3033 =( CONVERSION_BASED_UNIT ( 'INCH', #2747 ) LENGTH_UNIT ( ) NAMED_UNIT ( #395 ) );
#3034 = FILL_AREA_STYLE_COLOUR ( '', #3397 ) ;
#3035 =( NAMED_UNIT ( * ) SI_UNIT ( $, .STERADIAN. ) SOLID_ANGLE_UNIT ( ) );
#3036 = LINE ( 'NONE', #3056, #338 ) ;
#3038 = ORIENTED_EDGE ( 'NONE', *, *, #1536, .T. ) ;
#3037 = CARTESIAN_POINT ( 'NONE',  ( 0.06708139816769612129, -0.06708139816769612129, 0.03302628005745990997 ) ) ;
#3039 = DIRECTION ( 'NONE',  ( 0.000000000000000000, -1.000000000000000000, 0.000000000000000000 ) ) ;
#3040 = VECTOR ( 'NONE', #543, 39.37007874015748143 ) ;
#3041 = CYLINDRICAL_SURFACE ( 'NONE', #3386, 0.001968503937007870519 ) ;
#3042 = ORIENTED_EDGE ( 'NONE', *, *, #2854, .T. ) ;
#3043 =( GEOMETRIC_REPRESENTATION_CONTEXT ( 3 ) GLOBAL_UNCERTAINTY_ASSIGNED_CONTEXT ( ( #1806 ) ) GLOBAL_UNIT_ASSIGNED_CONTEXT ( ( #3033, #2497, #1183 ) ) REPRESENTATION_CONTEXT ( 'NONE', 'WORKASPACE' ) );
#3044 = SURFACE_STYLE_FILL_AREA ( #1731 ) ;
#3045 = STYLED_ITEM ( 'NONE', ( #768 ), #58 ) ;
#3046 = EDGE_LOOP ( 'NONE', ( #2727, #3182, #437, #218 ) ) ;
#3047 = ITEM_DEFINED_TRANSFORMATION ( 'NONE', 'NONE', #2561,  #2945 ) ;
#3048 = STYLED_ITEM ( 'NONE', ( #2071 ), #2522 ) ;
#3049 = MECHANICAL_DESIGN_GEOMETRIC_PRESENTATION_REPRESENTATION (  '', ( #945 ), #2768 ) ;
#3050 = CARTESIAN_POINT ( 'NONE',  ( 0.04953113266984117413, 0.05572056663999627041, 0.03385826771653543260 ) ) ;
#3051 = MECHANICAL_DESIGN_GEOMETRIC_PRESENTATION_REPRESENTATION (  '', ( #50 ), #1344 ) ;
#3052 = CARTESIAN_POINT ( 'NONE',  ( 0.06594488188976378729, 0.000000000000000000, 0.03385826771653543260 ) ) ;
#3053 = SURFACE_STYLE_FILL_AREA ( #915 ) ;
#3054 = EDGE_CURVE ( 'NONE', #1986, #1034, #2112, .T. ) ;
#3055 = CIRCLE ( 'NONE', #2056, 0.001968503937007870519 ) ;
#3056 = CARTESIAN_POINT ( 'NONE',  ( -0.06496062992125983815, 0.06496062992125983815, 0.000000000000000000 ) ) ;
#3057 = ORIENTED_EDGE ( 'NONE', *, *, #1518, .T. ) ;
#3058 = DIRECTION ( 'NONE',  ( -1.000000000000000000, -0.000000000000000000, -0.000000000000000000 ) ) ;
#3059 = CARTESIAN_POINT ( 'NONE',  ( 0.02559055118110236532, 0.06496062992125983815, 0.000000000000000000 ) ) ;
#3060 = EDGE_CURVE ( 'NONE', #2983, #127, #1007, .T. ) ;
#3061 = DIMENSIONAL_EXPONENTS ( 1.000000000000000000, 0.000000000000000000, 0.000000000000000000, 0.000000000000000000, 0.000000000000000000, 0.000000000000000000, 0.000000000000000000 ) ;
#3062 = FACE_OUTER_BOUND ( 'NONE', #2737, .T. ) ;
#3063 = EDGE_LOOP ( 'NONE', ( #2255, #2174, #3197, #2111, #1963 ) ) ;
#3064 = ORIENTED_EDGE ( 'NONE', *, *, #346, .F. ) ;
#3065 = SHAPE_DEFINITION_REPRESENTATION ( #2402, #3069 ) ;
#3066 = CARTESIAN_POINT ( 'NONE',  ( -0.06012275551999340245, 0.1202455110399868049, 0.03755374136515146621 ) ) ;
#3067 = LINE ( 'NONE', #91, #2496 ) ;
#3068 = PLANE ( 'NONE',  #6 ) ;
#3069 = SHAPE_REPRESENTATION ( 'green bottom', ( #2945 ), #2444 ) ;
#3070 = CARTESIAN_POINT ( 'NONE',  ( -0.02559055118110236532, -0.06496062992125983815, 0.000000000000000000 ) ) ;
#3071 = ADVANCED_FACE ( 'NONE', ( #3140 ), #1062, .T. ) ;
#3072 = CARTESIAN_POINT ( 'NONE',  ( 0.06773682409303423413, -0.06659572013568824944, 0.03139949806810599098 ) ) ;
#3073 =( NAMED_UNIT ( * ) SI_UNIT ( $, .STERADIAN. ) SOLID_ANGLE_UNIT ( ) );
#3074 =( LENGTH_UNIT ( ) NAMED_UNIT ( * ) SI_UNIT ( $, .METRE. ) );
#3075 = CARTESIAN_POINT ( 'NONE',  ( 0.06754537219393079439, -0.06708139816769612129, 0.03256230603122526462 ) ) ;
#3076 = EDGE_CURVE ( 'NONE', #343, #614, #2995, .T. ) ;
#3077 = ORIENTED_EDGE ( 'NONE', *, *, #802, .F. ) ;
#3078 = DIRECTION ( 'NONE',  ( -0.000000000000000000, -0.000000000000000000, 1.000000000000000000 ) ) ;
#3079 = DIMENSIONAL_EXPONENTS ( 1.000000000000000000, 0.000000000000000000, 0.000000000000000000, 0.000000000000000000, 0.000000000000000000, 0.000000000000000000, 0.000000000000000000 ) ;
#3080 = DIRECTION ( 'NONE',  ( 0.000000000000000000, 1.000000000000000000, 0.000000000000000000 ) ) ;
#3081 = ORIENTED_EDGE ( 'NONE', *, *, #3060, .T. ) ;
#3082 = SURFACE_STYLE_USAGE ( .BOTH. , #1050 ) ;
#3083 = DIRECTION ( 'NONE',  ( 1.000000000000000000, 0.000000000000000000, 0.000000000000000000 ) ) ;
#3084 = UNCERTAINTY_MEASURE_WITH_UNIT (LENGTH_MEASURE( 1.000000000000000082E-05 ), #2707, 'distance_accuracy_value', 'NONE');
#3085 = SURFACE_STYLE_USAGE ( .BOTH. , #2527 ) ;
#3086 = SURFACE_STYLE_USAGE ( .BOTH. , #2630 ) ;
#3087 = LENGTH_MEASURE_WITH_UNIT ( LENGTH_MEASURE( 0.02539999999999999897 ), #3137 );
#3088 = CARTESIAN_POINT ( 'NONE',  ( 0.06594488188976378729, -0.06594488188976377341, 0.03385826771653543954 ) ) ;
#3089 = ADVANCED_BREP_SHAPE_REPRESENTATION ( '', ( #3319, #989, #2143, #2945 ), #2277 ) ;
#3090 = CARTESIAN_POINT ( 'NONE',  ( -0.06594488188976378729, 0.06594488188976378729, 0.03188976377952756208 ) ) ;
#3091 =( NAMED_UNIT ( * ) SI_UNIT ( $, .STERADIAN. ) SOLID_ANGLE_UNIT ( ) );
#3092 = VERTEX_POINT ( 'NONE', #2191 ) ;
#3093 = EDGE_CURVE ( 'NONE', #3297, #2983, #1517, .T. ) ;
#3094 = VERTEX_POINT ( 'NONE', #306 ) ;
#3095 = MECHANICAL_DESIGN_GEOMETRIC_PRESENTATION_REPRESENTATION (  '', ( #937 ), #1272 ) ;
#3096 =( LENGTH_UNIT ( ) NAMED_UNIT ( * ) SI_UNIT ( $, .METRE. ) );
#3097 =( GEOMETRIC_REPRESENTATION_CONTEXT ( 3 ) GLOBAL_UNCERTAINTY_ASSIGNED_CONTEXT ( ( #2419 ) ) GLOBAL_UNIT_ASSIGNED_CONTEXT ( ( #524, #2342, #2893 ) ) REPRESENTATION_CONTEXT ( 'NONE', 'WORKASPACE' ) );
#3098 = MECHANICAL_DESIGN_GEOMETRIC_PRESENTATION_REPRESENTATION (  '', ( #3325 ), #2259 ) ;
#3099 = COLOUR_RGB ( '',0.8627450980392157298, 0.6274509803921568540, 0.05882352941176470507 ) ;
#3100 = DIMENSIONAL_EXPONENTS ( 1.000000000000000000, 0.000000000000000000, 0.000000000000000000, 0.000000000000000000, 0.000000000000000000, 0.000000000000000000, 0.000000000000000000 ) ;
#3101 = LENGTH_MEASURE_WITH_UNIT ( LENGTH_MEASURE( 0.02539999999999999897 ), #2088 );
#3102 = DIRECTION ( 'NONE',  ( 0.000000000000000000, -1.000000000000000000, -0.000000000000000000 ) ) ;
#3103 = CARTESIAN_POINT ( 'NONE',  ( -0.06023622047244093364, 0.1153827229887410405, 0.03882975657952026510 ) ) ;
#3104 = STYLED_ITEM ( 'NONE', ( #3203 ), #2777 ) ;
#3105 = AXIS2_PLACEMENT_3D ( 'NONE', #170, #899, #1752 ) ;
#3106 = SURFACE_STYLE_USAGE ( .BOTH. , #1824 ) ;
#3107 = SURFACE_STYLE_FILL_AREA ( #762 ) ;
#3108 = UNCERTAINTY_MEASURE_WITH_UNIT (LENGTH_MEASURE( 1.000000000000000082E-05 ), #900, 'distance_accuracy_value', 'NONE');
#3109 = SURFACE_SIDE_STYLE ('',( #1065 ) ) ;
#3110 =( GEOMETRIC_REPRESENTATION_CONTEXT ( 3 ) GLOBAL_UNCERTAINTY_ASSIGNED_CONTEXT ( ( #644 ) ) GLOBAL_UNIT_ASSIGNED_CONTEXT ( ( #2046, #1861, #1305 ) ) REPRESENTATION_CONTEXT ( 'NONE', 'WORKASPACE' ) );
#3111 = CARTESIAN_POINT ( 'NONE',  ( -0.03711608812321007950, 0.05253982106728561502, 0.03385826771653542566 ) ) ;
#3112 = CARTESIAN_POINT ( 'NONE',  ( -0.06502005073229233378, 0.06892794426274607977, 0.03271574112390652350 ) ) ;
#3113 =( NAMED_UNIT ( * ) SI_UNIT ( $, .STERADIAN. ) SOLID_ANGLE_UNIT ( ) );
#3114 = LENGTH_MEASURE_WITH_UNIT ( LENGTH_MEASURE( 0.02539999999999999897 ), #1487 );
#3115 = EDGE_CURVE ( 'NONE', #1387, #2483, #2587, .T. ) ;
#3116 = VERTEX_POINT ( 'NONE', #1370 ) ;
#3117 = ORIENTED_EDGE ( 'NONE', *, *, #3076, .T. ) ;
#3118 = UNCERTAINTY_MEASURE_WITH_UNIT (LENGTH_MEASURE( 1.000000000000000082E-05 ), #1348, 'distance_accuracy_value', 'NONE');
#3119 = CARTESIAN_POINT ( 'NONE',  ( -0.06012275551999341633, 7.603532115261208925E-18, 0.03755374136515146621 ) ) ;
#3120 = LINE ( 'NONE', #2870, #2708 ) ;
#3121 = DIRECTION ( 'NONE',  ( 0.000000000000000000, -0.000000000000000000, -1.000000000000000000 ) ) ;
#3122 = DIRECTION ( 'NONE',  ( 0.000000000000000000, 1.000000000000000000, 0.000000000000000000 ) ) ;
#3123 = FILL_AREA_STYLE_COLOUR ( '', #171 ) ;
#3124 = DIRECTION ( 'NONE',  ( 1.000000000000000000, 0.000000000000000000, 0.000000000000000000 ) ) ;
#3125 =( CONVERSION_BASED_UNIT ( 'INCH', #2067 ) LENGTH_UNIT ( ) NAMED_UNIT ( #226 ) );
#3126 = FILL_AREA_STYLE ('',( #2325 ) ) ;
#3127 = CARTESIAN_POINT ( 'NONE',  ( 0.06791338582677165780, -0.06594488188976378729, 0.02401574803149606266 ) ) ;
#3128 = CARTESIAN_POINT ( 'NONE',  ( -0.06791338582677165780, 0.000000000000000000, 0.02401574803149606266 ) ) ;
#3129 =( NAMED_UNIT ( * ) PLANE_ANGLE_UNIT ( ) SI_UNIT ( $, .RADIAN. ) );
#3130 = SURFACE_STYLE_USAGE ( .BOTH. , #2133 ) ;
#3131 = ORIENTED_EDGE ( 'NONE', *, *, #912, .T. ) ;
#3132 = SURFACE_STYLE_FILL_AREA ( #1032 ) ;
#3133 = FILL_AREA_STYLE_COLOUR ( '', #2823 ) ;
#3134 = VERTEX_POINT ( 'NONE', #2421 ) ;
#3135 = FILL_AREA_STYLE ('',( #471 ) ) ;
#3136 = DIRECTION ( 'NONE',  ( -1.000000000000000000, 0.000000000000000000, 0.000000000000000000 ) ) ;
#3137 =( LENGTH_UNIT ( ) NAMED_UNIT ( * ) SI_UNIT ( $, .METRE. ) );
#3138 = FILL_AREA_STYLE_COLOUR ( '', #279 ) ;
#3139 = EDGE_CURVE ( 'NONE', #298, #2386, #3055, .T. ) ;
#3140 = FACE_OUTER_BOUND ( 'NONE', #3063, .T. ) ;
#3141 = CARTESIAN_POINT ( 'NONE',  ( 0.04527559055118110520, 0.06496062992125983815, 0.000000000000000000 ) ) ;
#3142 = UNCERTAINTY_MEASURE_WITH_UNIT (LENGTH_MEASURE( 1.000000000000000082E-05 ), #797, 'distance_accuracy_value', 'NONE');
#3143 = EDGE_CURVE ( 'NONE', #827, #127, #445, .T. ) ;
#3144 = LINE ( 'NONE', #2054, #2609 ) ;
#3145 = CARTESIAN_POINT ( 'NONE',  ( -0.02559055118110236532, 0.000000000000000000, 0.0007874015748031497038 ) ) ;
#3146 = LINE ( 'NONE', #283, #2432 ) ;
#3147 = LENGTH_MEASURE_WITH_UNIT ( LENGTH_MEASURE( 0.02539999999999999897 ), #2624 );
#3148 = DIMENSIONAL_EXPONENTS ( 1.000000000000000000, 0.000000000000000000, 0.000000000000000000, 0.000000000000000000, 0.000000000000000000, 0.000000000000000000, 0.000000000000000000 ) ;
#3149 = COLOUR_RGB ( '',0.9607843137254902244, 0.9607843137254902244, 0.9607843137254902244 ) ;
#3150 = CARTESIAN_POINT ( 'NONE',  ( -0.06496062992125983815, 0.000000000000000000, 0.003937007874015747977 ) ) ;
#3151 = VERTEX_POINT ( 'NONE', #2793 ) ;
#3152 = DIRECTION ( 'NONE',  ( -0.000000000000000000, -0.000000000000000000, 1.000000000000000000 ) ) ;
#3153 = VECTOR ( 'NONE', #136, 39.37007874015748143 ) ;
#3154 = VERTEX_POINT ( 'NONE', #674 ) ;
#3155 = UNCERTAINTY_MEASURE_WITH_UNIT (LENGTH_MEASURE( 1.000000000000000082E-05 ), #2620, 'distance_accuracy_value', 'NONE');
#3156 = DIRECTION ( 'NONE',  ( 0.5773502691896243988, -0.5773502691896287287, 0.5773502691896243988 ) ) ;
#3157 = PRESENTATION_STYLE_ASSIGNMENT (( #1036 ) ) ;
#3158 = SURFACE_SIDE_STYLE ('',( #2596 ) ) ;
#3159 = CARTESIAN_POINT ( 'NONE',  ( 0.06594488188976377341, 0.06594488188976378729, 0.03188976377952756208 ) ) ;
#3160 = STYLED_ITEM ( 'NONE', ( #353 ), #2283 ) ;
#3161 = COLOUR_RGB ( '',0.9607843137254902244, 0.9607843137254902244, 0.9607843137254902244 ) ;
#3162 = MECHANICAL_DESIGN_GEOMETRIC_PRESENTATION_REPRESENTATION (  '', ( #1714 ), #1657 ) ;
#3163 = MECHANICAL_DESIGN_GEOMETRIC_PRESENTATION_REPRESENTATION (  '', ( #2808 ), #2543 ) ;
#3164 = LENGTH_MEASURE_WITH_UNIT ( LENGTH_MEASURE( 0.02539999999999999897 ), #2092 );
#3165 = VECTOR ( 'NONE', #2978, 39.37007874015748143 ) ;
#3166 = MECHANICAL_DESIGN_GEOMETRIC_PRESENTATION_REPRESENTATION (  '', ( #331 ), #717 ) ;
#3167 = PRODUCT_DEFINITION ( 'UNKNOWN', '', #955, #425 ) ;
#3168 = DIRECTION ( 'NONE',  ( -1.000000000000000000, -0.000000000000000000, 0.000000000000000000 ) ) ;
#3169 = DIRECTION ( 'NONE',  ( -0.000000000000000000, 1.000000000000000000, 0.000000000000000000 ) ) ;
#3170 = PRESENTATION_LAYER_ASSIGNMENT (  '', '', ( #1226 ) ) ;
#3171 = CARTESIAN_POINT ( 'NONE',  ( -0.008131318926473502309, 0.06404969646090269420, 0.03385826771653542566 ) ) ;
#3172 = LINE ( 'NONE', #1558, #1061 ) ;
#3173 = EDGE_CURVE ( 'NONE', #595, #2956, #930, .T. ) ;
#3174 = SURFACE_SIDE_STYLE ('',( #1577 ) ) ;
#3175 =( GEOMETRIC_REPRESENTATION_CONTEXT ( 3 ) GLOBAL_UNCERTAINTY_ASSIGNED_CONTEXT ( ( #2007 ) ) GLOBAL_UNIT_ASSIGNED_CONTEXT ( ( #330, #2146, #576 ) ) REPRESENTATION_CONTEXT ( 'NONE', 'WORKASPACE' ) );
#3176 =( CONVERSION_BASED_UNIT ( 'INCH', #2655 ) LENGTH_UNIT ( ) NAMED_UNIT ( #3308 ) );
#3177 = VECTOR ( 'NONE', #3302, 39.37007874015748143 ) ;
#3178 = DIRECTION ( 'NONE',  ( 1.000000000000000000, 0.000000000000000000, -0.000000000000000000 ) ) ;
#3179 = EDGE_LOOP ( 'NONE', ( #1930, #287, #2778, #25, #3077 ) ) ;
#3180 = MECHANICAL_DESIGN_GEOMETRIC_PRESENTATION_REPRESENTATION (  '', ( #1730 ), #1176 ) ;
#3181 = SURFACE_STYLE_FILL_AREA ( #1871 ) ;
#3182 = ORIENTED_EDGE ( 'NONE', *, *, #1322, .F. ) ;
#3183 = FILL_AREA_STYLE_COLOUR ( '', #2100 ) ;
#3184 = DIRECTION ( 'NONE',  ( -0.000000000000000000, 1.000000000000000000, 0.000000000000000000 ) ) ;
#3185 = CARTESIAN_POINT ( 'NONE',  ( -0.03543307086614173873, 0.000000000000000000, 0.0007874015748031497038 ) ) ;
#3186 =( LENGTH_UNIT ( ) NAMED_UNIT ( * ) SI_UNIT ( $, .METRE. ) );
#3187 = FACE_OUTER_BOUND ( 'NONE', #1643, .T. ) ;
#3188 = CARTESIAN_POINT ( 'NONE',  ( 0.06773682409303426188, -0.06659572013568822169, 0.03139949806810603261 ) ) ;
#3189 = APPLICATION_CONTEXT ( 'automotive_design' ) ;
#3190 = CARTESIAN_POINT ( 'NONE',  ( 0.06594488188976378729, -0.06791338582677165780, 0.02401574803149606266 ) ) ;
#3191 = EDGE_CURVE ( 'NONE', #380, #662, #2207, .T. ) ;
#3192 =( CONVERSION_BASED_UNIT ( 'INCH', #217 ) LENGTH_UNIT ( ) NAMED_UNIT ( #3249 ) );
#3193 = ORIENTED_EDGE ( 'NONE', *, *, #758, .F. ) ;
#3194 = CARTESIAN_POINT ( 'NONE',  ( -0.04527559055118110520, 0.06496062992125983815, 0.000000000000000000 ) ) ;
#3195 = EDGE_CURVE ( 'NONE', #2483, #1387, #2252, .T. ) ;
#3196 = PLANE ( 'NONE',  #2887 ) ;
#3197 = ORIENTED_EDGE ( 'NONE', *, *, #2090, .F. ) ;
#3198 =( CONVERSION_BASED_UNIT ( 'INCH', #2643 ) LENGTH_UNIT ( ) NAMED_UNIT ( #196 ) );
#3199 = SHAPE_REPRESENTATION_RELATIONSHIP ( 'NONE' , 'NONE' ,  #1145, #1069 ) ;
#3200 =( NAMED_UNIT ( * ) PLANE_ANGLE_UNIT ( ) SI_UNIT ( $, .RADIAN. ) );
#3201 = DIRECTION ( 'NONE',  ( 0.000000000000000000, 0.000000000000000000, -1.000000000000000000 ) ) ;
#3202 = PRESENTATION_STYLE_ASSIGNMENT (( #2649 ) ) ;
#3203 = PRESENTATION_STYLE_ASSIGNMENT (( #2130 ) ) ;
#3204 =( LENGTH_UNIT ( ) NAMED_UNIT ( * ) SI_UNIT ( $, .METRE. ) );
#3205 = DIRECTION ( 'NONE',  ( 1.000000000000000000, 0.000000000000000000, -0.000000000000000000 ) ) ;
#3206 = FILL_AREA_STYLE ('',( #264 ) ) ;
#3207 = ORIENTED_EDGE ( 'NONE', *, *, #3115, .T. ) ;
#3208 = CARTESIAN_POINT ( 'NONE',  ( 0.000000000000000000, 0.06791338582677165780, 0.02401574803149606266 ) ) ;
#3209 = EDGE_CURVE ( 'NONE', #354, #2333, #1970, .T. ) ;
#3210 = FACE_OUTER_BOUND ( 'NONE', #1416, .T. ) ;
#3211 = CARTESIAN_POINT ( 'NONE',  ( -0.06677085923414274871, -0.06892794426274603814, 0.03096493262205609470 ) ) ;
#3212 = ORIENTED_EDGE ( 'NONE', *, *, #719, .F. ) ;
#3213 = AXIS2_PLACEMENT_3D ( 'NONE', #736, #2848, #3401 ) ;
#3214 =( LENGTH_UNIT ( ) NAMED_UNIT ( * ) SI_UNIT ( $, .METRE. ) );
#3215 = ADVANCED_FACE ( 'NONE', ( #3030 ), #1493, .F. ) ;
#3216 = LINE ( 'NONE', #2670, #873 ) ;
#3217 =( GEOMETRIC_REPRESENTATION_CONTEXT ( 3 ) GLOBAL_UNCERTAINTY_ASSIGNED_CONTEXT ( ( #1140 ) ) GLOBAL_UNIT_ASSIGNED_CONTEXT ( ( #1366, #567, #1076 ) ) REPRESENTATION_CONTEXT ( 'NONE', 'WORKASPACE' ) );
#3218 = PRESENTATION_STYLE_ASSIGNMENT (( #73 ) ) ;
#3219 = PRESENTATION_LAYER_ASSIGNMENT (  '', '', ( #2925 ) ) ;
#3220 = COLOUR_RGB ( '',0.9019607843137255054, 0.9019607843137255054, 0.9019607843137255054 ) ;
#3221 = PRESENTATION_LAYER_ASSIGNMENT (  '', '', ( #664 ) ) ;
#3222 = PRESENTATION_LAYER_ASSIGNMENT (  '', '', ( #161 ) ) ;
#3223 = SURFACE_SIDE_STYLE ('',( #1361 ) ) ;
#3224 = CARTESIAN_POINT ( 'NONE',  ( -0.06754537219393080827, -0.06708139816769612129, 0.03256230603122524381 ) ) ;
#3225 =( NAMED_UNIT ( * ) SI_UNIT ( $, .STERADIAN. ) SOLID_ANGLE_UNIT ( ) );
#3226 = COLOUR_RGB ( '',0.9607843137254902244, 0.9607843137254902244, 0.9607843137254902244 ) ;
#3227 =( GEOMETRIC_REPRESENTATION_CONTEXT ( 3 ) GLOBAL_UNCERTAINTY_ASSIGNED_CONTEXT ( ( #1142 ) ) GLOBAL_UNIT_ASSIGNED_CONTEXT ( ( #411, #1960, #1469 ) ) REPRESENTATION_CONTEXT ( 'NONE', 'WORKASPACE' ) );
#3228 = MECHANICAL_DESIGN_GEOMETRIC_PRESENTATION_REPRESENTATION (  '', ( #2385 ), #2158 ) ;
#3229 = DIMENSIONAL_EXPONENTS ( 1.000000000000000000, 0.000000000000000000, 0.000000000000000000, 0.000000000000000000, 0.000000000000000000, 0.000000000000000000, 0.000000000000000000 ) ;
#3230 = CIRCLE ( 'NONE', #1617, 0.001968503937007870519 ) ;
#3231 = ORIENTED_EDGE ( 'NONE', *, *, #212, .F. ) ;
#3232 = VECTOR ( 'NONE', #1791, 39.37007874015748143 ) ;
#3233 = LINE ( 'NONE', #1124, #772 ) ;
#3234 = EDGE_CURVE ( 'NONE', #752, #2991, #245, .T. ) ;
#3235 = ORIENTED_EDGE ( 'NONE', *, *, #3372, .F. ) ;
#3236 =( GEOMETRIC_REPRESENTATION_CONTEXT ( 3 ) GLOBAL_UNCERTAINTY_ASSIGNED_CONTEXT ( ( #3108 ) ) GLOBAL_UNIT_ASSIGNED_CONTEXT ( ( #900, #2769, #1699 ) ) REPRESENTATION_CONTEXT ( 'NONE', 'WORKASPACE' ) );
#3237 = ADVANCED_FACE ( 'NONE', ( #1033 ), #2366, .T. ) ;
#3238 = DIRECTION ( 'NONE',  ( 0.000000000000000000, -0.000000000000000000, -1.000000000000000000 ) ) ;
#3239 = FILL_AREA_STYLE_COLOUR ( '', #1446 ) ;
#3240 =( NAMED_UNIT ( * ) PLANE_ANGLE_UNIT ( ) SI_UNIT ( $, .RADIAN. ) );
#3241 = LENGTH_MEASURE_WITH_UNIT ( LENGTH_MEASURE( 0.02539999999999999897 ), #2976 );
#3242 = DIRECTION ( 'NONE',  ( -0.000000000000000000, 1.000000000000000000, 0.000000000000000000 ) ) ;
#3243 = FILL_AREA_STYLE ('',( #2709 ) ) ;
#3244 = VERTEX_POINT ( 'NONE', #722 ) ;
#3245 = CARTESIAN_POINT ( 'NONE',  ( 0.04527559055118110520, -0.06496062992125983815, 0.000000000000000000 ) ) ;
#3246 = PRODUCT_DEFINITION_SHAPE ( 'NONE', 'NONE',  #3450 ) ;
#3247 =( LENGTH_UNIT ( ) NAMED_UNIT ( * ) SI_UNIT ( $, .METRE. ) );
#3248 = EDGE_LOOP ( 'NONE', ( #2917, #1075, #684, #1108 ) ) ;
#3249 = DIMENSIONAL_EXPONENTS ( 1.000000000000000000, 0.000000000000000000, 0.000000000000000000, 0.000000000000000000, 0.000000000000000000, 0.000000000000000000, 0.000000000000000000 ) ;
#3250 = SURFACE_STYLE_USAGE ( .BOTH. , #2869 ) ;
#3251 = CARTESIAN_POINT ( 'NONE',  ( 0.06266652544965535532, 0.05091267919389757396, 0.03385826771653543260 ) ) ;
#3252 =( CONVERSION_BASED_UNIT ( 'INCH', #1096 ) LENGTH_UNIT ( ) NAMED_UNIT ( #2035 ) );
#3253 = DIRECTION ( 'NONE',  ( 0.000000000000000000, 0.000000000000000000, -1.000000000000000000 ) ) ;
#3254 = LENGTH_MEASURE_WITH_UNIT ( LENGTH_MEASURE( 0.02539999999999999897 ), #74 );
#3255 = CARTESIAN_POINT ( 'NONE',  ( 0.06594488188976378729, -0.06791338582677165780, 0.000000000000000000 ) ) ;
#3256 = CARTESIAN_POINT ( 'NONE',  ( -0.06704171025197802614, -0.06488462522337472282, 0.03473740064359219504 ) ) ;
#3257 = FACE_OUTER_BOUND ( 'NONE', #371, .T. ) ;
#3258 =( CONVERSION_BASED_UNIT ( 'INCH', #102 ) LENGTH_UNIT ( ) NAMED_UNIT ( #3148 ) );
#3259 = VERTEX_POINT ( 'NONE', #704 ) ;
#3260 = CARTESIAN_POINT ( 'NONE',  ( 0.02559055118110236532, -0.06496062992125983815, 0.000000000000000000 ) ) ;
#3261 = FACE_OUTER_BOUND ( 'NONE', #943, .T. ) ;
#3262 = ORIENTED_EDGE ( 'NONE', *, *, #212, .T. ) ;
#3263 = CARTESIAN_POINT ( 'NONE',  ( -0.06545461617834223700, 0.06659572013568824944, 0.03368170598279804362 ) ) ;
#3264 = PRODUCT_CONTEXT ( 'NONE', #3000, 'mechanical' ) ;
#3265 = AXIS2_PLACEMENT_3D ( 'NONE', #3012, #85, #926 ) ;
#3266 = UNCERTAINTY_MEASURE_WITH_UNIT (LENGTH_MEASURE( 1.000000000000000082E-05 ), #282, 'distance_accuracy_value', 'NONE');
#3267 = SURFACE_SIDE_STYLE ('',( #589 ) ) ;
#3268 = CARTESIAN_POINT ( 'NONE',  ( -0.04527559055118110520, -0.06496062992125983815, 0.000000000000000000 ) ) ;
#3269 = EDGE_CURVE ( 'NONE', #1331, #67, #1769, .T. ) ;
#3270 = PRESENTATION_STYLE_ASSIGNMENT (( #1922 ) ) ;
#3271 = VECTOR ( 'NONE', #983, 39.37007874015748143 ) ;
#3272 = SURFACE_STYLE_FILL_AREA ( #2412 ) ;
#3273 = STYLED_ITEM ( 'NONE', ( #2420 ), #1809 ) ;
#3274 = SURFACE_SIDE_STYLE ('',( #2464 ) ) ;
#3275 = EDGE_CURVE ( 'NONE', #614, #1549, #1262, .T. ) ;
#3276 = ORIENTED_EDGE ( 'NONE', *, *, #377, .F. ) ;
#3277 = CARTESIAN_POINT ( 'NONE',  ( 0.04527559055118110520, 0.06496062992125983815, 0.000000000000000000 ) ) ;
#3278 = MECHANICAL_DESIGN_GEOMETRIC_PRESENTATION_REPRESENTATION (  '', ( #3104 ), #3175 ) ;
#3279 = CIRCLE ( 'NONE', #3105, 0.001968503937007874856 ) ;
#3280 = ORIENTED_EDGE ( 'NONE', *, *, #1908, .F. ) ;
#3281 =( NAMED_UNIT ( * ) SI_UNIT ( $, .STERADIAN. ) SOLID_ANGLE_UNIT ( ) );
#3282 = MECHANICAL_DESIGN_GEOMETRIC_PRESENTATION_REPRESENTATION (  '', ( #1941 ), #3110 ) ;
#3283 = DIRECTION ( 'NONE',  ( 1.000000000000000000, 0.000000000000000000, 0.000000000000000000 ) ) ;
#3284 = PRESENTATION_LAYER_ASSIGNMENT (  '', '', ( #1671 ) ) ;
#3285 = CARTESIAN_POINT ( 'NONE',  ( -0.06594488188976378729, 0.06594488188976378729, 0.000000000000000000 ) ) ;
#3286 =( LENGTH_UNIT ( ) NAMED_UNIT ( * ) SI_UNIT ( $, .METRE. ) );
#3287 = CARTESIAN_POINT ( 'NONE',  ( -0.06594488188976378729, -0.06594488188976378729, 0.03188976377952756208 ) ) ;
#3288 = LENGTH_MEASURE_WITH_UNIT ( LENGTH_MEASURE( 0.02539999999999999897 ), #1738 );
#3289 = COLOUR_RGB ( '',0.9607843137254902244, 0.9607843137254902244, 0.9607843137254902244 ) ;
#3290 = PRESENTATION_STYLE_ASSIGNMENT (( #2797 ) ) ;
#3291 = SURFACE_STYLE_USAGE ( .BOTH. , #694 ) ;
#3293 = ORIENTED_EDGE ( 'NONE', *, *, #594, .F. ) ;
#3292 = CARTESIAN_POINT ( 'NONE',  ( 0.06012275551999341633, -1.472582802069576052E-17, 0.03755374136515146621 ) ) ;
#3294 = DIRECTION ( 'NONE',  ( -0.000000000000000000, 1.000000000000000000, 0.000000000000000000 ) ) ;
#3295 = PRODUCT_DEFINITION_CONTEXT ( 'detailed design', #3361, 'design' ) ;
#3296 =( NAMED_UNIT ( * ) SI_UNIT ( $, .STERADIAN. ) SOLID_ANGLE_UNIT ( ) );
#3297 = VERTEX_POINT ( 'NONE', #1548 ) ;
#3298 = PLANE ( 'NONE',  #548 ) ;
#3299 = FILL_AREA_STYLE_COLOUR ( '', #1991 ) ;
#3300 = EDGE_LOOP ( 'NONE', ( #2825, #2937, #1013, #2765 ) ) ;
#3301 = DIRECTION ( 'NONE',  ( 1.000000000000000000, 0.000000000000000000, -0.000000000000000000 ) ) ;
#3302 = DIRECTION ( 'NONE',  ( -0.000000000000000000, 0.000000000000000000, 1.000000000000000000 ) ) ;
#3303 = CARTESIAN_POINT ( 'NONE',  ( 0.06594488188976378729, -0.06594488188976378729, 0.03188976377952756208 ) ) ;
#3305 = VERTEX_POINT ( 'NONE', #1804 ) ;
#3304 = FILL_AREA_STYLE_COLOUR ( '', #1105 ) ;
#3306 = SURFACE_STYLE_USAGE ( .BOTH. , #2235 ) ;
#3307 = SURFACE_SIDE_STYLE ('',( #2237 ) ) ;
#3308 = DIMENSIONAL_EXPONENTS ( 1.000000000000000000, 0.000000000000000000, 0.000000000000000000, 0.000000000000000000, 0.000000000000000000, 0.000000000000000000, 0.000000000000000000 ) ;
#3309 = ORIENTED_EDGE ( 'NONE', *, *, #2731, .F. ) ;
#3310 = CARTESIAN_POINT ( 'NONE',  ( 0.06594488188976378729, 0.06594488188976378729, 0.03188976377952756208 ) ) ;
#3311 = LINE ( 'NONE', #1489, #1332 ) ;
#3312 = ADVANCED_FACE ( 'NONE', ( #2592 ), #2447, .T. ) ;
#3313 = ORIENTED_EDGE ( 'NONE', *, *, #545, .T. ) ;
#3314 = ADVANCED_FACE ( 'NONE', ( #806 ), #3196, .T. ) ;
#3315 = PLANE ( 'NONE',  #2044 ) ;
#3316 =( CONVERSION_BASED_UNIT ( 'INCH', #956 ) LENGTH_UNIT ( ) NAMED_UNIT ( #1092 ) );
#3318 = ORIENTED_EDGE ( 'NONE', *, *, #2860, .T. ) ;
#3317 = DIRECTION ( 'NONE',  ( -1.000000000000000000, 0.000000000000000000, 0.000000000000000000 ) ) ;
#3319 = MANIFOLD_SOLID_BREP ( 'Imported1', #2202 ) ;
#3320 = AXIS2_PLACEMENT_3D ( 'NONE', #2539, #2766, #966 ) ;
#3321 = MECHANICAL_DESIGN_GEOMETRIC_PRESENTATION_REPRESENTATION (  '', ( #2424 ), #323 ) ;
#3322 = FILL_AREA_STYLE_COLOUR ( '', #3226 ) ;
#3323 = ORIENTED_EDGE ( 'NONE', *, *, #3115, .F. ) ;
#3324 = MECHANICAL_DESIGN_GEOMETRIC_PRESENTATION_REPRESENTATION (  '', ( #3273 ), #1208 ) ;
#3325 = STYLED_ITEM ( 'NONE', ( #1258 ), #889 ) ;
#3326 =( LENGTH_UNIT ( ) NAMED_UNIT ( * ) SI_UNIT ( $, .METRE. ) );
#3327 = CLOSED_SHELL ( 'NONE', ( #2178, #2836, #1620, #1130, #3402, #973 ) ) ;
#3328 = AXIS2_PLACEMENT_3D ( 'NONE', #746, #216, #1881 ) ;
#3329 = EDGE_LOOP ( 'NONE', ( #2752, #1594, #2437, #2009 ) ) ;
#3330 = LENGTH_MEASURE_WITH_UNIT ( LENGTH_MEASURE( 0.02539999999999999897 ), #142 );
#3331 = DIRECTION ( 'NONE',  ( 1.000000000000000000, 0.000000000000000000, 0.000000000000000000 ) ) ;
#3332 = MECHANICAL_DESIGN_GEOMETRIC_PRESENTATION_REPRESENTATION (  '', ( #3048 ), #2713 ) ;
#3333 = VECTOR ( 'NONE', #2049, 39.37007874015748143 ) ;
#3334 = VECTOR ( 'NONE', #1454, 39.37007874015748143 ) ;
#3335 = EDGE_CURVE ( 'NONE', #1549, #3259, #2116, .T. ) ;
#3336 = CARTESIAN_POINT ( 'NONE',  ( 0.06266652544965535532, 0.05331662291694692218, 0.03385826771653543954 ) ) ;
#3337 = AXIS2_PLACEMENT_3D ( 'NONE', #2501, #115, #902 ) ;
#3338 = UNCERTAINTY_MEASURE_WITH_UNIT (LENGTH_MEASURE( 1.000000000000000082E-05 ), #1801, 'distance_accuracy_value', 'NONE');
#3339 = CARTESIAN_POINT ( 'NONE',  ( -0.06405234738404527728, 7.844150220174539131E-18, 0.03779527559055118058 ) ) ;
#3340 = CARTESIAN_POINT ( 'NONE',  ( 0.06791338582677165780, 0.06594488188976378729, 0.000000000000000000 ) ) ;
#3341 = ADVANCED_FACE ( 'NONE', ( #1675 ), #679, .T. ) ;
#3342 = PRESENTATION_LAYER_ASSIGNMENT (  '', '', ( #1941 ) ) ;
#3343 =( LENGTH_UNIT ( ) NAMED_UNIT ( * ) SI_UNIT ( $, .METRE. ) );
#3344 = PRESENTATION_STYLE_ASSIGNMENT (( #172 ) ) ;
#3345 = PRESENTATION_STYLE_ASSIGNMENT (( #918 ) ) ;
#3346 = DIRECTION ( 'NONE',  ( -1.000000000000000000, 8.673617379884051249E-15, 0.000000000000000000 ) ) ;
#3347 = CARTESIAN_POINT ( 'NONE',  ( 0.06608167308357430769, -0.06815290028347045781, 0.03295450302580738705 ) ) ;
#3348 = ORIENTED_EDGE ( 'NONE', *, *, #935, .T. ) ;
#3349 = LINE ( 'NONE', #403, #2486 ) ;
#3350 = LINE ( 'NONE', #964, #1277 ) ;
#3351 = ORIENTED_EDGE ( 'NONE', *, *, #1100, .T. ) ;
#3352 = SURFACE_STYLE_FILL_AREA ( #673 ) ;
#3353 = FILL_AREA_STYLE ('',( #2544 ) ) ;
#3354 = DIMENSIONAL_EXPONENTS ( 1.000000000000000000, 0.000000000000000000, 0.000000000000000000, 0.000000000000000000, 0.000000000000000000, 0.000000000000000000, 0.000000000000000000 ) ;
#3355 =( LENGTH_UNIT ( ) NAMED_UNIT ( * ) SI_UNIT ( $, .METRE. ) );
#3356 = LINE ( 'NONE', #2817, #1231 ) ;
#3357 = FILL_AREA_STYLE ('',( #423 ) ) ;
#3358 = ADVANCED_FACE ( 'NONE', ( #3261 ), #3068, .T. ) ;
#3359 = CARTESIAN_POINT ( 'NONE',  ( 0.06594488188976378729, -0.06791338582677165780, 0.03385826771653543260 ) ) ;
#3360 = VERTEX_POINT ( 'NONE', #3268 ) ;
#3361 = APPLICATION_CONTEXT ( 'automotive_design' ) ;
#3362 = CARTESIAN_POINT ( 'NONE',  ( 0.06708139816769609354, 0.06708139816769614905, 0.03302628005745990997 ) ) ;
#3363 = ORIENTED_EDGE ( 'NONE', *, *, #3139, .T. ) ;
#3364 = PLANE ( 'NONE',  #3213 ) ;
#3365 = UNCERTAINTY_MEASURE_WITH_UNIT (LENGTH_MEASURE( 1.000000000000000082E-05 ), #976, 'distance_accuracy_value', 'NONE');
#3366 = DIRECTION ( 'NONE',  ( -0.000000000000000000, -0.000000000000000000, 1.000000000000000000 ) ) ;
#3367 = CARTESIAN_POINT ( 'NONE',  ( -0.04527559055118110520, -0.06496062992125983815, 0.000000000000000000 ) ) ;
#3368 = DIRECTION ( 'NONE',  ( 1.000000000000000000, 0.000000000000000000, 0.000000000000000000 ) ) ;
#3369 = CARTESIAN_POINT ( 'NONE',  ( 0.06661742414146146207, -0.06708139816769612129, 0.03349025408369457613 ) ) ;
#3370 = FILL_AREA_STYLE_COLOUR ( '', #2657 ) ;
#3371 = DIMENSIONAL_EXPONENTS ( 1.000000000000000000, 0.000000000000000000, 0.000000000000000000, 0.000000000000000000, 0.000000000000000000, 0.000000000000000000, 0.000000000000000000 ) ;
#3372 = EDGE_CURVE ( 'NONE', #3374, #3094, #1943, .T. ) ;
#3373 = CARTESIAN_POINT ( 'NONE',  ( -0.06028123756605312938, 0.02167792249453339218, 0.03385826771653543260 ) ) ;
#3374 = VERTEX_POINT ( 'NONE', #1495 ) ;
#3375 = FACE_OUTER_BOUND ( 'NONE', #200, .T. ) ;
#3376 = EDGE_CURVE ( 'NONE', #2890, #1034, #726, .T. ) ;
#3377 = PLANE ( 'NONE',  #1998 ) ;
#3378 = VERTEX_POINT ( 'NONE', #3340 ) ;
#3379 = AXIS2_PLACEMENT_3D ( 'NONE', #2621, #3124, #504 ) ;
#3380 = CIRCLE ( 'NONE', #2599, 0.001968503937007870519 ) ;
#3381 = VECTOR ( 'NONE', #272, 39.37007874015748143 ) ;
#3382 = STYLED_ITEM ( 'NONE', ( #254 ), #99 ) ;
#3383 =( LENGTH_UNIT ( ) NAMED_UNIT ( * ) SI_UNIT ( $, .METRE. ) );
#3384 = EDGE_LOOP ( 'NONE', ( #2682, #2305, #841, #1742 ) ) ;
#3385 = CARTESIAN_POINT ( 'NONE',  ( 0.000000000000000000, 0.000000000000000000, 0.02401574803149606266 ) ) ;
#3386 = AXIS2_PLACEMENT_3D ( 'NONE', #667, #1506, #712 ) ;
#3387 = STYLED_ITEM ( 'NONE', ( #2959 ), #476 ) ;
#3388 = DIRECTION ( 'NONE',  ( 0.000000000000000000, -0.000000000000000000, 1.000000000000000000 ) ) ;
#3389 = VECTOR ( 'NONE', #3015, 39.37007874015748143 ) ;
#3390 = DIRECTION ( 'NONE',  ( 1.000000000000000000, 0.000000000000000000, -0.000000000000000000 ) ) ;
#3391 = SURFACE_STYLE_FILL_AREA ( #1023 ) ;
#3392 = UNCERTAINTY_MEASURE_WITH_UNIT (LENGTH_MEASURE( 1.000000000000000082E-05 ), #809, 'distance_accuracy_value', 'NONE');
#3393 = DIRECTION ( 'NONE',  ( -0.5773502691896287287, 0.5773502691896243988, 0.5773502691896243988 ) ) ;
#3394 = VECTOR ( 'NONE', #1286, 39.37007874015748143 ) ;
#3395 = CARTESIAN_POINT ( 'NONE',  ( 0.06255327267378751888, 0.01601117635866240729, 0.03385826771653542566 ) ) ;
#3396 = DIRECTION ( 'NONE',  ( 1.000000000000000000, 0.000000000000000000, 0.000000000000000000 ) ) ;
#3397 = COLOUR_RGB ( '',0.000000000000000000, 0.7490196078431372584, 0.000000000000000000 ) ;
#3398 =( NAMED_UNIT ( * ) SI_UNIT ( $, .STERADIAN. ) SOLID_ANGLE_UNIT ( ) );
#3399 = LENGTH_MEASURE_WITH_UNIT ( LENGTH_MEASURE( 0.02539999999999999897 ), #2328 );
#3400 = ORIENTED_EDGE ( 'NONE', *, *, #483, .T. ) ;
#3401 = DIRECTION ( 'NONE',  ( 0.000000000000000000, -0.000000000000000000, 1.000000000000000000 ) ) ;
#3402 = ADVANCED_FACE ( 'NONE', ( #113 ), #1937, .T. ) ;
#3403 = EDGE_LOOP ( 'NONE', ( #3207, #1978 ) ) ;
#3404 = UNCERTAINTY_MEASURE_WITH_UNIT (LENGTH_MEASURE( 1.000000000000000082E-05 ), #3176, 'distance_accuracy_value', 'NONE');
#3405 =( NAMED_UNIT ( * ) SI_UNIT ( $, .STERADIAN. ) SOLID_ANGLE_UNIT ( ) );
#3406 = CARTESIAN_POINT ( 'NONE',  ( 0.06018078117395368049, 0.002581368528365143855, 0.03396949099639579028 ) ) ;
#3407 = CARTESIAN_POINT ( 'NONE',  ( 0.04527559055118110520, 0.06496062992125983815, 0.000000000000000000 ) ) ;
#3408 = FILL_AREA_STYLE_COLOUR ( '', #507 ) ;
#3409 = SURFACE_STYLE_FILL_AREA ( #3357 ) ;
#3410 = CARTESIAN_POINT ( 'NONE',  ( -0.06791338582677165780, -0.03297244094488189364, 0.03188976377952756208 ) ) ;
#3411 = CARTESIAN_POINT ( 'NONE',  ( -0.05153350197540758348, 0.03904606333163355286, 0.03385826771653543954 ) ) ;
#3412 =( BOUNDED_SURFACE ( )  B_SPLINE_SURFACE ( 3, 3, ( 
 ( #1646, #2919, #2140, #1128 ),
 ( #1109, #854, #2190, #303 ),
 ( #9, #2669, #2163, #1917 ),
 ( #2454, #808, #1660, #3263 ) ),
 .UNSPECIFIED., .F., .F., .F. ) 
 B_SPLINE_SURFACE_WITH_KNOTS ( ( 4, 4 ),
 ( 4, 4 ),
 ( 0.000000000000000000, 1.000000000000000000 ),
 ( 0.000000000000000000, 1.000000000000000000 ),
 .UNSPECIFIED. ) 
 GEOMETRIC_REPRESENTATION_ITEM ( )  RATIONAL_B_SPLINE_SURFACE ( (
 ( 1.000000000000000000, 0.3333333333333324822, 0.3333333333333324822, 1.000000000000000000),
 ( 0.9245018060306372520, 0.3081672686768782699, 0.3081672686768782699, 0.9245018060306372520),
 ( 0.9245018060306372520, 0.3081672686768782699, 0.3081672686768782699, 0.9245018060306372520),
 ( 1.000000000000000000, 0.3333333333333324822, 0.3333333333333324822, 1.000000000000000000) ) ) 
 REPRESENTATION_ITEM ( '' )  SURFACE ( )  );
#3413 = SURFACE_SIDE_STYLE ('',( #1068 ) ) ;
#3414 = LINE ( 'NONE', #2131, #669 ) ;
#3415 = CARTESIAN_POINT ( 'NONE',  ( -0.02559055118110236532, 0.06496062992125983815, 0.000000000000000000 ) ) ;
#3416 = ORIENTED_EDGE ( 'NONE', *, *, #3234, .T. ) ;
#3417 = FILL_AREA_STYLE_COLOUR ( '', #598 ) ;
#3418 = ORIENTED_EDGE ( 'NONE', *, *, #36, .T. ) ;
#3419 = DIMENSIONAL_EXPONENTS ( 1.000000000000000000, 0.000000000000000000, 0.000000000000000000, 0.000000000000000000, 0.000000000000000000, 0.000000000000000000, 0.000000000000000000 ) ;
#3420 = CARTESIAN_POINT ( 'NONE',  ( 0.06594488188976377341, -0.06594488188976378729, 0.03188976377952758290 ) ) ;
#3421 = FACE_OUTER_BOUND ( 'NONE', #1204, .T. ) ;
#3422 = ADVANCED_FACE ( 'NONE', ( #2514 ), #1748, .T. ) ;
#3423 = SURFACE_STYLE_FILL_AREA ( #2838 ) ;
#3424 = UNCERTAINTY_MEASURE_WITH_UNIT (LENGTH_MEASURE( 1.000000000000000082E-05 ), #3258, 'distance_accuracy_value', 'NONE');
#3425 = SURFACE_STYLE_FILL_AREA ( #3126 ) ;
#3426 =( NAMED_UNIT ( * ) SI_UNIT ( $, .STERADIAN. ) SOLID_ANGLE_UNIT ( ) );
#3427 = SURFACE_SIDE_STYLE ('',( #2362 ) ) ;
#3428 = STYLED_ITEM ( 'NONE', ( #911 ), #1888 ) ;
#3429 = LINE ( 'NONE', #2398, #832 ) ;
#3430 = ORIENTED_EDGE ( 'NONE', *, *, #120, .F. ) ;
#3431 = SURFACE_STYLE_FILL_AREA ( #2293 ) ;
#3432 = AXIS2_PLACEMENT_3D ( 'NONE', #1184, #2770, #2784 ) ;
#3433 = PRESENTATION_LAYER_ASSIGNMENT (  '', '', ( #1049 ) ) ;
#3434 =( GEOMETRIC_REPRESENTATION_CONTEXT ( 3 ) GLOBAL_UNCERTAINTY_ASSIGNED_CONTEXT ( ( #1419 ) ) GLOBAL_UNIT_ASSIGNED_CONTEXT ( ( #695, #2751, #2233 ) ) REPRESENTATION_CONTEXT ( 'NONE', 'WORKASPACE' ) );
#3435 = EDGE_LOOP ( 'NONE', ( #1949, #3131, #839, #1889 ) ) ;
#3436 = UNCERTAINTY_MEASURE_WITH_UNIT (LENGTH_MEASURE( 1.000000000000000082E-05 ), #649, 'distance_accuracy_value', 'NONE');
#3437 = PRESENTATION_STYLE_ASSIGNMENT (( #1018 ) ) ;
#3438 = SURFACE_STYLE_FILL_AREA ( #2834 ) ;
#3439 = DIRECTION ( 'NONE',  ( 0.000000000000000000, 1.000000000000000000, 0.000000000000000000 ) ) ;
#3440 = COLOUR_RGB ( '',0.9607843137254902244, 0.9607843137254902244, 0.9607843137254902244 ) ;
#3441 = AXIS2_PLACEMENT_3D ( 'NONE', #3277, #1634, #2141 ) ;
#3442 = CARTESIAN_POINT ( 'NONE',  ( -0.06594488188976377341, -0.06594488188976378729, 0.03188976377952756208 ) ) ;
#3443 = FACE_OUTER_BOUND ( 'NONE', #2234, .T. ) ;
#3444 = VECTOR ( 'NONE', #1168, 39.37007874015748143 ) ;
#3445 = COLOUR_RGB ( '',0.000000000000000000, 0.7490196078431372584, 0.000000000000000000 ) ;
#3446 = EDGE_CURVE ( 'NONE', #2023, #162, #1771, .T. ) ;
#3447 = DIMENSIONAL_EXPONENTS ( 1.000000000000000000, 0.000000000000000000, 0.000000000000000000, 0.000000000000000000, 0.000000000000000000, 0.000000000000000000, 0.000000000000000000 ) ;
#3448 = STYLED_ITEM ( 'NONE', ( #1973 ), #634 ) ;
#3449 = COLOUR_RGB ( '',0.8627450980392157298, 0.6274509803921568540, 0.05882352941176470507 ) ;
#3450 = NEXT_ASSEMBLY_USAGE_OCCURRENCE ( 'NAUO1', ' ', ' ', #1579, #3167, $ ) ;
#3451 = NEXT_ASSEMBLY_USAGE_OCCURRENCE ( 'NAUO2', ' ', ' ', #1579, #340, $ ) ;
#3452 = NEXT_ASSEMBLY_USAGE_OCCURRENCE ( 'NAUO3', ' ', ' ', #1579, #33, $ ) ;
#3453 = NEXT_ASSEMBLY_USAGE_OCCURRENCE ( 'NAUO4', ' ', ' ', #1579, #1637, $ ) ;
ENDSEC;
END-ISO-10303-21;
