Copyright 1986-2022 Xilinx, Inc. All Rights Reserved. Copyright 2022-2025 Advanced Micro Devices, Inc. All Rights Reserved.
------------------------------------------------------------------------------------------------------------------------------------------------------------------------------------------------------------------------------------
| Tool Version : Vivado v.2025.2 (win64) Build 6299465 Fri Nov 14 19:35:11 GMT 2025
| Date         : Sat Apr  4 11:04:53 2026
| Host         : Casal running 64-bit major release  (build 9200)
| Command      : report_timing_summary -max_paths 10 -routable_nets -report_unconstrained -file SPIslave_timing_summary_routed.rpt -pb SPIslave_timing_summary_routed.pb -rpx SPIslave_timing_summary_routed.rpx -warn_on_violation
| Design       : SPIslave
| Device       : 7a35t-cpg236
| Speed File   : -1  PRODUCTION 1.23 2018-06-13
| Design State : Routed
------------------------------------------------------------------------------------------------------------------------------------------------------------------------------------------------------------------------------------

Timing Summary Report

------------------------------------------------------------------------------------------------
| Timer Settings
| --------------
------------------------------------------------------------------------------------------------

  Enable Multi Corner Analysis               :  Yes
  Enable Pessimism Removal                   :  Yes
  Pessimism Removal Resolution               :  Nearest Common Node
  Enable Input Delay Default Clock           :  No
  Enable Preset / Clear Arcs                 :  No
  Disable Flight Delays                      :  No
  Ignore I/O Paths                           :  No
  Timing Early Launch at Borrowing Latches   :  No
  Borrow Time for Max Delay Exceptions       :  Yes
  Merge Timing Exceptions                    :  Yes
  Inter-SLR Compensation                     :  Conservative

  Corner  Analyze    Analyze    
  Name    Max Paths  Min Paths  
  ------  ---------  ---------  
  Slow    Yes        Yes        
  Fast    Yes        Yes        


------------------------------------------------------------------------------------------------
| Report Methodology
| ------------------
------------------------------------------------------------------------------------------------

Rule       Severity  Description                     Violations  
---------  --------  ------------------------------  ----------  
LUTAR-1    Warning   LUT drives async reset alert    2           
TIMING-9   Warning   Unknown CDC Logic               1           
TIMING-18  Warning   Missing input or output delay   12          
TIMING-20  Warning   Non-clocked latch               1           
LATCH-1    Advisory  Existing latches in the design  1           

Note: This report is based on the most recent report_methodology run and may not be up-to-date. Run report_methodology on the current design for the latest report.



check_timing report

Table of Contents
-----------------
1. checking no_clock (2)
2. checking constant_clock (0)
3. checking pulse_width_clock (0)
4. checking unconstrained_internal_endpoints (1)
5. checking no_input_delay (11)
6. checking no_output_delay (1)
7. checking multiple_clock (0)
8. checking generated_clocks (0)
9. checking loops (0)
10. checking partial_input_delay (0)
11. checking partial_output_delay (0)
12. checking latch_loops (0)

1. checking no_clock (2)
------------------------
 There is 1 register/latch pin with no clock driven by root clock pin: nss (HIGH)

 There is 1 register/latch pin with no clock driven by root clock pin: rTXByte_reg[7]/Q (HIGH)


2. checking constant_clock (0)
------------------------------
 There are 0 register/latch pins with constant_clock.


3. checking pulse_width_clock (0)
---------------------------------
 There are 0 register/latch pins which need pulse_width check


4. checking unconstrained_internal_endpoints (1)
------------------------------------------------
 There is 1 pin that is not constrained for maximum delay. (HIGH)

 There are 0 pins that are not constrained for maximum delay due to constant clock.


5. checking no_input_delay (11)
-------------------------------
 There are 11 input ports with no input delay specified. (HIGH)

 There are 0 input ports with no input delay but user has a false path constraint.


6. checking no_output_delay (1)
-------------------------------
 There is 1 port with no output delay specified. (HIGH)

 There are 0 ports with no output delay but user has a false path constraint

 There are 0 ports with no output delay but with a timing clock defined on it or propagating through it


7. checking multiple_clock (0)
------------------------------
 There are 0 register/latch pins with multiple clocks.


8. checking generated_clocks (0)
--------------------------------
 There are 0 generated clocks that are not connected to a clock source.


9. checking loops (0)
---------------------
 There are 0 combinational loops in the design.


10. checking partial_input_delay (0)
------------------------------------
 There are 0 input ports with partial input delay specified.


11. checking partial_output_delay (0)
-------------------------------------
 There are 0 ports with partial output delay specified.


12. checking latch_loops (0)
----------------------------
 There are 0 combinational latch loops in the design through latch input



------------------------------------------------------------------------------------------------
| Design Timing Summary
| ---------------------
------------------------------------------------------------------------------------------------

    WNS(ns)      TNS(ns)  TNS Failing Endpoints  TNS Total Endpoints      WHS(ns)      THS(ns)  THS Failing Endpoints  THS Total Endpoints     WPWS(ns)     TPWS(ns)  TPWS Failing Endpoints  TPWS Total Endpoints  
    -------      -------  ---------------------  -------------------      -------      -------  ---------------------  -------------------     --------     --------  ----------------------  --------------------  
     97.256        0.000                      0                    5        0.237        0.000                      0                    5        4.500        0.000                       0                    16  


All user specified timing constraints are met.


------------------------------------------------------------------------------------------------
| Clock Summary
| -------------
------------------------------------------------------------------------------------------------

Clock        Waveform(ns)         Period(ns)      Frequency(MHz)
-----        ------------         ----------      --------------
spi_sck_pin  {0.000 25.000}       100.000         10.000          
sys_clk_pin  {0.000 5.000}        10.000          100.000         


------------------------------------------------------------------------------------------------
| Intra Clock Table
| -----------------
------------------------------------------------------------------------------------------------

Clock             WNS(ns)      TNS(ns)  TNS Failing Endpoints  TNS Total Endpoints      WHS(ns)      THS(ns)  THS Failing Endpoints  THS Total Endpoints     WPWS(ns)     TPWS(ns)  TPWS Failing Endpoints  TPWS Total Endpoints  
-----             -------      -------  ---------------------  -------------------      -------      -------  ---------------------  -------------------     --------     --------  ----------------------  --------------------  
spi_sck_pin        97.256        0.000                      0                    5        0.237        0.000                      0                    5       24.500        0.000                       0                     7  
sys_clk_pin                                                                                                                                                     4.500        0.000                       0                     9  


------------------------------------------------------------------------------------------------
| Inter Clock Table
| -----------------
------------------------------------------------------------------------------------------------

From Clock    To Clock          WNS(ns)      TNS(ns)  TNS Failing Endpoints  TNS Total Endpoints      WHS(ns)      THS(ns)  THS Failing Endpoints  THS Total Endpoints  
----------    --------          -------      -------  ---------------------  -------------------      -------      -------  ---------------------  -------------------  


------------------------------------------------------------------------------------------------
| Other Path Groups Table
| -----------------------
------------------------------------------------------------------------------------------------

Path Group    From Clock    To Clock          WNS(ns)      TNS(ns)  TNS Failing Endpoints  TNS Total Endpoints      WHS(ns)      THS(ns)  THS Failing Endpoints  THS Total Endpoints  
----------    ----------    --------          -------      -------  ---------------------  -------------------      -------      -------  ---------------------  -------------------  


------------------------------------------------------------------------------------------------
| User Ignored Path Table
| -----------------------
------------------------------------------------------------------------------------------------

Path Group    From Clock    To Clock    
----------    ----------    --------    
(none)        sys_clk_pin   spi_sck_pin   


------------------------------------------------------------------------------------------------
| Unconstrained Path Table
| ------------------------
------------------------------------------------------------------------------------------------

Path Group    From Clock    To Clock    
----------    ----------    --------    
(none)                                    
(none)        spi_sck_pin                 
(none)        sys_clk_pin                 
(none)                      spi_sck_pin   
(none)                      sys_clk_pin   


------------------------------------------------------------------------------------------------
| Timing Details
| --------------
------------------------------------------------------------------------------------------------


---------------------------------------------------------------------------------------------------
From Clock:  spi_sck_pin
  To Clock:  spi_sck_pin

Setup :            0  Failing Endpoints,  Worst Slack       97.256ns,  Total Violation        0.000ns
Hold  :            0  Failing Endpoints,  Worst Slack        0.237ns,  Total Violation        0.000ns
PW    :            0  Failing Endpoints,  Worst Slack       24.500ns,  Total Violation        0.000ns
---------------------------------------------------------------------------------------------------


Max Delay Paths
--------------------------------------------------------------------------------------
Slack (MET) :             97.256ns  (required time - arrival time)
  Source:                 rTXBitCount_reg[1]/C
                            (rising edge-triggered cell FDPE clocked by spi_sck_pin  {rise@0.000ns fall@25.000ns period=100.000ns})
  Destination:            rSPIMISOBit_reg_C/D
                            (rising edge-triggered cell FDCE clocked by spi_sck_pin  {rise@0.000ns fall@25.000ns period=100.000ns})
  Path Group:             spi_sck_pin
  Path Type:              Setup (Max at Slow Process Corner)
  Requirement:            100.000ns  (spi_sck_pin rise@100.000ns - spi_sck_pin rise@0.000ns)
  Data Path Delay:        2.444ns  (logic 0.851ns (34.826%)  route 1.593ns (65.174%))
  Logic Levels:           2  (LUT6=1 MUXF7=1)
  Clock Path Skew:        -0.025ns (DCD - SCD + CPR)
    Destination Clock Delay (DCD):    4.856ns = ( 104.856 - 100.000 ) 
    Source Clock Delay      (SCD):    5.152ns
    Clock Pessimism Removal (CPR):    0.271ns
  Clock Uncertainty:      0.035ns  ((TSJ^2 + TIJ^2)^1/2 + DJ) / 2 + PE
    Total System Jitter     (TSJ):    0.071ns
    Total Input Jitter      (TIJ):    0.000ns
    Discrete Jitter          (DJ):    0.000ns
    Phase Error              (PE):    0.000ns

    Location             Delay type                Incr(ns)  Path(ns)    Netlist Resource(s)
  -------------------------------------------------------------------    -------------------
                         (clock spi_sck_pin rise edge)
                                                      0.000     0.000 r  
    P18                                               0.000     0.000 r  sck (IN)
                         net (fo=0)                   0.000     0.000    sck
    P18                  IBUF (Prop_ibuf_I_O)         1.459     1.459 r  sck_IBUF_inst/O
                         net (fo=1, routed)           1.972     3.431    sck_IBUF
    BUFGCTRL_X0Y1        BUFG (Prop_bufg_I_O)         0.096     3.527 r  sck_IBUF_BUFG_inst/O
                         net (fo=6, routed)           1.625     5.152    sck_IBUF_BUFG
    SLICE_X64Y57         FDPE                                         r  rTXBitCount_reg[1]/C
  -------------------------------------------------------------------    -------------------
    SLICE_X64Y57         FDPE (Prop_fdpe_C_Q)         0.518     5.670 r  rTXBitCount_reg[1]/Q
                         net (fo=4, routed)           0.882     6.551    rTXBitCount[1]
    SLICE_X64Y57         LUT6 (Prop_lut6_I2_O)        0.124     6.675 r  rSPIMISOBit_C_i_2/O
                         net (fo=1, routed)           0.000     6.675    rSPIMISOBit_C_i_2_n_0
    SLICE_X64Y57         MUXF7 (Prop_muxf7_I0_O)      0.209     6.884 r  rSPIMISOBit_reg_C_i_1/O
                         net (fo=2, routed)           0.711     7.595    p_2_in
    SLICE_X62Y57         FDCE                                         r  rSPIMISOBit_reg_C/D
  -------------------------------------------------------------------    -------------------

                         (clock spi_sck_pin rise edge)
                                                    100.000   100.000 r  
    P18                                               0.000   100.000 r  sck (IN)
                         net (fo=0)                   0.000   100.000    sck
    P18                  IBUF (Prop_ibuf_I_O)         1.389   101.389 r  sck_IBUF_inst/O
                         net (fo=1, routed)           1.868   103.257    sck_IBUF
    BUFGCTRL_X0Y1        BUFG (Prop_bufg_I_O)         0.091   103.348 r  sck_IBUF_BUFG_inst/O
                         net (fo=6, routed)           1.508   104.856    sck_IBUF_BUFG
    SLICE_X62Y57         FDCE                                         r  rSPIMISOBit_reg_C/C
                         clock pessimism              0.271   105.127    
                         clock uncertainty           -0.035   105.091    
    SLICE_X62Y57         FDCE (Setup_fdce_C_D)       -0.240   104.851    rSPIMISOBit_reg_C
  -------------------------------------------------------------------
                         required time                        104.851    
                         arrival time                          -7.595    
  -------------------------------------------------------------------
                         slack                                 97.256    

Slack (MET) :             97.451ns  (required time - arrival time)
  Source:                 rTXBitCount_reg[1]/C
                            (rising edge-triggered cell FDPE clocked by spi_sck_pin  {rise@0.000ns fall@25.000ns period=100.000ns})
  Destination:            rSPIMISOBit_reg_P/D
                            (rising edge-triggered cell FDPE clocked by spi_sck_pin  {rise@0.000ns fall@25.000ns period=100.000ns})
  Path Group:             spi_sck_pin
  Path Type:              Setup (Max at Slow Process Corner)
  Requirement:            100.000ns  (spi_sck_pin rise@100.000ns - spi_sck_pin rise@0.000ns)
  Data Path Delay:        2.248ns  (logic 0.851ns (37.848%)  route 1.397ns (62.152%))
  Logic Levels:           2  (LUT6=1 MUXF7=1)
  Clock Path Skew:        -0.025ns (DCD - SCD + CPR)
    Destination Clock Delay (DCD):    4.856ns = ( 104.856 - 100.000 ) 
    Source Clock Delay      (SCD):    5.152ns
    Clock Pessimism Removal (CPR):    0.271ns
  Clock Uncertainty:      0.035ns  ((TSJ^2 + TIJ^2)^1/2 + DJ) / 2 + PE
    Total System Jitter     (TSJ):    0.071ns
    Total Input Jitter      (TIJ):    0.000ns
    Discrete Jitter          (DJ):    0.000ns
    Phase Error              (PE):    0.000ns

    Location             Delay type                Incr(ns)  Path(ns)    Netlist Resource(s)
  -------------------------------------------------------------------    -------------------
                         (clock spi_sck_pin rise edge)
                                                      0.000     0.000 r  
    P18                                               0.000     0.000 r  sck (IN)
                         net (fo=0)                   0.000     0.000    sck
    P18                  IBUF (Prop_ibuf_I_O)         1.459     1.459 r  sck_IBUF_inst/O
                         net (fo=1, routed)           1.972     3.431    sck_IBUF
    BUFGCTRL_X0Y1        BUFG (Prop_bufg_I_O)         0.096     3.527 r  sck_IBUF_BUFG_inst/O
                         net (fo=6, routed)           1.625     5.152    sck_IBUF_BUFG
    SLICE_X64Y57         FDPE                                         r  rTXBitCount_reg[1]/C
  -------------------------------------------------------------------    -------------------
    SLICE_X64Y57         FDPE (Prop_fdpe_C_Q)         0.518     5.670 r  rTXBitCount_reg[1]/Q
                         net (fo=4, routed)           0.882     6.551    rTXBitCount[1]
    SLICE_X64Y57         LUT6 (Prop_lut6_I2_O)        0.124     6.675 r  rSPIMISOBit_C_i_2/O
                         net (fo=1, routed)           0.000     6.675    rSPIMISOBit_C_i_2_n_0
    SLICE_X64Y57         MUXF7 (Prop_muxf7_I0_O)      0.209     6.884 r  rSPIMISOBit_reg_C_i_1/O
                         net (fo=2, routed)           0.516     7.400    p_2_in
    SLICE_X63Y57         FDPE                                         r  rSPIMISOBit_reg_P/D
  -------------------------------------------------------------------    -------------------

                         (clock spi_sck_pin rise edge)
                                                    100.000   100.000 r  
    P18                                               0.000   100.000 r  sck (IN)
                         net (fo=0)                   0.000   100.000    sck
    P18                  IBUF (Prop_ibuf_I_O)         1.389   101.389 r  sck_IBUF_inst/O
                         net (fo=1, routed)           1.868   103.257    sck_IBUF
    BUFGCTRL_X0Y1        BUFG (Prop_bufg_I_O)         0.091   103.348 r  sck_IBUF_BUFG_inst/O
                         net (fo=6, routed)           1.508   104.856    sck_IBUF_BUFG
    SLICE_X63Y57         FDPE                                         r  rSPIMISOBit_reg_P/C
                         clock pessimism              0.271   105.127    
                         clock uncertainty           -0.035   105.091    
    SLICE_X63Y57         FDPE (Setup_fdpe_C_D)       -0.240   104.851    rSPIMISOBit_reg_P
  -------------------------------------------------------------------
                         required time                        104.851    
                         arrival time                          -7.400    
  -------------------------------------------------------------------
                         slack                                 97.451    

Slack (MET) :             98.180ns  (required time - arrival time)
  Source:                 rTXBitCount_reg[0]/C
                            (rising edge-triggered cell FDPE clocked by spi_sck_pin  {rise@0.000ns fall@25.000ns period=100.000ns})
  Destination:            rTXBitCount_reg[1]/D
                            (rising edge-triggered cell FDPE clocked by spi_sck_pin  {rise@0.000ns fall@25.000ns period=100.000ns})
  Path Group:             spi_sck_pin
  Path Type:              Setup (Max at Slow Process Corner)
  Requirement:            100.000ns  (spi_sck_pin rise@100.000ns - spi_sck_pin rise@0.000ns)
  Data Path Delay:        1.863ns  (logic 0.642ns (34.455%)  route 1.221ns (65.545%))
  Logic Levels:           1  (LUT2=1)
  Clock Path Skew:        0.000ns (DCD - SCD + CPR)
    Destination Clock Delay (DCD):    4.856ns = ( 104.856 - 100.000 ) 
    Source Clock Delay      (SCD):    5.152ns
    Clock Pessimism Removal (CPR):    0.296ns
  Clock Uncertainty:      0.035ns  ((TSJ^2 + TIJ^2)^1/2 + DJ) / 2 + PE
    Total System Jitter     (TSJ):    0.071ns
    Total Input Jitter      (TIJ):    0.000ns
    Discrete Jitter          (DJ):    0.000ns
    Phase Error              (PE):    0.000ns

    Location             Delay type                Incr(ns)  Path(ns)    Netlist Resource(s)
  -------------------------------------------------------------------    -------------------
                         (clock spi_sck_pin rise edge)
                                                      0.000     0.000 r  
    P18                                               0.000     0.000 r  sck (IN)
                         net (fo=0)                   0.000     0.000    sck
    P18                  IBUF (Prop_ibuf_I_O)         1.459     1.459 r  sck_IBUF_inst/O
                         net (fo=1, routed)           1.972     3.431    sck_IBUF
    BUFGCTRL_X0Y1        BUFG (Prop_bufg_I_O)         0.096     3.527 r  sck_IBUF_BUFG_inst/O
                         net (fo=6, routed)           1.625     5.152    sck_IBUF_BUFG
    SLICE_X64Y57         FDPE                                         r  rTXBitCount_reg[0]/C
  -------------------------------------------------------------------    -------------------
    SLICE_X64Y57         FDPE (Prop_fdpe_C_Q)         0.518     5.670 r  rTXBitCount_reg[0]/Q
                         net (fo=5, routed)           1.221     6.891    rTXBitCount[0]
    SLICE_X64Y57         LUT2 (Prop_lut2_I0_O)        0.124     7.015 r  rTXBitCount[1]_i_1/O
                         net (fo=1, routed)           0.000     7.015    rTXBitCount[1]_i_1_n_0
    SLICE_X64Y57         FDPE                                         r  rTXBitCount_reg[1]/D
  -------------------------------------------------------------------    -------------------

                         (clock spi_sck_pin rise edge)
                                                    100.000   100.000 r  
    P18                                               0.000   100.000 r  sck (IN)
                         net (fo=0)                   0.000   100.000    sck
    P18                  IBUF (Prop_ibuf_I_O)         1.389   101.389 r  sck_IBUF_inst/O
                         net (fo=1, routed)           1.868   103.257    sck_IBUF
    BUFGCTRL_X0Y1        BUFG (Prop_bufg_I_O)         0.091   103.348 r  sck_IBUF_BUFG_inst/O
                         net (fo=6, routed)           1.508   104.856    sck_IBUF_BUFG
    SLICE_X64Y57         FDPE                                         r  rTXBitCount_reg[1]/C
                         clock pessimism              0.296   105.152    
                         clock uncertainty           -0.035   105.116    
    SLICE_X64Y57         FDPE (Setup_fdpe_C_D)        0.079   105.195    rTXBitCount_reg[1]
  -------------------------------------------------------------------
                         required time                        105.195    
                         arrival time                          -7.015    
  -------------------------------------------------------------------
                         slack                                 98.180    

Slack (MET) :             98.190ns  (required time - arrival time)
  Source:                 rTXBitCount_reg[0]/C
                            (rising edge-triggered cell FDPE clocked by spi_sck_pin  {rise@0.000ns fall@25.000ns period=100.000ns})
  Destination:            rTXBitCount_reg[2]/D
                            (rising edge-triggered cell FDPE clocked by spi_sck_pin  {rise@0.000ns fall@25.000ns period=100.000ns})
  Path Group:             spi_sck_pin
  Path Type:              Setup (Max at Slow Process Corner)
  Requirement:            100.000ns  (spi_sck_pin rise@100.000ns - spi_sck_pin rise@0.000ns)
  Data Path Delay:        1.892ns  (logic 0.671ns (35.459%)  route 1.221ns (64.541%))
  Logic Levels:           1  (LUT3=1)
  Clock Path Skew:        0.000ns (DCD - SCD + CPR)
    Destination Clock Delay (DCD):    4.856ns = ( 104.856 - 100.000 ) 
    Source Clock Delay      (SCD):    5.152ns
    Clock Pessimism Removal (CPR):    0.296ns
  Clock Uncertainty:      0.035ns  ((TSJ^2 + TIJ^2)^1/2 + DJ) / 2 + PE
    Total System Jitter     (TSJ):    0.071ns
    Total Input Jitter      (TIJ):    0.000ns
    Discrete Jitter          (DJ):    0.000ns
    Phase Error              (PE):    0.000ns

    Location             Delay type                Incr(ns)  Path(ns)    Netlist Resource(s)
  -------------------------------------------------------------------    -------------------
                         (clock spi_sck_pin rise edge)
                                                      0.000     0.000 r  
    P18                                               0.000     0.000 r  sck (IN)
                         net (fo=0)                   0.000     0.000    sck
    P18                  IBUF (Prop_ibuf_I_O)         1.459     1.459 r  sck_IBUF_inst/O
                         net (fo=1, routed)           1.972     3.431    sck_IBUF
    BUFGCTRL_X0Y1        BUFG (Prop_bufg_I_O)         0.096     3.527 r  sck_IBUF_BUFG_inst/O
                         net (fo=6, routed)           1.625     5.152    sck_IBUF_BUFG
    SLICE_X64Y57         FDPE                                         r  rTXBitCount_reg[0]/C
  -------------------------------------------------------------------    -------------------
    SLICE_X64Y57         FDPE (Prop_fdpe_C_Q)         0.518     5.670 r  rTXBitCount_reg[0]/Q
                         net (fo=5, routed)           1.221     6.891    rTXBitCount[0]
    SLICE_X64Y57         LUT3 (Prop_lut3_I0_O)        0.153     7.044 r  rTXBitCount[2]_i_1/O
                         net (fo=1, routed)           0.000     7.044    rTXBitCount[2]_i_1_n_0
    SLICE_X64Y57         FDPE                                         r  rTXBitCount_reg[2]/D
  -------------------------------------------------------------------    -------------------

                         (clock spi_sck_pin rise edge)
                                                    100.000   100.000 r  
    P18                                               0.000   100.000 r  sck (IN)
                         net (fo=0)                   0.000   100.000    sck
    P18                  IBUF (Prop_ibuf_I_O)         1.389   101.389 r  sck_IBUF_inst/O
                         net (fo=1, routed)           1.868   103.257    sck_IBUF
    BUFGCTRL_X0Y1        BUFG (Prop_bufg_I_O)         0.091   103.348 r  sck_IBUF_BUFG_inst/O
                         net (fo=6, routed)           1.508   104.856    sck_IBUF_BUFG
    SLICE_X64Y57         FDPE                                         r  rTXBitCount_reg[2]/C
                         clock pessimism              0.296   105.152    
                         clock uncertainty           -0.035   105.116    
    SLICE_X64Y57         FDPE (Setup_fdpe_C_D)        0.118   105.234    rTXBitCount_reg[2]
  -------------------------------------------------------------------
                         required time                        105.234    
                         arrival time                          -7.044    
  -------------------------------------------------------------------
                         slack                                 98.190    

Slack (MET) :             98.863ns  (required time - arrival time)
  Source:                 rTXBitCount_reg[0]/C
                            (rising edge-triggered cell FDPE clocked by spi_sck_pin  {rise@0.000ns fall@25.000ns period=100.000ns})
  Destination:            rTXBitCount_reg[0]/D
                            (rising edge-triggered cell FDPE clocked by spi_sck_pin  {rise@0.000ns fall@25.000ns period=100.000ns})
  Path Group:             spi_sck_pin
  Path Type:              Setup (Max at Slow Process Corner)
  Requirement:            100.000ns  (spi_sck_pin rise@100.000ns - spi_sck_pin rise@0.000ns)
  Data Path Delay:        1.180ns  (logic 0.642ns (54.396%)  route 0.538ns (45.604%))
  Logic Levels:           1  (LUT1=1)
  Clock Path Skew:        0.000ns (DCD - SCD + CPR)
    Destination Clock Delay (DCD):    4.856ns = ( 104.856 - 100.000 ) 
    Source Clock Delay      (SCD):    5.152ns
    Clock Pessimism Removal (CPR):    0.296ns
  Clock Uncertainty:      0.035ns  ((TSJ^2 + TIJ^2)^1/2 + DJ) / 2 + PE
    Total System Jitter     (TSJ):    0.071ns
    Total Input Jitter      (TIJ):    0.000ns
    Discrete Jitter          (DJ):    0.000ns
    Phase Error              (PE):    0.000ns

    Location             Delay type                Incr(ns)  Path(ns)    Netlist Resource(s)
  -------------------------------------------------------------------    -------------------
                         (clock spi_sck_pin rise edge)
                                                      0.000     0.000 r  
    P18                                               0.000     0.000 r  sck (IN)
                         net (fo=0)                   0.000     0.000    sck
    P18                  IBUF (Prop_ibuf_I_O)         1.459     1.459 r  sck_IBUF_inst/O
                         net (fo=1, routed)           1.972     3.431    sck_IBUF
    BUFGCTRL_X0Y1        BUFG (Prop_bufg_I_O)         0.096     3.527 r  sck_IBUF_BUFG_inst/O
                         net (fo=6, routed)           1.625     5.152    sck_IBUF_BUFG
    SLICE_X64Y57         FDPE                                         r  rTXBitCount_reg[0]/C
  -------------------------------------------------------------------    -------------------
    SLICE_X64Y57         FDPE (Prop_fdpe_C_Q)         0.518     5.670 f  rTXBitCount_reg[0]/Q
                         net (fo=5, routed)           0.538     6.208    rTXBitCount[0]
    SLICE_X64Y57         LUT1 (Prop_lut1_I0_O)        0.124     6.332 r  rTXBitCount[0]_i_1/O
                         net (fo=1, routed)           0.000     6.332    rTXBitCount[0]_i_1_n_0
    SLICE_X64Y57         FDPE                                         r  rTXBitCount_reg[0]/D
  -------------------------------------------------------------------    -------------------

                         (clock spi_sck_pin rise edge)
                                                    100.000   100.000 r  
    P18                                               0.000   100.000 r  sck (IN)
                         net (fo=0)                   0.000   100.000    sck
    P18                  IBUF (Prop_ibuf_I_O)         1.389   101.389 r  sck_IBUF_inst/O
                         net (fo=1, routed)           1.868   103.257    sck_IBUF
    BUFGCTRL_X0Y1        BUFG (Prop_bufg_I_O)         0.091   103.348 r  sck_IBUF_BUFG_inst/O
                         net (fo=6, routed)           1.508   104.856    sck_IBUF_BUFG
    SLICE_X64Y57         FDPE                                         r  rTXBitCount_reg[0]/C
                         clock pessimism              0.296   105.152    
                         clock uncertainty           -0.035   105.116    
    SLICE_X64Y57         FDPE (Setup_fdpe_C_D)        0.079   105.195    rTXBitCount_reg[0]
  -------------------------------------------------------------------
                         required time                        105.195    
                         arrival time                          -6.332    
  -------------------------------------------------------------------
                         slack                                 98.863    





Min Delay Paths
--------------------------------------------------------------------------------------
Slack (MET) :             0.237ns  (arrival time - required time)
  Source:                 rTXBitCount_reg[0]/C
                            (rising edge-triggered cell FDPE clocked by spi_sck_pin  {rise@0.000ns fall@25.000ns period=100.000ns})
  Destination:            rTXBitCount_reg[0]/D
                            (rising edge-triggered cell FDPE clocked by spi_sck_pin  {rise@0.000ns fall@25.000ns period=100.000ns})
  Path Group:             spi_sck_pin
  Path Type:              Hold (Min at Fast Process Corner)
  Requirement:            0.000ns  (spi_sck_pin rise@0.000ns - spi_sck_pin rise@0.000ns)
  Data Path Delay:        0.358ns  (logic 0.209ns (58.341%)  route 0.149ns (41.659%))
  Logic Levels:           1  (LUT1=1)
  Clock Path Skew:        0.000ns (DCD - SCD - CPR)
    Destination Clock Delay (DCD):    1.995ns
    Source Clock Delay      (SCD):    1.479ns
    Clock Pessimism Removal (CPR):    0.516ns

    Location             Delay type                Incr(ns)  Path(ns)    Netlist Resource(s)
  -------------------------------------------------------------------    -------------------
                         (clock spi_sck_pin rise edge)
                                                      0.000     0.000 r  
    P18                                               0.000     0.000 r  sck (IN)
                         net (fo=0)                   0.000     0.000    sck
    P18                  IBUF (Prop_ibuf_I_O)         0.227     0.227 r  sck_IBUF_inst/O
                         net (fo=1, routed)           0.634     0.861    sck_IBUF
    BUFGCTRL_X0Y1        BUFG (Prop_bufg_I_O)         0.026     0.887 r  sck_IBUF_BUFG_inst/O
                         net (fo=6, routed)           0.592     1.479    sck_IBUF_BUFG
    SLICE_X64Y57         FDPE                                         r  rTXBitCount_reg[0]/C
  -------------------------------------------------------------------    -------------------
    SLICE_X64Y57         FDPE (Prop_fdpe_C_Q)         0.164     1.643 f  rTXBitCount_reg[0]/Q
                         net (fo=5, routed)           0.149     1.792    rTXBitCount[0]
    SLICE_X64Y57         LUT1 (Prop_lut1_I0_O)        0.045     1.837 r  rTXBitCount[0]_i_1/O
                         net (fo=1, routed)           0.000     1.837    rTXBitCount[0]_i_1_n_0
    SLICE_X64Y57         FDPE                                         r  rTXBitCount_reg[0]/D
  -------------------------------------------------------------------    -------------------

                         (clock spi_sck_pin rise edge)
                                                      0.000     0.000 r  
    P18                                               0.000     0.000 r  sck (IN)
                         net (fo=0)                   0.000     0.000    sck
    P18                  IBUF (Prop_ibuf_I_O)         0.415     0.415 r  sck_IBUF_inst/O
                         net (fo=1, routed)           0.689     1.104    sck_IBUF
    BUFGCTRL_X0Y1        BUFG (Prop_bufg_I_O)         0.029     1.133 r  sck_IBUF_BUFG_inst/O
                         net (fo=6, routed)           0.862     1.995    sck_IBUF_BUFG
    SLICE_X64Y57         FDPE                                         r  rTXBitCount_reg[0]/C
                         clock pessimism             -0.516     1.479    
    SLICE_X64Y57         FDPE (Hold_fdpe_C_D)         0.121     1.600    rTXBitCount_reg[0]
  -------------------------------------------------------------------
                         required time                         -1.600    
                         arrival time                           1.837    
  -------------------------------------------------------------------
                         slack                                  0.237    

Slack (MET) :             0.310ns  (arrival time - required time)
  Source:                 rTXBitCount_reg[1]/C
                            (rising edge-triggered cell FDPE clocked by spi_sck_pin  {rise@0.000ns fall@25.000ns period=100.000ns})
  Destination:            rTXBitCount_reg[2]/D
                            (rising edge-triggered cell FDPE clocked by spi_sck_pin  {rise@0.000ns fall@25.000ns period=100.000ns})
  Path Group:             spi_sck_pin
  Path Type:              Hold (Min at Fast Process Corner)
  Requirement:            0.000ns  (spi_sck_pin rise@0.000ns - spi_sck_pin rise@0.000ns)
  Data Path Delay:        0.441ns  (logic 0.209ns (47.392%)  route 0.232ns (52.608%))
  Logic Levels:           1  (LUT3=1)
  Clock Path Skew:        0.000ns (DCD - SCD - CPR)
    Destination Clock Delay (DCD):    1.995ns
    Source Clock Delay      (SCD):    1.479ns
    Clock Pessimism Removal (CPR):    0.516ns

    Location             Delay type                Incr(ns)  Path(ns)    Netlist Resource(s)
  -------------------------------------------------------------------    -------------------
                         (clock spi_sck_pin rise edge)
                                                      0.000     0.000 r  
    P18                                               0.000     0.000 r  sck (IN)
                         net (fo=0)                   0.000     0.000    sck
    P18                  IBUF (Prop_ibuf_I_O)         0.227     0.227 r  sck_IBUF_inst/O
                         net (fo=1, routed)           0.634     0.861    sck_IBUF
    BUFGCTRL_X0Y1        BUFG (Prop_bufg_I_O)         0.026     0.887 r  sck_IBUF_BUFG_inst/O
                         net (fo=6, routed)           0.592     1.479    sck_IBUF_BUFG
    SLICE_X64Y57         FDPE                                         r  rTXBitCount_reg[1]/C
  -------------------------------------------------------------------    -------------------
    SLICE_X64Y57         FDPE (Prop_fdpe_C_Q)         0.164     1.643 r  rTXBitCount_reg[1]/Q
                         net (fo=4, routed)           0.232     1.875    rTXBitCount[1]
    SLICE_X64Y57         LUT3 (Prop_lut3_I1_O)        0.045     1.920 r  rTXBitCount[2]_i_1/O
                         net (fo=1, routed)           0.000     1.920    rTXBitCount[2]_i_1_n_0
    SLICE_X64Y57         FDPE                                         r  rTXBitCount_reg[2]/D
  -------------------------------------------------------------------    -------------------

                         (clock spi_sck_pin rise edge)
                                                      0.000     0.000 r  
    P18                                               0.000     0.000 r  sck (IN)
                         net (fo=0)                   0.000     0.000    sck
    P18                  IBUF (Prop_ibuf_I_O)         0.415     0.415 r  sck_IBUF_inst/O
                         net (fo=1, routed)           0.689     1.104    sck_IBUF
    BUFGCTRL_X0Y1        BUFG (Prop_bufg_I_O)         0.029     1.133 r  sck_IBUF_BUFG_inst/O
                         net (fo=6, routed)           0.862     1.995    sck_IBUF_BUFG
    SLICE_X64Y57         FDPE                                         r  rTXBitCount_reg[2]/C
                         clock pessimism             -0.516     1.479    
    SLICE_X64Y57         FDPE (Hold_fdpe_C_D)         0.131     1.610    rTXBitCount_reg[2]
  -------------------------------------------------------------------
                         required time                         -1.610    
                         arrival time                           1.920    
  -------------------------------------------------------------------
                         slack                                  0.310    

Slack (MET) :             0.320ns  (arrival time - required time)
  Source:                 rTXBitCount_reg[1]/C
                            (rising edge-triggered cell FDPE clocked by spi_sck_pin  {rise@0.000ns fall@25.000ns period=100.000ns})
  Destination:            rTXBitCount_reg[1]/D
                            (rising edge-triggered cell FDPE clocked by spi_sck_pin  {rise@0.000ns fall@25.000ns period=100.000ns})
  Path Group:             spi_sck_pin
  Path Type:              Hold (Min at Fast Process Corner)
  Requirement:            0.000ns  (spi_sck_pin rise@0.000ns - spi_sck_pin rise@0.000ns)
  Data Path Delay:        0.441ns  (logic 0.209ns (47.392%)  route 0.232ns (52.608%))
  Logic Levels:           1  (LUT2=1)
  Clock Path Skew:        0.000ns (DCD - SCD - CPR)
    Destination Clock Delay (DCD):    1.995ns
    Source Clock Delay      (SCD):    1.479ns
    Clock Pessimism Removal (CPR):    0.516ns

    Location             Delay type                Incr(ns)  Path(ns)    Netlist Resource(s)
  -------------------------------------------------------------------    -------------------
                         (clock spi_sck_pin rise edge)
                                                      0.000     0.000 r  
    P18                                               0.000     0.000 r  sck (IN)
                         net (fo=0)                   0.000     0.000    sck
    P18                  IBUF (Prop_ibuf_I_O)         0.227     0.227 r  sck_IBUF_inst/O
                         net (fo=1, routed)           0.634     0.861    sck_IBUF
    BUFGCTRL_X0Y1        BUFG (Prop_bufg_I_O)         0.026     0.887 r  sck_IBUF_BUFG_inst/O
                         net (fo=6, routed)           0.592     1.479    sck_IBUF_BUFG
    SLICE_X64Y57         FDPE                                         r  rTXBitCount_reg[1]/C
  -------------------------------------------------------------------    -------------------
    SLICE_X64Y57         FDPE (Prop_fdpe_C_Q)         0.164     1.643 r  rTXBitCount_reg[1]/Q
                         net (fo=4, routed)           0.232     1.875    rTXBitCount[1]
    SLICE_X64Y57         LUT2 (Prop_lut2_I1_O)        0.045     1.920 r  rTXBitCount[1]_i_1/O
                         net (fo=1, routed)           0.000     1.920    rTXBitCount[1]_i_1_n_0
    SLICE_X64Y57         FDPE                                         r  rTXBitCount_reg[1]/D
  -------------------------------------------------------------------    -------------------

                         (clock spi_sck_pin rise edge)
                                                      0.000     0.000 r  
    P18                                               0.000     0.000 r  sck (IN)
                         net (fo=0)                   0.000     0.000    sck
    P18                  IBUF (Prop_ibuf_I_O)         0.415     0.415 r  sck_IBUF_inst/O
                         net (fo=1, routed)           0.689     1.104    sck_IBUF
    BUFGCTRL_X0Y1        BUFG (Prop_bufg_I_O)         0.029     1.133 r  sck_IBUF_BUFG_inst/O
                         net (fo=6, routed)           0.862     1.995    sck_IBUF_BUFG
    SLICE_X64Y57         FDPE                                         r  rTXBitCount_reg[1]/C
                         clock pessimism             -0.516     1.479    
    SLICE_X64Y57         FDPE (Hold_fdpe_C_D)         0.121     1.600    rTXBitCount_reg[1]
  -------------------------------------------------------------------
                         required time                         -1.600    
                         arrival time                           1.920    
  -------------------------------------------------------------------
                         slack                                  0.320    

Slack (MET) :             0.620ns  (arrival time - required time)
  Source:                 rTXBitCount_reg[2]/C
                            (rising edge-triggered cell FDPE clocked by spi_sck_pin  {rise@0.000ns fall@25.000ns period=100.000ns})
  Destination:            rSPIMISOBit_reg_P/D
                            (rising edge-triggered cell FDPE clocked by spi_sck_pin  {rise@0.000ns fall@25.000ns period=100.000ns})
  Path Group:             spi_sck_pin
  Path Type:              Hold (Min at Fast Process Corner)
  Requirement:            0.000ns  (spi_sck_pin rise@0.000ns - spi_sck_pin rise@0.000ns)
  Data Path Delay:        0.643ns  (logic 0.291ns (45.278%)  route 0.352ns (54.722%))
  Logic Levels:           1  (MUXF7=1)
  Clock Path Skew:        0.016ns (DCD - SCD - CPR)
    Destination Clock Delay (DCD):    1.995ns
    Source Clock Delay      (SCD):    1.479ns
    Clock Pessimism Removal (CPR):    0.500ns

    Location             Delay type                Incr(ns)  Path(ns)    Netlist Resource(s)
  -------------------------------------------------------------------    -------------------
                         (clock spi_sck_pin rise edge)
                                                      0.000     0.000 r  
    P18                                               0.000     0.000 r  sck (IN)
                         net (fo=0)                   0.000     0.000    sck
    P18                  IBUF (Prop_ibuf_I_O)         0.227     0.227 r  sck_IBUF_inst/O
                         net (fo=1, routed)           0.634     0.861    sck_IBUF
    BUFGCTRL_X0Y1        BUFG (Prop_bufg_I_O)         0.026     0.887 r  sck_IBUF_BUFG_inst/O
                         net (fo=6, routed)           0.592     1.479    sck_IBUF_BUFG
    SLICE_X64Y57         FDPE                                         r  rTXBitCount_reg[2]/C
  -------------------------------------------------------------------    -------------------
    SLICE_X64Y57         FDPE (Prop_fdpe_C_Q)         0.148     1.627 r  rTXBitCount_reg[2]/Q
                         net (fo=2, routed)           0.188     1.815    rTXBitCount[2]
    SLICE_X64Y57         MUXF7 (Prop_muxf7_S_O)       0.143     1.958 r  rSPIMISOBit_reg_C_i_1/O
                         net (fo=2, routed)           0.164     2.122    p_2_in
    SLICE_X63Y57         FDPE                                         r  rSPIMISOBit_reg_P/D
  -------------------------------------------------------------------    -------------------

                         (clock spi_sck_pin rise edge)
                                                      0.000     0.000 r  
    P18                                               0.000     0.000 r  sck (IN)
                         net (fo=0)                   0.000     0.000    sck
    P18                  IBUF (Prop_ibuf_I_O)         0.415     0.415 r  sck_IBUF_inst/O
                         net (fo=1, routed)           0.689     1.104    sck_IBUF
    BUFGCTRL_X0Y1        BUFG (Prop_bufg_I_O)         0.029     1.133 r  sck_IBUF_BUFG_inst/O
                         net (fo=6, routed)           0.862     1.995    sck_IBUF_BUFG
    SLICE_X63Y57         FDPE                                         r  rSPIMISOBit_reg_P/C
                         clock pessimism             -0.500     1.495    
    SLICE_X63Y57         FDPE (Hold_fdpe_C_D)         0.007     1.502    rSPIMISOBit_reg_P
  -------------------------------------------------------------------
                         required time                         -1.502    
                         arrival time                           2.122    
  -------------------------------------------------------------------
                         slack                                  0.620    

Slack (MET) :             0.686ns  (arrival time - required time)
  Source:                 rTXBitCount_reg[2]/C
                            (rising edge-triggered cell FDPE clocked by spi_sck_pin  {rise@0.000ns fall@25.000ns period=100.000ns})
  Destination:            rSPIMISOBit_reg_C/D
                            (rising edge-triggered cell FDCE clocked by spi_sck_pin  {rise@0.000ns fall@25.000ns period=100.000ns})
  Path Group:             spi_sck_pin
  Path Type:              Hold (Min at Fast Process Corner)
  Requirement:            0.000ns  (spi_sck_pin rise@0.000ns - spi_sck_pin rise@0.000ns)
  Data Path Delay:        0.709ns  (logic 0.291ns (41.054%)  route 0.418ns (58.946%))
  Logic Levels:           1  (MUXF7=1)
  Clock Path Skew:        0.016ns (DCD - SCD - CPR)
    Destination Clock Delay (DCD):    1.995ns
    Source Clock Delay      (SCD):    1.479ns
    Clock Pessimism Removal (CPR):    0.500ns

    Location             Delay type                Incr(ns)  Path(ns)    Netlist Resource(s)
  -------------------------------------------------------------------    -------------------
                         (clock spi_sck_pin rise edge)
                                                      0.000     0.000 r  
    P18                                               0.000     0.000 r  sck (IN)
                         net (fo=0)                   0.000     0.000    sck
    P18                  IBUF (Prop_ibuf_I_O)         0.227     0.227 r  sck_IBUF_inst/O
                         net (fo=1, routed)           0.634     0.861    sck_IBUF
    BUFGCTRL_X0Y1        BUFG (Prop_bufg_I_O)         0.026     0.887 r  sck_IBUF_BUFG_inst/O
                         net (fo=6, routed)           0.592     1.479    sck_IBUF_BUFG
    SLICE_X64Y57         FDPE                                         r  rTXBitCount_reg[2]/C
  -------------------------------------------------------------------    -------------------
    SLICE_X64Y57         FDPE (Prop_fdpe_C_Q)         0.148     1.627 r  rTXBitCount_reg[2]/Q
                         net (fo=2, routed)           0.188     1.815    rTXBitCount[2]
    SLICE_X64Y57         MUXF7 (Prop_muxf7_S_O)       0.143     1.958 r  rSPIMISOBit_reg_C_i_1/O
                         net (fo=2, routed)           0.230     2.188    p_2_in
    SLICE_X62Y57         FDCE                                         r  rSPIMISOBit_reg_C/D
  -------------------------------------------------------------------    -------------------

                         (clock spi_sck_pin rise edge)
                                                      0.000     0.000 r  
    P18                                               0.000     0.000 r  sck (IN)
                         net (fo=0)                   0.000     0.000    sck
    P18                  IBUF (Prop_ibuf_I_O)         0.415     0.415 r  sck_IBUF_inst/O
                         net (fo=1, routed)           0.689     1.104    sck_IBUF
    BUFGCTRL_X0Y1        BUFG (Prop_bufg_I_O)         0.029     1.133 r  sck_IBUF_BUFG_inst/O
                         net (fo=6, routed)           0.862     1.995    sck_IBUF_BUFG
    SLICE_X62Y57         FDCE                                         r  rSPIMISOBit_reg_C/C
                         clock pessimism             -0.500     1.495    
    SLICE_X62Y57         FDCE (Hold_fdce_C_D)         0.007     1.502    rSPIMISOBit_reg_C
  -------------------------------------------------------------------
                         required time                         -1.502    
                         arrival time                           2.188    
  -------------------------------------------------------------------
                         slack                                  0.686    





Pulse Width Checks
--------------------------------------------------------------------------------------
Clock Name:         spi_sck_pin
Waveform(ns):       { 0.000 25.000 }
Period(ns):         100.000
Sources:            { sck }

Check Type        Corner  Lib Pin  Reference Pin  Required(ns)  Actual(ns)  Slack(ns)  Location       Pin
Min Period        n/a     BUFG/I   n/a            2.155         100.000     97.845     BUFGCTRL_X0Y1  sck_IBUF_BUFG_inst/I
Min Period        n/a     FDPE/C   n/a            1.000         100.000     99.000     SLICE_X62Y58   rPreloadMISO_reg/C
Min Period        n/a     FDCE/C   n/a            1.000         100.000     99.000     SLICE_X62Y57   rSPIMISOBit_reg_C/C
Min Period        n/a     FDPE/C   n/a            1.000         100.000     99.000     SLICE_X63Y57   rSPIMISOBit_reg_P/C
Min Period        n/a     FDPE/C   n/a            1.000         100.000     99.000     SLICE_X64Y57   rTXBitCount_reg[0]/C
Min Period        n/a     FDPE/C   n/a            1.000         100.000     99.000     SLICE_X64Y57   rTXBitCount_reg[1]/C
Min Period        n/a     FDPE/C   n/a            1.000         100.000     99.000     SLICE_X64Y57   rTXBitCount_reg[2]/C
Low Pulse Width   Slow    FDPE/C   n/a            0.500         75.000      74.500     SLICE_X62Y58   rPreloadMISO_reg/C
Low Pulse Width   Fast    FDPE/C   n/a            0.500         75.000      74.500     SLICE_X62Y58   rPreloadMISO_reg/C
Low Pulse Width   Slow    FDCE/C   n/a            0.500         75.000      74.500     SLICE_X62Y57   rSPIMISOBit_reg_C/C
Low Pulse Width   Fast    FDCE/C   n/a            0.500         75.000      74.500     SLICE_X62Y57   rSPIMISOBit_reg_C/C
Low Pulse Width   Slow    FDPE/C   n/a            0.500         75.000      74.500     SLICE_X63Y57   rSPIMISOBit_reg_P/C
Low Pulse Width   Fast    FDPE/C   n/a            0.500         75.000      74.500     SLICE_X63Y57   rSPIMISOBit_reg_P/C
Low Pulse Width   Slow    FDPE/C   n/a            0.500         75.000      74.500     SLICE_X64Y57   rTXBitCount_reg[0]/C
Low Pulse Width   Fast    FDPE/C   n/a            0.500         75.000      74.500     SLICE_X64Y57   rTXBitCount_reg[0]/C
Low Pulse Width   Slow    FDPE/C   n/a            0.500         75.000      74.500     SLICE_X64Y57   rTXBitCount_reg[1]/C
Low Pulse Width   Fast    FDPE/C   n/a            0.500         75.000      74.500     SLICE_X64Y57   rTXBitCount_reg[1]/C
High Pulse Width  Slow    FDPE/C   n/a            0.500         25.000      24.500     SLICE_X62Y58   rPreloadMISO_reg/C
High Pulse Width  Fast    FDPE/C   n/a            0.500         25.000      24.500     SLICE_X62Y58   rPreloadMISO_reg/C
High Pulse Width  Slow    FDCE/C   n/a            0.500         25.000      24.500     SLICE_X62Y57   rSPIMISOBit_reg_C/C
High Pulse Width  Fast    FDCE/C   n/a            0.500         25.000      24.500     SLICE_X62Y57   rSPIMISOBit_reg_C/C
High Pulse Width  Slow    FDPE/C   n/a            0.500         25.000      24.500     SLICE_X63Y57   rSPIMISOBit_reg_P/C
High Pulse Width  Fast    FDPE/C   n/a            0.500         25.000      24.500     SLICE_X63Y57   rSPIMISOBit_reg_P/C
High Pulse Width  Slow    FDPE/C   n/a            0.500         25.000      24.500     SLICE_X64Y57   rTXBitCount_reg[0]/C
High Pulse Width  Fast    FDPE/C   n/a            0.500         25.000      24.500     SLICE_X64Y57   rTXBitCount_reg[0]/C
High Pulse Width  Slow    FDPE/C   n/a            0.500         25.000      24.500     SLICE_X64Y57   rTXBitCount_reg[1]/C
High Pulse Width  Fast    FDPE/C   n/a            0.500         25.000      24.500     SLICE_X64Y57   rTXBitCount_reg[1]/C



---------------------------------------------------------------------------------------------------
From Clock:  sys_clk_pin
  To Clock:  sys_clk_pin

Setup :           NA  Failing Endpoints,  Worst Slack           NA  ,  Total Violation           NA
Hold  :           NA  Failing Endpoints,  Worst Slack           NA  ,  Total Violation           NA
PW    :            0  Failing Endpoints,  Worst Slack        4.500ns,  Total Violation        0.000ns
---------------------------------------------------------------------------------------------------


Pulse Width Checks
--------------------------------------------------------------------------------------
Clock Name:         sys_clk_pin
Waveform(ns):       { 0.000 5.000 }
Period(ns):         10.000
Sources:            { clk }

Check Type        Corner  Lib Pin  Reference Pin  Required(ns)  Actual(ns)  Slack(ns)  Location       Pin
Min Period        n/a     BUFG/I   n/a            2.155         10.000      7.845      BUFGCTRL_X0Y0  clk_IBUF_BUFG_inst/I
Min Period        n/a     FDCE/C   n/a            1.000         10.000      9.000      SLICE_X63Y56   rTXByte_reg[0]/C
Min Period        n/a     FDCE/C   n/a            1.000         10.000      9.000      SLICE_X65Y57   rTXByte_reg[1]/C
Min Period        n/a     FDCE/C   n/a            1.000         10.000      9.000      SLICE_X65Y57   rTXByte_reg[2]/C
Min Period        n/a     FDCE/C   n/a            1.000         10.000      9.000      SLICE_X65Y57   rTXByte_reg[3]/C
Min Period        n/a     FDCE/C   n/a            1.000         10.000      9.000      SLICE_X65Y57   rTXByte_reg[4]/C
Min Period        n/a     FDCE/C   n/a            1.000         10.000      9.000      SLICE_X65Y57   rTXByte_reg[5]/C
Min Period        n/a     FDCE/C   n/a            1.000         10.000      9.000      SLICE_X65Y57   rTXByte_reg[6]/C
Min Period        n/a     FDCE/C   n/a            1.000         10.000      9.000      SLICE_X65Y57   rTXByte_reg[7]/C
Low Pulse Width   Slow    FDCE/C   n/a            0.500         5.000       4.500      SLICE_X63Y56   rTXByte_reg[0]/C
Low Pulse Width   Fast    FDCE/C   n/a            0.500         5.000       4.500      SLICE_X63Y56   rTXByte_reg[0]/C
Low Pulse Width   Slow    FDCE/C   n/a            0.500         5.000       4.500      SLICE_X65Y57   rTXByte_reg[1]/C
Low Pulse Width   Fast    FDCE/C   n/a            0.500         5.000       4.500      SLICE_X65Y57   rTXByte_reg[1]/C
Low Pulse Width   Slow    FDCE/C   n/a            0.500         5.000       4.500      SLICE_X65Y57   rTXByte_reg[2]/C
Low Pulse Width   Fast    FDCE/C   n/a            0.500         5.000       4.500      SLICE_X65Y57   rTXByte_reg[2]/C
Low Pulse Width   Slow    FDCE/C   n/a            0.500         5.000       4.500      SLICE_X65Y57   rTXByte_reg[3]/C
Low Pulse Width   Fast    FDCE/C   n/a            0.500         5.000       4.500      SLICE_X65Y57   rTXByte_reg[3]/C
Low Pulse Width   Slow    FDCE/C   n/a            0.500         5.000       4.500      SLICE_X65Y57   rTXByte_reg[4]/C
Low Pulse Width   Fast    FDCE/C   n/a            0.500         5.000       4.500      SLICE_X65Y57   rTXByte_reg[4]/C
High Pulse Width  Slow    FDCE/C   n/a            0.500         5.000       4.500      SLICE_X63Y56   rTXByte_reg[0]/C
High Pulse Width  Fast    FDCE/C   n/a            0.500         5.000       4.500      SLICE_X63Y56   rTXByte_reg[0]/C
High Pulse Width  Slow    FDCE/C   n/a            0.500         5.000       4.500      SLICE_X65Y57   rTXByte_reg[1]/C
High Pulse Width  Fast    FDCE/C   n/a            0.500         5.000       4.500      SLICE_X65Y57   rTXByte_reg[1]/C
High Pulse Width  Slow    FDCE/C   n/a            0.500         5.000       4.500      SLICE_X65Y57   rTXByte_reg[2]/C
High Pulse Width  Fast    FDCE/C   n/a            0.500         5.000       4.500      SLICE_X65Y57   rTXByte_reg[2]/C
High Pulse Width  Slow    FDCE/C   n/a            0.500         5.000       4.500      SLICE_X65Y57   rTXByte_reg[3]/C
High Pulse Width  Fast    FDCE/C   n/a            0.500         5.000       4.500      SLICE_X65Y57   rTXByte_reg[3]/C
High Pulse Width  Slow    FDCE/C   n/a            0.500         5.000       4.500      SLICE_X65Y57   rTXByte_reg[4]/C
High Pulse Width  Fast    FDCE/C   n/a            0.500         5.000       4.500      SLICE_X65Y57   rTXByte_reg[4]/C



--------------------------------------------------------------------------------------
Path Group:  (none)
From Clock:  sys_clk_pin
  To Clock:  spi_sck_pin

Max Delay             4 Endpoints
Min Delay             4 Endpoints
--------------------------------------------------------------------------------------


Max Delay Paths
--------------------------------------------------------------------------------------
Slack:                    inf
  Source:                 rTXByte_reg[7]/C
                            (rising edge-triggered cell FDCE clocked by sys_clk_pin  {rise@0.000ns fall@5.000ns period=10.000ns})
  Destination:            rSPIMISOBit_reg_C/D
                            (rising edge-triggered cell FDCE clocked by spi_sck_pin  {rise@0.000ns fall@25.000ns period=100.000ns})
  Path Group:             (none)
  Path Type:              Setup (Max at Slow Process Corner)
  Data Path Delay:        2.196ns  (logic 0.930ns (42.348%)  route 1.266ns (57.652%))
  Logic Levels:           2  (LUT6=1 MUXF7=1)
  Clock Path Skew:        -0.290ns (DCD - SCD + CPR)
    Destination Clock Delay (DCD):    4.856ns
    Source Clock Delay      (SCD):    5.146ns
    Clock Pessimism Removal (CPR):    0.000ns
  Clock Uncertainty:      0.035ns  ((TSJ^2 + TIJ^2)^1/2 + DJ) / 2 + PE
    Total System Jitter     (TSJ):    0.071ns
    Total Input Jitter      (TIJ):    0.000ns
    Discrete Jitter          (DJ):    0.000ns
    Phase Error              (PE):    0.000ns
  Timing Exception:       False Path

    Location             Delay type                Incr(ns)  Path(ns)    Netlist Resource(s)
  -------------------------------------------------------------------    -------------------
                         (clock sys_clk_pin rise edge)
                                                      0.000     0.000 r  
    W5                                                0.000     0.000 r  clk (IN)
                         net (fo=0)                   0.000     0.000    clk
    W5                   IBUF (Prop_ibuf_I_O)         1.458     1.458 r  clk_IBUF_inst/O
                         net (fo=1, routed)           1.967     3.425    clk_IBUF
    BUFGCTRL_X0Y0        BUFG (Prop_bufg_I_O)         0.096     3.521 r  clk_IBUF_BUFG_inst/O
                         net (fo=8, routed)           1.625     5.146    clk_IBUF_BUFG
    SLICE_X65Y57         FDCE                                         r  rTXByte_reg[7]/C
  -------------------------------------------------------------------    -------------------
    SLICE_X65Y57         FDCE (Prop_fdce_C_Q)         0.419     5.565 r  rTXByte_reg[7]/Q
                         net (fo=4, routed)           0.555     6.120    p_0_in
    SLICE_X64Y57         LUT6 (Prop_lut6_I0_O)        0.297     6.417 r  rSPIMISOBit_C_i_3/O
                         net (fo=1, routed)           0.000     6.417    rSPIMISOBit_C_i_3_n_0
    SLICE_X64Y57         MUXF7 (Prop_muxf7_I1_O)      0.214     6.631 r  rSPIMISOBit_reg_C_i_1/O
                         net (fo=2, routed)           0.711     7.342    p_2_in
    SLICE_X62Y57         FDCE                                         r  rSPIMISOBit_reg_C/D
  -------------------------------------------------------------------    -------------------

                         (clock spi_sck_pin rise edge)
                                                      0.000     0.000 r  
    P18                                               0.000     0.000 r  sck (IN)
                         net (fo=0)                   0.000     0.000    sck
    P18                  IBUF (Prop_ibuf_I_O)         1.389     1.389 r  sck_IBUF_inst/O
                         net (fo=1, routed)           1.868     3.257    sck_IBUF
    BUFGCTRL_X0Y1        BUFG (Prop_bufg_I_O)         0.091     3.348 r  sck_IBUF_BUFG_inst/O
                         net (fo=6, routed)           1.508     4.856    sck_IBUF_BUFG
    SLICE_X62Y57         FDCE                                         r  rSPIMISOBit_reg_C/C

Slack:                    inf
  Source:                 rTXByte_reg[7]/C
                            (rising edge-triggered cell FDCE clocked by sys_clk_pin  {rise@0.000ns fall@5.000ns period=10.000ns})
  Destination:            rSPIMISOBit_reg_P/D
                            (rising edge-triggered cell FDPE clocked by spi_sck_pin  {rise@0.000ns fall@25.000ns period=100.000ns})
  Path Group:             (none)
  Path Type:              Setup (Max at Slow Process Corner)
  Data Path Delay:        2.001ns  (logic 0.930ns (46.477%)  route 1.071ns (53.523%))
  Logic Levels:           2  (LUT6=1 MUXF7=1)
  Clock Path Skew:        -0.290ns (DCD - SCD + CPR)
    Destination Clock Delay (DCD):    4.856ns
    Source Clock Delay      (SCD):    5.146ns
    Clock Pessimism Removal (CPR):    0.000ns
  Clock Uncertainty:      0.035ns  ((TSJ^2 + TIJ^2)^1/2 + DJ) / 2 + PE
    Total System Jitter     (TSJ):    0.071ns
    Total Input Jitter      (TIJ):    0.000ns
    Discrete Jitter          (DJ):    0.000ns
    Phase Error              (PE):    0.000ns
  Timing Exception:       False Path

    Location             Delay type                Incr(ns)  Path(ns)    Netlist Resource(s)
  -------------------------------------------------------------------    -------------------
                         (clock sys_clk_pin rise edge)
                                                      0.000     0.000 r  
    W5                                                0.000     0.000 r  clk (IN)
                         net (fo=0)                   0.000     0.000    clk
    W5                   IBUF (Prop_ibuf_I_O)         1.458     1.458 r  clk_IBUF_inst/O
                         net (fo=1, routed)           1.967     3.425    clk_IBUF
    BUFGCTRL_X0Y0        BUFG (Prop_bufg_I_O)         0.096     3.521 r  clk_IBUF_BUFG_inst/O
                         net (fo=8, routed)           1.625     5.146    clk_IBUF_BUFG
    SLICE_X65Y57         FDCE                                         r  rTXByte_reg[7]/C
  -------------------------------------------------------------------    -------------------
    SLICE_X65Y57         FDCE (Prop_fdce_C_Q)         0.419     5.565 r  rTXByte_reg[7]/Q
                         net (fo=4, routed)           0.555     6.120    p_0_in
    SLICE_X64Y57         LUT6 (Prop_lut6_I0_O)        0.297     6.417 r  rSPIMISOBit_C_i_3/O
                         net (fo=1, routed)           0.000     6.417    rSPIMISOBit_C_i_3_n_0
    SLICE_X64Y57         MUXF7 (Prop_muxf7_I1_O)      0.214     6.631 r  rSPIMISOBit_reg_C_i_1/O
                         net (fo=2, routed)           0.516     7.147    p_2_in
    SLICE_X63Y57         FDPE                                         r  rSPIMISOBit_reg_P/D
  -------------------------------------------------------------------    -------------------

                         (clock spi_sck_pin rise edge)
                                                      0.000     0.000 r  
    P18                                               0.000     0.000 r  sck (IN)
                         net (fo=0)                   0.000     0.000    sck
    P18                  IBUF (Prop_ibuf_I_O)         1.389     1.389 r  sck_IBUF_inst/O
                         net (fo=1, routed)           1.868     3.257    sck_IBUF
    BUFGCTRL_X0Y1        BUFG (Prop_bufg_I_O)         0.091     3.348 r  sck_IBUF_BUFG_inst/O
                         net (fo=6, routed)           1.508     4.856    sck_IBUF_BUFG
    SLICE_X63Y57         FDPE                                         r  rSPIMISOBit_reg_P/C

Slack:                    inf
  Source:                 rTXByte_reg[7]/C
                            (rising edge-triggered cell FDCE clocked by sys_clk_pin  {rise@0.000ns fall@5.000ns period=10.000ns})
  Destination:            rSPIMISOBit_reg_C/CLR
                            (recovery check against rising-edge clock spi_sck_pin  {rise@0.000ns fall@25.000ns period=100.000ns})
  Path Group:             (none)
  Path Type:              Recovery (Max at Slow Process Corner)
  Data Path Delay:        1.790ns  (logic 0.710ns (39.665%)  route 1.080ns (60.335%))
  Logic Levels:           1  (LUT2=1)
  Clock Path Skew:        -0.290ns (DCD - SCD + CPR)
    Destination Clock Delay (DCD):    4.856ns
    Source Clock Delay      (SCD):    5.146ns
    Clock Pessimism Removal (CPR):    0.000ns
  Clock Uncertainty:      0.035ns  ((TSJ^2 + TIJ^2)^1/2 + DJ) / 2 + PE
    Total System Jitter     (TSJ):    0.071ns
    Total Input Jitter      (TIJ):    0.000ns
    Discrete Jitter          (DJ):    0.000ns
    Phase Error              (PE):    0.000ns
  Timing Exception:       False Path

    Location             Delay type                Incr(ns)  Path(ns)    Netlist Resource(s)
  -------------------------------------------------------------------    -------------------
                         (clock sys_clk_pin rise edge)
                                                      0.000     0.000 r  
    W5                                                0.000     0.000 r  clk (IN)
                         net (fo=0)                   0.000     0.000    clk
    W5                   IBUF (Prop_ibuf_I_O)         1.458     1.458 r  clk_IBUF_inst/O
                         net (fo=1, routed)           1.967     3.425    clk_IBUF
    BUFGCTRL_X0Y0        BUFG (Prop_bufg_I_O)         0.096     3.521 r  clk_IBUF_BUFG_inst/O
                         net (fo=8, routed)           1.625     5.146    clk_IBUF_BUFG
    SLICE_X65Y57         FDCE                                         r  rTXByte_reg[7]/C
  -------------------------------------------------------------------    -------------------
    SLICE_X65Y57         FDCE (Prop_fdce_C_Q)         0.419     5.565 r  rTXByte_reg[7]/Q
                         net (fo=4, routed)           0.443     6.008    p_0_in
    SLICE_X62Y57         LUT2 (Prop_lut2_I1_O)        0.291     6.299 f  rSPIMISOBit_reg_LDC_i_2/O
                         net (fo=2, routed)           0.637     6.936    rSPIMISOBit_reg_LDC_i_2_n_0
    SLICE_X62Y57         FDCE                                         f  rSPIMISOBit_reg_C/CLR
  -------------------------------------------------------------------    -------------------

                         (clock spi_sck_pin rise edge)
                                                      0.000     0.000 r  
    P18                                               0.000     0.000 r  sck (IN)
                         net (fo=0)                   0.000     0.000    sck
    P18                  IBUF (Prop_ibuf_I_O)         1.389     1.389 r  sck_IBUF_inst/O
                         net (fo=1, routed)           1.868     3.257    sck_IBUF
    BUFGCTRL_X0Y1        BUFG (Prop_bufg_I_O)         0.091     3.348 r  sck_IBUF_BUFG_inst/O
                         net (fo=6, routed)           1.508     4.856    sck_IBUF_BUFG
    SLICE_X62Y57         FDCE                                         r  rSPIMISOBit_reg_C/C

Slack:                    inf
  Source:                 rTXByte_reg[7]/C
                            (rising edge-triggered cell FDCE clocked by sys_clk_pin  {rise@0.000ns fall@5.000ns period=10.000ns})
  Destination:            rSPIMISOBit_reg_P/PRE
                            (recovery check against rising-edge clock spi_sck_pin  {rise@0.000ns fall@25.000ns period=100.000ns})
  Path Group:             (none)
  Path Type:              Recovery (Max at Slow Process Corner)
  Data Path Delay:        1.698ns  (logic 0.716ns (42.170%)  route 0.982ns (57.830%))
  Logic Levels:           1  (LUT2=1)
  Clock Path Skew:        -0.290ns (DCD - SCD + CPR)
    Destination Clock Delay (DCD):    4.856ns
    Source Clock Delay      (SCD):    5.146ns
    Clock Pessimism Removal (CPR):    0.000ns
  Clock Uncertainty:      0.035ns  ((TSJ^2 + TIJ^2)^1/2 + DJ) / 2 + PE
    Total System Jitter     (TSJ):    0.071ns
    Total Input Jitter      (TIJ):    0.000ns
    Discrete Jitter          (DJ):    0.000ns
    Phase Error              (PE):    0.000ns
  Timing Exception:       False Path

    Location             Delay type                Incr(ns)  Path(ns)    Netlist Resource(s)
  -------------------------------------------------------------------    -------------------
                         (clock sys_clk_pin rise edge)
                                                      0.000     0.000 r  
    W5                                                0.000     0.000 r  clk (IN)
                         net (fo=0)                   0.000     0.000    clk
    W5                   IBUF (Prop_ibuf_I_O)         1.458     1.458 r  clk_IBUF_inst/O
                         net (fo=1, routed)           1.967     3.425    clk_IBUF
    BUFGCTRL_X0Y0        BUFG (Prop_bufg_I_O)         0.096     3.521 r  clk_IBUF_BUFG_inst/O
                         net (fo=8, routed)           1.625     5.146    clk_IBUF_BUFG
    SLICE_X65Y57         FDCE                                         r  rTXByte_reg[7]/C
  -------------------------------------------------------------------    -------------------
    SLICE_X65Y57         FDCE (Prop_fdce_C_Q)         0.419     5.565 f  rTXByte_reg[7]/Q
                         net (fo=4, routed)           0.443     6.008    p_0_in
    SLICE_X62Y57         LUT2 (Prop_lut2_I0_O)        0.297     6.305 f  rSPIMISOBit_reg_LDC_i_1/O
                         net (fo=2, routed)           0.539     6.844    rSPIMISOBit_reg_LDC_i_1_n_0
    SLICE_X63Y57         FDPE                                         f  rSPIMISOBit_reg_P/PRE
  -------------------------------------------------------------------    -------------------

                         (clock spi_sck_pin rise edge)
                                                      0.000     0.000 r  
    P18                                               0.000     0.000 r  sck (IN)
                         net (fo=0)                   0.000     0.000    sck
    P18                  IBUF (Prop_ibuf_I_O)         1.389     1.389 r  sck_IBUF_inst/O
                         net (fo=1, routed)           1.868     3.257    sck_IBUF
    BUFGCTRL_X0Y1        BUFG (Prop_bufg_I_O)         0.091     3.348 r  sck_IBUF_BUFG_inst/O
                         net (fo=6, routed)           1.508     4.856    sck_IBUF_BUFG
    SLICE_X63Y57         FDPE                                         r  rSPIMISOBit_reg_P/C





Min Delay Paths
--------------------------------------------------------------------------------------
Slack:                    inf
  Source:                 rTXByte_reg[3]/C
                            (rising edge-triggered cell FDCE clocked by sys_clk_pin  {rise@0.000ns fall@5.000ns period=10.000ns})
  Destination:            rSPIMISOBit_reg_P/D
                            (rising edge-triggered cell FDPE clocked by spi_sck_pin  {rise@0.000ns fall@25.000ns period=100.000ns})
  Path Group:             (none)
  Path Type:              Hold (Min at Fast Process Corner)
  Data Path Delay:        0.466ns  (logic 0.248ns (53.239%)  route 0.218ns (46.761%))
  Logic Levels:           2  (LUT6=1 MUXF7=1)
  Clock Path Skew:        0.520ns (DCD - SCD - CPR)
    Destination Clock Delay (DCD):    1.995ns
    Source Clock Delay      (SCD):    1.475ns
    Clock Pessimism Removal (CPR):    -0.000ns
  Clock Uncertainty:      0.035ns  ((TSJ^2 + TIJ^2)^1/2 + DJ) / 2 + PE
    Total System Jitter     (TSJ):    0.071ns
    Total Input Jitter      (TIJ):    0.000ns
    Discrete Jitter          (DJ):    0.000ns
    Phase Error              (PE):    0.000ns
  Timing Exception:       False Path

    Location             Delay type                Incr(ns)  Path(ns)    Netlist Resource(s)
  -------------------------------------------------------------------    -------------------
                         (clock sys_clk_pin rise edge)
                                                      0.000     0.000 r  
    W5                                                0.000     0.000 r  clk (IN)
                         net (fo=0)                   0.000     0.000    clk
    W5                   IBUF (Prop_ibuf_I_O)         0.226     0.226 r  clk_IBUF_inst/O
                         net (fo=1, routed)           0.631     0.858    clk_IBUF
    BUFGCTRL_X0Y0        BUFG (Prop_bufg_I_O)         0.026     0.884 r  clk_IBUF_BUFG_inst/O
                         net (fo=8, routed)           0.592     1.475    clk_IBUF_BUFG
    SLICE_X65Y57         FDCE                                         r  rTXByte_reg[3]/C
  -------------------------------------------------------------------    -------------------
    SLICE_X65Y57         FDCE (Prop_fdce_C_Q)         0.141     1.616 r  rTXByte_reg[3]/Q
                         net (fo=1, routed)           0.054     1.670    rTXByte_reg_n_0_[3]
    SLICE_X64Y57         LUT6 (Prop_lut6_I0_O)        0.045     1.715 r  rSPIMISOBit_C_i_2/O
                         net (fo=1, routed)           0.000     1.715    rSPIMISOBit_C_i_2_n_0
    SLICE_X64Y57         MUXF7 (Prop_muxf7_I0_O)      0.062     1.777 r  rSPIMISOBit_reg_C_i_1/O
                         net (fo=2, routed)           0.164     1.941    p_2_in
    SLICE_X63Y57         FDPE                                         r  rSPIMISOBit_reg_P/D
  -------------------------------------------------------------------    -------------------

                         (clock spi_sck_pin rise edge)
                                                      0.000     0.000 r  
    P18                                               0.000     0.000 r  sck (IN)
                         net (fo=0)                   0.000     0.000    sck
    P18                  IBUF (Prop_ibuf_I_O)         0.415     0.415 r  sck_IBUF_inst/O
                         net (fo=1, routed)           0.689     1.104    sck_IBUF
    BUFGCTRL_X0Y1        BUFG (Prop_bufg_I_O)         0.029     1.133 r  sck_IBUF_BUFG_inst/O
                         net (fo=6, routed)           0.862     1.995    sck_IBUF_BUFG
    SLICE_X63Y57         FDPE                                         r  rSPIMISOBit_reg_P/C

Slack:                    inf
  Source:                 rTXByte_reg[3]/C
                            (rising edge-triggered cell FDCE clocked by sys_clk_pin  {rise@0.000ns fall@5.000ns period=10.000ns})
  Destination:            rSPIMISOBit_reg_C/D
                            (rising edge-triggered cell FDCE clocked by spi_sck_pin  {rise@0.000ns fall@25.000ns period=100.000ns})
  Path Group:             (none)
  Path Type:              Hold (Min at Fast Process Corner)
  Data Path Delay:        0.532ns  (logic 0.248ns (46.621%)  route 0.284ns (53.379%))
  Logic Levels:           2  (LUT6=1 MUXF7=1)
  Clock Path Skew:        0.520ns (DCD - SCD - CPR)
    Destination Clock Delay (DCD):    1.995ns
    Source Clock Delay      (SCD):    1.475ns
    Clock Pessimism Removal (CPR):    -0.000ns
  Clock Uncertainty:      0.035ns  ((TSJ^2 + TIJ^2)^1/2 + DJ) / 2 + PE
    Total System Jitter     (TSJ):    0.071ns
    Total Input Jitter      (TIJ):    0.000ns
    Discrete Jitter          (DJ):    0.000ns
    Phase Error              (PE):    0.000ns
  Timing Exception:       False Path

    Location             Delay type                Incr(ns)  Path(ns)    Netlist Resource(s)
  -------------------------------------------------------------------    -------------------
                         (clock sys_clk_pin rise edge)
                                                      0.000     0.000 r  
    W5                                                0.000     0.000 r  clk (IN)
                         net (fo=0)                   0.000     0.000    clk
    W5                   IBUF (Prop_ibuf_I_O)         0.226     0.226 r  clk_IBUF_inst/O
                         net (fo=1, routed)           0.631     0.858    clk_IBUF
    BUFGCTRL_X0Y0        BUFG (Prop_bufg_I_O)         0.026     0.884 r  clk_IBUF_BUFG_inst/O
                         net (fo=8, routed)           0.592     1.475    clk_IBUF_BUFG
    SLICE_X65Y57         FDCE                                         r  rTXByte_reg[3]/C
  -------------------------------------------------------------------    -------------------
    SLICE_X65Y57         FDCE (Prop_fdce_C_Q)         0.141     1.616 r  rTXByte_reg[3]/Q
                         net (fo=1, routed)           0.054     1.670    rTXByte_reg_n_0_[3]
    SLICE_X64Y57         LUT6 (Prop_lut6_I0_O)        0.045     1.715 r  rSPIMISOBit_C_i_2/O
                         net (fo=1, routed)           0.000     1.715    rSPIMISOBit_C_i_2_n_0
    SLICE_X64Y57         MUXF7 (Prop_muxf7_I0_O)      0.062     1.777 r  rSPIMISOBit_reg_C_i_1/O
                         net (fo=2, routed)           0.230     2.007    p_2_in
    SLICE_X62Y57         FDCE                                         r  rSPIMISOBit_reg_C/D
  -------------------------------------------------------------------    -------------------

                         (clock spi_sck_pin rise edge)
                                                      0.000     0.000 r  
    P18                                               0.000     0.000 r  sck (IN)
                         net (fo=0)                   0.000     0.000    sck
    P18                  IBUF (Prop_ibuf_I_O)         0.415     0.415 r  sck_IBUF_inst/O
                         net (fo=1, routed)           0.689     1.104    sck_IBUF
    BUFGCTRL_X0Y1        BUFG (Prop_bufg_I_O)         0.029     1.133 r  sck_IBUF_BUFG_inst/O
                         net (fo=6, routed)           0.862     1.995    sck_IBUF_BUFG
    SLICE_X62Y57         FDCE                                         r  rSPIMISOBit_reg_C/C

Slack:                    inf
  Source:                 rTXByte_reg[7]/C
                            (rising edge-triggered cell FDCE clocked by sys_clk_pin  {rise@0.000ns fall@5.000ns period=10.000ns})
  Destination:            rSPIMISOBit_reg_P/PRE
                            (removal check against rising-edge clock spi_sck_pin  {rise@0.000ns fall@25.000ns period=100.000ns})
  Path Group:             (none)
  Path Type:              Removal (Min at Fast Process Corner)
  Data Path Delay:        0.584ns  (logic 0.226ns (38.707%)  route 0.358ns (61.293%))
  Logic Levels:           1  (LUT2=1)
  Clock Path Skew:        0.520ns (DCD - SCD - CPR)
    Destination Clock Delay (DCD):    1.995ns
    Source Clock Delay      (SCD):    1.475ns
    Clock Pessimism Removal (CPR):    -0.000ns
  Clock Uncertainty:      0.035ns  ((TSJ^2 + TIJ^2)^1/2 + DJ) / 2 + PE
    Total System Jitter     (TSJ):    0.071ns
    Total Input Jitter      (TIJ):    0.000ns
    Discrete Jitter          (DJ):    0.000ns
    Phase Error              (PE):    0.000ns
  Timing Exception:       False Path

    Location             Delay type                Incr(ns)  Path(ns)    Netlist Resource(s)
  -------------------------------------------------------------------    -------------------
                         (clock sys_clk_pin rise edge)
                                                      0.000     0.000 r  
    W5                                                0.000     0.000 r  clk (IN)
                         net (fo=0)                   0.000     0.000    clk
    W5                   IBUF (Prop_ibuf_I_O)         0.226     0.226 r  clk_IBUF_inst/O
                         net (fo=1, routed)           0.631     0.858    clk_IBUF
    BUFGCTRL_X0Y0        BUFG (Prop_bufg_I_O)         0.026     0.884 r  clk_IBUF_BUFG_inst/O
                         net (fo=8, routed)           0.592     1.475    clk_IBUF_BUFG
    SLICE_X65Y57         FDCE                                         r  rTXByte_reg[7]/C
  -------------------------------------------------------------------    -------------------
    SLICE_X65Y57         FDCE (Prop_fdce_C_Q)         0.128     1.603 f  rTXByte_reg[7]/Q
                         net (fo=4, routed)           0.174     1.777    p_0_in
    SLICE_X62Y57         LUT2 (Prop_lut2_I0_O)        0.098     1.875 f  rSPIMISOBit_reg_LDC_i_1/O
                         net (fo=2, routed)           0.184     2.059    rSPIMISOBit_reg_LDC_i_1_n_0
    SLICE_X63Y57         FDPE                                         f  rSPIMISOBit_reg_P/PRE
  -------------------------------------------------------------------    -------------------

                         (clock spi_sck_pin rise edge)
                                                      0.000     0.000 r  
    P18                                               0.000     0.000 r  sck (IN)
                         net (fo=0)                   0.000     0.000    sck
    P18                  IBUF (Prop_ibuf_I_O)         0.415     0.415 r  sck_IBUF_inst/O
                         net (fo=1, routed)           0.689     1.104    sck_IBUF
    BUFGCTRL_X0Y1        BUFG (Prop_bufg_I_O)         0.029     1.133 r  sck_IBUF_BUFG_inst/O
                         net (fo=6, routed)           0.862     1.995    sck_IBUF_BUFG
    SLICE_X63Y57         FDPE                                         r  rSPIMISOBit_reg_P/C

Slack:                    inf
  Source:                 rTXByte_reg[7]/C
                            (rising edge-triggered cell FDCE clocked by sys_clk_pin  {rise@0.000ns fall@5.000ns period=10.000ns})
  Destination:            rSPIMISOBit_reg_C/CLR
                            (removal check against rising-edge clock spi_sck_pin  {rise@0.000ns fall@25.000ns period=100.000ns})
  Path Group:             (none)
  Path Type:              Removal (Min at Fast Process Corner)
  Data Path Delay:        0.649ns  (logic 0.229ns (35.285%)  route 0.420ns (64.715%))
  Logic Levels:           1  (LUT2=1)
  Clock Path Skew:        0.520ns (DCD - SCD - CPR)
    Destination Clock Delay (DCD):    1.995ns
    Source Clock Delay      (SCD):    1.475ns
    Clock Pessimism Removal (CPR):    -0.000ns
  Clock Uncertainty:      0.035ns  ((TSJ^2 + TIJ^2)^1/2 + DJ) / 2 + PE
    Total System Jitter     (TSJ):    0.071ns
    Total Input Jitter      (TIJ):    0.000ns
    Discrete Jitter          (DJ):    0.000ns
    Phase Error              (PE):    0.000ns
  Timing Exception:       False Path

    Location             Delay type                Incr(ns)  Path(ns)    Netlist Resource(s)
  -------------------------------------------------------------------    -------------------
                         (clock sys_clk_pin rise edge)
                                                      0.000     0.000 r  
    W5                                                0.000     0.000 r  clk (IN)
                         net (fo=0)                   0.000     0.000    clk
    W5                   IBUF (Prop_ibuf_I_O)         0.226     0.226 r  clk_IBUF_inst/O
                         net (fo=1, routed)           0.631     0.858    clk_IBUF
    BUFGCTRL_X0Y0        BUFG (Prop_bufg_I_O)         0.026     0.884 r  clk_IBUF_BUFG_inst/O
                         net (fo=8, routed)           0.592     1.475    clk_IBUF_BUFG
    SLICE_X65Y57         FDCE                                         r  rTXByte_reg[7]/C
  -------------------------------------------------------------------    -------------------
    SLICE_X65Y57         FDCE (Prop_fdce_C_Q)         0.128     1.603 r  rTXByte_reg[7]/Q
                         net (fo=4, routed)           0.174     1.777    p_0_in
    SLICE_X62Y57         LUT2 (Prop_lut2_I1_O)        0.101     1.878 f  rSPIMISOBit_reg_LDC_i_2/O
                         net (fo=2, routed)           0.246     2.124    rSPIMISOBit_reg_LDC_i_2_n_0
    SLICE_X62Y57         FDCE                                         f  rSPIMISOBit_reg_C/CLR
  -------------------------------------------------------------------    -------------------

                         (clock spi_sck_pin rise edge)
                                                      0.000     0.000 r  
    P18                                               0.000     0.000 r  sck (IN)
                         net (fo=0)                   0.000     0.000    sck
    P18                  IBUF (Prop_ibuf_I_O)         0.415     0.415 r  sck_IBUF_inst/O
                         net (fo=1, routed)           0.689     1.104    sck_IBUF
    BUFGCTRL_X0Y1        BUFG (Prop_bufg_I_O)         0.029     1.133 r  sck_IBUF_BUFG_inst/O
                         net (fo=6, routed)           0.862     1.995    sck_IBUF_BUFG
    SLICE_X62Y57         FDCE                                         r  rSPIMISOBit_reg_C/C





--------------------------------------------------------------------------------------
Path Group:  (none)
From Clock:  
  To Clock:  

Max Delay             2 Endpoints
Min Delay             2 Endpoints
--------------------------------------------------------------------------------------


Max Delay Paths
--------------------------------------------------------------------------------------
Slack:                    inf
  Source:                 rSPIMISOBit_reg_LDC/G
                            (positive level-sensitive latch)
  Destination:            miso
                            (output port)
  Path Group:             (none)
  Path Type:              Max at Slow Process Corner
  Data Path Delay:        7.829ns  (logic 4.190ns (53.518%)  route 3.639ns (46.482%))
  Logic Levels:           3  (LDCE=1 LUT5=1 OBUFT=1)

    Location             Delay type                Incr(ns)  Path(ns)    Netlist Resource(s)
  -------------------------------------------------------------------    -------------------
    SLICE_X62Y56         LDCE                         0.000     0.000 r  rSPIMISOBit_reg_LDC/G
    SLICE_X62Y56         LDCE (EnToQ_ldce_G_Q)        0.559     0.559 r  rSPIMISOBit_reg_LDC/Q
                         net (fo=1, routed)           0.718     1.277    rSPIMISOBit_reg_LDC_n_0
    SLICE_X62Y57         LUT5 (Prop_lut5_I2_O)        0.124     1.401 r  miso_OBUFT_inst_i_1/O
                         net (fo=1, routed)           2.921     4.322    miso_OBUF
    G3                   OBUFT (Prop_obuft_I_O)       3.507     7.829 r  miso_OBUFT_inst/O
                         net (fo=0)                   0.000     7.829    miso
    G3                                                                r  miso (OUT)
  -------------------------------------------------------------------    -------------------

Slack:                    inf
  Source:                 nss
                            (input port)
  Destination:            rSPIMISOBit_reg_LDC/CLR
  Path Group:             (none)
  Path Type:              Max at Slow Process Corner
  Data Path Delay:        4.306ns  (logic 1.600ns (37.149%)  route 2.707ns (62.851%))
  Logic Levels:           2  (IBUF=1 LUT2=1)

    Location             Delay type                Incr(ns)  Path(ns)    Netlist Resource(s)
  -------------------------------------------------------------------    -------------------
    H1                                                0.000     0.000 f  nss (IN)
                         net (fo=0)                   0.000     0.000    nss
    H1                   IBUF (Prop_ibuf_I_O)         1.450     1.450 f  nss_IBUF_inst/O
                         net (fo=7, routed)           2.208     3.658    miso_TRI
    SLICE_X62Y57         LUT2 (Prop_lut2_I0_O)        0.150     3.808 f  rSPIMISOBit_reg_LDC_i_2/O
                         net (fo=2, routed)           0.499     4.306    rSPIMISOBit_reg_LDC_i_2_n_0
    SLICE_X62Y56         LDCE                                         f  rSPIMISOBit_reg_LDC/CLR
  -------------------------------------------------------------------    -------------------





Min Delay Paths
--------------------------------------------------------------------------------------
Slack:                    inf
  Source:                 nss
                            (input port)
  Destination:            rSPIMISOBit_reg_LDC/CLR
  Path Group:             (none)
  Path Type:              Min at Fast Process Corner
  Data Path Delay:        1.310ns  (logic 0.264ns (20.136%)  route 1.047ns (79.864%))
  Logic Levels:           2  (IBUF=1 LUT2=1)

    Location             Delay type                Incr(ns)  Path(ns)    Netlist Resource(s)
  -------------------------------------------------------------------    -------------------
    H1                                                0.000     0.000 f  nss (IN)
                         net (fo=0)                   0.000     0.000    nss
    H1                   IBUF (Prop_ibuf_I_O)         0.218     0.218 f  nss_IBUF_inst/O
                         net (fo=7, routed)           0.854     1.072    miso_TRI
    SLICE_X62Y57         LUT2 (Prop_lut2_I0_O)        0.046     1.118 f  rSPIMISOBit_reg_LDC_i_2/O
                         net (fo=2, routed)           0.193     1.310    rSPIMISOBit_reg_LDC_i_2_n_0
    SLICE_X62Y56         LDCE                                         f  rSPIMISOBit_reg_LDC/CLR
  -------------------------------------------------------------------    -------------------

Slack:                    inf
  Source:                 nss
                            (input port)
  Destination:            miso
                            (output port)
  Path Group:             (none)
  Path Type:              Min at Fast Process Corner
  Data Path Delay:        1.697ns  (logic 1.042ns (61.395%)  route 0.655ns (38.605%))
  Logic Levels:           2  (IBUF=1 OBUFT=1)

    Location             Delay type                Incr(ns)  Path(ns)    Netlist Resource(s)
  -------------------------------------------------------------------    -------------------
    H1                                                0.000     0.000 r  nss (IN)
                         net (fo=0)                   0.000     0.000    nss
    H1                   IBUF (Prop_ibuf_I_O)         0.218     0.218 r  nss_IBUF_inst/O
                         net (fo=7, routed)           0.655     0.873    miso_TRI
    G3                   OBUFT (TriStatD_obuft_T_O)
                                                      0.824     1.697 r  miso_OBUFT_inst/O
                         net (fo=0)                   0.000     1.697    miso
    G3                                                                r  miso (OUT)
  -------------------------------------------------------------------    -------------------





--------------------------------------------------------------------------------------
Path Group:  (none)
From Clock:  spi_sck_pin
  To Clock:  

Max Delay             1 Endpoint
Min Delay             1 Endpoint
--------------------------------------------------------------------------------------


Max Delay Paths
--------------------------------------------------------------------------------------
Slack:                    inf
  Source:                 rSPIMISOBit_reg_C/C
                            (rising edge-triggered cell FDCE clocked by spi_sck_pin  {rise@0.000ns fall@25.000ns period=100.000ns})
  Destination:            miso
                            (output port)
  Path Group:             (none)
  Path Type:              Max at Slow Process Corner
  Data Path Delay:        7.510ns  (logic 4.087ns (54.425%)  route 3.422ns (45.575%))
  Logic Levels:           2  (LUT5=1 OBUFT=1)
  Clock Uncertainty:      0.025ns  ((TSJ^2 + TIJ^2)^1/2 + DJ) / 2 + PE
    Total System Jitter     (TSJ):    0.050ns
    Total Input Jitter      (TIJ):    0.000ns
    Discrete Jitter          (DJ):    0.000ns
    Phase Error              (PE):    0.000ns

    Location             Delay type                Incr(ns)  Path(ns)    Netlist Resource(s)
  -------------------------------------------------------------------    -------------------
                         (clock spi_sck_pin rise edge)
                                                      0.000     0.000 r  
    P18                                               0.000     0.000 r  sck (IN)
                         net (fo=0)                   0.000     0.000    sck
    P18                  IBUF (Prop_ibuf_I_O)         1.459     1.459 r  sck_IBUF_inst/O
                         net (fo=1, routed)           1.972     3.431    sck_IBUF
    BUFGCTRL_X0Y1        BUFG (Prop_bufg_I_O)         0.096     3.527 r  sck_IBUF_BUFG_inst/O
                         net (fo=6, routed)           1.625     5.152    sck_IBUF_BUFG
    SLICE_X62Y57         FDCE                                         r  rSPIMISOBit_reg_C/C
  -------------------------------------------------------------------    -------------------
    SLICE_X62Y57         FDCE (Prop_fdce_C_Q)         0.456     5.608 r  rSPIMISOBit_reg_C/Q
                         net (fo=1, routed)           0.502     6.109    rSPIMISOBit_reg_C_n_0
    SLICE_X62Y57         LUT5 (Prop_lut5_I3_O)        0.124     6.233 r  miso_OBUFT_inst_i_1/O
                         net (fo=1, routed)           2.921     9.154    miso_OBUF
    G3                   OBUFT (Prop_obuft_I_O)       3.507    12.661 r  miso_OBUFT_inst/O
                         net (fo=0)                   0.000    12.661    miso
    G3                                                                r  miso (OUT)
  -------------------------------------------------------------------    -------------------





Min Delay Paths
--------------------------------------------------------------------------------------
Slack:                    inf
  Source:                 rSPIMISOBit_reg_P/C
                            (rising edge-triggered cell FDPE clocked by spi_sck_pin  {rise@0.000ns fall@25.000ns period=100.000ns})
  Destination:            miso
                            (output port)
  Path Group:             (none)
  Path Type:              Min at Fast Process Corner
  Data Path Delay:        2.364ns  (logic 1.394ns (58.981%)  route 0.970ns (41.019%))
  Logic Levels:           2  (LUT5=1 OBUFT=1)
  Clock Uncertainty:      0.025ns  ((TSJ^2 + TIJ^2)^1/2 + DJ) / 2 + PE
    Total System Jitter     (TSJ):    0.050ns
    Total Input Jitter      (TIJ):    0.000ns
    Discrete Jitter          (DJ):    0.000ns
    Phase Error              (PE):    0.000ns

    Location             Delay type                Incr(ns)  Path(ns)    Netlist Resource(s)
  -------------------------------------------------------------------    -------------------
                         (clock spi_sck_pin rise edge)
                                                      0.000     0.000 r  
    P18                                               0.000     0.000 r  sck (IN)
                         net (fo=0)                   0.000     0.000    sck
    P18                  IBUF (Prop_ibuf_I_O)         0.227     0.227 r  sck_IBUF_inst/O
                         net (fo=1, routed)           0.634     0.861    sck_IBUF
    BUFGCTRL_X0Y1        BUFG (Prop_bufg_I_O)         0.026     0.887 r  sck_IBUF_BUFG_inst/O
                         net (fo=6, routed)           0.592     1.479    sck_IBUF_BUFG
    SLICE_X63Y57         FDPE                                         r  rSPIMISOBit_reg_P/C
  -------------------------------------------------------------------    -------------------
    SLICE_X63Y57         FDPE (Prop_fdpe_C_Q)         0.141     1.620 r  rSPIMISOBit_reg_P/Q
                         net (fo=1, routed)           0.098     1.718    rSPIMISOBit_reg_P_n_0
    SLICE_X62Y57         LUT5 (Prop_lut5_I1_O)        0.045     1.763 r  miso_OBUFT_inst_i_1/O
                         net (fo=1, routed)           0.872     2.635    miso_OBUF
    G3                   OBUFT (Prop_obuft_I_O)       1.208     3.843 r  miso_OBUFT_inst/O
                         net (fo=0)                   0.000     3.843    miso
    G3                                                                r  miso (OUT)
  -------------------------------------------------------------------    -------------------





--------------------------------------------------------------------------------------
Path Group:  (none)
From Clock:  sys_clk_pin
  To Clock:  

Max Delay             2 Endpoints
Min Delay             2 Endpoints
--------------------------------------------------------------------------------------


Max Delay Paths
--------------------------------------------------------------------------------------
Slack:                    inf
  Source:                 rTXByte_reg[7]/C
                            (rising edge-triggered cell FDCE clocked by sys_clk_pin  {rise@0.000ns fall@5.000ns period=10.000ns})
  Destination:            miso
                            (output port)
  Path Group:             (none)
  Path Type:              Max at Slow Process Corner
  Data Path Delay:        7.970ns  (logic 4.223ns (52.988%)  route 3.747ns (47.012%))
  Logic Levels:           2  (LUT5=1 OBUFT=1)
  Clock Uncertainty:      0.025ns  ((TSJ^2 + TIJ^2)^1/2 + DJ) / 2 + PE
    Total System Jitter     (TSJ):    0.050ns
    Total Input Jitter      (TIJ):    0.000ns
    Discrete Jitter          (DJ):    0.000ns
    Phase Error              (PE):    0.000ns

    Location             Delay type                Incr(ns)  Path(ns)    Netlist Resource(s)
  -------------------------------------------------------------------    -------------------
                         (clock sys_clk_pin rise edge)
                                                      0.000     0.000 r  
    W5                                                0.000     0.000 r  clk (IN)
                         net (fo=0)                   0.000     0.000    clk
    W5                   IBUF (Prop_ibuf_I_O)         1.458     1.458 r  clk_IBUF_inst/O
                         net (fo=1, routed)           1.967     3.425    clk_IBUF
    BUFGCTRL_X0Y0        BUFG (Prop_bufg_I_O)         0.096     3.521 r  clk_IBUF_BUFG_inst/O
                         net (fo=8, routed)           1.625     5.146    clk_IBUF_BUFG
    SLICE_X65Y57         FDCE                                         r  rTXByte_reg[7]/C
  -------------------------------------------------------------------    -------------------
    SLICE_X65Y57         FDCE (Prop_fdce_C_Q)         0.419     5.565 r  rTXByte_reg[7]/Q
                         net (fo=4, routed)           0.826     6.391    p_0_in
    SLICE_X62Y57         LUT5 (Prop_lut5_I0_O)        0.297     6.688 r  miso_OBUFT_inst_i_1/O
                         net (fo=1, routed)           2.921     9.609    miso_OBUF
    G3                   OBUFT (Prop_obuft_I_O)       3.507    13.116 r  miso_OBUFT_inst/O
                         net (fo=0)                   0.000    13.116    miso
    G3                                                                r  miso (OUT)
  -------------------------------------------------------------------    -------------------

Slack:                    inf
  Source:                 rTXByte_reg[7]/C
                            (rising edge-triggered cell FDCE clocked by sys_clk_pin  {rise@0.000ns fall@5.000ns period=10.000ns})
  Destination:            rSPIMISOBit_reg_LDC/CLR
  Path Group:             (none)
  Path Type:              Max at Slow Process Corner
  Data Path Delay:        1.652ns  (logic 0.710ns (42.989%)  route 0.942ns (57.011%))
  Logic Levels:           1  (LUT2=1)
  Clock Uncertainty:      0.025ns  ((TSJ^2 + TIJ^2)^1/2 + DJ) / 2 + PE
    Total System Jitter     (TSJ):    0.050ns
    Total Input Jitter      (TIJ):    0.000ns
    Discrete Jitter          (DJ):    0.000ns
    Phase Error              (PE):    0.000ns

    Location             Delay type                Incr(ns)  Path(ns)    Netlist Resource(s)
  -------------------------------------------------------------------    -------------------
                         (clock sys_clk_pin rise edge)
                                                      0.000     0.000 r  
    W5                                                0.000     0.000 r  clk (IN)
                         net (fo=0)                   0.000     0.000    clk
    W5                   IBUF (Prop_ibuf_I_O)         1.458     1.458 r  clk_IBUF_inst/O
                         net (fo=1, routed)           1.967     3.425    clk_IBUF
    BUFGCTRL_X0Y0        BUFG (Prop_bufg_I_O)         0.096     3.521 r  clk_IBUF_BUFG_inst/O
                         net (fo=8, routed)           1.625     5.146    clk_IBUF_BUFG
    SLICE_X65Y57         FDCE                                         r  rTXByte_reg[7]/C
  -------------------------------------------------------------------    -------------------
    SLICE_X65Y57         FDCE (Prop_fdce_C_Q)         0.419     5.565 r  rTXByte_reg[7]/Q
                         net (fo=4, routed)           0.443     6.008    p_0_in
    SLICE_X62Y57         LUT2 (Prop_lut2_I1_O)        0.291     6.299 f  rSPIMISOBit_reg_LDC_i_2/O
                         net (fo=2, routed)           0.499     6.797    rSPIMISOBit_reg_LDC_i_2_n_0
    SLICE_X62Y56         LDCE                                         f  rSPIMISOBit_reg_LDC/CLR
  -------------------------------------------------------------------    -------------------





Min Delay Paths
--------------------------------------------------------------------------------------
Slack:                    inf
  Source:                 rTXByte_reg[7]/C
                            (rising edge-triggered cell FDCE clocked by sys_clk_pin  {rise@0.000ns fall@5.000ns period=10.000ns})
  Destination:            rSPIMISOBit_reg_LDC/CLR
  Path Group:             (none)
  Path Type:              Min at Fast Process Corner
  Data Path Delay:        0.596ns  (logic 0.229ns (38.449%)  route 0.367ns (61.551%))
  Logic Levels:           1  (LUT2=1)
  Clock Uncertainty:      0.025ns  ((TSJ^2 + TIJ^2)^1/2 + DJ) / 2 + PE
    Total System Jitter     (TSJ):    0.050ns
    Total Input Jitter      (TIJ):    0.000ns
    Discrete Jitter          (DJ):    0.000ns
    Phase Error              (PE):    0.000ns

    Location             Delay type                Incr(ns)  Path(ns)    Netlist Resource(s)
  -------------------------------------------------------------------    -------------------
                         (clock sys_clk_pin rise edge)
                                                      0.000     0.000 r  
    W5                                                0.000     0.000 r  clk (IN)
                         net (fo=0)                   0.000     0.000    clk
    W5                   IBUF (Prop_ibuf_I_O)         0.226     0.226 r  clk_IBUF_inst/O
                         net (fo=1, routed)           0.631     0.858    clk_IBUF
    BUFGCTRL_X0Y0        BUFG (Prop_bufg_I_O)         0.026     0.884 r  clk_IBUF_BUFG_inst/O
                         net (fo=8, routed)           0.592     1.475    clk_IBUF_BUFG
    SLICE_X65Y57         FDCE                                         r  rTXByte_reg[7]/C
  -------------------------------------------------------------------    -------------------
    SLICE_X65Y57         FDCE (Prop_fdce_C_Q)         0.128     1.603 r  rTXByte_reg[7]/Q
                         net (fo=4, routed)           0.174     1.777    p_0_in
    SLICE_X62Y57         LUT2 (Prop_lut2_I1_O)        0.101     1.878 f  rSPIMISOBit_reg_LDC_i_2/O
                         net (fo=2, routed)           0.193     2.071    rSPIMISOBit_reg_LDC_i_2_n_0
    SLICE_X62Y56         LDCE                                         f  rSPIMISOBit_reg_LDC/CLR
  -------------------------------------------------------------------    -------------------

Slack:                    inf
  Source:                 rTXByte_reg[7]/C
                            (rising edge-triggered cell FDCE clocked by sys_clk_pin  {rise@0.000ns fall@5.000ns period=10.000ns})
  Destination:            miso
                            (output port)
  Path Group:             (none)
  Path Type:              Min at Fast Process Corner
  Data Path Delay:        2.607ns  (logic 1.434ns (55.015%)  route 1.173ns (44.985%))
  Logic Levels:           2  (LUT5=1 OBUFT=1)
  Clock Uncertainty:      0.025ns  ((TSJ^2 + TIJ^2)^1/2 + DJ) / 2 + PE
    Total System Jitter     (TSJ):    0.050ns
    Total Input Jitter      (TIJ):    0.000ns
    Discrete Jitter          (DJ):    0.000ns
    Phase Error              (PE):    0.000ns

    Location             Delay type                Incr(ns)  Path(ns)    Netlist Resource(s)
  -------------------------------------------------------------------    -------------------
                         (clock sys_clk_pin rise edge)
                                                      0.000     0.000 r  
    W5                                                0.000     0.000 r  clk (IN)
                         net (fo=0)                   0.000     0.000    clk
    W5                   IBUF (Prop_ibuf_I_O)         0.226     0.226 r  clk_IBUF_inst/O
                         net (fo=1, routed)           0.631     0.858    clk_IBUF
    BUFGCTRL_X0Y0        BUFG (Prop_bufg_I_O)         0.026     0.884 r  clk_IBUF_BUFG_inst/O
                         net (fo=8, routed)           0.592     1.475    clk_IBUF_BUFG
    SLICE_X65Y57         FDCE                                         r  rTXByte_reg[7]/C
  -------------------------------------------------------------------    -------------------
    SLICE_X65Y57         FDCE (Prop_fdce_C_Q)         0.128     1.603 r  rTXByte_reg[7]/Q
                         net (fo=4, routed)           0.301     1.904    p_0_in
    SLICE_X62Y57         LUT5 (Prop_lut5_I0_O)        0.098     2.002 r  miso_OBUFT_inst_i_1/O
                         net (fo=1, routed)           0.872     2.874    miso_OBUF
    G3                   OBUFT (Prop_obuft_I_O)       1.208     4.082 r  miso_OBUFT_inst/O
                         net (fo=0)                   0.000     4.082    miso
    G3                                                                r  miso (OUT)
  -------------------------------------------------------------------    -------------------





--------------------------------------------------------------------------------------
Path Group:  (none)
From Clock:  
  To Clock:  spi_sck_pin

Max Delay             6 Endpoints
Min Delay             6 Endpoints
--------------------------------------------------------------------------------------


Max Delay Paths
--------------------------------------------------------------------------------------
Slack:                    inf
  Source:                 nss
                            (input port)
  Destination:            rSPIMISOBit_reg_C/CLR
                            (recovery check against rising-edge clock spi_sck_pin  {rise@0.000ns fall@25.000ns period=100.000ns})
  Path Group:             (none)
  Path Type:              Recovery (Max at Slow Process Corner)
  Data Path Delay:        4.445ns  (logic 1.600ns (35.992%)  route 2.845ns (64.008%))
  Logic Levels:           2  (IBUF=1 LUT2=1)
  Clock Path Skew:        4.856ns (DCD - SCD + CPR)
    Destination Clock Delay (DCD):    4.856ns
    Source Clock Delay      (SCD):    0.000ns
    Clock Pessimism Removal (CPR):    0.000ns
  Clock Uncertainty:      0.025ns  ((TSJ^2 + TIJ^2)^1/2 + DJ) / 2 + PE
    Total System Jitter     (TSJ):    0.050ns
    Total Input Jitter      (TIJ):    0.000ns
    Discrete Jitter          (DJ):    0.000ns
    Phase Error              (PE):    0.000ns

    Location             Delay type                Incr(ns)  Path(ns)    Netlist Resource(s)
  -------------------------------------------------------------------    -------------------
    H1                                                0.000     0.000 f  nss (IN)
                         net (fo=0)                   0.000     0.000    nss
    H1                   IBUF (Prop_ibuf_I_O)         1.450     1.450 f  nss_IBUF_inst/O
                         net (fo=7, routed)           2.208     3.658    miso_TRI
    SLICE_X62Y57         LUT2 (Prop_lut2_I0_O)        0.150     3.808 f  rSPIMISOBit_reg_LDC_i_2/O
                         net (fo=2, routed)           0.637     4.445    rSPIMISOBit_reg_LDC_i_2_n_0
    SLICE_X62Y57         FDCE                                         f  rSPIMISOBit_reg_C/CLR
  -------------------------------------------------------------------    -------------------

                         (clock spi_sck_pin rise edge)
                                                      0.000     0.000 r  
    P18                                               0.000     0.000 r  sck (IN)
                         net (fo=0)                   0.000     0.000    sck
    P18                  IBUF (Prop_ibuf_I_O)         1.389     1.389 r  sck_IBUF_inst/O
                         net (fo=1, routed)           1.868     3.257    sck_IBUF
    BUFGCTRL_X0Y1        BUFG (Prop_bufg_I_O)         0.091     3.348 r  sck_IBUF_BUFG_inst/O
                         net (fo=6, routed)           1.508     4.856    sck_IBUF_BUFG
    SLICE_X62Y57         FDCE                                         r  rSPIMISOBit_reg_C/C

Slack:                    inf
  Source:                 nss
                            (input port)
  Destination:            rSPIMISOBit_reg_P/PRE
                            (recovery check against rising-edge clock spi_sck_pin  {rise@0.000ns fall@25.000ns period=100.000ns})
  Path Group:             (none)
  Path Type:              Recovery (Max at Slow Process Corner)
  Data Path Delay:        4.321ns  (logic 1.574ns (36.424%)  route 2.747ns (63.576%))
  Logic Levels:           2  (IBUF=1 LUT2=1)
  Clock Path Skew:        4.856ns (DCD - SCD + CPR)
    Destination Clock Delay (DCD):    4.856ns
    Source Clock Delay      (SCD):    0.000ns
    Clock Pessimism Removal (CPR):    0.000ns
  Clock Uncertainty:      0.025ns  ((TSJ^2 + TIJ^2)^1/2 + DJ) / 2 + PE
    Total System Jitter     (TSJ):    0.050ns
    Total Input Jitter      (TIJ):    0.000ns
    Discrete Jitter          (DJ):    0.000ns
    Phase Error              (PE):    0.000ns

    Location             Delay type                Incr(ns)  Path(ns)    Netlist Resource(s)
  -------------------------------------------------------------------    -------------------
    H1                                                0.000     0.000 f  nss (IN)
                         net (fo=0)                   0.000     0.000    nss
    H1                   IBUF (Prop_ibuf_I_O)         1.450     1.450 f  nss_IBUF_inst/O
                         net (fo=7, routed)           2.208     3.658    miso_TRI
    SLICE_X62Y57         LUT2 (Prop_lut2_I1_O)        0.124     3.782 f  rSPIMISOBit_reg_LDC_i_1/O
                         net (fo=2, routed)           0.539     4.321    rSPIMISOBit_reg_LDC_i_1_n_0
    SLICE_X63Y57         FDPE                                         f  rSPIMISOBit_reg_P/PRE
  -------------------------------------------------------------------    -------------------

                         (clock spi_sck_pin rise edge)
                                                      0.000     0.000 r  
    P18                                               0.000     0.000 r  sck (IN)
                         net (fo=0)                   0.000     0.000    sck
    P18                  IBUF (Prop_ibuf_I_O)         1.389     1.389 r  sck_IBUF_inst/O
                         net (fo=1, routed)           1.868     3.257    sck_IBUF
    BUFGCTRL_X0Y1        BUFG (Prop_bufg_I_O)         0.091     3.348 r  sck_IBUF_BUFG_inst/O
                         net (fo=6, routed)           1.508     4.856    sck_IBUF_BUFG
    SLICE_X63Y57         FDPE                                         r  rSPIMISOBit_reg_P/C

Slack:                    inf
  Source:                 nss
                            (input port)
  Destination:            rTXBitCount_reg[0]/PRE
                            (recovery check against rising-edge clock spi_sck_pin  {rise@0.000ns fall@25.000ns period=100.000ns})
  Path Group:             (none)
  Path Type:              Recovery (Max at Slow Process Corner)
  Data Path Delay:        3.543ns  (logic 1.450ns (40.917%)  route 2.093ns (59.083%))
  Logic Levels:           1  (IBUF=1)
  Clock Path Skew:        4.856ns (DCD - SCD + CPR)
    Destination Clock Delay (DCD):    4.856ns
    Source Clock Delay      (SCD):    0.000ns
    Clock Pessimism Removal (CPR):    0.000ns
  Clock Uncertainty:      0.025ns  ((TSJ^2 + TIJ^2)^1/2 + DJ) / 2 + PE
    Total System Jitter     (TSJ):    0.050ns
    Total Input Jitter      (TIJ):    0.000ns
    Discrete Jitter          (DJ):    0.000ns
    Phase Error              (PE):    0.000ns

    Location             Delay type                Incr(ns)  Path(ns)    Netlist Resource(s)
  -------------------------------------------------------------------    -------------------
    H1                                                0.000     0.000 f  nss (IN)
                         net (fo=0)                   0.000     0.000    nss
    H1                   IBUF (Prop_ibuf_I_O)         1.450     1.450 f  nss_IBUF_inst/O
                         net (fo=7, routed)           2.093     3.543    miso_TRI
    SLICE_X64Y57         FDPE                                         f  rTXBitCount_reg[0]/PRE
  -------------------------------------------------------------------    -------------------

                         (clock spi_sck_pin rise edge)
                                                      0.000     0.000 r  
    P18                                               0.000     0.000 r  sck (IN)
                         net (fo=0)                   0.000     0.000    sck
    P18                  IBUF (Prop_ibuf_I_O)         1.389     1.389 r  sck_IBUF_inst/O
                         net (fo=1, routed)           1.868     3.257    sck_IBUF
    BUFGCTRL_X0Y1        BUFG (Prop_bufg_I_O)         0.091     3.348 r  sck_IBUF_BUFG_inst/O
                         net (fo=6, routed)           1.508     4.856    sck_IBUF_BUFG
    SLICE_X64Y57         FDPE                                         r  rTXBitCount_reg[0]/C

Slack:                    inf
  Source:                 nss
                            (input port)
  Destination:            rTXBitCount_reg[1]/PRE
                            (recovery check against rising-edge clock spi_sck_pin  {rise@0.000ns fall@25.000ns period=100.000ns})
  Path Group:             (none)
  Path Type:              Recovery (Max at Slow Process Corner)
  Data Path Delay:        3.543ns  (logic 1.450ns (40.917%)  route 2.093ns (59.083%))
  Logic Levels:           1  (IBUF=1)
  Clock Path Skew:        4.856ns (DCD - SCD + CPR)
    Destination Clock Delay (DCD):    4.856ns
    Source Clock Delay      (SCD):    0.000ns
    Clock Pessimism Removal (CPR):    0.000ns
  Clock Uncertainty:      0.025ns  ((TSJ^2 + TIJ^2)^1/2 + DJ) / 2 + PE
    Total System Jitter     (TSJ):    0.050ns
    Total Input Jitter      (TIJ):    0.000ns
    Discrete Jitter          (DJ):    0.000ns
    Phase Error              (PE):    0.000ns

    Location             Delay type                Incr(ns)  Path(ns)    Netlist Resource(s)
  -------------------------------------------------------------------    -------------------
    H1                                                0.000     0.000 f  nss (IN)
                         net (fo=0)                   0.000     0.000    nss
    H1                   IBUF (Prop_ibuf_I_O)         1.450     1.450 f  nss_IBUF_inst/O
                         net (fo=7, routed)           2.093     3.543    miso_TRI
    SLICE_X64Y57         FDPE                                         f  rTXBitCount_reg[1]/PRE
  -------------------------------------------------------------------    -------------------

                         (clock spi_sck_pin rise edge)
                                                      0.000     0.000 r  
    P18                                               0.000     0.000 r  sck (IN)
                         net (fo=0)                   0.000     0.000    sck
    P18                  IBUF (Prop_ibuf_I_O)         1.389     1.389 r  sck_IBUF_inst/O
                         net (fo=1, routed)           1.868     3.257    sck_IBUF
    BUFGCTRL_X0Y1        BUFG (Prop_bufg_I_O)         0.091     3.348 r  sck_IBUF_BUFG_inst/O
                         net (fo=6, routed)           1.508     4.856    sck_IBUF_BUFG
    SLICE_X64Y57         FDPE                                         r  rTXBitCount_reg[1]/C

Slack:                    inf
  Source:                 nss
                            (input port)
  Destination:            rTXBitCount_reg[2]/PRE
                            (recovery check against rising-edge clock spi_sck_pin  {rise@0.000ns fall@25.000ns period=100.000ns})
  Path Group:             (none)
  Path Type:              Recovery (Max at Slow Process Corner)
  Data Path Delay:        3.543ns  (logic 1.450ns (40.917%)  route 2.093ns (59.083%))
  Logic Levels:           1  (IBUF=1)
  Clock Path Skew:        4.856ns (DCD - SCD + CPR)
    Destination Clock Delay (DCD):    4.856ns
    Source Clock Delay      (SCD):    0.000ns
    Clock Pessimism Removal (CPR):    0.000ns
  Clock Uncertainty:      0.025ns  ((TSJ^2 + TIJ^2)^1/2 + DJ) / 2 + PE
    Total System Jitter     (TSJ):    0.050ns
    Total Input Jitter      (TIJ):    0.000ns
    Discrete Jitter          (DJ):    0.000ns
    Phase Error              (PE):    0.000ns

    Location             Delay type                Incr(ns)  Path(ns)    Netlist Resource(s)
  -------------------------------------------------------------------    -------------------
    H1                                                0.000     0.000 f  nss (IN)
                         net (fo=0)                   0.000     0.000    nss
    H1                   IBUF (Prop_ibuf_I_O)         1.450     1.450 f  nss_IBUF_inst/O
                         net (fo=7, routed)           2.093     3.543    miso_TRI
    SLICE_X64Y57         FDPE                                         f  rTXBitCount_reg[2]/PRE
  -------------------------------------------------------------------    -------------------

                         (clock spi_sck_pin rise edge)
                                                      0.000     0.000 r  
    P18                                               0.000     0.000 r  sck (IN)
                         net (fo=0)                   0.000     0.000    sck
    P18                  IBUF (Prop_ibuf_I_O)         1.389     1.389 r  sck_IBUF_inst/O
                         net (fo=1, routed)           1.868     3.257    sck_IBUF
    BUFGCTRL_X0Y1        BUFG (Prop_bufg_I_O)         0.091     3.348 r  sck_IBUF_BUFG_inst/O
                         net (fo=6, routed)           1.508     4.856    sck_IBUF_BUFG
    SLICE_X64Y57         FDPE                                         r  rTXBitCount_reg[2]/C

Slack:                    inf
  Source:                 nss
                            (input port)
  Destination:            rPreloadMISO_reg/PRE
                            (recovery check against rising-edge clock spi_sck_pin  {rise@0.000ns fall@25.000ns period=100.000ns})
  Path Group:             (none)
  Path Type:              Recovery (Max at Slow Process Corner)
  Data Path Delay:        3.455ns  (logic 1.450ns (41.966%)  route 2.005ns (58.034%))
  Logic Levels:           1  (IBUF=1)
  Clock Path Skew:        4.856ns (DCD - SCD + CPR)
    Destination Clock Delay (DCD):    4.856ns
    Source Clock Delay      (SCD):    0.000ns
    Clock Pessimism Removal (CPR):    0.000ns
  Clock Uncertainty:      0.025ns  ((TSJ^2 + TIJ^2)^1/2 + DJ) / 2 + PE
    Total System Jitter     (TSJ):    0.050ns
    Total Input Jitter      (TIJ):    0.000ns
    Discrete Jitter          (DJ):    0.000ns
    Phase Error              (PE):    0.000ns

    Location             Delay type                Incr(ns)  Path(ns)    Netlist Resource(s)
  -------------------------------------------------------------------    -------------------
    H1                                                0.000     0.000 f  nss (IN)
                         net (fo=0)                   0.000     0.000    nss
    H1                   IBUF (Prop_ibuf_I_O)         1.450     1.450 f  nss_IBUF_inst/O
                         net (fo=7, routed)           2.005     3.455    miso_TRI
    SLICE_X62Y58         FDPE                                         f  rPreloadMISO_reg/PRE
  -------------------------------------------------------------------    -------------------

                         (clock spi_sck_pin rise edge)
                                                      0.000     0.000 r  
    P18                                               0.000     0.000 r  sck (IN)
                         net (fo=0)                   0.000     0.000    sck
    P18                  IBUF (Prop_ibuf_I_O)         1.389     1.389 r  sck_IBUF_inst/O
                         net (fo=1, routed)           1.868     3.257    sck_IBUF
    BUFGCTRL_X0Y1        BUFG (Prop_bufg_I_O)         0.091     3.348 r  sck_IBUF_BUFG_inst/O
                         net (fo=6, routed)           1.508     4.856    sck_IBUF_BUFG
    SLICE_X62Y58         FDPE                                         r  rPreloadMISO_reg/C





Min Delay Paths
--------------------------------------------------------------------------------------
Slack:                    inf
  Source:                 nss
                            (input port)
  Destination:            rPreloadMISO_reg/PRE
                            (removal check against rising-edge clock spi_sck_pin  {rise@0.000ns fall@25.000ns period=100.000ns})
  Path Group:             (none)
  Path Type:              Removal (Min at Fast Process Corner)
  Data Path Delay:        0.985ns  (logic 0.218ns (22.126%)  route 0.767ns (77.874%))
  Logic Levels:           1  (IBUF=1)
  Clock Path Skew:        1.995ns (DCD - SCD - CPR)
    Destination Clock Delay (DCD):    1.995ns
    Source Clock Delay      (SCD):    0.000ns
    Clock Pessimism Removal (CPR):    -0.000ns

    Location             Delay type                Incr(ns)  Path(ns)    Netlist Resource(s)
  -------------------------------------------------------------------    -------------------
    H1                                                0.000     0.000 f  nss (IN)
                         net (fo=0)                   0.000     0.000    nss
    H1                   IBUF (Prop_ibuf_I_O)         0.218     0.218 f  nss_IBUF_inst/O
                         net (fo=7, routed)           0.767     0.985    miso_TRI
    SLICE_X62Y58         FDPE                                         f  rPreloadMISO_reg/PRE
  -------------------------------------------------------------------    -------------------

                         (clock spi_sck_pin rise edge)
                                                      0.000     0.000 r  
    P18                                               0.000     0.000 r  sck (IN)
                         net (fo=0)                   0.000     0.000    sck
    P18                  IBUF (Prop_ibuf_I_O)         0.415     0.415 r  sck_IBUF_inst/O
                         net (fo=1, routed)           0.689     1.104    sck_IBUF
    BUFGCTRL_X0Y1        BUFG (Prop_bufg_I_O)         0.029     1.133 r  sck_IBUF_BUFG_inst/O
                         net (fo=6, routed)           0.862     1.995    sck_IBUF_BUFG
    SLICE_X62Y58         FDPE                                         r  rPreloadMISO_reg/C

Slack:                    inf
  Source:                 nss
                            (input port)
  Destination:            rTXBitCount_reg[0]/PRE
                            (removal check against rising-edge clock spi_sck_pin  {rise@0.000ns fall@25.000ns period=100.000ns})
  Path Group:             (none)
  Path Type:              Removal (Min at Fast Process Corner)
  Data Path Delay:        1.030ns  (logic 0.218ns (21.148%)  route 0.812ns (78.852%))
  Logic Levels:           1  (IBUF=1)
  Clock Path Skew:        1.995ns (DCD - SCD - CPR)
    Destination Clock Delay (DCD):    1.995ns
    Source Clock Delay      (SCD):    0.000ns
    Clock Pessimism Removal (CPR):    -0.000ns

    Location             Delay type                Incr(ns)  Path(ns)    Netlist Resource(s)
  -------------------------------------------------------------------    -------------------
    H1                                                0.000     0.000 f  nss (IN)
                         net (fo=0)                   0.000     0.000    nss
    H1                   IBUF (Prop_ibuf_I_O)         0.218     0.218 f  nss_IBUF_inst/O
                         net (fo=7, routed)           0.812     1.030    miso_TRI
    SLICE_X64Y57         FDPE                                         f  rTXBitCount_reg[0]/PRE
  -------------------------------------------------------------------    -------------------

                         (clock spi_sck_pin rise edge)
                                                      0.000     0.000 r  
    P18                                               0.000     0.000 r  sck (IN)
                         net (fo=0)                   0.000     0.000    sck
    P18                  IBUF (Prop_ibuf_I_O)         0.415     0.415 r  sck_IBUF_inst/O
                         net (fo=1, routed)           0.689     1.104    sck_IBUF
    BUFGCTRL_X0Y1        BUFG (Prop_bufg_I_O)         0.029     1.133 r  sck_IBUF_BUFG_inst/O
                         net (fo=6, routed)           0.862     1.995    sck_IBUF_BUFG
    SLICE_X64Y57         FDPE                                         r  rTXBitCount_reg[0]/C

Slack:                    inf
  Source:                 nss
                            (input port)
  Destination:            rTXBitCount_reg[1]/PRE
                            (removal check against rising-edge clock spi_sck_pin  {rise@0.000ns fall@25.000ns period=100.000ns})
  Path Group:             (none)
  Path Type:              Removal (Min at Fast Process Corner)
  Data Path Delay:        1.030ns  (logic 0.218ns (21.148%)  route 0.812ns (78.852%))
  Logic Levels:           1  (IBUF=1)
  Clock Path Skew:        1.995ns (DCD - SCD - CPR)
    Destination Clock Delay (DCD):    1.995ns
    Source Clock Delay      (SCD):    0.000ns
    Clock Pessimism Removal (CPR):    -0.000ns

    Location             Delay type                Incr(ns)  Path(ns)    Netlist Resource(s)
  -------------------------------------------------------------------    -------------------
    H1                                                0.000     0.000 f  nss (IN)
                         net (fo=0)                   0.000     0.000    nss
    H1                   IBUF (Prop_ibuf_I_O)         0.218     0.218 f  nss_IBUF_inst/O
                         net (fo=7, routed)           0.812     1.030    miso_TRI
    SLICE_X64Y57         FDPE                                         f  rTXBitCount_reg[1]/PRE
  -------------------------------------------------------------------    -------------------

                         (clock spi_sck_pin rise edge)
                                                      0.000     0.000 r  
    P18                                               0.000     0.000 r  sck (IN)
                         net (fo=0)                   0.000     0.000    sck
    P18                  IBUF (Prop_ibuf_I_O)         0.415     0.415 r  sck_IBUF_inst/O
                         net (fo=1, routed)           0.689     1.104    sck_IBUF
    BUFGCTRL_X0Y1        BUFG (Prop_bufg_I_O)         0.029     1.133 r  sck_IBUF_BUFG_inst/O
                         net (fo=6, routed)           0.862     1.995    sck_IBUF_BUFG
    SLICE_X64Y57         FDPE                                         r  rTXBitCount_reg[1]/C

Slack:                    inf
  Source:                 nss
                            (input port)
  Destination:            rTXBitCount_reg[2]/PRE
                            (removal check against rising-edge clock spi_sck_pin  {rise@0.000ns fall@25.000ns period=100.000ns})
  Path Group:             (none)
  Path Type:              Removal (Min at Fast Process Corner)
  Data Path Delay:        1.030ns  (logic 0.218ns (21.148%)  route 0.812ns (78.852%))
  Logic Levels:           1  (IBUF=1)
  Clock Path Skew:        1.995ns (DCD - SCD - CPR)
    Destination Clock Delay (DCD):    1.995ns
    Source Clock Delay      (SCD):    0.000ns
    Clock Pessimism Removal (CPR):    -0.000ns

    Location             Delay type                Incr(ns)  Path(ns)    Netlist Resource(s)
  -------------------------------------------------------------------    -------------------
    H1                                                0.000     0.000 f  nss (IN)
                         net (fo=0)                   0.000     0.000    nss
    H1                   IBUF (Prop_ibuf_I_O)         0.218     0.218 f  nss_IBUF_inst/O
                         net (fo=7, routed)           0.812     1.030    miso_TRI
    SLICE_X64Y57         FDPE                                         f  rTXBitCount_reg[2]/PRE
  -------------------------------------------------------------------    -------------------

                         (clock spi_sck_pin rise edge)
                                                      0.000     0.000 r  
    P18                                               0.000     0.000 r  sck (IN)
                         net (fo=0)                   0.000     0.000    sck
    P18                  IBUF (Prop_ibuf_I_O)         0.415     0.415 r  sck_IBUF_inst/O
                         net (fo=1, routed)           0.689     1.104    sck_IBUF
    BUFGCTRL_X0Y1        BUFG (Prop_bufg_I_O)         0.029     1.133 r  sck_IBUF_BUFG_inst/O
                         net (fo=6, routed)           0.862     1.995    sck_IBUF_BUFG
    SLICE_X64Y57         FDPE                                         r  rTXBitCount_reg[2]/C

Slack:                    inf
  Source:                 nss
                            (input port)
  Destination:            rSPIMISOBit_reg_P/PRE
                            (removal check against rising-edge clock spi_sck_pin  {rise@0.000ns fall@25.000ns period=100.000ns})
  Path Group:             (none)
  Path Type:              Removal (Min at Fast Process Corner)
  Data Path Delay:        1.301ns  (logic 0.263ns (20.210%)  route 1.038ns (79.790%))
  Logic Levels:           2  (IBUF=1 LUT2=1)
  Clock Path Skew:        1.995ns (DCD - SCD - CPR)
    Destination Clock Delay (DCD):    1.995ns
    Source Clock Delay      (SCD):    0.000ns
    Clock Pessimism Removal (CPR):    -0.000ns

    Location             Delay type                Incr(ns)  Path(ns)    Netlist Resource(s)
  -------------------------------------------------------------------    -------------------
    H1                                                0.000     0.000 f  nss (IN)
                         net (fo=0)                   0.000     0.000    nss
    H1                   IBUF (Prop_ibuf_I_O)         0.218     0.218 f  nss_IBUF_inst/O
                         net (fo=7, routed)           0.854     1.072    miso_TRI
    SLICE_X62Y57         LUT2 (Prop_lut2_I1_O)        0.045     1.117 f  rSPIMISOBit_reg_LDC_i_1/O
                         net (fo=2, routed)           0.184     1.301    rSPIMISOBit_reg_LDC_i_1_n_0
    SLICE_X63Y57         FDPE                                         f  rSPIMISOBit_reg_P/PRE
  -------------------------------------------------------------------    -------------------

                         (clock spi_sck_pin rise edge)
                                                      0.000     0.000 r  
    P18                                               0.000     0.000 r  sck (IN)
                         net (fo=0)                   0.000     0.000    sck
    P18                  IBUF (Prop_ibuf_I_O)         0.415     0.415 r  sck_IBUF_inst/O
                         net (fo=1, routed)           0.689     1.104    sck_IBUF
    BUFGCTRL_X0Y1        BUFG (Prop_bufg_I_O)         0.029     1.133 r  sck_IBUF_BUFG_inst/O
                         net (fo=6, routed)           0.862     1.995    sck_IBUF_BUFG
    SLICE_X63Y57         FDPE                                         r  rSPIMISOBit_reg_P/C

Slack:                    inf
  Source:                 nss
                            (input port)
  Destination:            rSPIMISOBit_reg_C/CLR
                            (removal check against rising-edge clock spi_sck_pin  {rise@0.000ns fall@25.000ns period=100.000ns})
  Path Group:             (none)
  Path Type:              Removal (Min at Fast Process Corner)
  Data Path Delay:        1.364ns  (logic 0.264ns (19.347%)  route 1.100ns (80.653%))
  Logic Levels:           2  (IBUF=1 LUT2=1)
  Clock Path Skew:        1.995ns (DCD - SCD - CPR)
    Destination Clock Delay (DCD):    1.995ns
    Source Clock Delay      (SCD):    0.000ns
    Clock Pessimism Removal (CPR):    -0.000ns

    Location             Delay type                Incr(ns)  Path(ns)    Netlist Resource(s)
  -------------------------------------------------------------------    -------------------
    H1                                                0.000     0.000 f  nss (IN)
                         net (fo=0)                   0.000     0.000    nss
    H1                   IBUF (Prop_ibuf_I_O)         0.218     0.218 f  nss_IBUF_inst/O
                         net (fo=7, routed)           0.854     1.072    miso_TRI
    SLICE_X62Y57         LUT2 (Prop_lut2_I0_O)        0.046     1.118 f  rSPIMISOBit_reg_LDC_i_2/O
                         net (fo=2, routed)           0.246     1.364    rSPIMISOBit_reg_LDC_i_2_n_0
    SLICE_X62Y57         FDCE                                         f  rSPIMISOBit_reg_C/CLR
  -------------------------------------------------------------------    -------------------

                         (clock spi_sck_pin rise edge)
                                                      0.000     0.000 r  
    P18                                               0.000     0.000 r  sck (IN)
                         net (fo=0)                   0.000     0.000    sck
    P18                  IBUF (Prop_ibuf_I_O)         0.415     0.415 r  sck_IBUF_inst/O
                         net (fo=1, routed)           0.689     1.104    sck_IBUF
    BUFGCTRL_X0Y1        BUFG (Prop_bufg_I_O)         0.029     1.133 r  sck_IBUF_BUFG_inst/O
                         net (fo=6, routed)           0.862     1.995    sck_IBUF_BUFG
    SLICE_X62Y57         FDCE                                         r  rSPIMISOBit_reg_C/C





--------------------------------------------------------------------------------------
Path Group:  (none)
From Clock:  
  To Clock:  sys_clk_pin

Max Delay            24 Endpoints
Min Delay            24 Endpoints
--------------------------------------------------------------------------------------


Max Delay Paths
--------------------------------------------------------------------------------------
Slack:                    inf
  Source:                 RstL
                            (input port)
  Destination:            rTXByte_reg[0]/CLR
                            (recovery check against rising-edge clock sys_clk_pin  {rise@0.000ns fall@5.000ns period=10.000ns})
  Path Group:             (none)
  Path Type:              Recovery (Max at Slow Process Corner)
  Data Path Delay:        6.428ns  (logic 1.565ns (24.351%)  route 4.863ns (75.649%))
  Logic Levels:           2  (IBUF=1 LUT1=1)
  Clock Path Skew:        4.850ns (DCD - SCD + CPR)
    Destination Clock Delay (DCD):    4.850ns
    Source Clock Delay      (SCD):    0.000ns
    Clock Pessimism Removal (CPR):    0.000ns
  Clock Uncertainty:      0.025ns  ((TSJ^2 + TIJ^2)^1/2 + DJ) / 2 + PE
    Total System Jitter     (TSJ):    0.050ns
    Total Input Jitter      (TIJ):    0.000ns
    Discrete Jitter          (DJ):    0.000ns
    Phase Error              (PE):    0.000ns

    Location             Delay type                Incr(ns)  Path(ns)    Netlist Resource(s)
  -------------------------------------------------------------------    -------------------
    U18                                               0.000     0.000 r  RstL (IN)
                         net (fo=0)                   0.000     0.000    RstL
    U18                  IBUF (Prop_ibuf_I_O)         1.441     1.441 r  RstL_IBUF_inst/O
                         net (fo=1, routed)           4.143     5.584    RstL_IBUF
    SLICE_X62Y55         LUT1 (Prop_lut1_I0_O)        0.124     5.708 f  rTXByte[7]_i_1/O
                         net (fo=8, routed)           0.720     6.428    rTXByte[7]_i_1_n_0
    SLICE_X63Y56         FDCE                                         f  rTXByte_reg[0]/CLR
  -------------------------------------------------------------------    -------------------

                         (clock sys_clk_pin rise edge)
                                                      0.000     0.000 r  
    W5                                                0.000     0.000 r  clk (IN)
                         net (fo=0)                   0.000     0.000    clk
    W5                   IBUF (Prop_ibuf_I_O)         1.388     1.388 r  clk_IBUF_inst/O
                         net (fo=1, routed)           1.862     3.250    clk_IBUF
    BUFGCTRL_X0Y0        BUFG (Prop_bufg_I_O)         0.091     3.341 r  clk_IBUF_BUFG_inst/O
                         net (fo=8, routed)           1.509     4.850    clk_IBUF_BUFG
    SLICE_X63Y56         FDCE                                         r  rTXByte_reg[0]/C

Slack:                    inf
  Source:                 RstL
                            (input port)
  Destination:            rTXByte_reg[1]/CLR
                            (recovery check against rising-edge clock sys_clk_pin  {rise@0.000ns fall@5.000ns period=10.000ns})
  Path Group:             (none)
  Path Type:              Recovery (Max at Slow Process Corner)
  Data Path Delay:        6.425ns  (logic 1.565ns (24.362%)  route 4.860ns (75.638%))
  Logic Levels:           2  (IBUF=1 LUT1=1)
  Clock Path Skew:        4.849ns (DCD - SCD + CPR)
    Destination Clock Delay (DCD):    4.849ns
    Source Clock Delay      (SCD):    0.000ns
    Clock Pessimism Removal (CPR):    0.000ns
  Clock Uncertainty:      0.025ns  ((TSJ^2 + TIJ^2)^1/2 + DJ) / 2 + PE
    Total System Jitter     (TSJ):    0.050ns
    Total Input Jitter      (TIJ):    0.000ns
    Discrete Jitter          (DJ):    0.000ns
    Phase Error              (PE):    0.000ns

    Location             Delay type                Incr(ns)  Path(ns)    Netlist Resource(s)
  -------------------------------------------------------------------    -------------------
    U18                                               0.000     0.000 r  RstL (IN)
                         net (fo=0)                   0.000     0.000    RstL
    U18                  IBUF (Prop_ibuf_I_O)         1.441     1.441 r  RstL_IBUF_inst/O
                         net (fo=1, routed)           4.143     5.584    RstL_IBUF
    SLICE_X62Y55         LUT1 (Prop_lut1_I0_O)        0.124     5.708 f  rTXByte[7]_i_1/O
                         net (fo=8, routed)           0.717     6.425    rTXByte[7]_i_1_n_0
    SLICE_X65Y57         FDCE                                         f  rTXByte_reg[1]/CLR
  -------------------------------------------------------------------    -------------------

                         (clock sys_clk_pin rise edge)
                                                      0.000     0.000 r  
    W5                                                0.000     0.000 r  clk (IN)
                         net (fo=0)                   0.000     0.000    clk
    W5                   IBUF (Prop_ibuf_I_O)         1.388     1.388 r  clk_IBUF_inst/O
                         net (fo=1, routed)           1.862     3.250    clk_IBUF
    BUFGCTRL_X0Y0        BUFG (Prop_bufg_I_O)         0.091     3.341 r  clk_IBUF_BUFG_inst/O
                         net (fo=8, routed)           1.508     4.849    clk_IBUF_BUFG
    SLICE_X65Y57         FDCE                                         r  rTXByte_reg[1]/C

Slack:                    inf
  Source:                 RstL
                            (input port)
  Destination:            rTXByte_reg[2]/CLR
                            (recovery check against rising-edge clock sys_clk_pin  {rise@0.000ns fall@5.000ns period=10.000ns})
  Path Group:             (none)
  Path Type:              Recovery (Max at Slow Process Corner)
  Data Path Delay:        6.425ns  (logic 1.565ns (24.362%)  route 4.860ns (75.638%))
  Logic Levels:           2  (IBUF=1 LUT1=1)
  Clock Path Skew:        4.849ns (DCD - SCD + CPR)
    Destination Clock Delay (DCD):    4.849ns
    Source Clock Delay      (SCD):    0.000ns
    Clock Pessimism Removal (CPR):    0.000ns
  Clock Uncertainty:      0.025ns  ((TSJ^2 + TIJ^2)^1/2 + DJ) / 2 + PE
    Total System Jitter     (TSJ):    0.050ns
    Total Input Jitter      (TIJ):    0.000ns
    Discrete Jitter          (DJ):    0.000ns
    Phase Error              (PE):    0.000ns

    Location             Delay type                Incr(ns)  Path(ns)    Netlist Resource(s)
  -------------------------------------------------------------------    -------------------
    U18                                               0.000     0.000 r  RstL (IN)
                         net (fo=0)                   0.000     0.000    RstL
    U18                  IBUF (Prop_ibuf_I_O)         1.441     1.441 r  RstL_IBUF_inst/O
                         net (fo=1, routed)           4.143     5.584    RstL_IBUF
    SLICE_X62Y55         LUT1 (Prop_lut1_I0_O)        0.124     5.708 f  rTXByte[7]_i_1/O
                         net (fo=8, routed)           0.717     6.425    rTXByte[7]_i_1_n_0
    SLICE_X65Y57         FDCE                                         f  rTXByte_reg[2]/CLR
  -------------------------------------------------------------------    -------------------

                         (clock sys_clk_pin rise edge)
                                                      0.000     0.000 r  
    W5                                                0.000     0.000 r  clk (IN)
                         net (fo=0)                   0.000     0.000    clk
    W5                   IBUF (Prop_ibuf_I_O)         1.388     1.388 r  clk_IBUF_inst/O
                         net (fo=1, routed)           1.862     3.250    clk_IBUF
    BUFGCTRL_X0Y0        BUFG (Prop_bufg_I_O)         0.091     3.341 r  clk_IBUF_BUFG_inst/O
                         net (fo=8, routed)           1.508     4.849    clk_IBUF_BUFG
    SLICE_X65Y57         FDCE                                         r  rTXByte_reg[2]/C

Slack:                    inf
  Source:                 RstL
                            (input port)
  Destination:            rTXByte_reg[3]/CLR
                            (recovery check against rising-edge clock sys_clk_pin  {rise@0.000ns fall@5.000ns period=10.000ns})
  Path Group:             (none)
  Path Type:              Recovery (Max at Slow Process Corner)
  Data Path Delay:        6.425ns  (logic 1.565ns (24.362%)  route 4.860ns (75.638%))
  Logic Levels:           2  (IBUF=1 LUT1=1)
  Clock Path Skew:        4.849ns (DCD - SCD + CPR)
    Destination Clock Delay (DCD):    4.849ns
    Source Clock Delay      (SCD):    0.000ns
    Clock Pessimism Removal (CPR):    0.000ns
  Clock Uncertainty:      0.025ns  ((TSJ^2 + TIJ^2)^1/2 + DJ) / 2 + PE
    Total System Jitter     (TSJ):    0.050ns
    Total Input Jitter      (TIJ):    0.000ns
    Discrete Jitter          (DJ):    0.000ns
    Phase Error              (PE):    0.000ns

    Location             Delay type                Incr(ns)  Path(ns)    Netlist Resource(s)
  -------------------------------------------------------------------    -------------------
    U18                                               0.000     0.000 r  RstL (IN)
                         net (fo=0)                   0.000     0.000    RstL
    U18                  IBUF (Prop_ibuf_I_O)         1.441     1.441 r  RstL_IBUF_inst/O
                         net (fo=1, routed)           4.143     5.584    RstL_IBUF
    SLICE_X62Y55         LUT1 (Prop_lut1_I0_O)        0.124     5.708 f  rTXByte[7]_i_1/O
                         net (fo=8, routed)           0.717     6.425    rTXByte[7]_i_1_n_0
    SLICE_X65Y57         FDCE                                         f  rTXByte_reg[3]/CLR
  -------------------------------------------------------------------    -------------------

                         (clock sys_clk_pin rise edge)
                                                      0.000     0.000 r  
    W5                                                0.000     0.000 r  clk (IN)
                         net (fo=0)                   0.000     0.000    clk
    W5                   IBUF (Prop_ibuf_I_O)         1.388     1.388 r  clk_IBUF_inst/O
                         net (fo=1, routed)           1.862     3.250    clk_IBUF
    BUFGCTRL_X0Y0        BUFG (Prop_bufg_I_O)         0.091     3.341 r  clk_IBUF_BUFG_inst/O
                         net (fo=8, routed)           1.508     4.849    clk_IBUF_BUFG
    SLICE_X65Y57         FDCE                                         r  rTXByte_reg[3]/C

Slack:                    inf
  Source:                 RstL
                            (input port)
  Destination:            rTXByte_reg[4]/CLR
                            (recovery check against rising-edge clock sys_clk_pin  {rise@0.000ns fall@5.000ns period=10.000ns})
  Path Group:             (none)
  Path Type:              Recovery (Max at Slow Process Corner)
  Data Path Delay:        6.425ns  (logic 1.565ns (24.362%)  route 4.860ns (75.638%))
  Logic Levels:           2  (IBUF=1 LUT1=1)
  Clock Path Skew:        4.849ns (DCD - SCD + CPR)
    Destination Clock Delay (DCD):    4.849ns
    Source Clock Delay      (SCD):    0.000ns
    Clock Pessimism Removal (CPR):    0.000ns
  Clock Uncertainty:      0.025ns  ((TSJ^2 + TIJ^2)^1/2 + DJ) / 2 + PE
    Total System Jitter     (TSJ):    0.050ns
    Total Input Jitter      (TIJ):    0.000ns
    Discrete Jitter          (DJ):    0.000ns
    Phase Error              (PE):    0.000ns

    Location             Delay type                Incr(ns)  Path(ns)    Netlist Resource(s)
  -------------------------------------------------------------------    -------------------
    U18                                               0.000     0.000 r  RstL (IN)
                         net (fo=0)                   0.000     0.000    RstL
    U18                  IBUF (Prop_ibuf_I_O)         1.441     1.441 r  RstL_IBUF_inst/O
                         net (fo=1, routed)           4.143     5.584    RstL_IBUF
    SLICE_X62Y55         LUT1 (Prop_lut1_I0_O)        0.124     5.708 f  rTXByte[7]_i_1/O
                         net (fo=8, routed)           0.717     6.425    rTXByte[7]_i_1_n_0
    SLICE_X65Y57         FDCE                                         f  rTXByte_reg[4]/CLR
  -------------------------------------------------------------------    -------------------

                         (clock sys_clk_pin rise edge)
                                                      0.000     0.000 r  
    W5                                                0.000     0.000 r  clk (IN)
                         net (fo=0)                   0.000     0.000    clk
    W5                   IBUF (Prop_ibuf_I_O)         1.388     1.388 r  clk_IBUF_inst/O
                         net (fo=1, routed)           1.862     3.250    clk_IBUF
    BUFGCTRL_X0Y0        BUFG (Prop_bufg_I_O)         0.091     3.341 r  clk_IBUF_BUFG_inst/O
                         net (fo=8, routed)           1.508     4.849    clk_IBUF_BUFG
    SLICE_X65Y57         FDCE                                         r  rTXByte_reg[4]/C

Slack:                    inf
  Source:                 RstL
                            (input port)
  Destination:            rTXByte_reg[5]/CLR
                            (recovery check against rising-edge clock sys_clk_pin  {rise@0.000ns fall@5.000ns period=10.000ns})
  Path Group:             (none)
  Path Type:              Recovery (Max at Slow Process Corner)
  Data Path Delay:        6.425ns  (logic 1.565ns (24.362%)  route 4.860ns (75.638%))
  Logic Levels:           2  (IBUF=1 LUT1=1)
  Clock Path Skew:        4.849ns (DCD - SCD + CPR)
    Destination Clock Delay (DCD):    4.849ns
    Source Clock Delay      (SCD):    0.000ns
    Clock Pessimism Removal (CPR):    0.000ns
  Clock Uncertainty:      0.025ns  ((TSJ^2 + TIJ^2)^1/2 + DJ) / 2 + PE
    Total System Jitter     (TSJ):    0.050ns
    Total Input Jitter      (TIJ):    0.000ns
    Discrete Jitter          (DJ):    0.000ns
    Phase Error              (PE):    0.000ns

    Location             Delay type                Incr(ns)  Path(ns)    Netlist Resource(s)
  -------------------------------------------------------------------    -------------------
    U18                                               0.000     0.000 r  RstL (IN)
                         net (fo=0)                   0.000     0.000    RstL
    U18                  IBUF (Prop_ibuf_I_O)         1.441     1.441 r  RstL_IBUF_inst/O
                         net (fo=1, routed)           4.143     5.584    RstL_IBUF
    SLICE_X62Y55         LUT1 (Prop_lut1_I0_O)        0.124     5.708 f  rTXByte[7]_i_1/O
                         net (fo=8, routed)           0.717     6.425    rTXByte[7]_i_1_n_0
    SLICE_X65Y57         FDCE                                         f  rTXByte_reg[5]/CLR
  -------------------------------------------------------------------    -------------------

                         (clock sys_clk_pin rise edge)
                                                      0.000     0.000 r  
    W5                                                0.000     0.000 r  clk (IN)
                         net (fo=0)                   0.000     0.000    clk
    W5                   IBUF (Prop_ibuf_I_O)         1.388     1.388 r  clk_IBUF_inst/O
                         net (fo=1, routed)           1.862     3.250    clk_IBUF
    BUFGCTRL_X0Y0        BUFG (Prop_bufg_I_O)         0.091     3.341 r  clk_IBUF_BUFG_inst/O
                         net (fo=8, routed)           1.508     4.849    clk_IBUF_BUFG
    SLICE_X65Y57         FDCE                                         r  rTXByte_reg[5]/C

Slack:                    inf
  Source:                 RstL
                            (input port)
  Destination:            rTXByte_reg[6]/CLR
                            (recovery check against rising-edge clock sys_clk_pin  {rise@0.000ns fall@5.000ns period=10.000ns})
  Path Group:             (none)
  Path Type:              Recovery (Max at Slow Process Corner)
  Data Path Delay:        6.425ns  (logic 1.565ns (24.362%)  route 4.860ns (75.638%))
  Logic Levels:           2  (IBUF=1 LUT1=1)
  Clock Path Skew:        4.849ns (DCD - SCD + CPR)
    Destination Clock Delay (DCD):    4.849ns
    Source Clock Delay      (SCD):    0.000ns
    Clock Pessimism Removal (CPR):    0.000ns
  Clock Uncertainty:      0.025ns  ((TSJ^2 + TIJ^2)^1/2 + DJ) / 2 + PE
    Total System Jitter     (TSJ):    0.050ns
    Total Input Jitter      (TIJ):    0.000ns
    Discrete Jitter          (DJ):    0.000ns
    Phase Error              (PE):    0.000ns

    Location             Delay type                Incr(ns)  Path(ns)    Netlist Resource(s)
  -------------------------------------------------------------------    -------------------
    U18                                               0.000     0.000 r  RstL (IN)
                         net (fo=0)                   0.000     0.000    RstL
    U18                  IBUF (Prop_ibuf_I_O)         1.441     1.441 r  RstL_IBUF_inst/O
                         net (fo=1, routed)           4.143     5.584    RstL_IBUF
    SLICE_X62Y55         LUT1 (Prop_lut1_I0_O)        0.124     5.708 f  rTXByte[7]_i_1/O
                         net (fo=8, routed)           0.717     6.425    rTXByte[7]_i_1_n_0
    SLICE_X65Y57         FDCE                                         f  rTXByte_reg[6]/CLR
  -------------------------------------------------------------------    -------------------

                         (clock sys_clk_pin rise edge)
                                                      0.000     0.000 r  
    W5                                                0.000     0.000 r  clk (IN)
                         net (fo=0)                   0.000     0.000    clk
    W5                   IBUF (Prop_ibuf_I_O)         1.388     1.388 r  clk_IBUF_inst/O
                         net (fo=1, routed)           1.862     3.250    clk_IBUF
    BUFGCTRL_X0Y0        BUFG (Prop_bufg_I_O)         0.091     3.341 r  clk_IBUF_BUFG_inst/O
                         net (fo=8, routed)           1.508     4.849    clk_IBUF_BUFG
    SLICE_X65Y57         FDCE                                         r  rTXByte_reg[6]/C

Slack:                    inf
  Source:                 RstL
                            (input port)
  Destination:            rTXByte_reg[7]/CLR
                            (recovery check against rising-edge clock sys_clk_pin  {rise@0.000ns fall@5.000ns period=10.000ns})
  Path Group:             (none)
  Path Type:              Recovery (Max at Slow Process Corner)
  Data Path Delay:        6.425ns  (logic 1.565ns (24.362%)  route 4.860ns (75.638%))
  Logic Levels:           2  (IBUF=1 LUT1=1)
  Clock Path Skew:        4.849ns (DCD - SCD + CPR)
    Destination Clock Delay (DCD):    4.849ns
    Source Clock Delay      (SCD):    0.000ns
    Clock Pessimism Removal (CPR):    0.000ns
  Clock Uncertainty:      0.025ns  ((TSJ^2 + TIJ^2)^1/2 + DJ) / 2 + PE
    Total System Jitter     (TSJ):    0.050ns
    Total Input Jitter      (TIJ):    0.000ns
    Discrete Jitter          (DJ):    0.000ns
    Phase Error              (PE):    0.000ns

    Location             Delay type                Incr(ns)  Path(ns)    Netlist Resource(s)
  -------------------------------------------------------------------    -------------------
    U18                                               0.000     0.000 r  RstL (IN)
                         net (fo=0)                   0.000     0.000    RstL
    U18                  IBUF (Prop_ibuf_I_O)         1.441     1.441 r  RstL_IBUF_inst/O
                         net (fo=1, routed)           4.143     5.584    RstL_IBUF
    SLICE_X62Y55         LUT1 (Prop_lut1_I0_O)        0.124     5.708 f  rTXByte[7]_i_1/O
                         net (fo=8, routed)           0.717     6.425    rTXByte[7]_i_1_n_0
    SLICE_X65Y57         FDCE                                         f  rTXByte_reg[7]/CLR
  -------------------------------------------------------------------    -------------------

                         (clock sys_clk_pin rise edge)
                                                      0.000     0.000 r  
    W5                                                0.000     0.000 r  clk (IN)
                         net (fo=0)                   0.000     0.000    clk
    W5                   IBUF (Prop_ibuf_I_O)         1.388     1.388 r  clk_IBUF_inst/O
                         net (fo=1, routed)           1.862     3.250    clk_IBUF
    BUFGCTRL_X0Y0        BUFG (Prop_bufg_I_O)         0.091     3.341 r  clk_IBUF_BUFG_inst/O
                         net (fo=8, routed)           1.508     4.849    clk_IBUF_BUFG
    SLICE_X65Y57         FDCE                                         r  rTXByte_reg[7]/C

Slack:                    inf
  Source:                 TXDV
                            (input port)
  Destination:            rTXByte_reg[1]/CE
                            (rising edge-triggered cell FDCE clocked by sys_clk_pin  {rise@0.000ns fall@5.000ns period=10.000ns})
  Path Group:             (none)
  Path Type:              Setup (Max at Slow Process Corner)
  Data Path Delay:        5.717ns  (logic 1.453ns (25.414%)  route 4.264ns (74.586%))
  Logic Levels:           1  (IBUF=1)
  Clock Path Skew:        4.849ns (DCD - SCD + CPR)
    Destination Clock Delay (DCD):    4.849ns
    Source Clock Delay      (SCD):    0.000ns
    Clock Pessimism Removal (CPR):    0.000ns
  Clock Uncertainty:      0.025ns  ((TSJ^2 + TIJ^2)^1/2 + DJ) / 2 + PE
    Total System Jitter     (TSJ):    0.050ns
    Total Input Jitter      (TIJ):    0.000ns
    Discrete Jitter          (DJ):    0.000ns
    Phase Error              (PE):    0.000ns

    Location             Delay type                Incr(ns)  Path(ns)    Netlist Resource(s)
  -------------------------------------------------------------------    -------------------
    V17                                               0.000     0.000 r  TXDV (IN)
                         net (fo=0)                   0.000     0.000    TXDV
    V17                  IBUF (Prop_ibuf_I_O)         1.453     1.453 r  TXDV_IBUF_inst/O
                         net (fo=8, routed)           4.264     5.717    TXDV_IBUF
    SLICE_X65Y57         FDCE                                         r  rTXByte_reg[1]/CE
  -------------------------------------------------------------------    -------------------

                         (clock sys_clk_pin rise edge)
                                                      0.000     0.000 r  
    W5                                                0.000     0.000 r  clk (IN)
                         net (fo=0)                   0.000     0.000    clk
    W5                   IBUF (Prop_ibuf_I_O)         1.388     1.388 r  clk_IBUF_inst/O
                         net (fo=1, routed)           1.862     3.250    clk_IBUF
    BUFGCTRL_X0Y0        BUFG (Prop_bufg_I_O)         0.091     3.341 r  clk_IBUF_BUFG_inst/O
                         net (fo=8, routed)           1.508     4.849    clk_IBUF_BUFG
    SLICE_X65Y57         FDCE                                         r  rTXByte_reg[1]/C

Slack:                    inf
  Source:                 TXDV
                            (input port)
  Destination:            rTXByte_reg[2]/CE
                            (rising edge-triggered cell FDCE clocked by sys_clk_pin  {rise@0.000ns fall@5.000ns period=10.000ns})
  Path Group:             (none)
  Path Type:              Setup (Max at Slow Process Corner)
  Data Path Delay:        5.717ns  (logic 1.453ns (25.414%)  route 4.264ns (74.586%))
  Logic Levels:           1  (IBUF=1)
  Clock Path Skew:        4.849ns (DCD - SCD + CPR)
    Destination Clock Delay (DCD):    4.849ns
    Source Clock Delay      (SCD):    0.000ns
    Clock Pessimism Removal (CPR):    0.000ns
  Clock Uncertainty:      0.025ns  ((TSJ^2 + TIJ^2)^1/2 + DJ) / 2 + PE
    Total System Jitter     (TSJ):    0.050ns
    Total Input Jitter      (TIJ):    0.000ns
    Discrete Jitter          (DJ):    0.000ns
    Phase Error              (PE):    0.000ns

    Location             Delay type                Incr(ns)  Path(ns)    Netlist Resource(s)
  -------------------------------------------------------------------    -------------------
    V17                                               0.000     0.000 r  TXDV (IN)
                         net (fo=0)                   0.000     0.000    TXDV
    V17                  IBUF (Prop_ibuf_I_O)         1.453     1.453 r  TXDV_IBUF_inst/O
                         net (fo=8, routed)           4.264     5.717    TXDV_IBUF
    SLICE_X65Y57         FDCE                                         r  rTXByte_reg[2]/CE
  -------------------------------------------------------------------    -------------------

                         (clock sys_clk_pin rise edge)
                                                      0.000     0.000 r  
    W5                                                0.000     0.000 r  clk (IN)
                         net (fo=0)                   0.000     0.000    clk
    W5                   IBUF (Prop_ibuf_I_O)         1.388     1.388 r  clk_IBUF_inst/O
                         net (fo=1, routed)           1.862     3.250    clk_IBUF
    BUFGCTRL_X0Y0        BUFG (Prop_bufg_I_O)         0.091     3.341 r  clk_IBUF_BUFG_inst/O
                         net (fo=8, routed)           1.508     4.849    clk_IBUF_BUFG
    SLICE_X65Y57         FDCE                                         r  rTXByte_reg[2]/C





Min Delay Paths
--------------------------------------------------------------------------------------
Slack:                    inf
  Source:                 TXByte[6]
                            (input port)
  Destination:            rTXByte_reg[6]/D
                            (rising edge-triggered cell FDCE clocked by sys_clk_pin  {rise@0.000ns fall@5.000ns period=10.000ns})
  Path Group:             (none)
  Path Type:              Hold (Min at Fast Process Corner)
  Data Path Delay:        0.657ns  (logic 0.229ns (34.824%)  route 0.428ns (65.176%))
  Logic Levels:           1  (IBUF=1)
  Clock Path Skew:        1.990ns (DCD - SCD - CPR)
    Destination Clock Delay (DCD):    1.990ns
    Source Clock Delay      (SCD):    0.000ns
    Clock Pessimism Removal (CPR):    -0.000ns

    Location             Delay type                Incr(ns)  Path(ns)    Netlist Resource(s)
  -------------------------------------------------------------------    -------------------
    P1                                                0.000     0.000 r  TXByte[6] (IN)
                         net (fo=0)                   0.000     0.000    TXByte[6]
    P1                   IBUF (Prop_ibuf_I_O)         0.229     0.229 r  TXByte_IBUF[6]_inst/O
                         net (fo=1, routed)           0.428     0.657    TXByte_IBUF[6]
    SLICE_X65Y57         FDCE                                         r  rTXByte_reg[6]/D
  -------------------------------------------------------------------    -------------------

                         (clock sys_clk_pin rise edge)
                                                      0.000     0.000 r  
    W5                                                0.000     0.000 r  clk (IN)
                         net (fo=0)                   0.000     0.000    clk
    W5                   IBUF (Prop_ibuf_I_O)         0.414     0.414 r  clk_IBUF_inst/O
                         net (fo=1, routed)           0.685     1.099    clk_IBUF
    BUFGCTRL_X0Y0        BUFG (Prop_bufg_I_O)         0.029     1.128 r  clk_IBUF_BUFG_inst/O
                         net (fo=8, routed)           0.862     1.990    clk_IBUF_BUFG
    SLICE_X65Y57         FDCE                                         r  rTXByte_reg[6]/C

Slack:                    inf
  Source:                 TXByte[3]
                            (input port)
  Destination:            rTXByte_reg[3]/D
                            (rising edge-triggered cell FDCE clocked by sys_clk_pin  {rise@0.000ns fall@5.000ns period=10.000ns})
  Path Group:             (none)
  Path Type:              Hold (Min at Fast Process Corner)
  Data Path Delay:        0.828ns  (logic 0.217ns (26.229%)  route 0.611ns (73.771%))
  Logic Levels:           1  (IBUF=1)
  Clock Path Skew:        1.990ns (DCD - SCD - CPR)
    Destination Clock Delay (DCD):    1.990ns
    Source Clock Delay      (SCD):    0.000ns
    Clock Pessimism Removal (CPR):    -0.000ns

    Location             Delay type                Incr(ns)  Path(ns)    Netlist Resource(s)
  -------------------------------------------------------------------    -------------------
    U3                                                0.000     0.000 r  TXByte[3] (IN)
                         net (fo=0)                   0.000     0.000    TXByte[3]
    U3                   IBUF (Prop_ibuf_I_O)         0.217     0.217 r  TXByte_IBUF[3]_inst/O
                         net (fo=1, routed)           0.611     0.828    TXByte_IBUF[3]
    SLICE_X65Y57         FDCE                                         r  rTXByte_reg[3]/D
  -------------------------------------------------------------------    -------------------

                         (clock sys_clk_pin rise edge)
                                                      0.000     0.000 r  
    W5                                                0.000     0.000 r  clk (IN)
                         net (fo=0)                   0.000     0.000    clk
    W5                   IBUF (Prop_ibuf_I_O)         0.414     0.414 r  clk_IBUF_inst/O
                         net (fo=1, routed)           0.685     1.099    clk_IBUF
    BUFGCTRL_X0Y0        BUFG (Prop_bufg_I_O)         0.029     1.128 r  clk_IBUF_BUFG_inst/O
                         net (fo=8, routed)           0.862     1.990    clk_IBUF_BUFG
    SLICE_X65Y57         FDCE                                         r  rTXByte_reg[3]/C

Slack:                    inf
  Source:                 TXByte[5]
                            (input port)
  Destination:            rTXByte_reg[5]/D
                            (rising edge-triggered cell FDCE clocked by sys_clk_pin  {rise@0.000ns fall@5.000ns period=10.000ns})
  Path Group:             (none)
  Path Type:              Hold (Min at Fast Process Corner)
  Data Path Delay:        0.860ns  (logic 0.221ns (25.653%)  route 0.640ns (74.347%))
  Logic Levels:           1  (IBUF=1)
  Clock Path Skew:        1.990ns (DCD - SCD - CPR)
    Destination Clock Delay (DCD):    1.990ns
    Source Clock Delay      (SCD):    0.000ns
    Clock Pessimism Removal (CPR):    -0.000ns

    Location             Delay type                Incr(ns)  Path(ns)    Netlist Resource(s)
  -------------------------------------------------------------------    -------------------
    N3                                                0.000     0.000 r  TXByte[5] (IN)
                         net (fo=0)                   0.000     0.000    TXByte[5]
    N3                   IBUF (Prop_ibuf_I_O)         0.221     0.221 r  TXByte_IBUF[5]_inst/O
                         net (fo=1, routed)           0.640     0.860    TXByte_IBUF[5]
    SLICE_X65Y57         FDCE                                         r  rTXByte_reg[5]/D
  -------------------------------------------------------------------    -------------------

                         (clock sys_clk_pin rise edge)
                                                      0.000     0.000 r  
    W5                                                0.000     0.000 r  clk (IN)
                         net (fo=0)                   0.000     0.000    clk
    W5                   IBUF (Prop_ibuf_I_O)         0.414     0.414 r  clk_IBUF_inst/O
                         net (fo=1, routed)           0.685     1.099    clk_IBUF
    BUFGCTRL_X0Y0        BUFG (Prop_bufg_I_O)         0.029     1.128 r  clk_IBUF_BUFG_inst/O
                         net (fo=8, routed)           0.862     1.990    clk_IBUF_BUFG
    SLICE_X65Y57         FDCE                                         r  rTXByte_reg[5]/C

Slack:                    inf
  Source:                 TXByte[1]
                            (input port)
  Destination:            rTXByte_reg[1]/D
                            (rising edge-triggered cell FDCE clocked by sys_clk_pin  {rise@0.000ns fall@5.000ns period=10.000ns})
  Path Group:             (none)
  Path Type:              Hold (Min at Fast Process Corner)
  Data Path Delay:        0.866ns  (logic 0.222ns (25.590%)  route 0.644ns (74.410%))
  Logic Levels:           1  (IBUF=1)
  Clock Path Skew:        1.990ns (DCD - SCD - CPR)
    Destination Clock Delay (DCD):    1.990ns
    Source Clock Delay      (SCD):    0.000ns
    Clock Pessimism Removal (CPR):    -0.000ns

    Location             Delay type                Incr(ns)  Path(ns)    Netlist Resource(s)
  -------------------------------------------------------------------    -------------------
    V3                                                0.000     0.000 r  TXByte[1] (IN)
                         net (fo=0)                   0.000     0.000    TXByte[1]
    V3                   IBUF (Prop_ibuf_I_O)         0.222     0.222 r  TXByte_IBUF[1]_inst/O
                         net (fo=1, routed)           0.644     0.866    TXByte_IBUF[1]
    SLICE_X65Y57         FDCE                                         r  rTXByte_reg[1]/D
  -------------------------------------------------------------------    -------------------

                         (clock sys_clk_pin rise edge)
                                                      0.000     0.000 r  
    W5                                                0.000     0.000 r  clk (IN)
                         net (fo=0)                   0.000     0.000    clk
    W5                   IBUF (Prop_ibuf_I_O)         0.414     0.414 r  clk_IBUF_inst/O
                         net (fo=1, routed)           0.685     1.099    clk_IBUF
    BUFGCTRL_X0Y0        BUFG (Prop_bufg_I_O)         0.029     1.128 r  clk_IBUF_BUFG_inst/O
                         net (fo=8, routed)           0.862     1.990    clk_IBUF_BUFG
    SLICE_X65Y57         FDCE                                         r  rTXByte_reg[1]/C

Slack:                    inf
  Source:                 TXByte[2]
                            (input port)
  Destination:            rTXByte_reg[2]/D
                            (rising edge-triggered cell FDCE clocked by sys_clk_pin  {rise@0.000ns fall@5.000ns period=10.000ns})
  Path Group:             (none)
  Path Type:              Hold (Min at Fast Process Corner)
  Data Path Delay:        0.869ns  (logic 0.239ns (27.435%)  route 0.631ns (72.565%))
  Logic Levels:           1  (IBUF=1)
  Clock Path Skew:        1.990ns (DCD - SCD - CPR)
    Destination Clock Delay (DCD):    1.990ns
    Source Clock Delay      (SCD):    0.000ns
    Clock Pessimism Removal (CPR):    -0.000ns

    Location             Delay type                Incr(ns)  Path(ns)    Netlist Resource(s)
  -------------------------------------------------------------------    -------------------
    W3                                                0.000     0.000 r  TXByte[2] (IN)
                         net (fo=0)                   0.000     0.000    TXByte[2]
    W3                   IBUF (Prop_ibuf_I_O)         0.239     0.239 r  TXByte_IBUF[2]_inst/O
                         net (fo=1, routed)           0.631     0.869    TXByte_IBUF[2]
    SLICE_X65Y57         FDCE                                         r  rTXByte_reg[2]/D
  -------------------------------------------------------------------    -------------------

                         (clock sys_clk_pin rise edge)
                                                      0.000     0.000 r  
    W5                                                0.000     0.000 r  clk (IN)
                         net (fo=0)                   0.000     0.000    clk
    W5                   IBUF (Prop_ibuf_I_O)         0.414     0.414 r  clk_IBUF_inst/O
                         net (fo=1, routed)           0.685     1.099    clk_IBUF
    BUFGCTRL_X0Y0        BUFG (Prop_bufg_I_O)         0.029     1.128 r  clk_IBUF_BUFG_inst/O
                         net (fo=8, routed)           0.862     1.990    clk_IBUF_BUFG
    SLICE_X65Y57         FDCE                                         r  rTXByte_reg[2]/C

Slack:                    inf
  Source:                 TXByte[4]
                            (input port)
  Destination:            rTXByte_reg[4]/D
                            (rising edge-triggered cell FDCE clocked by sys_clk_pin  {rise@0.000ns fall@5.000ns period=10.000ns})
  Path Group:             (none)
  Path Type:              Hold (Min at Fast Process Corner)
  Data Path Delay:        1.011ns  (logic 0.231ns (22.886%)  route 0.779ns (77.114%))
  Logic Levels:           1  (IBUF=1)
  Clock Path Skew:        1.990ns (DCD - SCD - CPR)
    Destination Clock Delay (DCD):    1.990ns
    Source Clock Delay      (SCD):    0.000ns
    Clock Pessimism Removal (CPR):    -0.000ns

    Location             Delay type                Incr(ns)  Path(ns)    Netlist Resource(s)
  -------------------------------------------------------------------    -------------------
    P3                                                0.000     0.000 r  TXByte[4] (IN)
                         net (fo=0)                   0.000     0.000    TXByte[4]
    P3                   IBUF (Prop_ibuf_I_O)         0.231     0.231 r  TXByte_IBUF[4]_inst/O
                         net (fo=1, routed)           0.779     1.011    TXByte_IBUF[4]
    SLICE_X65Y57         FDCE                                         r  rTXByte_reg[4]/D
  -------------------------------------------------------------------    -------------------

                         (clock sys_clk_pin rise edge)
                                                      0.000     0.000 r  
    W5                                                0.000     0.000 r  clk (IN)
                         net (fo=0)                   0.000     0.000    clk
    W5                   IBUF (Prop_ibuf_I_O)         0.414     0.414 r  clk_IBUF_inst/O
                         net (fo=1, routed)           0.685     1.099    clk_IBUF
    BUFGCTRL_X0Y0        BUFG (Prop_bufg_I_O)         0.029     1.128 r  clk_IBUF_BUFG_inst/O
                         net (fo=8, routed)           0.862     1.990    clk_IBUF_BUFG
    SLICE_X65Y57         FDCE                                         r  rTXByte_reg[4]/C

Slack:                    inf
  Source:                 TXByte[7]
                            (input port)
  Destination:            rTXByte_reg[7]/D
                            (rising edge-triggered cell FDCE clocked by sys_clk_pin  {rise@0.000ns fall@5.000ns period=10.000ns})
  Path Group:             (none)
  Path Type:              Hold (Min at Fast Process Corner)
  Data Path Delay:        1.034ns  (logic 0.235ns (22.694%)  route 0.799ns (77.306%))
  Logic Levels:           1  (IBUF=1)
  Clock Path Skew:        1.990ns (DCD - SCD - CPR)
    Destination Clock Delay (DCD):    1.990ns
    Source Clock Delay      (SCD):    0.000ns
    Clock Pessimism Removal (CPR):    -0.000ns

    Location             Delay type                Incr(ns)  Path(ns)    Netlist Resource(s)
  -------------------------------------------------------------------    -------------------
    L1                                                0.000     0.000 r  TXByte[7] (IN)
                         net (fo=0)                   0.000     0.000    TXByte[7]
    L1                   IBUF (Prop_ibuf_I_O)         0.235     0.235 r  TXByte_IBUF[7]_inst/O
                         net (fo=1, routed)           0.799     1.034    TXByte_IBUF[7]
    SLICE_X65Y57         FDCE                                         r  rTXByte_reg[7]/D
  -------------------------------------------------------------------    -------------------

                         (clock sys_clk_pin rise edge)
                                                      0.000     0.000 r  
    W5                                                0.000     0.000 r  clk (IN)
                         net (fo=0)                   0.000     0.000    clk
    W5                   IBUF (Prop_ibuf_I_O)         0.414     0.414 r  clk_IBUF_inst/O
                         net (fo=1, routed)           0.685     1.099    clk_IBUF
    BUFGCTRL_X0Y0        BUFG (Prop_bufg_I_O)         0.029     1.128 r  clk_IBUF_BUFG_inst/O
                         net (fo=8, routed)           0.862     1.990    clk_IBUF_BUFG
    SLICE_X65Y57         FDCE                                         r  rTXByte_reg[7]/C

Slack:                    inf
  Source:                 TXDV
                            (input port)
  Destination:            rTXByte_reg[0]/CE
                            (rising edge-triggered cell FDCE clocked by sys_clk_pin  {rise@0.000ns fall@5.000ns period=10.000ns})
  Path Group:             (none)
  Path Type:              Hold (Min at Fast Process Corner)
  Data Path Delay:        2.087ns  (logic 0.221ns (10.587%)  route 1.866ns (89.413%))
  Logic Levels:           1  (IBUF=1)
  Clock Path Skew:        1.991ns (DCD - SCD - CPR)
    Destination Clock Delay (DCD):    1.991ns
    Source Clock Delay      (SCD):    0.000ns
    Clock Pessimism Removal (CPR):    -0.000ns

    Location             Delay type                Incr(ns)  Path(ns)    Netlist Resource(s)
  -------------------------------------------------------------------    -------------------
    V17                                               0.000     0.000 r  TXDV (IN)
                         net (fo=0)                   0.000     0.000    TXDV
    V17                  IBUF (Prop_ibuf_I_O)         0.221     0.221 r  TXDV_IBUF_inst/O
                         net (fo=8, routed)           1.866     2.087    TXDV_IBUF
    SLICE_X63Y56         FDCE                                         r  rTXByte_reg[0]/CE
  -------------------------------------------------------------------    -------------------

                         (clock sys_clk_pin rise edge)
                                                      0.000     0.000 r  
    W5                                                0.000     0.000 r  clk (IN)
                         net (fo=0)                   0.000     0.000    clk
    W5                   IBUF (Prop_ibuf_I_O)         0.414     0.414 r  clk_IBUF_inst/O
                         net (fo=1, routed)           0.685     1.099    clk_IBUF
    BUFGCTRL_X0Y0        BUFG (Prop_bufg_I_O)         0.029     1.128 r  clk_IBUF_BUFG_inst/O
                         net (fo=8, routed)           0.863     1.991    clk_IBUF_BUFG
    SLICE_X63Y56         FDCE                                         r  rTXByte_reg[0]/C

Slack:                    inf
  Source:                 TXByte[0]
                            (input port)
  Destination:            rTXByte_reg[0]/D
                            (rising edge-triggered cell FDCE clocked by sys_clk_pin  {rise@0.000ns fall@5.000ns period=10.000ns})
  Path Group:             (none)
  Path Type:              Hold (Min at Fast Process Corner)
  Data Path Delay:        2.185ns  (logic 0.217ns (9.951%)  route 1.967ns (90.049%))
  Logic Levels:           1  (IBUF=1)
  Clock Path Skew:        1.991ns (DCD - SCD - CPR)
    Destination Clock Delay (DCD):    1.991ns
    Source Clock Delay      (SCD):    0.000ns
    Clock Pessimism Removal (CPR):    -0.000ns

    Location             Delay type                Incr(ns)  Path(ns)    Netlist Resource(s)
  -------------------------------------------------------------------    -------------------
    V13                                               0.000     0.000 r  TXByte[0] (IN)
                         net (fo=0)                   0.000     0.000    TXByte[0]
    V13                  IBUF (Prop_ibuf_I_O)         0.217     0.217 r  TXByte_IBUF[0]_inst/O
                         net (fo=1, routed)           1.967     2.185    TXByte_IBUF[0]
    SLICE_X63Y56         FDCE                                         r  rTXByte_reg[0]/D
  -------------------------------------------------------------------    -------------------

                         (clock sys_clk_pin rise edge)
                                                      0.000     0.000 r  
    W5                                                0.000     0.000 r  clk (IN)
                         net (fo=0)                   0.000     0.000    clk
    W5                   IBUF (Prop_ibuf_I_O)         0.414     0.414 r  clk_IBUF_inst/O
                         net (fo=1, routed)           0.685     1.099    clk_IBUF
    BUFGCTRL_X0Y0        BUFG (Prop_bufg_I_O)         0.029     1.128 r  clk_IBUF_BUFG_inst/O
                         net (fo=8, routed)           0.863     1.991    clk_IBUF_BUFG
    SLICE_X63Y56         FDCE                                         r  rTXByte_reg[0]/C

Slack:                    inf
  Source:                 TXDV
                            (input port)
  Destination:            rTXByte_reg[1]/CE
                            (rising edge-triggered cell FDCE clocked by sys_clk_pin  {rise@0.000ns fall@5.000ns period=10.000ns})
  Path Group:             (none)
  Path Type:              Hold (Min at Fast Process Corner)
  Data Path Delay:        2.187ns  (logic 0.221ns (10.104%)  route 1.966ns (89.896%))
  Logic Levels:           1  (IBUF=1)
  Clock Path Skew:        1.990ns (DCD - SCD - CPR)
    Destination Clock Delay (DCD):    1.990ns
    Source Clock Delay      (SCD):    0.000ns
    Clock Pessimism Removal (CPR):    -0.000ns

    Location             Delay type                Incr(ns)  Path(ns)    Netlist Resource(s)
  -------------------------------------------------------------------    -------------------
    V17                                               0.000     0.000 r  TXDV (IN)
                         net (fo=0)                   0.000     0.000    TXDV
    V17                  IBUF (Prop_ibuf_I_O)         0.221     0.221 r  TXDV_IBUF_inst/O
                         net (fo=8, routed)           1.966     2.187    TXDV_IBUF
    SLICE_X65Y57         FDCE                                         r  rTXByte_reg[1]/CE
  -------------------------------------------------------------------    -------------------

                         (clock sys_clk_pin rise edge)
                                                      0.000     0.000 r  
    W5                                                0.000     0.000 r  clk (IN)
                         net (fo=0)                   0.000     0.000    clk
    W5                   IBUF (Prop_ibuf_I_O)         0.414     0.414 r  clk_IBUF_inst/O
                         net (fo=1, routed)           0.685     1.099    clk_IBUF
    BUFGCTRL_X0Y0        BUFG (Prop_bufg_I_O)         0.029     1.128 r  clk_IBUF_BUFG_inst/O
                         net (fo=8, routed)           0.862     1.990    clk_IBUF_BUFG
    SLICE_X65Y57         FDCE                                         r  rTXByte_reg[1]/C





